episode,loss,acc,inf_ms,timestamp
52,76.68767547607422,21.99999988079071,1.660977979991003,2026-07-25T11:07:19.873909+00:00
53,105.49793243408203,21.99999988079071,1.942828900027962,2026-07-25T11:07:54.245330+00:00
54,122.53445434570312,17.999999225139618,1.6717754599812906,2026-07-25T11:08:10.637997+00:00
55,197.9261932373047,19.999998807907104,1.7390717400121503,2026-07-25T11:08:41.842866+00:00
56,116.99744415283203,15.999999642372131,1.7337977400165983,2026-07-25T11:08:58.219972+00:00
0,76.83800506591797,23.999999463558197,5.650078100006795,2026-07-25T11:09:02.720636+00:00
1,86.36194610595703,17.999999225139618,1.630636180016154,2026-07-25T11:09:18.180243+00:00
57,147.0801544189453,14.000000059604645,1.6289223800049513,2026-07-25T11:09:31.948643+00:00
2,59.712799072265625,21.99999988079071,1.539362519979477,2026-07-25T11:09:50.601265+00:00
58,120.37464904785156,19.999998807907104,1.6004641600011382,2026-07-25T11:10:05.320215+00:00
59,148.2442169189453,21.99999988079071,1.2842984600138152,2026-07-25T11:10:21.166151+00:00
3,70.80171966552734,29.999998211860657,1.3983850400109077,2026-07-25T11:10:22.027461+00:00
4,70.23222351074219,25.999999046325684,1.7335468199962634,2026-07-25T11:10:38.099476+00:00
60,110.91606140136719,17.999999225139618,1.414308120001806,2026-07-25T11:10:54.813204+00:00
61,85.96556854248047,21.99999988079071,1.5778228999988642,2026-07-25T11:11:11.159297+00:00
5,63.28034210205078,23.999999463558197,1.8424772000071243,2026-07-25T11:11:11.276107+00:00
6,100.57105255126953,28.00000011920929,1.7251082800066797,2026-07-25T11:11:27.421276+00:00
62,179.8072509765625,23.999999463558197,1.7075763200045913,2026-07-25T11:11:45.040880+00:00
7,80.69723510742188,25.999999046325684,1.6779859800226404,2026-07-25T11:12:00.592956+00:00
63,113.51952362060547,11.999999731779099,1.6310627600250882,2026-07-25T11:12:01.539959+00:00
8,96.67485046386719,23.999999463558197,1.0390230999837513,2026-07-25T11:12:29.613801+00:00
64,147.05059814453125,19.999998807907104,1.064084899990121,2026-07-25T11:12:30.692236+00:00
9,89.95899200439453,17.999999225139618,1.079390320010134,2026-07-25T11:12:39.690191+00:00
65,118.30538940429688,21.99999988079071,0.9778744799768901,2026-07-25T11:12:40.966549+00:00
66,118.97378540039062,17.999999225139618,1.3162007800201536,2026-07-25T11:12:51.331922+00:00
10,85.24002075195312,19.999998807907104,1.0720094799762592,2026-07-25T11:13:01.515293+00:00
11,80.59595489501953,25.999999046325684,1.0305331200288492,2026-07-25T11:13:11.649265+00:00
67,101.35913848876953,23.999999463558197,0.9999610999875586,2026-07-25T11:13:13.567987+00:00
12,84.80750274658203,23.999999463558197,0.9657717600202886,2026-07-25T11:13:32.703371+00:00
68,112.38787078857422,17.999999225139618,0.9782364400234655,2026-07-25T11:13:34.829954+00:00
13,87.64912414550781,21.99999988079071,1.0033672400095384,2026-07-25T11:13:42.741761+00:00
69,118.3956069946289,17.999999225139618,1.0197786199933034,2026-07-25T11:13:45.068310+00:00
70,89.32752227783203,15.999999642372131,1.0569324800235336,2026-07-25T11:13:55.244105+00:00
14,72.0001449584961,34.00000035762787,0.9829720199923031,2026-07-25T11:14:03.628725+00:00
15,84.10394287109375,34.00000035762787,0.9644426999875577,2026-07-25T11:14:13.724617+00:00
71,100.62873840332031,23.999999463558197,0.9721886799889035,2026-07-25T11:14:17.418273+00:00
16,96.59008026123047,23.999999463558197,0.9973663599885185,2026-07-25T11:14:24.082101+00:00
72,91.76110076904297,23.999999463558197,0.9873016599885887,2026-07-25T11:14:27.665132+00:00
73,132.17820739746094,21.99999988079071,1.078930300027423,2026-07-25T11:14:38.485079+00:00
17,82.81600952148438,21.99999988079071,0.9653944599995157,2026-07-25T11:14:45.381759+00:00
74,87.96846008300781,28.00000011920929,1.0446118999971077,2026-07-25T11:15:00.384715+00:00
18,65.89586639404297,23.999999463558197,1.0146520999842323,2026-07-25T11:15:06.643354+00:00
75,85.1690902709961,15.999999642372131,0.9613246399749187,2026-07-25T11:15:10.633680+00:00
19,89.60298919677734,21.99999988079071,0.9743136999895796,2026-07-25T11:15:16.770820+00:00
20,58.19806671142578,31.999999284744263,1.0317013800158747,2026-07-25T11:15:26.924519+00:00
76,113.15808868408203,17.999999225139618,0.9772254999916186,2026-07-25T11:15:32.563279+00:00
21,98.49943542480469,21.99999988079071,0.9770886200203676,2026-07-25T11:15:48.239674+00:00
77,132.92294311523438,23.999999463558197,1.065636400016956,2026-07-25T11:15:54.166986+00:00
22,89.56779479980469,21.99999988079071,0.9984238400284084,2026-07-25T11:15:58.673570+00:00
78,109.34309387207031,23.999999463558197,0.972220900002867,2026-07-25T11:16:04.416322+00:00
23,66.27535247802734,25.999999046325684,1.0178893400006928,2026-07-25T11:16:08.814631+00:00
79,104.20445251464844,28.00000011920929,1.0065908799879253,2026-07-25T11:16:14.721680+00:00
80,114.11402130126953,23.999999463558197,1.0392495799897006,2026-07-25T11:16:24.900407+00:00
24,68.6462631225586,28.00000011920929,1.0742968200065661,2026-07-25T11:16:30.184265+00:00
25,89.1785659790039,25.999999046325684,1.101206879975507,2026-07-25T11:16:40.694568+00:00
81,111.59371948242188,21.99999988079071,0.9968427800049541,2026-07-25T11:16:46.323183+00:00
82,85.5006332397461,21.99999988079071,1.0339189799924497,2026-07-25T11:16:56.580238+00:00
26,74.89990997314453,19.999998807907104,1.0067754999909084,2026-07-25T11:17:02.267321+00:00
83,79.85990142822266,15.999999642372131,0.9878476200174192,2026-07-25T11:17:06.891667+00:00
27,100.97107696533203,7.999999821186066,1.0822673199800192,2026-07-25T11:17:23.749830+00:00
84,95.15454864501953,15.999999642372131,1.109025500009011,2026-07-25T11:17:28.523625+00:00
28,82.46610260009766,23.999999463558197,1.009184640024614,2026-07-25T11:17:33.911112+00:00
29,91.27800750732422,23.999999463558197,1.028213580029842,2026-07-25T11:17:44.072114+00:00
85,99.46727752685547,25.999999046325684,0.9798702999978559,2026-07-25T11:17:50.186208+00:00
30,78.41886901855469,37.99999952316284,1.0834419199818512,2026-07-25T11:17:54.337561+00:00
86,72.22001647949219,17.999999225139618,1.022205519984709,2026-07-25T11:18:00.806645+00:00
87,93.63394165039062,15.999999642372131,0.9978287400008413,2026-07-25T11:18:11.070837+00:00
31,102.2464828491211,14.000000059604645,0.9763422399919364,2026-07-25T11:18:15.121518+00:00
32,91.79676818847656,19.999998807907104,1.0247003000040422,2026-07-25T11:18:25.177393+00:00
88,94.28309631347656,19.999998807907104,0.9872820599775877,2026-07-25T11:18:32.767353+00:00
33,75.31632232666016,31.999999284744263,1.0008103400105028,2026-07-25T11:18:35.248407+00:00
89,87.57962799072266,21.99999988079071,0.9901178399741185,2026-07-25T11:18:43.158831+00:00
90,84.95892333984375,28.00000011920929,1.003005540005688,2026-07-25T11:18:53.237328+00:00
34,81.10810089111328,25.999999046325684,1.0570234999977401,2026-07-25T11:18:56.409395+00:00
91,73.42540740966797,21.99999988079071,3.3389381999950274,2026-07-25T11:19:03.784654+00:00
92,65.93700408935547,21.99999988079071,0.9756986800130107,2026-07-25T11:19:14.148335+00:00
35,65.01834106445312,28.00000011920929,0.9618882600261713,2026-07-25T11:19:17.788432+00:00
36,89.01350402832031,21.99999988079071,1.0552095999810263,2026-07-25T11:19:27.785812+00:00
93,67.03474426269531,11.999999731779099,1.0065577600107645,2026-07-25T11:19:35.896749+00:00
37,84.29145812988281,23.999999463558197,0.9707098999933805,2026-07-25T11:19:37.894371+00:00
94,85.45372772216797,21.99999988079071,0.9899446599956718,2026-07-25T11:19:46.291854+00:00
38,74.96294403076172,17.999999225139618,0.9839091400135657,2026-07-25T11:19:58.777225+00:00
95,121.32118225097656,23.999999463558197,0.9589896000034059,2026-07-25T11:20:07.221110+00:00
39,88.40070343017578,19.999998807907104,1.019917660014471,2026-07-25T11:20:09.073045+00:00
96,72.50544738769531,14.000000059604645,0.9911701600140077,2026-07-25T11:20:17.333153+00:00
40,75.8257064819336,31.999999284744263,1.0034314600125072,2026-07-25T11:20:19.024635+00:00
97,91.6257553100586,21.99999988079071,0.9731989200008684,2026-07-25T11:20:27.669985+00:00
41,69.77413177490234,25.999999046325684,0.9681147999799578,2026-07-25T11:20:29.208135+00:00
98,81.63253784179688,15.999999642372131,0.9547761399880983,2026-07-25T11:20:38.248445+00:00
42,77.67366027832031,23.999999463558197,0.9857367799850181,2026-07-25T11:20:39.216223+00:00
99,90.29265594482422,19.999998807907104,0.9907945400118479,2026-07-25T11:20:48.524448+00:00
100,80.30235290527344,19.999998807907104,1.0003405399766052,2026-07-25T11:20:58.959468+00:00
43,97.0812759399414,23.999999463558197,0.9843168400038849,2026-07-25T11:21:00.597024+00:00
101,76.52877807617188,17.999999225139618,1.0433892200308037,2026-07-25T11:21:09.253720+00:00
44,63.15724563598633,28.00000011920929,1.0052898000139976,2026-07-25T11:21:10.839999+00:00
102,72.50751495361328,14.000000059604645,1.0327361400049995,2026-07-25T11:21:30.430321+00:00
45,87.5739517211914,17.999999225139618,0.960677700022643,2026-07-25T11:21:31.950354+00:00
103,86.75199127197266,15.999999642372131,1.0537625999859301,2026-07-25T11:21:40.736242+00:00
46,70.61749267578125,19.999998807907104,0.9878491800191115,2026-07-25T11:21:41.945984+00:00
47,70.70745086669922,21.99999988079071,0.9889861600095174,2026-07-25T11:21:52.804301+00:00
104,73.80729675292969,17.999999225139618,0.9847124000225448,2026-07-25T11:22:02.154561+00:00
48,101.65423583984375,25.999999046325684,0.9930446200087316,2026-07-25T11:22:03.601905+00:00
105,75.83831787109375,29.999998211860657,0.9782385799917392,2026-07-25T11:22:12.256605+00:00
49,64.13856506347656,23.999999463558197,1.027156880008988,2026-07-25T11:22:13.782049+00:00
106,56.0263557434082,19.999998807907104,0.9984376599823008,2026-07-25T11:22:22.471655+00:00
50,82.55769348144531,23.999999463558197,1.0208337199946982,2026-07-25T11:22:24.151896+00:00
51,74.54088592529297,23.999999463558197,0.9946202600258401,2026-07-25T11:22:34.257919+00:00
107,37.08015823364258,31.999999284744263,1.0053402400080813,2026-07-25T11:22:43.719114+00:00
108,73.60184478759766,21.99999988079071,1.4104697599759675,2026-07-25T11:22:54.019052+00:00
52,73.25720977783203,28.00000011920929,1.0904744800063781,2026-07-25T11:22:55.315695+00:00
109,82.00740051269531,21.99999988079071,0.9634382199874381,2026-07-25T11:23:04.364167+00:00
53,75.4071044921875,31.999999284744263,1.0141374800150516,2026-07-25T11:23:05.438121+00:00
110,69.9606704711914,21.99999988079071,1.0305060400060029,2026-07-25T11:23:14.567704+00:00
111,79.12570190429688,19.999998807907104,0.9917485600090004,2026-07-25T11:23:24.962334+00:00
54,70.3828125,19.999998807907104,0.9685942600117414,2026-07-25T11:23:26.299217+00:00
112,58.85834884643555,17.999999225139618,0.9309041000233265,2026-07-25T11:23:35.395865+00:00
55,72.6745834350586,29.999998211860657,0.9921977400153992,2026-07-25T11:23:36.625003+00:00
113,50.3846549987793,23.999999463558197,0.9791539200159605,2026-07-25T11:23:45.602862+00:00
56,76.11968994140625,19.999998807907104,1.0179300399977365,2026-07-25T11:23:46.871597+00:00
114,56.113800048828125,23.999999463558197,1.0096837200035225,2026-07-25T11:24:06.952161+00:00
57,59.59553527832031,28.00000011920929,1.003538339973602,2026-07-25T11:24:08.090747+00:00
58,88.15994262695312,15.999999642372131,0.9906153399788309,2026-07-25T11:24:18.234843+00:00
115,73.53669738769531,21.99999988079071,1.0571107400028268,2026-07-25T11:24:27.988631+00:00
59,69.54764556884766,17.999999225139618,1.0992719199930434,2026-07-25T11:24:28.532874+00:00
60,80.90210723876953,17.999999225139618,0.9983785599979457,2026-07-25T11:24:38.708512+00:00
61,80.4826431274414,29.999998211860657,1.034643379971385,2026-07-25T11:24:49.102116+00:00
116,59.873043060302734,17.999999225139618,0.9494571600225754,2026-07-25T11:24:49.207985+00:00
62,67.14956665039062,25.999999046325684,0.9966627799803973,2026-07-25T11:24:59.546472+00:00
117,69.60836029052734,21.99999988079071,0.9787866799888434,2026-07-25T11:24:59.914350+00:00
63,57.960453033447266,31.999999284744263,0.9966202999930828,2026-07-25T11:25:09.710563+00:00
118,95.81302642822266,19.999998807907104,0.9892815799685194,2026-07-25T11:25:10.049820+00:00
119,69.53330993652344,23.999999463558197,1.034752080013277,2026-07-25T11:25:20.499844+00:00
64,68.21232604980469,23.999999463558197,1.074709900021844,2026-07-25T11:25:31.000588+00:00
120,74.2695083618164,23.999999463558197,1.2232135600061156,2026-07-25T11:25:31.058028+00:00
121,47.84453582763672,19.999998807907104,1.0956033999900683,2026-07-25T11:25:41.635041+00:00
65,87.49992370605469,23.999999463558197,0.9815881399845238,2026-07-25T11:25:51.826324+00:00
122,98.25508880615234,15.999999642372131,0.9694218799995724,2026-07-25T11:26:03.764388+00:00
66,77.94938659667969,25.999999046325684,0.9783417200014809,2026-07-25T11:26:13.297979+00:00
123,54.496421813964844,17.999999225139618,0.9432686199943419,2026-07-25T11:26:14.039909+00:00
67,80.09998321533203,17.999999225139618,0.9682471999985864,2026-07-25T11:26:23.444439+00:00
68,79.98058319091797,25.999999046325684,0.9928023999964354,2026-07-25T11:26:33.559750+00:00
124,65.87492370605469,19.999998807907104,0.9467227999994066,2026-07-25T11:26:35.909121+00:00
69,86.05374908447266,17.999999225139618,1.0446506999869598,2026-07-25T11:26:44.054684+00:00
125,69.24850463867188,23.999999463558197,0.9674707800149918,2026-07-25T11:26:46.960101+00:00
70,90.27046966552734,29.999998211860657,1.0750538199863513,2026-07-25T11:26:54.206254+00:00
126,67.41944122314453,25.999999046325684,1.0748156399859,2026-07-25T11:26:57.513685+00:00
71,70.7089614868164,25.999999046325684,1.0102906599786365,2026-07-25T11:27:04.451504+00:00
127,69.09732818603516,28.00000011920929,0.9783030600010534,2026-07-25T11:27:19.172422+00:00
72,82.74493408203125,28.00000011920929,0.9720793399901595,2026-07-25T11:27:25.604657+00:00
128,75.08179473876953,23.999999463558197,1.0354504199858638,2026-07-25T11:27:29.584813+00:00
73,77.2815170288086,21.99999988079071,0.9862325599897305,2026-07-25T11:27:35.628721+00:00
129,60.163265228271484,23.999999463558197,1.0013909599729232,2026-07-25T11:27:39.984469+00:00
130,58.76532745361328,23.999999463558197,1.0384017400065204,2026-07-25T11:27:50.489359+00:00
74,95.32498168945312,17.999999225139618,1.0436470999775338,2026-07-25T11:27:56.854404+00:00
131,56.16716003417969,23.999999463558197,1.0424340199824655,2026-07-25T11:28:01.679320+00:00
75,72.56684875488281,23.999999463558197,1.0003566199884517,2026-07-25T11:28:07.095221+00:00
132,66.88231658935547,25.999999046325684,0.9613716999956523,2026-07-25T11:28:11.960537+00:00
76,66.23908996582031,23.999999463558197,1.0108403800040833,2026-07-25T11:28:17.268296+00:00
133,54.957252502441406,19.999998807907104,1.0126196000055643,2026-07-25T11:28:22.207132+00:00
134,77.82303619384766,17.999999225139618,1.0055069200097932,2026-07-25T11:28:33.109744+00:00
77,88.44021606445312,15.999999642372131,1.0903766000046744,2026-07-25T11:28:38.496301+00:00
135,62.183006286621094,19.999998807907104,1.0383367400208954,2026-07-25T11:28:43.306776+00:00
78,86.08168029785156,28.00000011920929,1.0284709999905317,2026-07-25T11:28:48.701090+00:00
136,61.26445007324219,28.00000011920929,1.0663481000301545,2026-07-25T11:28:53.954248+00:00
79,81.54669952392578,14.000000059604645,1.0405548400012776,2026-07-25T11:28:58.909203+00:00
80,70.60894775390625,17.999999225139618,3.3084190799854696,2026-07-25T11:29:09.364506+00:00
137,82.3624496459961,23.999999463558197,0.9984196400182553,2026-07-25T11:29:15.432180+00:00
81,69.51736450195312,28.00000011920929,1.0547864399995888,2026-07-25T11:29:19.547035+00:00
138,54.770973205566406,21.99999988079071,1.0262460800004192,2026-07-25T11:29:25.932601+00:00
82,53.261573791503906,31.999999284744263,1.0800648599979468,2026-07-25T11:29:29.888282+00:00
139,43.5418701171875,31.999999284744263,1.0048029400059022,2026-07-25T11:29:37.174825+00:00
83,71.74324798583984,25.999999046325684,1.0524853999959305,2026-07-25T11:29:40.277595+00:00
140,71.99309539794922,19.999998807907104,0.9980904400072176,2026-07-25T11:29:47.665301+00:00
84,77.68157196044922,19.999998807907104,1.0055054000258679,2026-07-25T11:29:50.646963+00:00
141,65.87203216552734,17.999999225139618,1.041245140004321,2026-07-25T11:29:58.880624+00:00
85,76.1471939086914,25.999999046325684,1.015407260019856,2026-07-25T11:30:00.995418+00:00
142,57.90928649902344,23.999999463558197,0.9803632799957995,2026-07-25T11:30:09.210512+00:00
86,65.28950500488281,29.999998211860657,1.0414700000183075,2026-07-25T11:30:11.221563+00:00
143,47.864376068115234,34.00000035762787,0.9688253800050006,2026-07-25T11:30:19.458149+00:00
87,71.41419982910156,28.00000011920929,1.0100743799921474,2026-07-25T11:30:32.934307+00:00
144,65.719970703125,19.999998807907104,0.9982383199894683,2026-07-25T11:30:41.370236+00:00
88,72.45494842529297,17.999999225139618,1.021078400008264,2026-07-25T11:30:43.168021+00:00
89,69.61370086669922,21.99999988079071,1.0511078800118412,2026-07-25T11:30:53.562268+00:00
145,49.9367561340332,21.99999988079071,0.9926739399816141,2026-07-25T11:31:03.129186+00:00
90,69.094970703125,25.999999046325684,1.010094340017531,2026-07-25T11:31:04.008974+00:00
146,65.86097717285156,19.999998807907104,1.0148092199960956,2026-07-25T11:31:13.452836+00:00
91,74.60896301269531,29.999998211860657,1.0447491800005082,2026-07-25T11:31:14.467903+00:00
92,59.145057678222656,29.999998211860657,0.9924126600162708,2026-07-25T11:31:24.926202+00:00
147,39.256317138671875,29.999998211860657,0.9843379199810444,2026-07-25T11:31:35.246444+00:00
93,75.08285522460938,29.999998211860657,0.9909054799936712,2026-07-25T11:31:35.767957+00:00
94,68.29765319824219,23.999999463558197,1.0658647599848337,2026-07-25T11:31:57.564857+00:00
148,88.27880859375,14.000000059604645,1.192662300018128,2026-07-25T11:31:58.180802+00:00
149,69.75569915771484,21.99999988079071,0.9650542400049744,2026-07-25T11:32:08.411866+00:00
95,69.40111541748047,19.999998807907104,1.1190402200008975,2026-07-25T11:32:19.136656+00:00
150,78.58531188964844,17.999999225139618,1.0412120999899344,2026-07-25T11:32:19.247387+00:00
96,76.86389923095703,23.999999463558197,1.0919910200027516,2026-07-25T11:32:29.410053+00:00
151,62.9039192199707,19.999998807907104,0.9767160799674457,2026-07-25T11:32:40.988197+00:00
97,68.28366088867188,29.999998211860657,3.5592732400255045,2026-07-25T11:32:50.870108+00:00
152,38.73482894897461,31.999999284744263,0.963404959984473,2026-07-25T11:32:51.243946+00:00
98,59.641456604003906,25.999999046325684,1.0200246599924867,2026-07-25T11:33:12.176546+00:00
153,57.745975494384766,21.99999988079071,0.9783543800222106,2026-07-25T11:33:12.547073+00:00
99,84.18663024902344,25.999999046325684,1.018792780014337,2026-07-25T11:33:22.267759+00:00
100,83.96267700195312,19.999998807907104,0.9769887199945514,2026-07-25T11:33:33.165455+00:00
154,43.82814407348633,23.999999463558197,0.9700861199962674,2026-07-25T11:33:33.880276+00:00
155,46.21906280517578,14.000000059604645,1.0918783000306576,2026-07-25T11:33:44.078206+00:00
101,67.92052459716797,25.999999046325684,0.9975228000257629,2026-07-25T11:33:54.240855+00:00
102,87.48472595214844,21.99999988079071,1.0024334199988516,2026-07-25T11:34:04.412165+00:00
156,27.915456771850586,15.999999642372131,1.3226320600006147,2026-07-25T11:34:05.766869+00:00
157,76.9420394897461,19.999998807907104,0.9814826200090466,2026-07-25T11:34:16.026767+00:00
103,74.51561737060547,31.999999284744263,0.9865906399863889,2026-07-25T11:34:25.710048+00:00
158,75.17147064208984,17.999999225139618,0.9729831199729233,2026-07-25T11:34:37.878998+00:00
104,69.2535171508789,11.999999731779099,0.9942414000033749,2026-07-25T11:34:46.786261+00:00
159,62.910614013671875,23.999999463558197,0.9904122399893823,2026-07-25T11:34:48.129758+00:00
105,65.52491760253906,15.999999642372131,1.040707799984375,2026-07-25T11:34:56.813369+00:00
160,39.220115661621094,21.99999988079071,1.0127052600000752,2026-07-25T11:35:09.364781+00:00
106,80.1760025024414,17.999999225139618,0.985037159989588,2026-07-25T11:35:17.529552+00:00
161,51.49525451660156,23.999999463558197,0.9451394000279834,2026-07-25T11:35:19.632424+00:00
107,63.556827545166016,34.00000035762787,1.0512238400042406,2026-07-25T11:35:27.826139+00:00
162,52.016014099121094,25.999999046325684,0.982425959991815,2026-07-25T11:35:41.612891+00:00
108,72.61016845703125,19.999998807907104,0.9703340200212551,2026-07-25T11:35:48.953310+00:00
109,61.372989654541016,25.999999046325684,0.992781879976974,2026-07-25T11:35:59.053587+00:00
163,54.958091735839844,15.999999642372131,0.9845747999861487,2026-07-25T11:36:03.067674+00:00
110,64.95037078857422,35.999998450279236,0.9980341000118643,2026-07-25T11:36:20.290863+00:00
164,50.798519134521484,19.999998807907104,1.049576440018427,2026-07-25T11:36:24.494354+00:00
111,53.41680145263672,19.999998807907104,1.058008180007164,2026-07-25T11:36:30.545320+00:00
165,48.97517013549805,19.999998807907104,0.9879967799861333,2026-07-25T11:36:34.747267+00:00
166,56.19911193847656,37.99999952316284,1.0134096200272324,2026-07-25T11:36:45.780066+00:00
112,63.37688446044922,21.99999988079071,1.0587456799839856,2026-07-25T11:36:52.328205+00:00
167,60.361270904541016,15.999999642372131,0.9988247000001138,2026-07-25T11:37:07.390034+00:00
113,96.03795623779297,17.999999225139618,0.9734400399975129,2026-07-25T11:37:13.333350+00:00
168,63.536991119384766,14.000000059604645,1.054935079991992,2026-07-25T11:37:29.030921+00:00
114,54.85969543457031,39.99999761581421,1.0180680399935227,2026-07-25T11:37:34.610181+00:00
169,66.84564208984375,19.999998807907104,0.9984143000110635,2026-07-25T11:37:39.469326+00:00
115,61.587257385253906,23.999999463558197,0.9946003399818437,2026-07-25T11:37:44.994396+00:00
170,38.9138069152832,23.999999463558197,0.9944828000152484,2026-07-25T11:37:49.738646+00:00
116,53.70415115356445,29.999998211860657,1.0262127600071835,2026-07-25T11:37:55.242987+00:00
171,46.536624908447266,25.999999046325684,1.000318039987178,2026-07-25T11:38:00.008877+00:00
117,60.62552261352539,34.00000035762787,0.996480559988413,2026-07-25T11:38:16.367563+00:00
172,38.14519119262695,25.999999046325684,0.9956756799874712,2026-07-25T11:38:21.624804+00:00
173,71.97742462158203,25.999999046325684,0.9676321200095117,2026-07-25T11:38:32.330768+00:00
118,64.45883178710938,17.999999225139618,1.0016025200093281,2026-07-25T11:38:37.421382+00:00
174,46.15443420410156,28.00000011920929,0.9772942799827432,2026-07-25T11:38:42.653460+00:00
119,72.7823715209961,28.00000011920929,1.017890820003231,2026-07-25T11:38:47.676918+00:00
175,45.26158142089844,25.999999046325684,0.9662496800228837,2026-07-25T11:38:53.052918+00:00
120,54.579307556152344,21.99999988079071,0.9611870799926692,2026-07-25T11:38:57.793889+00:00
121,69.28324890136719,23.999999463558197,0.9641397399900598,2026-07-25T11:39:07.816185+00:00
176,54.09543991088867,17.999999225139618,1.0104724999837345,2026-07-25T11:39:14.503652+00:00
177,51.99384689331055,19.999998807907104,0.9961624599964126,2026-07-25T11:39:24.854603+00:00
122,33.112998962402344,47.999998927116394,1.0304065399759565,2026-07-25T11:39:29.263324+00:00
123,67.24197387695312,21.99999988079071,1.022136080027849,2026-07-25T11:39:39.375353+00:00
178,49.0820198059082,31.999999284744263,0.983229619996564,2026-07-25T11:39:46.757195+00:00
124,52.87252426147461,34.00000035762787,1.0141552400091314,2026-07-25T11:39:49.546196+00:00
179,43.49087905883789,23.999999463558197,3.951540400012163,2026-07-25T11:39:57.718134+00:00
125,81.72653198242188,28.00000011920929,0.9915756600094028,2026-07-25T11:39:59.832444+00:00
180,51.84852600097656,15.999999642372131,0.9366282400151249,2026-07-25T11:40:19.071379+00:00
126,65.38333129882812,28.00000011920929,1.007018540003628,2026-07-25T11:40:20.761171+00:00
127,57.1455078125,31.999999284744263,1.0165687599874218,2026-07-25T11:40:30.913849+00:00
181,63.33039093017578,19.999998807907104,1.0078492400134564,2026-07-25T11:40:40.821240+00:00
128,64.13599395751953,28.00000011920929,1.0254161399643635,2026-07-25T11:40:52.113558+00:00
129,57.52425765991211,34.00000035762787,0.9900196999660692,2026-07-25T11:41:02.291574+00:00
182,43.61110305786133,19.999998807907104,1.0025131400107057,2026-07-25T11:41:02.744333+00:00
183,52.19255065917969,17.999999225139618,1.0177525600010995,2026-07-25T11:41:12.981710+00:00
184,34.407630920410156,19.999998807907104,0.9725296200122102,2026-07-25T11:41:23.141286+00:00
130,45.05264663696289,29.999998211860657,0.9866800199961291,2026-07-25T11:41:23.415184+00:00
185,40.96683120727539,17.999999225139618,1.0116969600130687,2026-07-25T11:41:33.553153+00:00
131,69.38275146484375,29.999998211860657,1.0403888400105643,2026-07-25T11:41:45.308009+00:00
186,34.56413269042969,19.999998807907104,1.012300980000873,2026-07-25T11:41:55.175397+00:00
187,52.362266540527344,11.999999731779099,3.3964371399997617,2026-07-25T11:42:05.602167+00:00
132,84.88688659667969,34.00000035762787,0.9824871800083201,2026-07-25T11:42:07.656543+00:00
188,44.55060577392578,25.999999046325684,1.0019148200080963,2026-07-25T11:42:15.959625+00:00
133,58.145076751708984,21.99999988079071,0.985429060019669,2026-07-25T11:42:17.734526+00:00
189,64.36974334716797,23.999999463558197,0.9732683000038378,2026-07-25T11:42:26.159512+00:00
134,78.3686752319336,23.999999463558197,1.025309999968158,2026-07-25T11:42:27.803518+00:00
135,56.545223236083984,7.999999821186066,1.0111845999927027,2026-07-25T11:42:38.349192+00:00
190,51.376914978027344,19.999998807907104,0.9951125599764056,2026-07-25T11:42:47.648884+00:00
191,43.696475982666016,15.999999642372131,1.0238150599980145,2026-07-25T11:42:57.882038+00:00
136,63.949432373046875,31.999999284744263,1.029653479999979,2026-07-25T11:42:59.875287+00:00
192,47.64372253417969,25.999999046325684,0.9623061199818039,2026-07-25T11:43:08.229229+00:00
137,77.49981689453125,29.999998211860657,1.0190620399953332,2026-07-25T11:43:10.154226+00:00
193,30.990861892700195,19.999998807907104,1.08230003999779,2026-07-25T11:43:18.498034+00:00
138,79.5588150024414,25.999999046325684,1.0098749800090445,2026-07-25T11:43:20.281314+00:00
194,46.57059097290039,25.999999046325684,0.9679630000027828,2026-07-25T11:43:28.793519+00:00
139,63.694725036621094,23.999999463558197,1.110821880029107,2026-07-25T11:43:30.826415+00:00
195,72.8296890258789,21.99999988079071,1.008437780001259,2026-07-25T11:43:50.182246+00:00
140,58.3172721862793,23.999999463558197,1.0239042600005632,2026-07-25T11:43:52.080211+00:00
196,44.08966827392578,21.99999988079071,1.0060303600039333,2026-07-25T11:44:00.493983+00:00
141,49.65751647949219,25.999999046325684,0.9876253999755137,2026-07-25T11:44:02.737711+00:00
197,35.25910186767578,14.000000059604645,1.0098670400111587,2026-07-25T11:44:10.651868+00:00
142,64.76655578613281,23.999999463558197,1.015968680003425,2026-07-25T11:44:12.911762+00:00
198,44.755619049072266,25.999999046325684,0.9887244799756446,2026-07-25T11:44:21.111519+00:00
143,70.26512145996094,17.999999225139618,1.010718600009568,2026-07-25T11:44:23.124949+00:00
199,59.3698616027832,17.999999225139618,1.0219658800269826,2026-07-25T11:44:31.307805+00:00
144,49.9451789855957,28.00000011920929,1.0211019599955762,2026-07-25T11:44:33.804576+00:00
200,59.94627380371094,21.99999988079071,1.0235452800043277,2026-07-25T11:44:53.191642+00:00
145,66.42073059082031,17.999999225139618,1.0883693400319316,2026-07-25T11:44:55.314193+00:00
146,52.654972076416016,29.999998211860657,1.0091717199975392,2026-07-25T11:45:05.837387+00:00
201,46.11912536621094,11.999999731779099,1.0332851000202936,2026-07-25T11:45:14.530208+00:00
147,63.10105514526367,21.99999988079071,0.9795288999885088,2026-07-25T11:45:15.912310+00:00
148,67.16688537597656,19.999998807907104,0.9635476800031029,2026-07-25T11:45:26.112911+00:00
202,36.581298828125,23.999999463558197,0.9865107600126066,2026-07-25T11:45:35.650283+00:00
149,67.8610610961914,29.999998211860657,3.2594598200012115,2026-07-25T11:45:36.770454+00:00
203,62.272071838378906,15.999999642372131,0.9420490599950426,2026-07-25T11:45:45.815010+00:00
150,83.36322021484375,21.99999988079071,1.0334028599754674,2026-07-25T11:45:58.706443+00:00
204,64.63906860351562,15.999999642372131,1.0099749400251312,2026-07-25T11:46:06.898868+00:00
151,63.548309326171875,14.000000059604645,1.004716159986856,2026-07-25T11:46:20.242060+00:00
205,43.778682708740234,23.999999463558197,1.0354635000112467,2026-07-25T11:46:28.638425+00:00
206,75.32872772216797,23.999999463558197,1.0994882600061828,2026-07-25T11:46:39.019674+00:00
152,77.28369140625,25.999999046325684,1.2319747999936226,2026-07-25T11:46:41.531688+00:00
207,45.797637939453125,25.999999046325684,1.0431793599855155,2026-07-25T11:46:50.053966+00:00
153,72.69031524658203,23.999999463558197,0.982334379987151,2026-07-25T11:46:51.803132+00:00
208,78.72499084472656,17.999999225139618,1.012847479978518,2026-07-25T11:47:00.945052+00:00
209,56.8002815246582,21.99999988079071,0.998056179996638,2026-07-25T11:47:11.134047+00:00
154,54.26850509643555,25.999999046325684,1.0089856999911717,2026-07-25T11:47:12.817505+00:00
210,43.895965576171875,25.999999046325684,1.003597480012104,2026-07-25T11:47:21.381267+00:00
155,58.525909423828125,25.999999046325684,0.9778353399815386,2026-07-25T11:47:34.221227+00:00
211,50.213565826416016,14.000000059604645,1.0074386199994478,2026-07-25T11:47:43.301257+00:00
156,68.62647247314453,19.999998807907104,0.991874059982365,2026-07-25T11:47:44.631297+00:00
212,41.131446838378906,29.999998211860657,0.9963681999943219,2026-07-25T11:47:53.575311+00:00
157,54.0564079284668,28.00000011920929,0.9698292399843922,2026-07-25T11:47:54.862099+00:00
213,58.43147277832031,25.999999046325684,0.9611252000104287,2026-07-25T11:48:04.191142+00:00
158,54.633148193359375,25.999999046325684,3.4728585799894063,2026-07-25T11:48:05.377776+00:00
214,26.046117782592773,23.999999463558197,0.9951879200161785,2026-07-25T11:48:14.354633+00:00
159,33.37008285522461,28.00000011920929,1.0262793199945008,2026-07-25T11:48:15.485476+00:00
215,32.248355865478516,15.999999642372131,1.0048727200046415,2026-07-25T11:48:24.528998+00:00
160,39.49956130981445,35.999998450279236,0.9798024600240751,2026-07-25T11:48:25.754910+00:00
216,46.037689208984375,23.999999463558197,0.9784935400239192,2026-07-25T11:48:35.460407+00:00
217,60.39976501464844,17.999999225139618,1.034036199998809,2026-07-25T11:48:46.190910+00:00
161,79.5994644165039,9.999999403953552,0.9831291600130498,2026-07-25T11:48:46.995174+00:00
162,65.78976440429688,21.99999988079071,1.0228293799809762,2026-07-25T11:48:57.461520+00:00
163,61.02753829956055,21.99999988079071,1.0216769199905684,2026-07-25T11:49:07.486090+00:00
218,30.848997116088867,21.99999988079071,1.005888399995456,2026-07-25T11:49:08.213202+00:00
164,66.3080825805664,23.999999463558197,0.9801599200000054,2026-07-25T11:49:17.675828+00:00
219,41.73331069946289,17.999999225139618,1.0168596999938018,2026-07-25T11:49:18.629937+00:00
165,60.253440856933594,25.999999046325684,1.0049381000135327,2026-07-25T11:49:27.808279+00:00
220,35.022396087646484,15.999999642372131,1.0943383399717277,2026-07-25T11:49:29.150068+00:00
166,58.08528137207031,14.000000059604645,0.9560923599929083,2026-07-25T11:49:38.016451+00:00
221,52.06800842285156,19.999998807907104,1.0210788200129173,2026-07-25T11:49:39.854098+00:00
167,78.79946899414062,9.999999403953552,1.0168739999789977,2026-07-25T11:49:48.206776+00:00
222,36.90565490722656,14.000000059604645,0.9867009800291272,2026-07-25T11:50:01.707738+00:00
168,61.64900207519531,21.99999988079071,0.9817224399739644,2026-07-25T11:50:09.564826+00:00
169,51.382171630859375,29.999998211860657,0.9843025999725797,2026-07-25T11:50:19.713114+00:00
223,29.294273376464844,23.999999463558197,1.0024423799768556,2026-07-25T11:50:23.831224+00:00
170,56.101688385009766,17.999999225139618,0.9872528399864676,2026-07-25T11:50:30.106952+00:00
224,56.0988883972168,17.999999225139618,0.9578176800278015,2026-07-25T11:50:34.604143+00:00
171,66.02835845947266,19.999998807907104,0.9972133599876544,2026-07-25T11:50:40.171543+00:00
225,27.900711059570312,23.999999463558197,0.998698619987408,2026-07-25T11:50:45.089322+00:00
226,43.29345703125,19.999998807907104,1.0776630599866621,2026-07-25T11:50:55.551440+00:00
172,63.385459899902344,17.999999225139618,1.029211179993581,2026-07-25T11:51:01.274315+00:00
227,30.40717315673828,23.999999463558197,0.9706281000035233,2026-07-25T11:51:06.090164+00:00
228,33.23143005371094,21.99999988079071,0.9806083199873682,2026-07-25T11:51:16.306094+00:00
173,68.87931060791016,17.999999225139618,0.9863608199884766,2026-07-25T11:51:22.282179+00:00
229,33.0112419128418,15.999999642372131,0.991050099983113,2026-07-25T11:51:27.091946+00:00
174,69.31709289550781,17.999999225139618,1.0138141800052836,2026-07-25T11:51:32.595298+00:00
230,23.302139282226562,23.999999463558197,1.0078739999880781,2026-07-25T11:51:38.032118+00:00
175,44.97718811035156,28.00000011920929,1.0338669599877903,2026-07-25T11:51:42.797480+00:00
231,41.73880386352539,21.99999988079071,0.9917056799895363,2026-07-25T11:51:48.589627+00:00
176,60.75153350830078,9.999999403953552,1.0008243400079664,2026-07-25T11:51:52.989923+00:00
232,30.421005249023438,21.99999988079071,1.1036714800138725,2026-07-25T11:51:59.498020+00:00
177,65.86184692382812,19.999998807907104,1.0047469799974351,2026-07-25T11:52:03.268102+00:00
178,62.621334075927734,23.999999463558197,0.9837436799716671,2026-07-25T11:52:13.427556+00:00
233,25.638381958007812,25.999999046325684,1.041674759981106,2026-07-25T11:52:21.497041+00:00
179,69.10096740722656,21.99999988079071,0.967730060001486,2026-07-25T11:52:23.691635+00:00
234,70.64327239990234,21.99999988079071,0.9785281799850054,2026-07-25T11:52:32.228414+00:00
180,71.33946228027344,19.999998807907104,0.9800406399881466,2026-07-25T11:52:34.031384+00:00
235,19.731182098388672,23.999999463558197,0.997303420008393,2026-07-25T11:52:42.598161+00:00
181,63.70839309692383,21.99999988079071,0.969086340010108,2026-07-25T11:52:44.117279+00:00
182,49.457977294921875,28.00000011920929,1.0614718000215362,2026-07-25T11:52:54.459356+00:00
236,65.70832061767578,19.999998807907104,0.9780255599980592,2026-07-25T11:53:03.837126+00:00
183,59.37147521972656,21.99999988079071,0.9374137600025279,2026-07-25T11:53:15.821256+00:00
237,37.447303771972656,28.00000011920929,0.998040980011865,2026-07-25T11:53:25.299306+00:00
184,48.85454177856445,19.999998807907104,0.9952448200056095,2026-07-25T11:53:25.983444+00:00
238,38.88701248168945,15.999999642372131,0.9883191799963241,2026-07-25T11:53:35.498269+00:00
185,51.1865234375,29.999998211860657,0.9710649399858085,2026-07-25T11:53:36.201418+00:00
239,30.35311508178711,17.999999225139618,0.9945599599814159,2026-07-25T11:53:45.847535+00:00
240,68.5226821899414,21.99999988079071,1.0117261599953054,2026-07-25T11:53:56.125803+00:00
186,56.776920318603516,25.999999046325684,1.0188143999766908,2026-07-25T11:53:57.379881+00:00
241,22.229555130004883,9.999999403953552,0.9628301600241684,2026-07-25T11:54:06.461743+00:00
242,34.14118576049805,28.00000011920929,0.9584243800054537,2026-07-25T11:54:16.655658+00:00
187,56.553321838378906,25.999999046325684,0.9890646399799152,2026-07-25T11:54:18.656964+00:00
188,63.589595794677734,19.999998807907104,1.030251859992859,2026-07-25T11:54:29.011635+00:00
243,38.20973205566406,17.999999225139618,0.9784677999778069,2026-07-25T11:54:37.777898+00:00
189,53.09427261352539,21.99999988079071,0.9896177400150918,2026-07-25T11:54:39.214044+00:00
190,61.45417404174805,19.999998807907104,0.9668954999870039,2026-07-25T11:54:49.270929+00:00
244,27.960254669189453,19.999998807907104,1.0202738199950545,2026-07-25T11:54:59.088994+00:00
191,61.142940521240234,17.999999225139618,0.9893668600125238,2026-07-25T11:54:59.538143+00:00
192,63.86854553222656,21.99999988079071,1.0045410600287141,2026-07-25T11:55:09.909742+00:00
245,46.283836364746094,19.999998807907104,0.9919855599946459,2026-07-25T11:55:20.915170+00:00
246,31.1132755279541,19.999998807907104,0.9960112200133153,2026-07-25T11:55:31.084175+00:00
193,81.1845932006836,17.999999225139618,1.0211632999926223,2026-07-25T11:55:31.328837+00:00
247,15.935410499572754,28.00000011920929,0.9684978199948091,2026-07-25T11:55:41.363018+00:00
248,19.640565872192383,14.000000059604645,0.9488973000043188,2026-07-25T11:55:51.633610+00:00
194,48.509178161621094,25.999999046325684,1.079898480020347,2026-07-25T11:55:52.507350+00:00
249,28.95616912841797,17.999999225139618,1.131399859987141,2026-07-25T11:56:13.165622+00:00
195,57.739158630371094,25.999999046325684,0.9541028600142454,2026-07-25T11:56:14.434046+00:00
250,20.611215591430664,17.999999225139618,1.0255234400028712,2026-07-25T11:56:23.593295+00:00
196,48.47494125366211,25.999999046325684,0.9993281200149796,2026-07-25T11:56:24.509087+00:00
251,40.00730514526367,21.99999988079071,0.9804240800076512,2026-07-25T11:56:34.317443+00:00
197,63.07646560668945,17.999999225139618,0.9894633200019597,2026-07-25T11:56:34.683100+00:00
198,60.98575210571289,21.99999988079071,0.9921752000082051,2026-07-25T11:56:45.029396+00:00
252,15.44485855102539,21.99999988079071,1.0193666000122903,2026-07-25T11:56:45.506563+00:00
253,36.86019515991211,21.99999988079071,1.0527455199917313,2026-07-25T11:56:55.974696+00:00
199,64.6514663696289,19.999998807907104,1.0460306799723185,2026-07-25T11:57:06.239552+00:00
254,28.257402420043945,7.999999821186066,0.9986747999937506,2026-07-25T11:57:06.418062+00:00
200,57.8232421875,17.999999225139618,0.9746262599946931,2026-07-25T11:57:16.715466+00:00
201,51.3947639465332,11.999999731779099,1.0063610799988965,2026-07-25T11:57:27.055637+00:00
255,39.090370178222656,19.999998807907104,0.96464243997616,2026-07-25T11:57:27.769932+00:00
202,61.237754821777344,14.000000059604645,0.9664218799662194,2026-07-25T11:57:37.233252+00:00
256,54.91399383544922,29.999998211860657,1.0401760799868498,2026-07-25T11:57:38.381831+00:00
203,57.62895584106445,15.999999642372131,1.0050521599987405,2026-07-25T11:57:47.383576+00:00
257,56.22019577026367,19.999998807907104,0.9927056200103835,2026-07-25T11:57:48.594041+00:00
204,58.21330261230469,19.999998807907104,0.9742194399950677,2026-07-25T11:57:57.599775+00:00
258,44.36735534667969,15.999999642372131,0.9456938799849013,2026-07-25T11:58:10.332045+00:00
205,51.57894515991211,14.000000059604645,1.1412351800026954,2026-07-25T11:58:18.269956+00:00
259,33.634281158447266,21.99999988079071,1.0294033399986802,2026-07-25T11:58:20.577848+00:00
206,54.694374084472656,19.999998807907104,1.0073554600239731,2026-07-25T11:58:28.377462+00:00
260,35.97764587402344,15.999999642372131,1.0084113999982947,2026-07-25T11:58:31.356181+00:00
207,65.43962097167969,17.999999225139618,1.0175319999689236,2026-07-25T11:58:38.582899+00:00
261,33.22138214111328,17.999999225139618,1.0014646000126959,2026-07-25T11:58:41.625769+00:00
262,37.891788482666016,9.999999403953552,1.0022201999890967,2026-07-25T11:58:51.926704+00:00
208,40.314544677734375,25.999999046325684,0.9982872000182397,2026-07-25T11:58:59.600675+00:00
263,23.019136428833008,23.999999463558197,0.937748760006798,2026-07-25T11:59:02.818174+00:00
209,47.8412971496582,15.999999642372131,1.0163802199895144,2026-07-25T11:59:09.915359+00:00
210,69.64342498779297,17.999999225139618,0.9679150399824721,2026-07-25T11:59:20.270306+00:00
264,28.8408203125,19.999998807907104,0.9858739199989941,2026-07-25T11:59:24.286368+00:00
211,54.8999137878418,23.999999463558197,0.968561720001162,2026-07-25T11:59:30.588443+00:00
265,43.59056091308594,23.999999463558197,0.9930366400294588,2026-07-25T11:59:35.085573+00:00
212,56.125465393066406,21.99999988079071,0.9814258000187693,2026-07-25T11:59:40.923490+00:00
213,48.58855056762695,23.999999463558197,0.9657951200279058,2026-07-25T11:59:51.248655+00:00
266,38.799278259277344,14.000000059604645,0.9916017599971383,2026-07-25T11:59:56.971092+00:00
267,27.884004592895508,25.999999046325684,1.0122064399911324,2026-07-25T12:00:07.178911+00:00
214,49.99954605102539,23.999999463558197,0.9702643000127864,2026-07-25T12:00:12.551730+00:00
268,49.789466857910156,19.999998807907104,0.9644721000222489,2026-07-25T12:00:17.399160+00:00
215,70.6862564086914,21.99999988079071,0.9753313200053526,2026-07-25T12:00:22.627531+00:00
269,59.1715087890625,19.999998807907104,0.9771373200055677,2026-07-25T12:00:27.985353+00:00
216,43.40150833129883,23.999999463558197,0.9839503399780369,2026-07-25T12:00:44.420134+00:00
270,55.553707122802734,14.000000059604645,0.9776441599751706,2026-07-25T12:00:49.464244+00:00
217,57.11738586425781,21.99999988079071,1.0294787000020733,2026-07-25T12:00:54.799789+00:00
271,44.8609504699707,28.00000011920929,1.0201025599963032,2026-07-25T12:00:59.813745+00:00
218,45.20162582397461,17.999999225139618,0.9674529999756487,2026-07-25T12:01:05.359712+00:00
272,37.44493103027344,17.999999225139618,0.9892074200251953,2026-07-25T12:01:10.145596+00:00
219,68.50653076171875,15.999999642372131,1.0112257600121666,2026-07-25T12:01:15.569930+00:00
273,20.161582946777344,15.999999642372131,0.9963904799951706,2026-07-25T12:01:20.319477+00:00
274,47.776241302490234,15.999999642372131,0.9457085200119764,2026-07-25T12:01:30.931819+00:00
220,59.329647064208984,19.999998807907104,1.0014693799894303,2026-07-25T12:01:36.918626+00:00
221,54.26258850097656,21.99999988079071,1.0408336999898893,2026-07-25T12:01:47.413719+00:00
275,31.013776779174805,15.999999642372131,0.9702188399751321,2026-07-25T12:01:52.215698+00:00
222,34.14043045043945,25.999999046325684,1.0340039600123418,2026-07-25T12:01:58.037754+00:00
276,30.384294509887695,19.999998807907104,0.978985139990982,2026-07-25T12:02:02.468358+00:00
223,62.811763763427734,21.99999988079071,1.1855328800083953,2026-07-25T12:02:08.522657+00:00
224,38.72394561767578,28.00000011920929,0.9904942600041976,2026-07-25T12:02:18.627714+00:00
277,37.107879638671875,17.999999225139618,0.9614161799981957,2026-07-25T12:02:23.661568+00:00
278,23.792003631591797,25.999999046325684,0.9447860200089053,2026-07-25T12:02:33.907253+00:00
225,34.9695930480957,17.999999225139618,0.960267680020479,2026-07-25T12:02:39.938546+00:00
279,23.481201171875,25.999999046325684,1.0085589600203093,2026-07-25T12:02:44.238793+00:00
226,48.70387649536133,15.999999642372131,0.9932900799685741,2026-07-25T12:02:50.147732+00:00
280,17.030990600585938,14.000000059604645,0.9701533399856999,2026-07-25T12:03:05.860538+00:00
227,33.372772216796875,11.999999731779099,0.9637943599955179,2026-07-25T12:03:12.025272+00:00
281,22.373884201049805,21.99999988079071,0.9636989600039669,2026-07-25T12:03:16.173457+00:00
228,44.986839294433594,19.999998807907104,0.9836523400008446,2026-07-25T12:03:22.233095+00:00
282,24.974327087402344,21.99999988079071,0.962485479976749,2026-07-25T12:03:26.585699+00:00
229,32.051029205322266,21.99999988079071,0.9640130600018892,2026-07-25T12:03:32.984113+00:00
283,38.310760498046875,19.999998807907104,1.0003021200100193,2026-07-25T12:03:36.805602+00:00
284,21.244524002075195,28.00000011920929,1.004050739975355,2026-07-25T12:03:47.366669+00:00
230,57.814453125,14.000000059604645,1.089736339999945,2026-07-25T12:03:54.381191+00:00
231,23.082237243652344,29.999998211860657,0.9798293600033503,2026-07-25T12:04:04.791520+00:00
285,22.856586456298828,23.999999463558197,1.0037285200087354,2026-07-25T12:04:08.883967+00:00
232,53.66981506347656,9.999999403953552,1.0252824599956512,2026-07-25T12:04:15.076975+00:00
233,22.805952072143555,19.999998807907104,1.0443037399818422,2026-07-25T12:04:25.392163+00:00
286,36.296722412109375,9.999999403953552,1.0336918599932687,2026-07-25T12:04:30.630230+00:00
234,50.12744140625,25.999999046325684,0.9870713399868691,2026-07-25T12:04:35.756170+00:00
287,28.93502426147461,23.999999463558197,0.9832838800139143,2026-07-25T12:04:51.760940+00:00
235,40.52735900878906,21.99999988079071,1.053466240009584,2026-07-25T12:04:56.905421+00:00
288,22.542129516601562,15.999999642372131,1.0064389599938295,2026-07-25T12:05:02.054560+00:00
236,55.735572814941406,19.999998807907104,1.0070639399782522,2026-07-25T12:05:18.251493+00:00
289,24.436817169189453,14.000000059604645,1.0207199200158357,2026-07-25T12:05:23.324095+00:00
237,54.16981506347656,21.99999988079071,0.9757644799901755,2026-07-25T12:05:39.133339+00:00
290,13.600545883178711,19.999998807907104,0.9777581800153711,2026-07-25T12:05:44.408331+00:00
238,59.191650390625,19.999998807907104,0.968819240006269,2026-07-25T12:05:49.211334+00:00
291,15.933205604553223,19.999998807907104,1.1053631999675417,2026-07-25T12:05:54.644705+00:00
292,29.472719192504883,15.999999642372131,0.9764568799801054,2026-07-25T12:06:04.890002+00:00
239,36.582374572753906,17.999999225139618,0.9795967399986695,2026-07-25T12:06:10.235854+00:00
293,27.9406795501709,19.999998807907104,0.9821804600142058,2026-07-25T12:06:15.154680+00:00
294,29.374666213989258,15.999999642372131,0.9993448200111743,2026-07-25T12:06:25.459066+00:00
240,58.1485595703125,19.999998807907104,1.0093863400106784,2026-07-25T12:06:31.224161+00:00
295,31.347333908081055,19.999998807907104,1.0192310200000065,2026-07-25T12:06:35.950649+00:00
241,45.92906188964844,17.999999225139618,1.3680989400018007,2026-07-25T12:06:41.517047+00:00
242,48.767860412597656,23.999999463558197,0.9731665199797135,2026-07-25T12:06:51.746600+00:00
296,21.018522262573242,15.999999642372131,1.001928340010636,2026-07-25T12:06:57.951000+00:00
243,56.60433578491211,19.999998807907104,1.0426870599985705,2026-07-25T12:07:01.936649+00:00
297,30.921091079711914,17.999999225139618,1.0190484800114064,2026-07-25T12:07:08.291504+00:00
244,30.057849884033203,21.99999988079071,1.0043679199952749,2026-07-25T12:07:12.202555+00:00
298,38.48598098754883,11.999999731779099,0.9712177599794813,2026-07-25T12:07:18.879099+00:00
245,54.03276443481445,25.999999046325684,1.0201004600094166,2026-07-25T12:07:22.330462+00:00
299,39.114444732666016,31.999999284744263,1.0868289599966374,2026-07-25T12:07:29.475370+00:00
246,40.727012634277344,19.999998807907104,1.073558399984904,2026-07-25T12:07:43.910394+00:00
300,14.618427276611328,21.99999988079071,0.9988999199777027,2026-07-25T12:07:51.221599+00:00
247,49.33152389526367,17.999999225139618,0.9610525799871539,2026-07-25T12:07:54.045442+00:00
248,60.40849685668945,21.99999988079071,0.965508539993607,2026-07-25T12:08:04.338670+00:00
301,13.3403959274292,14.000000059604645,0.983731060005084,2026-07-25T12:08:12.859271+00:00
249,31.904451370239258,31.999999284744263,1.0124206799810054,2026-07-25T12:08:14.475624+00:00
302,32.7245979309082,23.999999463558197,1.3548832800006494,2026-07-25T12:08:34.060223+00:00
250,48.264862060546875,29.999998211860657,1.0137199000018882,2026-07-25T12:08:35.540694+00:00
303,15.571019172668457,17.999999225139618,0.993725459993584,2026-07-25T12:08:44.344394+00:00
304,18.5256404876709,28.00000011920929,1.029202419995272,2026-07-25T12:08:54.681255+00:00
251,45.228981018066406,17.999999225139618,1.0664322799857473,2026-07-25T12:08:56.511085+00:00
305,24.605815887451172,15.999999642372131,0.9705190599925118,2026-07-25T12:09:16.266564+00:00
252,39.649715423583984,23.999999463558197,1.016880819988728,2026-07-25T12:09:17.435464+00:00
306,19.128873825073242,15.999999642372131,1.0043857399796252,2026-07-25T12:09:26.553831+00:00
253,31.506488800048828,23.999999463558197,0.9415941400220618,2026-07-25T12:09:27.684408+00:00
254,45.08607482910156,17.999999225139618,0.9663835399987875,2026-07-25T12:09:37.805174+00:00
307,16.752155303955078,19.999998807907104,0.9525503000622848,2026-07-25T12:09:47.953453+00:00
308,14.303879737854004,19.999998807907104,1.0475885400228435,2026-07-25T12:09:58.066589+00:00
255,41.58565902709961,23.999999463558197,0.9608270400349284,2026-07-25T12:09:58.813825+00:00
309,20.688949584960938,14.000000059604645,0.9794405000138795,2026-07-25T12:10:08.208965+00:00
256,48.85140609741211,19.999998807907104,0.9703020199958701,2026-07-25T12:10:08.981388+00:00
310,37.314823150634766,34.00000035762787,1.0730816800059984,2026-07-25T12:10:29.653414+00:00
257,38.195777893066406,19.999998807907104,1.0185714600083884,2026-07-25T12:10:30.217351+00:00
311,5.76369571685791,25.999999046325684,0.9607382399553899,2026-07-25T12:10:39.924479+00:00
258,42.540489196777344,19.999998807907104,1.0010642399720382,2026-07-25T12:10:40.424368+00:00
312,29.549657821655273,21.99999988079071,0.9507004800252616,2026-07-25T12:10:50.173753+00:00
259,60.547401428222656,25.999999046325684,0.9589383599814028,2026-07-25T12:10:50.601334+00:00
313,26.607494354248047,17.999999225139618,1.0783268399973167,2026-07-25T12:11:11.633785+00:00
260,40.78297424316406,17.999999225139618,1.0252247600146802,2026-07-25T12:11:12.069020+00:00
261,25.274751663208008,19.999998807907104,0.9874578599556116,2026-07-25T12:11:22.386703+00:00
262,30.382551193237305,19.999998807907104,0.9632369199971436,2026-07-25T12:11:32.824341+00:00
314,27.67892074584961,15.999999642372131,1.1855725799978245,2026-07-25T12:11:33.467831+00:00
263,66.67500305175781,15.999999642372131,0.994686800040654,2026-07-25T12:11:54.184719+00:00
315,34.382442474365234,17.999999225139618,0.9745271599967964,2026-07-25T12:11:55.000658+00:00
316,17.656505584716797,21.99999988079071,0.9928490199672523,2026-07-25T12:12:05.683181+00:00
264,66.09528350830078,19.999998807907104,0.9670401999755995,2026-07-25T12:12:15.400923+00:00
317,20.839282989501953,23.999999463558197,1.101502520032227,2026-07-25T12:12:27.142384+00:00
265,54.18073654174805,19.999998807907104,0.986816259974148,2026-07-25T12:12:36.435270+00:00
266,37.43495178222656,17.999999225139618,1.017576559970621,2026-07-25T12:12:46.796147+00:00
318,32.201229095458984,25.999999046325684,1.026961140014464,2026-07-25T12:12:48.887796+00:00
319,25.792818069458008,21.99999988079071,0.9941937599796801,2026-07-25T12:12:59.316161+00:00
267,53.7700309753418,21.99999988079071,1.0054830599983688,2026-07-25T12:13:07.538221+00:00
320,25.610179901123047,19.999998807907104,1.015347739958088,2026-07-25T12:13:20.968455+00:00
268,36.22945785522461,17.999999225139618,1.039229840025655,2026-07-25T12:13:28.562962+00:00
321,33.376502990722656,21.99999988079071,1.0699057199963136,2026-07-25T12:13:31.344162+00:00
269,33.04509735107422,19.999998807907104,1.0090985799615737,2026-07-25T12:13:38.681752+00:00
322,45.17790222167969,21.99999988079071,0.9781808200204979,2026-07-25T12:13:52.878673+00:00
270,44.21201705932617,17.999999225139618,0.9820608400332276,2026-07-25T12:13:59.970675+00:00
271,29.975914001464844,19.999998807907104,0.9795235400088133,2026-07-25T12:14:10.082551+00:00
323,37.15621566772461,21.99999988079071,1.0089374600647716,2026-07-25T12:14:14.377054+00:00
324,19.56671714782715,19.999998807907104,1.0305680199962808,2026-07-25T12:14:24.876023+00:00
272,31.694536209106445,17.999999225139618,1.0275627200462623,2026-07-25T12:14:31.464353+00:00
325,22.947734832763672,21.99999988079071,1.0358754199842224,2026-07-25T12:14:46.195050+00:00
273,31.243974685668945,25.999999046325684,0.9940007000113839,2026-07-25T12:14:52.157542+00:00
326,23.076763153076172,25.999999046325684,1.07840816002863,2026-07-25T12:14:57.000944+00:00
274,51.427635192871094,17.999999225139618,1.0030308199930005,2026-07-25T12:15:02.330002+00:00
327,22.65311050415039,28.00000011920929,0.9625900199898751,2026-07-25T12:15:07.557745+00:00
275,37.190399169921875,23.999999463558197,0.9729765600059181,2026-07-25T12:15:23.450360+00:00
328,20.785537719726562,23.999999463558197,1.0672259800048778,2026-07-25T12:15:29.439846+00:00
276,22.490867614746094,15.999999642372131,0.9758367000176804,2026-07-25T12:15:33.652701+00:00
277,54.705116271972656,19.999998807907104,0.9806147200288251,2026-07-25T12:15:43.698062+00:00
329,30.61581802368164,15.999999642372131,0.9494982400065055,2026-07-25T12:15:50.465978+00:00
330,58.87322235107422,15.999999642372131,1.0055737999937264,2026-07-25T12:16:00.761039+00:00
278,27.724756240844727,17.999999225139618,1.0032094400230562,2026-07-25T12:16:05.069954+00:00
331,23.04623031616211,17.999999225139618,0.9626174999721115,2026-07-25T12:16:10.897509+00:00
279,32.3341178894043,23.999999463558197,0.9875478599860799,2026-07-25T12:16:26.042597+00:00
332,23.208940505981445,17.999999225139618,1.0022531599679496,2026-07-25T12:16:32.255258+00:00
280,16.50910758972168,25.999999046325684,1.019764020020375,2026-07-25T12:16:36.344561+00:00
333,12.202461242675781,21.99999988079071,1.0406231800152455,2026-07-25T12:16:42.656623+00:00
281,36.855751037597656,11.999999731779099,1.01815871996223,2026-07-25T12:16:46.910321+00:00
334,23.301406860351562,21.99999988079071,0.9699640600592829,2026-07-25T12:16:52.997343+00:00
282,23.467626571655273,7.999999821186066,0.9924354800023137,2026-07-25T12:17:08.151254+00:00
335,43.50559616088867,19.999998807907104,1.0529899800167186,2026-07-25T12:17:14.164584+00:00
283,58.025901794433594,19.999998807907104,1.0649191399716074,2026-07-25T12:17:18.244729+00:00
284,26.799453735351562,17.999999225139618,1.068705579964444,2026-07-25T12:17:28.581982+00:00
336,25.439897537231445,21.99999988079071,0.9863627000595444,2026-07-25T12:17:35.633977+00:00
285,49.902870178222656,19.999998807907104,1.0046959199826233,2026-07-25T12:17:49.362519+00:00
337,30.160715103149414,23.999999463558197,1.052144959976431,2026-07-25T12:17:56.853683+00:00
286,15.962682723999023,19.999998807907104,0.9699841400288278,2026-07-25T12:18:10.588519+00:00
338,15.40411376953125,17.999999225139618,0.9875648800516501,2026-07-25T12:18:18.844321+00:00
339,30.380714416503906,25.999999046325684,1.044980820006458,2026-07-25T12:18:29.291551+00:00
287,39.640220642089844,23.999999463558197,1.0229713800072204,2026-07-25T12:18:31.736830+00:00
340,19.944013595581055,17.999999225139618,0.9790504400007194,2026-07-25T12:18:50.874032+00:00
288,49.20612335205078,17.999999225139618,0.9575464199588168,2026-07-25T12:18:52.851395+00:00
289,53.191925048828125,17.999999225139618,1.049884940002812,2026-07-25T12:19:03.030153+00:00
341,22.234285354614258,15.999999642372131,1.0342768600094132,2026-07-25T12:19:12.377005+00:00
342,10.020769119262695,17.999999225139618,1.0319686400180217,2026-07-25T12:19:22.976772+00:00
290,33.313724517822266,17.999999225139618,0.9548712999821873,2026-07-25T12:19:24.262807+00:00
343,15.986021995544434,19.999998807907104,1.004161539967754,2026-07-25T12:19:33.371278+00:00
344,17.06386947631836,17.999999225139618,0.9769028199661989,2026-07-25T12:19:43.790302+00:00
291,15.732102394104004,15.999999642372131,1.0062040999764577,2026-07-25T12:19:45.413605+00:00
345,52.45005798339844,21.99999988079071,1.0040803599986248,2026-07-25T12:19:54.413874+00:00
292,31.44426727294922,19.999998807907104,1.025090539988014,2026-07-25T12:19:55.656135+00:00
293,32.03001022338867,21.99999988079071,1.043801759951748,2026-07-25T12:20:05.847945+00:00
346,29.592130661010742,15.999999642372131,1.1574476999521721,2026-07-25T12:20:15.850033+00:00
294,23.13394546508789,25.999999046325684,1.012290579965338,2026-07-25T12:20:16.044341+00:00
347,19.812410354614258,19.999998807907104,1.230761219994747,2026-07-25T12:20:26.129482+00:00
295,44.970436096191406,17.999999225139618,0.9935130999656394,2026-07-25T12:20:26.294552+00:00
348,15.109591484069824,15.999999642372131,1.005317860035575,2026-07-25T12:20:36.722746+00:00
296,29.47223663330078,21.99999988079071,1.0115529000177048,2026-07-25T12:20:47.354015+00:00
297,25.31265640258789,15.999999642372131,0.9608725800353568,2026-07-25T12:20:57.591737+00:00
349,7.887844085693359,23.999999463558197,0.9917850800411543,2026-07-25T12:20:58.173143+00:00
298,23.235488891601562,23.999999463558197,0.9540585600188933,2026-07-25T12:21:07.771912+00:00
350,39.926429748535156,21.99999988079071,1.0003819999838015,2026-07-25T12:21:19.713286+00:00
299,25.98468780517578,25.999999046325684,1.078832639977918,2026-07-25T12:21:28.880845+00:00
351,20.58087921142578,17.999999225139618,1.0710139200091362,2026-07-25T12:21:30.118424+00:00
352,16.59441375732422,11.999999731779099,0.9734273399953963,2026-07-25T12:21:40.535750+00:00
300,24.573823928833008,14.000000059604645,1.0449511800106848,2026-07-25T12:21:49.975176+00:00
353,17.67768096923828,21.99999988079071,1.0575164400506765,2026-07-25T12:21:51.079391+00:00
301,48.854713439941406,15.999999642372131,1.0675932800222654,2026-07-25T12:22:00.089885+00:00
354,40.70201110839844,17.999999225139618,0.9818584800086682,2026-07-25T12:22:01.618865+00:00
302,34.66755294799805,21.99999988079071,0.9818644999904792,2026-07-25T12:22:10.376663+00:00
355,7.6856794357299805,17.999999225139618,0.9626361400296446,2026-07-25T12:22:11.977823+00:00
303,28.470043182373047,21.99999988079071,0.9895777200290468,2026-07-25T12:22:20.565184+00:00
356,20.6937255859375,19.999998807907104,0.9948267599975225,2026-07-25T12:22:22.337452+00:00
304,28.460771560668945,21.99999988079071,1.0701267800322967,2026-07-25T12:22:30.794634+00:00
357,14.587560653686523,19.999998807907104,0.9968311800184891,2026-07-25T12:22:32.614905+00:00
305,29.299942016601562,23.999999463558197,1.0410439599945676,2026-07-25T12:22:41.173568+00:00
358,15.466339111328125,15.999999642372131,1.0102368399384432,2026-07-25T12:22:42.922394+00:00
306,22.12023162841797,23.999999463558197,1.0075142399728065,2026-07-25T12:22:51.397027+00:00
307,35.29219055175781,21.99999988079071,0.9958010600530542,2026-07-25T12:23:01.626626+00:00
359,14.245586395263672,23.999999463558197,0.9812295400479343,2026-07-25T12:23:04.713754+00:00
308,37.44227981567383,19.999998807907104,0.992345339982421,2026-07-25T12:23:11.921530+00:00
360,35.25106430053711,14.000000059604645,0.9848361399781423,2026-07-25T12:23:15.195118+00:00
361,74.56050872802734,17.999999225139618,0.9660485800122842,2026-07-25T12:23:25.723538+00:00
309,19.2010440826416,19.999998807907104,0.966993980036932,2026-07-25T12:23:33.209434+00:00
362,18.765098571777344,17.999999225139618,0.9679259199765511,2026-07-25T12:23:36.393121+00:00
310,21.35470199584961,19.999998807907104,0.9584675200312631,2026-07-25T12:23:43.386957+00:00
363,38.02696228027344,19.999998807907104,1.004322420048993,2026-07-25T12:23:46.769202+00:00
311,33.4942626953125,23.999999463558197,0.9920064399921101,2026-07-25T12:23:53.553241+00:00
364,25.494874954223633,19.999998807907104,0.9536947799642803,2026-07-25T12:23:57.604119+00:00
312,25.849924087524414,17.999999225139618,1.0169108799891546,2026-07-25T12:24:03.727477+00:00
365,16.96271324157715,17.999999225139618,0.9684349600138376,2026-07-25T12:24:07.962642+00:00
313,22.4135684967041,21.99999988079071,1.0427095599879976,2026-07-25T12:24:13.872073+00:00
314,20.045324325561523,14.000000059604645,1.0778989599930355,2026-07-25T12:24:24.231857+00:00
366,23.307382583618164,14.000000059604645,0.9486254000512417,2026-07-25T12:24:29.433812+00:00
315,14.426779747009277,19.999998807907104,0.9772913400229298,2026-07-25T12:24:34.461633+00:00
367,29.300155639648438,19.999998807907104,1.004382920000353,2026-07-25T12:24:39.697341+00:00
368,42.70267105102539,21.99999988079071,1.0222352600248996,2026-07-25T12:24:49.866104+00:00
316,22.440034866333008,15.999999642372131,0.9962462400289951,2026-07-25T12:24:55.751998+00:00
369,21.488365173339844,17.999999225139618,0.9824536000087392,2026-07-25T12:25:00.804418+00:00
317,27.28995132446289,19.999998807907104,1.0348047399747884,2026-07-25T12:25:05.924089+00:00
370,35.22796630859375,7.999999821186066,1.0102644399739802,2026-07-25T12:25:10.856690+00:00
318,26.34253692626953,28.00000011920929,0.9857247800391633,2026-07-25T12:25:16.015095+00:00
371,43.94888687133789,17.999999225139618,0.9961081000074046,2026-07-25T12:25:21.247184+00:00
319,39.73759841918945,19.999998807907104,0.9648622800159501,2026-07-25T12:25:26.210520+00:00
320,30.868276596069336,19.999998807907104,1.000790720063378,2026-07-25T12:25:36.413026+00:00
372,47.77115249633789,19.999998807907104,0.9633259199472377,2026-07-25T12:25:42.938877+00:00
321,41.52216720581055,23.999999463558197,0.9985731999768177,2026-07-25T12:25:46.531966+00:00
373,18.590068817138672,23.999999463558197,0.965850760039757,2026-07-25T12:25:53.174390+00:00
374,23.353595733642578,21.99999988079071,0.9950224999920466,2026-07-25T12:26:04.180094+00:00
322,33.81024169921875,17.999999225139618,1.017162579955766,2026-07-25T12:26:07.501603+00:00
323,37.41032409667969,21.99999988079071,1.0785876600129995,2026-07-25T12:26:17.519308+00:00
375,13.648246765136719,25.999999046325684,0.9994984800141538,2026-07-25T12:26:25.466320+00:00
324,21.917713165283203,11.999999731779099,1.0244383799727075,2026-07-25T12:26:27.992216+00:00
376,40.457942962646484,21.99999988079071,0.9428517799824476,2026-07-25T12:26:35.694233+00:00
377,42.8825798034668,17.999999225139618,0.9479685399855953,2026-07-25T12:26:46.109552+00:00
325,29.63125991821289,15.999999642372131,0.9579833599855192,2026-07-25T12:26:49.896907+00:00
378,20.231252670288086,9.999999403953552,1.078257080007461,2026-07-25T12:26:56.488116+00:00
326,29.838607788085938,21.99999988079071,3.385385639994638,2026-07-25T12:27:00.287969+00:00
327,35.24162673950195,19.999998807907104,0.9893295999791009,2026-07-25T12:27:10.439065+00:00
379,24.418842315673828,28.00000011920929,0.9915330199874006,2026-07-25T12:27:17.771273+00:00
328,26.800649642944336,15.999999642372131,1.0379367000132333,2026-07-25T12:27:20.804232+00:00
380,15.493681907653809,15.999999642372131,0.9547312400536612,2026-07-25T12:27:38.885382+00:00
329,37.987648010253906,17.999999225139618,0.9881821800081525,2026-07-25T12:27:42.042256+00:00
381,44.81199264526367,21.99999988079071,0.9831481199944392,2026-07-25T12:27:49.012043+00:00
382,38.00019073486328,17.999999225139618,1.0081529799936106,2026-07-25T12:27:59.375637+00:00
330,19.540021896362305,25.999999046325684,0.9787877199414652,2026-07-25T12:28:03.041064+00:00
383,18.458105087280273,19.999998807907104,0.9816150600090623,2026-07-25T12:28:09.725461+00:00
331,15.943674087524414,17.999999225139618,0.9918899599870201,2026-07-25T12:28:13.084801+00:00
332,14.017717361450195,19.999998807907104,0.9855551800137619,2026-07-25T12:28:23.298663+00:00
384,29.854555130004883,19.999998807907104,1.0182981799880508,2026-07-25T12:28:30.925741+00:00
333,37.13517761230469,19.999998807907104,1.0021001400309615,2026-07-25T12:28:33.395290+00:00
385,26.906648635864258,21.99999988079071,0.9814739199646282,2026-07-25T12:28:41.175288+00:00
386,25.970190048217773,19.999998807907104,0.9722509200219065,2026-07-25T12:28:51.388206+00:00
334,11.29318618774414,28.00000011920929,1.036026360015967,2026-07-25T12:28:54.251641+00:00
335,18.25170135498047,19.999998807907104,1.023647840047488,2026-07-25T12:29:04.539688+00:00
387,33.921112060546875,23.999999463558197,0.9521975400275551,2026-07-25T12:29:13.036521+00:00
336,24.61005210876465,21.99999988079071,0.9957252199819777,2026-07-25T12:29:14.569881+00:00
388,27.458890914916992,14.000000059604645,0.932492040010402,2026-07-25T12:29:23.210261+00:00
337,26.76114273071289,15.999999642372131,0.9652075399935711,2026-07-25T12:29:36.559534+00:00
389,47.2324333190918,9.999999403953552,0.9812287599925184,2026-07-25T12:29:44.042966+00:00
338,18.368213653564453,21.99999988079071,0.9486759399442235,2026-07-25T12:29:46.668119+00:00
390,43.0185432434082,15.999999642372131,1.0092576399620157,2026-07-25T12:30:05.103829+00:00
339,28.142709732055664,21.99999988079071,1.1069599999609636,2026-07-25T12:30:07.770227+00:00
391,20.810007095336914,17.999999225139618,0.9780189400044037,2026-07-25T12:30:26.247110+00:00
340,30.864301681518555,19.999998807907104,1.0064171600242844,2026-07-25T12:30:28.904518+00:00
392,23.475317001342773,19.999998807907104,1.012309860016103,2026-07-25T12:30:47.333034+00:00
341,30.20206069946289,17.999999225139618,0.986770079980488,2026-07-25T12:30:50.060315+00:00
393,20.10883140563965,21.99999988079071,0.9708170399972005,2026-07-25T12:31:08.613525+00:00
342,19.605005264282227,21.99999988079071,1.0010777799470816,2026-07-25T12:31:11.132482+00:00
394,23.489330291748047,19.999998807907104,0.9654257399961352,2026-07-25T12:31:18.801685+00:00
395,30.412399291992188,19.999998807907104,1.0071373600658262,2026-07-25T12:31:29.005062+00:00
343,37.81709671020508,29.999998211860657,0.9789818600256694,2026-07-25T12:31:32.154981+00:00
396,30.466848373413086,21.99999988079071,0.9635943000466796,2026-07-25T12:31:39.199519+00:00
344,38.142215728759766,19.999998807907104,1.0034113399888156,2026-07-25T12:31:42.274312+00:00
397,32.264305114746094,17.999999225139618,1.1363883999729296,2026-07-25T12:31:49.490553+00:00
345,39.456153869628906,21.99999988079071,0.9734796400152845,2026-07-25T12:31:52.562175+00:00
346,30.709218978881836,15.999999642372131,1.0038045600231271,2026-07-25T12:32:02.776930+00:00
398,17.669513702392578,31.999999284744263,0.9469613599503646,2026-07-25T12:32:10.968077+00:00
347,23.428417205810547,15.999999642372131,0.9733461999712745,2026-07-25T12:32:12.778292+00:00
399,26.177499771118164,15.999999642372131,0.9606189199985238,2026-07-25T12:32:21.357187+00:00
400,42.00486373901367,19.999998807907104,0.990798840066418,2026-07-25T12:32:31.916102+00:00
348,35.9880256652832,15.999999642372131,0.9874143000342882,2026-07-25T12:32:34.082359+00:00
401,49.177528381347656,25.999999046325684,0.9484297200106084,2026-07-25T12:32:42.080761+00:00
349,17.71916961669922,17.999999225139618,0.9983028800343164,2026-07-25T12:32:44.282043+00:00
402,22.78955841064453,21.99999988079071,0.9993672999553382,2026-07-25T12:32:52.406734+00:00
350,35.07423400878906,21.99999988079071,1.037090600002557,2026-07-25T12:32:54.825857+00:00
403,29.773252487182617,23.999999463558197,3.3616591800091555,2026-07-25T12:33:02.923261+00:00
351,20.556612014770508,14.000000059604645,1.0350274800293846,2026-07-25T12:33:05.180084+00:00
404,24.925355911254883,17.999999225139618,0.9360417800053256,2026-07-25T12:33:13.251240+00:00
352,26.9537410736084,23.999999463558197,0.9852724799566204,2026-07-25T12:33:15.640292+00:00
353,25.050443649291992,19.999998807907104,3.2908057799795642,2026-07-25T12:33:26.006722+00:00
405,17.560970306396484,19.999998807907104,0.9462489999714307,2026-07-25T12:33:34.608868+00:00
354,45.67939758300781,19.999998807907104,0.9670288200140931,2026-07-25T12:33:36.699143+00:00
406,13.370891571044922,17.999999225139618,0.9824531400226988,2026-07-25T12:33:44.894053+00:00
407,25.645854949951172,17.999999225139618,1.0439681800198741,2026-07-25T12:33:55.401895+00:00
355,65.05217742919922,21.99999988079071,1.01911078003468,2026-07-25T12:33:57.686689+00:00
356,47.23344421386719,19.999998807907104,0.9956378000060796,2026-07-25T12:34:07.772350+00:00
408,15.948774337768555,17.999999225139618,0.9532733599917265,2026-07-25T12:34:16.688530+00:00
357,31.313743591308594,19.999998807907104,0.9795153600134655,2026-07-25T12:34:17.928481+00:00
409,30.431346893310547,19.999998807907104,0.9595427999738604,2026-07-25T12:34:26.882343+00:00
410,20.277568817138672,19.999998807907104,1.1217713200312573,2026-07-25T12:34:37.528337+00:00
358,18.111949920654297,25.999999046325684,1.0979159999988042,2026-07-25T12:34:38.944331+00:00
411,9.099512100219727,11.999999731779099,0.949839980021352,2026-07-25T12:34:47.728213+00:00
359,14.830242156982422,25.999999046325684,0.9891199999401579,2026-07-25T12:34:49.047660+00:00
412,17.106210708618164,17.999999225139618,1.0545381799602183,2026-07-25T12:34:58.472511+00:00
360,19.867382049560547,19.999998807907104,0.9933963199728169,2026-07-25T12:34:59.159761+00:00
413,17.637500762939453,23.999999463558197,0.9611018800205784,2026-07-25T12:35:08.672729+00:00
361,33.581687927246094,19.999998807907104,0.9815537599934033,2026-07-25T12:35:09.241812+00:00
362,13.662622451782227,25.999999046325684,0.9812127799523297,2026-07-25T12:35:19.281260+00:00
363,13.578893661499023,5.999999865889549,1.069451220027986,2026-07-25T12:35:29.297267+00:00
414,22.875598907470703,19.999998807907104,1.0149700799956918,2026-07-25T12:35:29.891392+00:00
415,26.403076171875,19.999998807907104,1.0426561399799539,2026-07-25T12:35:39.851279+00:00
416,20.86142349243164,17.999999225139618,0.9702263600047445,2026-07-25T12:35:50.084886+00:00
364,23.656152725219727,25.999999046325684,0.9849488799954996,2026-07-25T12:35:50.269986+00:00
365,26.777616500854492,21.99999988079071,1.0413236400199821,2026-07-25T12:36:00.337299+00:00
417,14.83862590789795,23.999999463558197,0.954724859984708,2026-07-25T12:36:00.899854+00:00
366,18.018043518066406,17.999999225139618,0.9806052200292471,2026-07-25T12:36:10.316580+00:00
418,16.2033748626709,14.000000059604645,1.056064320000587,2026-07-25T12:36:11.115349+00:00
367,25.402257919311523,23.999999463558197,0.9853906399803236,2026-07-25T12:36:20.583151+00:00
368,15.599621772766113,17.999999225139618,1.083099859970389,2026-07-25T12:36:30.872640+00:00
419,9.403718948364258,17.999999225139618,0.9697308400063775,2026-07-25T12:36:32.392021+00:00
369,37.66312026977539,19.999998807907104,1.0032088600564748,2026-07-25T12:36:52.452908+00:00
420,39.575706481933594,17.999999225139618,1.0473112000181573,2026-07-25T12:36:53.769188+00:00
370,22.09662628173828,21.99999988079071,1.0137554399989313,2026-07-25T12:37:13.360969+00:00
421,32.641971588134766,17.999999225139618,0.975144399999408,2026-07-25T12:37:15.334874+00:00
422,39.337005615234375,21.99999988079071,0.9514015600143466,2026-07-25T12:37:25.616706+00:00
371,23.73809051513672,19.999998807907104,1.0141589200065937,2026-07-25T12:37:34.502201+00:00
372,33.872230529785156,19.999998807907104,1.039616520065465,2026-07-25T12:37:44.641415+00:00
423,43.346954345703125,23.999999463558197,3.2886524999776157,2026-07-25T12:37:46.939696+00:00
373,10.127266883850098,25.999999046325684,0.9976678800012451,2026-07-25T12:38:05.786165+00:00
424,25.481548309326172,14.000000059604645,0.956525919973501,2026-07-25T12:38:08.454351+00:00
374,44.20112228393555,19.999998807907104,0.9771682599966881,2026-07-25T12:38:26.988136+00:00
425,22.281614303588867,17.999999225139618,1.002794240048388,2026-07-25T12:38:29.522215+00:00
375,22.461450576782227,21.99999988079071,1.124230159985018,2026-07-25T12:38:48.455355+00:00
426,18.1691837310791,21.99999988079071,1.0202833600487793,2026-07-25T12:38:51.093673+00:00
376,31.248308181762695,17.999999225139618,1.0179570400214288,2026-07-25T12:39:09.977807+00:00
427,34.8563232421875,17.999999225139618,0.9382556800119346,2026-07-25T12:39:12.382074+00:00
377,33.29802322387695,17.999999225139618,1.0254346799774794,2026-07-25T12:39:31.540846+00:00
428,28.736005783081055,19.999998807907104,0.9683028199651744,2026-07-25T12:39:33.604850+00:00
429,45.55501937866211,19.999998807907104,1.0556642399751581,2026-07-25T12:39:43.929549+00:00
378,29.222461700439453,17.999999225139618,1.1573816399322823,2026-07-25T12:39:52.497362+00:00
430,27.07305908203125,17.999999225139618,1.0474709599657217,2026-07-25T12:39:54.129913+00:00
379,35.06880187988281,21.99999988079071,0.9667361600440927,2026-07-25T12:40:02.914424+00:00
431,34.887516021728516,15.999999642372131,0.9764711200114107,2026-07-25T12:40:04.812293+00:00
380,22.27874183654785,19.999998807907104,1.3498945599712897,2026-07-25T12:40:12.939590+00:00
432,12.502951622009277,23.999999463558197,0.9648081600607838,2026-07-25T12:40:14.986307+00:00
381,43.971397399902344,19.999998807907104,0.997043620009208,2026-07-25T12:40:23.129999+00:00
433,41.474918365478516,17.999999225139618,1.030007299996214,2026-07-25T12:40:25.382912+00:00
382,34.47384262084961,21.99999988079071,0.9682334199897014,2026-07-25T12:40:33.882655+00:00
434,15.577138900756836,29.999998211860657,0.9794423800485673,2026-07-25T12:40:35.689331+00:00
383,18.244356155395508,17.999999225139618,1.1196986000140896,2026-07-25T12:40:44.109919+00:00
384,23.522951126098633,21.99999988079071,1.004823879993637,2026-07-25T12:40:54.361737+00:00
435,16.76811981201172,23.999999463558197,1.0215442000480834,2026-07-25T12:40:57.542084+00:00
436,72.4658203125,19.999998807907104,0.9922926000581357,2026-07-25T12:41:07.625262+00:00
385,30.216459274291992,21.99999988079071,0.9579257800214691,2026-07-25T12:41:15.905114+00:00
386,22.638601303100586,21.99999988079071,1.014617039982113,2026-07-25T12:41:26.091434+00:00
437,17.787574768066406,15.999999642372131,1.2154335800005356,2026-07-25T12:41:29.519355+00:00
387,22.482606887817383,15.999999642372131,1.0712971599423327,2026-07-25T12:41:47.547109+00:00
438,18.33673858642578,21.99999988079071,1.0200264000013703,2026-07-25T12:41:50.773907+00:00
439,17.392127990722656,21.99999988079071,1.0363304799830075,2026-07-25T12:42:01.102029+00:00
388,29.267810821533203,19.999998807907104,1.0038742000324419,2026-07-25T12:42:08.702666+00:00
440,19.733991622924805,23.999999463558197,0.9931223799503641,2026-07-25T12:42:11.381175+00:00
389,31.710432052612305,15.999999642372131,0.9991270399768836,2026-07-25T12:42:19.025345+00:00
441,11.287964820861816,14.000000059604645,0.999153419979848,2026-07-25T12:42:21.575461+00:00
390,21.445289611816406,17.999999225139618,1.067868539976189,2026-07-25T12:42:29.443078+00:00
442,37.16078186035156,21.99999988079071,1.0093534200132126,2026-07-25T12:42:31.777320+00:00
391,26.455869674682617,23.999999463558197,0.9894479800277621,2026-07-25T12:42:39.863910+00:00
392,18.021879196166992,17.999999225139618,1.0025460999895586,2026-07-25T12:42:49.997602+00:00
443,27.0837459564209,15.999999642372131,1.0263832000055118,2026-07-25T12:42:52.905089+00:00
444,9.362894058227539,29.999998211860657,1.0269550999510102,2026-07-25T12:43:02.994928+00:00
393,20.79769515991211,21.99999988079071,1.0453804400458466,2026-07-25T12:43:11.584738+00:00
445,12.620633125305176,19.999998807907104,0.9699924800224835,2026-07-25T12:43:13.314526+00:00
394,16.331829071044922,28.00000011920929,0.9781796600145753,2026-07-25T12:43:21.740282+00:00
395,21.29599380493164,19.999998807907104,1.0284649800451007,2026-07-25T12:43:32.049362+00:00
446,18.81267738342285,21.99999988079071,0.9956914599752055,2026-07-25T12:43:34.466383+00:00
447,10.413891792297363,23.999999463558197,0.9951346800517059,2026-07-25T12:43:44.778367+00:00
396,13.666377067565918,21.99999988079071,1.1540921200503362,2026-07-25T12:43:53.541354+00:00
448,16.27335548400879,21.99999988079071,1.0588604599615792,2026-07-25T12:43:55.199241+00:00
397,16.44273567199707,15.999999642372131,1.0117950800486142,2026-07-25T12:44:03.879228+00:00
398,29.9749813079834,19.999998807907104,1.005228200010606,2026-07-25T12:44:14.336679+00:00
449,10.030595779418945,25.999999046325684,0.9897900199575815,2026-07-25T12:44:16.342652+00:00
450,12.769862174987793,25.999999046325684,0.9510872200189624,2026-07-25T12:44:26.693863+00:00
399,29.20842933654785,17.999999225139618,1.061615620055818,2026-07-25T12:44:35.507128+00:00
451,11.561092376708984,21.99999988079071,0.95990609996079,2026-07-25T12:44:36.926095+00:00
400,16.93708610534668,21.99999988079071,0.9776083799806656,2026-07-25T12:44:45.806797+00:00
452,33.699188232421875,21.99999988079071,0.9793202199944062,2026-07-25T12:44:47.186179+00:00
401,15.18628215789795,21.99999988079071,1.0853399600455305,2026-07-25T12:44:56.073655+00:00
453,13.446952819824219,19.999998807907104,1.046422259969404,2026-07-25T12:44:57.586751+00:00
402,10.189064979553223,19.999998807907104,0.9614258399960818,2026-07-25T12:45:06.283114+00:00
454,32.7791633605957,23.999999463558197,0.9664691000216408,2026-07-25T12:45:07.757693+00:00
403,11.207599639892578,23.999999463558197,1.032679600029951,2026-07-25T12:45:16.485792+00:00
455,78.58869934082031,17.999999225139618,1.0148962200037204,2026-07-25T12:45:18.075854+00:00
404,12.626386642456055,17.999999225139618,1.0081916399940383,2026-07-25T12:45:26.674081+00:00
456,34.73162078857422,19.999998807907104,1.0214147200167645,2026-07-25T12:45:28.340796+00:00
405,17.9885311126709,23.999999463558197,0.9886324800027068,2026-07-25T12:45:36.800337+00:00
406,25.35775375366211,19.999998807907104,1.0009219600033248,2026-07-25T12:45:46.996216+00:00
457,10.587393760681152,7.999999821186066,0.9528001199942082,2026-07-25T12:45:50.137516+00:00
407,25.761903762817383,21.99999988079071,0.9607656800653785,2026-07-25T12:46:08.429672+00:00
458,11.131779670715332,25.999999046325684,1.0087507400021423,2026-07-25T12:46:11.604286+00:00
408,14.696737289428711,15.999999642372131,1.01073666002776,2026-07-25T12:46:29.422210+00:00
459,36.60091018676758,19.999998807907104,0.9523058600461809,2026-07-25T12:46:33.238935+00:00
460,15.585397720336914,21.99999988079071,0.9793051599990577,2026-07-25T12:46:43.654662+00:00
409,21.87914276123047,17.999999225139618,1.0537019799812697,2026-07-25T12:46:50.567657+00:00
461,12.159841537475586,23.999999463558197,0.9547096800088184,2026-07-25T12:46:53.938080+00:00
410,10.9412202835083,15.999999642372131,1.0112766599922907,2026-07-25T12:47:00.709936+00:00
462,13.687514305114746,29.999998211860657,1.0338188400055515,2026-07-25T12:47:04.524692+00:00
411,6.079781532287598,21.99999988079071,0.9620976999576669,2026-07-25T12:47:11.009691+00:00
412,14.005648612976074,25.999999046325684,0.9618786200007889,2026-07-25T12:47:21.286557+00:00
463,17.74744415283203,23.999999463558197,0.995853040003567,2026-07-25T12:47:26.379994+00:00
464,10.807242393493652,25.999999046325684,0.9960985000361688,2026-07-25T12:47:36.701885+00:00
413,9.993424415588379,17.999999225139618,0.9645410800294485,2026-07-25T12:47:42.578148+00:00
465,10.2589750289917,19.999998807907104,0.9953073000360745,2026-07-25T12:47:47.125089+00:00
414,12.50442886352539,21.99999988079071,1.0217218199977651,2026-07-25T12:47:52.819912+00:00
466,7.948471546173096,17.999999225139618,1.0590513199713314,2026-07-25T12:47:57.575257+00:00
415,15.87759017944336,11.999999731779099,1.072842620051233,2026-07-25T12:48:03.093470+00:00
467,7.8846821784973145,19.999998807907104,0.9818593000090914,2026-07-25T12:48:07.996263+00:00
416,12.833232879638672,21.99999988079071,0.9857020799972815,2026-07-25T12:48:13.166692+00:00
468,15.733819961547852,23.999999463558197,1.078537020002841,2026-07-25T12:48:18.288597+00:00
417,12.958756446838379,19.999998807907104,0.9604862400010461,2026-07-25T12:48:23.342861+00:00
469,6.469257354736328,23.999999463558197,1.3210984399484005,2026-07-25T12:48:28.842762+00:00
418,12.926916122436523,15.999999642372131,1.0520618200098397,2026-07-25T12:48:33.498094+00:00
470,8.305034637451172,14.000000059604645,0.9728059599729022,2026-07-25T12:48:39.582862+00:00
419,25.094436645507812,19.999998807907104,0.9626189400296425,2026-07-25T12:48:43.820949+00:00
420,16.717365264892578,19.999998807907104,0.9983087000000523,2026-07-25T12:48:53.979217+00:00
471,16.381044387817383,21.99999988079071,0.9842403599759563,2026-07-25T12:49:01.259267+00:00
472,8.600262641906738,21.99999988079071,0.9544713800278259,2026-07-25T12:49:11.551438+00:00
421,7.3288469314575195,21.99999988079071,0.9714666800573468,2026-07-25T12:49:15.236928+00:00
473,16.838212966918945,17.999999225139618,0.9995465600513853,2026-07-25T12:49:22.704851+00:00
422,16.516555786132812,15.999999642372131,0.9730499600118492,2026-07-25T12:49:25.462724+00:00
474,10.128146171569824,21.99999988079071,0.9993129600479732,2026-07-25T12:49:33.465484+00:00
423,13.965862274169922,28.00000011920929,0.9855633400002262,2026-07-25T12:49:35.590624+00:00
475,11.660235404968262,14.000000059604645,1.015723739983514,2026-07-25T12:49:43.765052+00:00
424,15.072336196899414,21.99999988079071,0.9689192999940133,2026-07-25T12:49:45.682999+00:00
476,11.604447364807129,23.999999463558197,1.0211003400036134,2026-07-25T12:49:54.288991+00:00
425,10.99051284790039,17.999999225139618,1.053739439958008,2026-07-25T12:49:56.041683+00:00
477,34.25210952758789,19.999998807907104,0.9766955400118604,2026-07-25T12:50:04.644637+00:00
426,12.034248352050781,23.999999463558197,0.9863149999728192,2026-07-25T12:50:06.343190+00:00
427,16.327709197998047,25.999999046325684,1.1677243600570364,2026-07-25T12:50:16.493522+00:00
478,9.744952201843262,25.999999046325684,0.9744373199646361,2026-07-25T12:50:25.773566+00:00
479,11.864080429077148,19.999998807907104,1.0949805000564083,2026-07-25T12:50:36.138202+00:00
428,12.402155876159668,19.999998807907104,1.0021316799975466,2026-07-25T12:50:37.612914+00:00
480,14.961274147033691,15.999999642372131,1.0044253399973968,2026-07-25T12:50:46.415994+00:00
429,22.23175048828125,17.999999225139618,1.050033639985486,2026-07-25T12:50:47.802494+00:00
430,21.06513023376465,17.999999225139618,1.0621402799733914,2026-07-25T12:50:58.264081+00:00
481,12.946857452392578,19.999998807907104,0.9754781999799889,2026-07-25T12:51:07.785533+00:00
482,21.510757446289062,17.999999225139618,0.9982465200300795,2026-07-25T12:51:18.176258+00:00
431,17.051145553588867,19.999998807907104,1.0236461400199914,2026-07-25T12:51:19.605628+00:00
432,55.81605529785156,19.999998807907104,1.0099812000407837,2026-07-25T12:51:29.868768+00:00
483,37.262020111083984,19.999998807907104,1.2007682599505642,2026-07-25T12:51:40.334159+00:00
433,27.501962661743164,21.99999988079071,0.9753359400201589,2026-07-25T12:51:51.316480+00:00
484,27.654991149902344,14.000000059604645,0.9799699400173268,2026-07-25T12:52:02.049429+00:00
485,26.751340866088867,17.999999225139618,0.9992563599371352,2026-07-25T12:52:12.291296+00:00
434,10.832549095153809,19.999998807907104,0.9677077399828704,2026-07-25T12:52:12.622933+00:00
486,19.702392578125,21.99999988079071,1.0559899800136918,2026-07-25T12:52:22.631841+00:00
435,18.801651000976562,19.999998807907104,1.0035310999955982,2026-07-25T12:52:22.769006+00:00
436,14.49664306640625,19.999998807907104,0.960097319984925,2026-07-25T12:52:32.939345+00:00
487,31.131776809692383,17.999999225139618,0.9445710200088797,2026-07-25T12:52:43.675746+00:00
488,17.809494018554688,21.99999988079071,1.033778259952669,2026-07-25T12:52:54.120273+00:00
437,16.36809730529785,15.999999642372131,1.064860500046052,2026-07-25T12:52:54.389954+00:00
438,16.037342071533203,17.999999225139618,0.9684402599668829,2026-07-25T12:53:04.862253+00:00
489,11.805059432983398,19.999998807907104,0.9875179199298144,2026-07-25T12:53:15.596831+00:00
439,18.07709503173828,15.999999642372131,0.9750952000467805,2026-07-25T12:53:26.312064+00:00
490,26.580162048339844,9.999999403953552,0.9892450600455049,2026-07-25T12:53:36.848386+00:00
491,11.286055564880371,23.999999463558197,0.9864707400265614,2026-07-25T12:53:47.159096+00:00
440,12.039072036743164,15.999999642372131,1.0052042399911443,2026-07-25T12:53:47.757178+00:00
492,20.062341690063477,15.999999642372131,1.082674319986836,2026-07-25T12:53:57.495524+00:00
441,8.799111366271973,17.999999225139618,0.9870176399999764,2026-07-25T12:53:58.267880+00:00
493,14.307049751281738,21.99999988079071,0.9860112400201615,2026-07-25T12:54:07.877285+00:00
442,22.395830154418945,17.999999225139618,1.0911463599768467,2026-07-25T12:54:08.520791+00:00
494,15.167522430419922,17.999999225139618,0.998059160046978,2026-07-25T12:54:18.226193+00:00
443,19.838071823120117,19.999998807907104,0.9891385999799241,2026-07-25T12:54:18.687530+00:00
495,9.593871116638184,19.999998807907104,0.9764826000173343,2026-07-25T12:54:28.572107+00:00
444,14.716280937194824,23.999999463558197,1.1065495199727593,2026-07-25T12:54:29.352457+00:00
496,17.251413345336914,21.99999988079071,0.9722416799922939,2026-07-25T12:54:38.885289+00:00
445,10.711298942565918,14.000000059604645,1.004736020040582,2026-07-25T12:54:39.802412+00:00
497,9.819648742675781,25.999999046325684,0.9852074999798788,2026-07-25T12:54:49.201413+00:00
446,10.895484924316406,15.999999642372131,0.9666982400085544,2026-07-25T12:54:50.033992+00:00
498,12.406787872314453,21.99999988079071,0.9700301999691874,2026-07-25T12:54:59.564739+00:00
447,51.21151351928711,17.999999225139618,1.0055695600021863,2026-07-25T12:55:00.792033+00:00
499,14.619945526123047,14.000000059604645,1.0224041000037687,2026-07-25T12:55:09.879117+00:00
448,15.82275104522705,21.99999988079071,0.9896657199715264,2026-07-25T12:55:10.997590+00:00
500,16.596532821655273,21.99999988079071,0.9731752600055188,2026-07-25T12:55:20.223405+00:00
449,22.234872817993164,21.99999988079071,0.9838502400089056,2026-07-25T12:55:21.176615+00:00
501,12.554834365844727,19.999998807907104,0.9790179599804105,2026-07-25T12:55:30.609585+00:00
450,15.707357406616211,19.999998807907104,0.9882006800035015,2026-07-25T12:55:32.074546+00:00
502,21.02082061767578,21.99999988079071,0.9391145200061146,2026-07-25T12:55:40.672054+00:00
451,14.374225616455078,23.999999463558197,0.9931111200421584,2026-07-25T12:55:42.177549+00:00
503,18.246009826660156,28.00000011920929,1.0156047200143803,2026-07-25T12:55:50.905955+00:00
452,10.805442810058594,29.999998211860657,0.9461571400606772,2026-07-25T12:55:52.277145+00:00
504,21.318571090698242,19.999998807907104,0.9749269999883836,2026-07-25T12:56:01.323844+00:00
453,12.842809677124023,21.99999988079071,0.9840814199560556,2026-07-25T12:56:02.870152+00:00
505,16.669706344604492,17.999999225139618,1.0047595200012438,2026-07-25T12:56:11.557295+00:00
454,30.29119110107422,19.999998807907104,0.9398223799507832,2026-07-25T12:56:13.030740+00:00
506,43.69004440307617,19.999998807907104,0.9814143800031161,2026-07-25T12:56:21.744886+00:00
455,22.850444793701172,17.999999225139618,0.9610746199905407,2026-07-25T12:56:23.183247+00:00
507,34.19926452636719,23.999999463558197,0.9822955200070284,2026-07-25T12:56:31.971400+00:00
456,14.36248779296875,19.999998807907104,0.9746131399879232,2026-07-25T12:56:33.800163+00:00
508,17.423297882080078,23.999999463558197,1.0164327600068646,2026-07-25T12:56:42.393368+00:00
457,11.076255798339844,21.99999988079071,0.9774883999489248,2026-07-25T12:56:44.719369+00:00
509,12.912132263183594,17.999999225139618,0.9621766000054777,2026-07-25T12:56:52.651413+00:00
458,30.380203247070312,21.99999988079071,1.0772829000052297,2026-07-25T12:56:55.067947+00:00
510,12.868849754333496,25.999999046325684,0.9745376800128724,2026-07-25T12:57:02.957893+00:00
459,15.3660306930542,21.99999988079071,0.9860934400057885,2026-07-25T12:57:05.616401+00:00
511,8.655917167663574,19.999998807907104,0.9675401399726979,2026-07-25T12:57:13.203122+00:00
460,11.725561141967773,21.99999988079071,0.9596186999988277,2026-07-25T12:57:15.712129+00:00
512,29.75312042236328,19.999998807907104,1.0087743400072213,2026-07-25T12:57:23.569734+00:00
461,12.159013748168945,21.99999988079071,0.9439169200049946,2026-07-25T12:57:25.917334+00:00
513,11.651716232299805,19.999998807907104,0.9835807199851843,2026-07-25T12:57:33.942362+00:00
462,26.8199405670166,15.999999642372131,0.9691073199792299,2026-07-25T12:57:36.612782+00:00
463,20.570209503173828,21.99999988079071,0.9933884599740851,2026-07-25T12:57:46.868374+00:00
514,13.975683212280273,19.999998807907104,0.9837805999995909,2026-07-25T12:57:55.293961+00:00
515,11.00430679321289,15.999999642372131,1.0272640000039246,2026-07-25T12:58:05.483337+00:00
464,28.948802947998047,23.999999463558197,0.9980252400418976,2026-07-25T12:58:08.491870+00:00
465,35.6874885559082,11.999999731779099,1.0109039200324332,2026-07-25T12:58:18.666237+00:00
516,38.97425842285156,19.999998807907104,1.0018072999810101,2026-07-25T12:58:26.759144+00:00
517,11.433754920959473,21.99999988079071,1.035740560037084,2026-07-25T12:58:37.098315+00:00
466,12.534463882446289,17.999999225139618,0.9717218999867328,2026-07-25T12:58:40.434228+00:00
467,20.10048484802246,25.999999046325684,0.9851086200069402,2026-07-25T12:58:50.553533+00:00
518,16.52735137939453,19.999998807907104,1.0208475600666134,2026-07-25T12:58:58.905425+00:00
519,26.222352981567383,21.99999988079071,0.9728387599898269,2026-07-25T12:59:09.318443+00:00
468,25.232759475708008,25.999999046325684,1.0389177000615746,2026-07-25T12:59:12.090527+00:00
469,16.838314056396484,19.999998807907104,0.9683099600079004,2026-07-25T12:59:22.467078+00:00
520,10.355966567993164,19.999998807907104,0.9665163799945731,2026-07-25T12:59:30.921278+00:00
521,11.327469825744629,19.999998807907104,1.0279951800475828,2026-07-25T12:59:41.241451+00:00
470,29.670366287231445,17.999999225139618,1.0128260599594796,2026-07-25T12:59:44.248575+00:00
471,28.75223159790039,21.99999988079071,1.213399100015522,2026-07-25T12:59:54.511657+00:00
522,6.685346603393555,15.999999642372131,1.0726404600427486,2026-07-25T13:00:02.964329+00:00
523,7.999156475067139,17.999999225139618,0.988759200045024,2026-07-25T13:00:13.264748+00:00
472,20.913902282714844,23.999999463558197,0.991528499944252,2026-07-25T13:00:16.069786+00:00
473,19.337474822998047,15.999999642372131,1.0168195200094488,2026-07-25T13:00:26.310840+00:00
524,28.113422393798828,19.999998807907104,0.9570636399439536,2026-07-25T13:00:34.831463+00:00
525,28.810678482055664,19.999998807907104,1.0290902399719926,2026-07-25T13:00:45.402499+00:00
474,13.816551208496094,15.999999642372131,1.0104987400700338,2026-07-25T13:00:47.572905+00:00
526,27.8124942779541,19.999998807907104,1.0304232400085311,2026-07-25T13:00:55.944719+00:00
475,12.806757926940918,21.99999988079071,1.0507440199580742,2026-07-25T13:00:58.352577+00:00
527,26.29684066772461,19.999998807907104,1.0238528800255153,2026-07-25T13:01:06.279389+00:00
476,16.466388702392578,19.999998807907104,0.9600875199976144,2026-07-25T13:01:08.657011+00:00
477,19.43389129638672,21.99999988079071,1.0116089200164424,2026-07-25T13:01:18.795485+00:00
528,15.588489532470703,17.999999225139618,1.0437538199767005,2026-07-25T13:01:27.772942+00:00
478,12.160417556762695,17.999999225139618,0.966749159997562,2026-07-25T13:01:40.570198+00:00
529,20.16925048828125,17.999999225139618,1.0298718199919676,2026-07-25T13:01:49.559819+00:00
530,14.368863105773926,19.999998807907104,1.0444409000047017,2026-07-25T13:02:00.137758+00:00
479,26.812673568725586,19.999998807907104,0.9996604799380293,2026-07-25T13:02:03.062681+00:00
531,9.504220962524414,19.999998807907104,0.993515779991867,2026-07-25T13:02:10.561432+00:00
480,27.2949161529541,14.000000059604645,1.007057699971483,2026-07-25T13:02:13.387446+00:00
481,20.856386184692383,21.99999988079071,0.9780849000526359,2026-07-25T13:02:23.785983+00:00
532,23.565908432006836,23.999999463558197,0.9781066599680343,2026-07-25T13:02:32.870727+00:00
533,7.349007606506348,21.99999988079071,0.9607643199706217,2026-07-25T13:02:43.189894+00:00
482,19.946657180786133,19.999998807907104,1.3101320799614768,2026-07-25T13:02:45.126219+00:00
534,14.110308647155762,14.000000059604645,0.9780135399341816,2026-07-25T13:02:53.368924+00:00
483,12.793251037597656,23.999999463558197,1.0502956599520985,2026-07-25T13:02:55.609272+00:00
484,24.75945281982422,21.99999988079071,1.0465193200070644,2026-07-25T13:03:06.120313+00:00
535,10.45135498046875,21.99999988079071,0.9738453199679498,2026-07-25T13:03:14.574725+00:00
536,26.647872924804688,23.999999463558197,1.0086142599902814,2026-07-25T13:03:24.750458+00:00
485,13.863420486450195,19.999998807907104,1.139973059980548,2026-07-25T13:03:27.229029+00:00
537,18.047893524169922,15.999999642372131,0.9657866999623366,2026-07-25T13:03:35.178073+00:00
486,22.773122787475586,17.999999225139618,1.0574794800049858,2026-07-25T13:03:37.509852+00:00
538,6.864652633666992,21.99999988079071,1.047814319972531,2026-07-25T13:03:45.525191+00:00
487,8.343585968017578,15.999999642372131,1.0112374000163982,2026-07-25T13:03:47.706404+00:00
488,11.102899551391602,14.000000059604645,0.9954679600195958,2026-07-25T13:03:57.964253+00:00
539,10.460631370544434,21.99999988079071,0.9674335599993356,2026-07-25T13:04:06.912632+00:00
489,12.968182563781738,17.999999225139618,1.0229363999678753,2026-07-25T13:04:19.107597+00:00
540,17.87015151977539,17.999999225139618,1.0874410999531392,2026-07-25T13:04:28.311149+00:00
541,13.70446491241455,17.999999225139618,0.9974193200469018,2026-07-25T13:04:38.572518+00:00
490,10.932565689086914,23.999999463558197,1.038827800002764,2026-07-25T13:04:40.621983+00:00
542,7.215864658355713,21.99999988079071,0.9770785600267118,2026-07-25T13:04:48.838294+00:00
491,12.485481262207031,14.000000059604645,1.0057507600140525,2026-07-25T13:04:50.934799+00:00
543,25.8377685546875,19.999998807907104,1.0999202800303465,2026-07-25T13:04:59.359567+00:00
492,36.2098274230957,19.999998807907104,1.0812192000594223,2026-07-25T13:05:01.581341+00:00
493,17.94966697692871,15.999999642372131,1.0204537800018443,2026-07-25T13:05:11.798590+00:00
544,15.241850852966309,19.999998807907104,0.9782912200171268,2026-07-25T13:05:20.745128+00:00
545,10.963600158691406,19.999998807907104,1.003975160056143,2026-07-25T13:05:31.214080+00:00
494,28.468128204345703,19.999998807907104,1.0157831400283612,2026-07-25T13:05:33.148672+00:00
495,7.073068141937256,19.999998807907104,1.0094601799937664,2026-07-25T13:05:43.340756+00:00
546,7.58183479309082,19.999998807907104,0.9928540799592155,2026-07-25T13:05:52.708196+00:00
496,35.766845703125,21.99999988079071,0.991401279970887,2026-07-25T13:06:04.828185+00:00
547,6.389531135559082,25.999999046325684,1.0597579800378298,2026-07-25T13:06:14.510924+00:00
548,34.03228759765625,21.99999988079071,0.9921224800200434,2026-07-25T13:06:24.785961+00:00
497,18.79034423828125,14.000000059604645,0.9873932000482456,2026-07-25T13:06:26.086742+00:00
498,16.095504760742188,19.999998807907104,0.9990973800449866,2026-07-25T13:06:36.745547+00:00
549,17.623973846435547,17.999999225139618,0.9895823399710935,2026-07-25T13:06:46.728474+00:00
499,19.32642364501953,21.99999988079071,3.391613419953501,2026-07-25T13:06:58.227832+00:00
550,17.957948684692383,17.999999225139618,0.9987710799759953,2026-07-25T13:07:08.411712+00:00
551,7.148537635803223,19.999998807907104,0.9763734599982854,2026-07-25T13:07:18.623565+00:00
500,15.319549560546875,23.999999463558197,0.980926880001789,2026-07-25T13:07:19.346447+00:00
552,8.699358940124512,21.99999988079071,1.0154720200080192,2026-07-25T13:07:28.991589+00:00
501,11.393871307373047,21.99999988079071,1.0488055399764562,2026-07-25T13:07:29.436765+00:00
553,28.324413299560547,21.99999988079071,0.9977685199555708,2026-07-25T13:07:39.347429+00:00
502,13.57724380493164,19.999998807907104,0.9533554600056959,2026-07-25T13:07:39.646387+00:00
503,20.669572830200195,19.999998807907104,0.9786654599884059,2026-07-25T13:07:49.894691+00:00
554,13.136261940002441,21.99999988079071,1.0149756399914622,2026-07-25T13:08:01.080868+00:00
504,23.203157424926758,23.999999463558197,1.457551319981576,2026-07-25T13:08:11.369664+00:00
555,44.945613861083984,19.999998807907104,1.0364507399935974,2026-07-25T13:08:11.453926+00:00
505,11.89154052734375,17.999999225139618,1.0760213000321528,2026-07-25T13:08:21.592304+00:00
556,22.617961883544922,19.999998807907104,1.0206140800437424,2026-07-25T13:08:21.843271+00:00
506,8.820012092590332,15.999999642372131,1.0792876400228124,2026-07-25T13:08:31.856260+00:00
557,13.505698204040527,14.000000059604645,1.0111727999901632,2026-07-25T13:08:32.292121+00:00
507,15.013128280639648,21.99999988079071,0.9948873000394087,2026-07-25T13:08:41.999554+00:00
558,22.419082641601562,21.99999988079071,1.0051426800055197,2026-07-25T13:08:42.480730+00:00
508,24.679391860961914,17.999999225139618,0.9846999199362471,2026-07-25T13:08:52.349856+00:00
559,42.24687194824219,19.999998807907104,1.142300459978287,2026-07-25T13:08:52.903368+00:00
509,14.636621475219727,19.999998807907104,1.1157583000021987,2026-07-25T13:09:03.181471+00:00
560,10.714056015014648,21.99999988079071,0.9599577799963299,2026-07-25T13:09:15.411884+00:00
510,12.912841796875,14.000000059604645,1.0363626400067005,2026-07-25T13:09:25.237627+00:00
561,16.525312423706055,21.99999988079071,0.9769927599700167,2026-07-25T13:09:26.122190+00:00
511,6.511425018310547,15.999999642372131,1.0697803200309863,2026-07-25T13:09:36.488142+00:00
562,15.511990547180176,19.999998807907104,0.9981980599695817,2026-07-25T13:09:36.894515+00:00
512,8.254323959350586,19.999998807907104,1.1236602999997558,2026-07-25T13:09:46.907106+00:00
563,37.810672760009766,19.999998807907104,1.1562297400087118,2026-07-25T13:09:47.589182+00:00
513,11.752206802368164,23.999999463558197,1.008025519986404,2026-07-25T13:09:57.750307+00:00
564,14.131583213806152,19.999998807907104,1.0312985999917146,2026-07-25T13:09:58.335834+00:00
514,29.20523452758789,21.99999988079071,0.9999824599799466,2026-07-25T13:10:08.359597+00:00
565,29.944379806518555,17.999999225139618,1.011382840006263,2026-07-25T13:10:20.432879+00:00
515,30.846904754638672,19.999998807907104,1.0695119600131875,2026-07-25T13:10:30.528191+00:00
566,8.303962707519531,23.999999463558197,1.108130459979293,2026-07-25T13:10:31.110413+00:00
516,17.9327449798584,19.999998807907104,1.0379868000018178,2026-07-25T13:10:41.379943+00:00
567,29.961450576782227,19.999998807907104,1.1447178799426183,2026-07-25T13:10:53.048150+00:00
517,8.212669372558594,15.999999642372131,0.9955005400115624,2026-07-25T13:11:03.332531+00:00
568,7.8011474609375,17.999999225139618,1.0096502199303359,2026-07-25T13:11:15.023534+00:00
518,10.401910781860352,17.999999225139618,1.5043002799939131,2026-07-25T13:11:25.620606+00:00
569,9.777239799499512,21.99999988079071,0.9849157799908426,2026-07-25T13:11:25.774510+00:00
519,15.142505645751953,19.999998807907104,1.0409278199949767,2026-07-25T13:11:36.162811+00:00
570,20.064695358276367,17.999999225139618,1.0238381800445495,2026-07-25T13:11:36.734896+00:00
520,46.25716781616211,17.999999225139618,1.1551283200242324,2026-07-25T13:11:46.514950+00:00
571,34.69359588623047,19.999998807907104,1.0431752399745164,2026-07-25T13:11:46.999808+00:00
521,12.687407493591309,17.999999225139618,1.0847732399997767,2026-07-25T13:11:56.838791+00:00
572,6.376340866088867,23.999999463558197,1.0476290000224253,2026-07-25T13:11:57.337481+00:00
522,16.293373107910156,15.999999642372131,0.9765193200291833,2026-07-25T13:12:07.182593+00:00
573,16.719636917114258,19.999998807907104,0.9997914000268794,2026-07-25T13:12:18.697069+00:00
523,7.418356895446777,15.999999642372131,1.130832900016685,2026-07-25T13:12:28.331392+00:00
574,16.17008399963379,19.999998807907104,1.0143079399858834,2026-07-25T13:12:28.972974+00:00
524,14.902573585510254,21.99999988079071,0.9861882800032618,2026-07-25T13:12:38.903410+00:00
575,13.4845609664917,17.999999225139618,0.9613240000180667,2026-07-25T13:12:39.294569+00:00
525,19.495641708374023,14.000000059604645,0.9834814599889796,2026-07-25T13:12:49.143673+00:00
576,12.071625709533691,17.999999225139618,1.019048739981372,2026-07-25T13:12:49.713067+00:00
526,15.187491416931152,7.999999821186066,0.9740779399726307,2026-07-25T13:12:59.824680+00:00
577,11.718327522277832,15.999999642372131,1.0499938800057862,2026-07-25T13:13:11.424008+00:00
527,13.756982803344727,15.999999642372131,0.9536338000179967,2026-07-25T13:13:20.789454+00:00
578,25.452587127685547,19.999998807907104,0.9576809999998659,2026-07-25T13:13:21.751573+00:00
528,25.366069793701172,19.999998807907104,1.021957119955914,2026-07-25T13:13:30.921632+00:00
579,51.329376220703125,19.999998807907104,0.9947969199856743,2026-07-25T13:13:32.260093+00:00
529,13.356938362121582,17.999999225139618,0.9562388799531618,2026-07-25T13:13:41.224531+00:00
580,14.021953582763672,17.999999225139618,3.434092240058817,2026-07-25T13:13:53.617895+00:00
530,18.65558624267578,17.999999225139618,1.005550600020797,2026-07-25T13:14:02.241571+00:00
581,17.448915481567383,23.999999463558197,1.0216209400095977,2026-07-25T13:14:04.305119+00:00
531,14.26870346069336,19.999998807907104,1.0351378600171302,2026-07-25T13:14:12.511411+00:00
582,10.670371055603027,19.999998807907104,1.0586314799729735,2026-07-25T13:14:14.768702+00:00
532,9.127756118774414,15.999999642372131,0.9592837400123244,2026-07-25T13:14:22.736323+00:00
583,52.55194854736328,19.999998807907104,0.962544819994946,2026-07-25T13:14:25.082179+00:00
533,12.656566619873047,17.999999225139618,1.0215305799647467,2026-07-25T13:14:33.650234+00:00
584,13.045733451843262,21.99999988079071,0.9517973000038182,2026-07-25T13:14:46.433357+00:00
534,21.302631378173828,19.999998807907104,1.0767947999556782,2026-07-25T13:14:55.294164+00:00
585,11.020535469055176,17.999999225139618,0.998491859936621,2026-07-25T13:14:56.992729+00:00
535,13.80711555480957,19.999998807907104,0.9868277800705982,2026-07-25T13:15:05.768583+00:00
586,10.067911148071289,19.999998807907104,1.0164526600419777,2026-07-25T13:15:07.365173+00:00
536,9.091172218322754,21.99999988079071,0.9986493599717504,2026-07-25T13:15:15.895724+00:00
587,7.137388706207275,21.99999988079071,0.9965607000049204,2026-07-25T13:15:17.607126+00:00
537,9.251063346862793,17.999999225139618,1.0054864000267116,2026-07-25T13:15:26.087318+00:00
588,6.61820125579834,19.999998807907104,0.9847087199887027,2026-07-25T13:15:27.980965+00:00
538,8.161996841430664,23.999999463558197,0.9838583799864865,2026-07-25T13:15:36.965127+00:00
589,13.623377799987793,23.999999463558197,0.9875904599903151,2026-07-25T13:15:38.280429+00:00
539,11.587721824645996,17.999999225139618,1.0082866399898194,2026-07-25T13:15:47.110311+00:00
590,11.155817031860352,15.999999642372131,0.9964361200400161,2026-07-25T13:15:59.989001+00:00
540,19.626819610595703,19.999998807907104,1.0151783400215209,2026-07-25T13:16:09.193230+00:00
591,12.896025657653809,21.99999988079071,0.9643947400036268,2026-07-25T13:16:21.439256+00:00
541,28.53213119506836,17.999999225139618,1.0247006000281544,2026-07-25T13:16:30.736990+00:00
592,9.424695014953613,15.999999642372131,1.0497541000222554,2026-07-25T13:16:31.784011+00:00
542,43.250606536865234,19.999998807907104,0.9992025799874682,2026-07-25T13:16:41.262833+00:00
593,22.433927536010742,23.999999463558197,1.0337454399996204,2026-07-25T13:16:42.512968+00:00
543,41.82143020629883,15.999999642372131,1.1291832999995677,2026-07-25T13:16:52.075915+00:00
594,14.800912857055664,15.999999642372131,1.0017854799662018,2026-07-25T13:16:52.870063+00:00
544,13.114021301269531,28.00000011920929,1.0945941200043308,2026-07-25T13:17:02.386516+00:00
595,6.380730152130127,23.999999463558197,1.0327008800231852,2026-07-25T13:17:03.297620+00:00
545,12.104535102844238,15.999999642372131,1.009197499952279,2026-07-25T13:17:12.706634+00:00
596,39.38825988769531,17.999999225139618,0.9616567199554993,2026-07-25T13:17:13.653320+00:00
546,25.121835708618164,21.99999988079071,0.9842839600605656,2026-07-25T13:17:22.959281+00:00
597,11.869115829467773,23.999999463558197,1.0237161799886962,2026-07-25T13:17:23.935170+00:00
547,34.92313003540039,19.999998807907104,0.9773380600381643,2026-07-25T13:17:33.159682+00:00
598,5.149166107177734,25.999999046325684,0.9909138199873269,2026-07-25T13:17:34.406006+00:00
548,10.321281433105469,19.999998807907104,0.9921225000289269,2026-07-25T13:17:44.014273+00:00
599,16.514537811279297,23.999999463558197,0.9977191800135189,2026-07-25T13:17:45.184758+00:00
549,10.711665153503418,21.99999988079071,1.4094831400143448,2026-07-25T13:17:54.583607+00:00
600,16.42894744873047,21.99999988079071,0.9721561799960909,2026-07-25T13:18:07.718559+00:00
550,6.527932167053223,17.999999225139618,1.0720181000215234,2026-07-25T13:18:16.518052+00:00
601,13.464632987976074,21.99999988079071,1.1402608000207692,2026-07-25T13:18:18.273039+00:00
551,7.863120079040527,19.999998807907104,1.2404736600001343,2026-07-25T13:18:27.090074+00:00
602,7.702419281005859,17.999999225139618,0.9988612199958881,2026-07-25T13:18:40.401241+00:00
552,9.212911605834961,29.999998211860657,0.9800094200181776,2026-07-25T13:18:50.000079+00:00
603,29.5186824798584,19.999998807907104,1.0202165199734736,2026-07-25T13:18:51.307019+00:00
553,6.210813045501709,19.999998807907104,1.0601133399904938,2026-07-25T13:19:00.885825+00:00
604,39.681861877441406,17.999999225139618,1.0327135600527981,2026-07-25T13:19:02.151973+00:00
554,14.29738998413086,15.999999642372131,1.3320550999924308,2026-07-25T13:19:11.879485+00:00
605,23.329429626464844,19.999998807907104,1.0317600200505694,2026-07-25T13:19:24.854759+00:00
555,7.404024600982666,23.999999463558197,1.0203967599954922,2026-07-25T13:19:34.129087+00:00
606,31.417821884155273,17.999999225139618,1.105265100050019,2026-07-25T13:19:47.996596+00:00
556,9.241097450256348,19.999998807907104,1.1174852200201713,2026-07-25T13:19:56.613016+00:00
607,5.977469444274902,28.00000011920929,0.9995851600251627,2026-07-25T13:20:10.343391+00:00
557,10.800644874572754,19.999998807907104,0.9869146400160388,2026-07-25T13:20:18.660227+00:00
608,22.68551254272461,19.999998807907104,1.0449814200546825,2026-07-25T13:20:32.179639+00:00
558,10.305017471313477,19.999998807907104,0.9759256799588911,2026-07-25T13:20:40.166382+00:00
609,17.18768310546875,25.999999046325684,0.9849132999806899,2026-07-25T13:20:42.398042+00:00
559,11.953271865844727,21.99999988079071,1.012727619963698,2026-07-25T13:20:50.630069+00:00
610,6.507232189178467,19.999998807907104,0.9866021399648163,2026-07-25T13:20:52.672830+00:00
560,3.8228869438171387,23.999999463558197,0.9643344199866988,2026-07-25T13:21:01.020253+00:00
611,36.831417083740234,19.999998807907104,1.0421074199985014,2026-07-25T13:21:14.215848+00:00
561,6.973677158355713,28.00000011920929,1.0303217600448988,2026-07-25T13:21:22.528012+00:00
612,10.430839538574219,23.999999463558197,1.011678619979648,2026-07-25T13:21:24.747294+00:00
562,16.902137756347656,17.999999225139618,1.008444680046523,2026-07-25T13:21:32.955185+00:00
613,12.660246849060059,19.999998807907104,0.982133799989242,2026-07-25T13:21:35.041256+00:00
563,4.6002516746521,21.99999988079071,1.017715020061587,2026-07-25T13:21:43.390416+00:00
614,19.831369400024414,17.999999225139618,1.1060212000302272,2026-07-25T13:21:45.496524+00:00
564,5.551196098327637,21.99999988079071,0.9559193399763899,2026-07-25T13:21:53.790183+00:00
615,28.437753677368164,19.999998807907104,1.0185902599914698,2026-07-25T13:21:55.930185+00:00
565,14.124228477478027,25.999999046325684,0.9989464600221253,2026-07-25T13:22:04.242074+00:00
616,6.627513885498047,17.999999225139618,1.0754562800138956,2026-07-25T13:22:06.516123+00:00
566,11.72582721710205,19.999998807907104,0.997716140045668,2026-07-25T13:22:14.577793+00:00
617,11.279672622680664,21.99999988079071,1.0794620800152188,2026-07-25T13:22:27.979586+00:00
567,10.641582489013672,14.000000059604645,0.9971440600202186,2026-07-25T13:22:36.349241+00:00
618,24.58147621154785,17.999999225139618,0.9943408599792747,2026-07-25T13:22:49.525126+00:00
568,4.4558329582214355,21.99999988079071,0.9698506000131601,2026-07-25T13:22:57.679396+00:00
619,22.426677703857422,21.99999988079071,0.9688051599368919,2026-07-25T13:23:11.429315+00:00
569,3.9391772747039795,21.99999988079071,0.9892341600061627,2026-07-25T13:23:19.528252+00:00
620,12.804571151733398,17.999999225139618,1.0472099999606144,2026-07-25T13:23:21.744751+00:00
570,5.324133396148682,15.999999642372131,1.1053540199645795,2026-07-25T13:23:29.770657+00:00
621,21.249340057373047,19.999998807907104,1.021646579974913,2026-07-25T13:23:32.282884+00:00
571,17.360637664794922,19.999998807907104,1.01361763998284,2026-07-25T13:23:40.329030+00:00
622,10.574658393859863,25.999999046325684,1.0105152200412704,2026-07-25T13:23:53.675461+00:00
572,19.137426376342773,17.999999225139618,1.0795658600545721,2026-07-25T13:24:01.513846+00:00
623,21.236467361450195,19.999998807907104,0.9967759799474152,2026-07-25T13:24:04.127543+00:00
573,12.707355499267578,17.999999225139618,0.9808448200055865,2026-07-25T13:24:11.908658+00:00
624,12.750905990600586,17.999999225139618,1.0014090599725023,2026-07-25T13:24:14.376261+00:00
574,4.5567145347595215,21.99999988079071,0.9789586600527399,2026-07-25T13:24:22.223571+00:00
625,13.216565132141113,1.9999999552965164,0.9737922600470483,2026-07-25T13:24:24.762348+00:00
575,4.613401889801025,21.99999988079071,1.043292719987221,2026-07-25T13:24:32.528242+00:00
626,17.118772506713867,21.99999988079071,0.9331061000557384,2026-07-25T13:24:35.062910+00:00
576,11.664175033569336,15.999999642372131,0.9786390799854415,2026-07-25T13:24:43.037737+00:00
627,10.532249450683594,21.99999988079071,0.996584120002808,2026-07-25T13:24:45.558232+00:00
577,10.53322982788086,15.999999642372131,1.029826019948814,2026-07-25T13:24:53.457723+00:00
628,11.101886749267578,14.000000059604645,1.0546785599581199,2026-07-25T13:24:55.857232+00:00
578,5.237810134887695,19.999998807907104,1.0572181400493719,2026-07-25T13:25:03.881912+00:00
629,16.684358596801758,17.999999225139618,1.036377599957632,2026-07-25T13:25:06.221449+00:00
579,31.317523956298828,19.999998807907104,1.0111931600113166,2026-07-25T13:25:14.399015+00:00
630,7.301263809204102,19.999998807907104,3.3350593999784905,2026-07-25T13:25:16.774852+00:00
580,8.34097671508789,21.99999988079071,3.402067979986896,2026-07-25T13:25:24.951727+00:00
631,19.090707778930664,19.999998807907104,1.0596876600175165,2026-07-25T13:25:27.144847+00:00
581,7.561158657073975,23.999999463558197,0.9839107000152579,2026-07-25T13:25:35.416091+00:00
632,10.5540132522583,23.999999463558197,1.0248066599888261,2026-07-25T13:25:48.573569+00:00
582,10.505980491638184,19.999998807907104,1.0712265799520537,2026-07-25T13:25:57.014952+00:00
633,20.100173950195312,19.999998807907104,0.9734588999708649,2026-07-25T13:25:58.951277+00:00
583,11.146529197692871,19.999998807907104,0.9804492200055391,2026-07-25T13:26:07.408524+00:00
634,18.918920516967773,19.999998807907104,1.0187630399741465,2026-07-25T13:26:09.384219+00:00
584,7.650113582611084,19.999998807907104,1.0802539400174282,2026-07-25T13:26:17.937336+00:00
635,13.101512908935547,19.999998807907104,1.0735291399760172,2026-07-25T13:26:31.116905+00:00
585,21.96585464477539,19.999998807907104,1.1267322600178886,2026-07-25T13:26:39.857675+00:00
636,2.776841402053833,25.999999046325684,1.0910195599717554,2026-07-25T13:26:41.785286+00:00
586,8.885910987854004,19.999998807907104,1.0898914599965792,2026-07-25T13:26:50.513383+00:00
637,12.953161239624023,21.99999988079071,0.9765462199720787,2026-07-25T13:26:52.306205+00:00
587,4.873166084289551,19.999998807907104,0.9984411399636883,2026-07-25T13:27:01.034936+00:00
638,14.8591947555542,21.99999988079071,0.9686456199415261,2026-07-25T13:27:03.060414+00:00
588,5.254673480987549,21.99999988079071,0.9983269600343193,2026-07-25T13:27:11.403307+00:00
639,7.444258213043213,29.999998211860657,0.9495381400483893,2026-07-25T13:27:24.750240+00:00
589,4.149712085723877,15.999999642372131,1.017884460015921,2026-07-25T13:27:32.861671+00:00
640,20.422630310058594,17.999999225139618,0.992038379990845,2026-07-25T13:27:46.631045+00:00
590,7.723601818084717,19.999998807907104,1.0497378000582103,2026-07-25T13:27:54.301811+00:00
641,11.975729942321777,15.999999642372131,0.9900962399842683,2026-07-25T13:28:08.617794+00:00
591,8.660157203674316,17.999999225139618,0.999919059977401,2026-07-25T13:28:15.921792+00:00
642,11.63026237487793,19.999998807907104,1.0044271800143179,2026-07-25T13:28:19.003270+00:00
592,14.074663162231445,15.999999642372131,0.9805830199911725,2026-07-25T13:28:26.318225+00:00
643,20.629377365112305,19.999998807907104,1.0242846600158373,2026-07-25T13:28:29.340319+00:00
593,7.826477527618408,23.999999463558197,1.0240503599925432,2026-07-25T13:28:37.125717+00:00
644,21.987201690673828,14.000000059604645,1.2337133399705635,2026-07-25T13:28:39.689049+00:00
594,6.617427349090576,21.99999988079071,1.0115773799770977,2026-07-25T13:28:47.385930+00:00
645,25.02315902709961,15.999999642372131,1.0050923199742101,2026-07-25T13:28:50.093152+00:00
595,6.2129807472229,17.999999225139618,1.031388120027259,2026-07-25T13:28:57.773411+00:00
646,20.008420944213867,21.99999988079071,0.9709261199895991,2026-07-25T13:29:00.361224+00:00
596,10.55763053894043,21.99999988079071,1.0372535799979232,2026-07-25T13:29:08.144172+00:00
647,13.517784118652344,19.999998807907104,0.9675811199849704,2026-07-25T13:29:10.660874+00:00
597,4.253462314605713,19.999998807907104,1.0163237799861236,2026-07-25T13:29:18.592631+00:00
648,24.717308044433594,19.999998807907104,0.9856909800146242,2026-07-25T13:29:20.960655+00:00
598,11.602834701538086,21.99999988079071,1.0310267999739153,2026-07-25T13:29:28.943745+00:00
649,13.777484893798828,19.999998807907104,1.0808746200200403,2026-07-25T13:29:31.162056+00:00
599,11.279479026794434,21.99999988079071,0.967121439971379,2026-07-25T13:29:39.204024+00:00
650,20.669513702392578,17.999999225139618,0.9965037000074517,2026-07-25T13:29:52.488607+00:00
600,8.46535873413086,19.999998807907104,0.990012080001179,2026-07-25T13:30:00.453401+00:00
651,9.012106895446777,17.999999225139618,0.9976125200046226,2026-07-25T13:30:02.799566+00:00
601,6.134688854217529,19.999998807907104,1.0262067800067598,2026-07-25T13:30:10.573319+00:00
652,11.928481101989746,19.999998807907104,0.9443210400058888,2026-07-25T13:30:13.057120+00:00
602,14.843059539794922,19.999998807907104,1.004578199936077,2026-07-25T13:30:21.308173+00:00
653,30.28229522705078,19.999998807907104,3.317917239983217,2026-07-25T13:30:23.528028+00:00
603,8.924242973327637,21.99999988079071,1.0089006800262723,2026-07-25T13:30:31.804154+00:00
654,24.546951293945312,21.99999988079071,0.9280826400208753,2026-07-25T13:30:33.732404+00:00
604,8.353775978088379,17.999999225139618,1.0063286599324783,2026-07-25T13:30:41.891950+00:00
655,12.007723808288574,21.99999988079071,1.0156401399581227,2026-07-25T13:30:54.772056+00:00
605,8.536233901977539,17.999999225139618,1.0603827000159072,2026-07-25T13:31:03.273525+00:00
656,30.94208526611328,19.999998807907104,1.0720487600337947,2026-07-25T13:31:16.351445+00:00
606,6.4951982498168945,17.999999225139618,1.0230633000173839,2026-07-25T13:31:24.704318+00:00
657,16.300756454467773,19.999998807907104,1.0171725200052606,2026-07-25T13:31:38.139861+00:00
607,6.258187294006348,19.999998807907104,1.10748514001898,2026-07-25T13:31:46.923722+00:00
658,27.927221298217773,19.999998807907104,1.1115046000486473,2026-07-25T13:31:48.504070+00:00
608,15.768150329589844,19.999998807907104,1.0832969400507864,2026-07-25T13:31:57.774577+00:00
659,14.352869033813477,19.999998807907104,1.0269352999603143,2026-07-25T13:31:58.898255+00:00
609,8.530804634094238,21.99999988079071,1.0172517799946945,2026-07-25T13:32:08.363937+00:00
660,9.120185852050781,25.999999046325684,1.0393116399791325,2026-07-25T13:32:20.687202+00:00
610,5.901628494262695,39.99999761581421,1.045644599944353,2026-07-25T13:32:30.655350+00:00
661,18.05609130859375,21.99999988079071,0.9627382600592682,2026-07-25T13:32:31.020963+00:00
611,21.027788162231445,19.999998807907104,0.9532919200137258,2026-07-25T13:32:40.955675+00:00
662,13.865400314331055,28.00000011920929,0.9823117800260661,2026-07-25T13:32:41.390539+00:00
612,7.357288837432861,21.99999988079071,1.0276299600081984,2026-07-25T13:32:51.247848+00:00
663,18.050256729125977,23.999999463558197,1.0020045199780725,2026-07-25T13:32:51.839888+00:00
613,19.677955627441406,19.999998807907104,1.007570760048111,2026-07-25T13:33:02.088594+00:00
664,10.642512321472168,19.999998807907104,1.01023522001924,2026-07-25T13:33:02.389192+00:00
614,16.358911514282227,9.999999403953552,0.996690540050622,2026-07-25T13:33:12.405695+00:00
665,8.952733993530273,23.999999463558197,0.9542014799808385,2026-07-25T13:33:12.782983+00:00
615,7.874815464019775,19.999998807907104,0.9905127600359264,2026-07-25T13:33:22.616625+00:00
666,9.970050811767578,19.999998807907104,0.9909995000634808,2026-07-25T13:33:34.111625+00:00
667,19.808940887451172,19.999998807907104,1.1472476000199094,2026-07-25T13:33:44.461583+00:00
616,6.0610270500183105,19.999998807907104,0.9880090399383334,2026-07-25T13:33:44.544098+00:00
668,5.879800319671631,21.99999988079071,1.0610401799931424,2026-07-25T13:33:54.804995+00:00
617,11.166926383972168,17.999999225139618,1.0609061000286601,2026-07-25T13:33:55.206649+00:00
669,11.466899871826172,19.999998807907104,1.0037165800167713,2026-07-25T13:34:05.245204+00:00
618,15.659584999084473,21.99999988079071,0.9830719000456156,2026-07-25T13:34:05.643905+00:00
670,17.28711700439453,21.99999988079071,1.0146947400062345,2026-07-25T13:34:15.637332+00:00
619,19.23538589477539,17.999999225139618,0.9559499599708943,2026-07-25T13:34:15.944630+00:00
671,13.952946662902832,19.999998807907104,1.1455005999596324,2026-07-25T13:34:26.167496+00:00
620,8.769621849060059,11.999999731779099,1.0019501399801811,2026-07-25T13:34:26.230959+00:00
672,13.147192001342773,19.999998807907104,1.0042164400510956,2026-07-25T13:34:36.591079+00:00
621,7.478681564331055,21.99999988079071,3.2755858400196303,2026-07-25T13:34:37.242416+00:00
622,7.9305596351623535,21.99999988079071,1.096166360002826,2026-07-25T13:34:47.518842+00:00
673,28.392663955688477,21.99999988079071,1.0050380799657432,2026-07-25T13:34:58.296690+00:00
623,6.729748725891113,21.99999988079071,1.2121588800073368,2026-07-25T13:35:08.812831+00:00
674,17.154434204101562,19.999998807907104,0.9820048000256066,2026-07-25T13:35:08.896703+00:00
624,10.33898639678955,19.999998807907104,1.0256977799872402,2026-07-25T13:35:19.025017+00:00
675,18.444438934326172,19.999998807907104,0.9967322399461408,2026-07-25T13:35:19.457262+00:00
625,6.301433086395264,25.999999046325684,1.0082306399999652,2026-07-25T13:35:29.280569+00:00
676,12.654560089111328,19.999998807907104,1.0139552000327967,2026-07-25T13:35:41.717319+00:00
626,13.363872528076172,19.999998807907104,1.005284259954351,2026-07-25T13:35:50.495655+00:00
677,15.642712593078613,15.999999642372131,0.9621652199712116,2026-07-25T13:35:52.336911+00:00
627,13.117204666137695,28.00000011920929,1.0359729199990397,2026-07-25T13:36:00.838364+00:00
678,21.51846694946289,17.999999225139618,0.9668284199869959,2026-07-25T13:36:02.586647+00:00
628,16.579456329345703,23.999999463558197,1.0330660600448027,2026-07-25T13:36:11.233578+00:00
679,11.568464279174805,15.999999642372131,0.9462848599650897,2026-07-25T13:36:23.730038+00:00
629,13.066821098327637,17.999999225139618,0.9618316799605964,2026-07-25T13:36:32.330422+00:00
680,14.814820289611816,21.99999988079071,1.0995352000463754,2026-07-25T13:36:47.109093+00:00
630,8.969852447509766,19.999998807907104,0.9993531399959467,2026-07-25T13:36:54.448143+00:00
681,23.060565948486328,19.999998807907104,1.0130045400001109,2026-07-25T13:37:09.141144+00:00
631,28.416818618774414,25.999999046325684,0.983780559981824,2026-07-25T13:37:16.147211+00:00
682,22.197538375854492,21.99999988079071,1.0514242600038415,2026-07-25T13:37:31.245603+00:00
632,7.757535934448242,17.999999225139618,0.9876764799992088,2026-07-25T13:37:37.654975+00:00
683,20.261281967163086,17.999999225139618,0.999154679957428,2026-07-25T13:37:52.885211+00:00
633,10.733589172363281,17.999999225139618,1.0014125800080365,2026-07-25T13:37:59.113609+00:00
684,18.547426223754883,17.999999225139618,1.009969739970984,2026-07-25T13:38:14.473200+00:00
634,7.001402378082275,15.999999642372131,1.0149062200071057,2026-07-25T13:38:20.111569+00:00
685,11.65765380859375,17.999999225139618,0.9711786799744004,2026-07-25T13:38:36.131257+00:00
635,9.417271614074707,15.999999642372131,1.102415720015415,2026-07-25T13:38:41.516683+00:00
686,15.173259735107422,19.999998807907104,0.9814743400056614,2026-07-25T13:38:57.707936+00:00
636,3.6714205741882324,25.999999046325684,0.9976906600059009,2026-07-25T13:39:03.030070+00:00
687,13.256060600280762,14.000000059604645,1.0211735800112365,2026-07-25T13:39:08.084570+00:00
637,14.87977409362793,19.999998807907104,0.9629902400047285,2026-07-25T13:39:13.347039+00:00
688,10.200859069824219,19.999998807907104,1.065085820009699,2026-07-25T13:39:29.606913+00:00
638,10.60718059539795,19.999998807907104,1.0372397000173805,2026-07-25T13:39:34.937060+00:00
689,19.319259643554688,17.999999225139618,0.9893906199431513,2026-07-25T13:39:40.236987+00:00
639,8.123045921325684,19.999998807907104,1.0127223000017693,2026-07-25T13:39:45.295169+00:00
690,14.040702819824219,14.000000059604645,0.9941902799619129,2026-07-25T13:40:02.599942+00:00
640,8.330172538757324,17.999999225139618,1.0397802200168371,2026-07-25T13:40:07.039555+00:00
691,11.295676231384277,17.999999225139618,0.966385820065625,2026-07-25T13:40:12.757349+00:00
641,12.00000286102295,19.999998807907104,0.9899341199343324,2026-07-25T13:40:17.286868+00:00
692,13.121672630310059,21.99999988079071,0.9679421200416982,2026-07-25T13:40:34.587777+00:00
642,14.443277359008789,15.999999642372131,1.2394367399974726,2026-07-25T13:40:38.783106+00:00
693,25.363990783691406,19.999998807907104,0.992533300013747,2026-07-25T13:40:45.149297+00:00
643,6.463418006896973,37.99999952316284,1.023631780044525,2026-07-25T13:40:49.063126+00:00
694,24.521493911743164,17.999999225139618,1.031291980034439,2026-07-25T13:40:55.724939+00:00
644,10.045100212097168,17.999999225139618,1.064171260004514,2026-07-25T13:40:59.857467+00:00
695,10.862854957580566,17.999999225139618,1.0344296599942027,2026-07-25T13:41:06.075249+00:00
645,9.814255714416504,17.999999225139618,0.9909072199661751,2026-07-25T13:41:10.029088+00:00
696,23.341650009155273,21.99999988079071,1.033650400058832,2026-07-25T13:41:16.418333+00:00
646,4.398223400115967,14.000000059604645,1.0063076199730858,2026-07-25T13:41:20.324304+00:00
697,9.448349952697754,19.999998807907104,0.9781095599464608,2026-07-25T13:41:26.782995+00:00
647,4.221170425415039,17.999999225139618,1.0745938000036404,2026-07-25T13:41:30.841298+00:00
698,22.665454864501953,19.999998807907104,1.052275880065281,2026-07-25T13:41:48.637683+00:00
648,9.603309631347656,29.999998211860657,0.9904611000092699,2026-07-25T13:41:52.543706+00:00
699,22.7316951751709,21.99999988079071,1.110233959989273,2026-07-25T13:41:59.296823+00:00
649,9.200311660766602,19.999998807907104,1.0529993799718795,2026-07-25T13:42:02.851717+00:00
700,5.312551975250244,21.99999988079071,0.9618351800600067,2026-07-25T13:42:10.067461+00:00
650,12.982929229736328,15.999999642372131,1.0295692199724726,2026-07-25T13:42:13.266073+00:00
701,27.075551986694336,17.999999225139618,0.9569782999460585,2026-07-25T13:42:32.219078+00:00
651,5.554574489593506,14.000000059604645,0.9959803400124657,2026-07-25T13:42:34.753042+00:00
702,9.931407928466797,31.999999284744263,0.9917579000466503,2026-07-25T13:42:42.672139+00:00
652,17.688499450683594,17.999999225139618,1.0704194199934136,2026-07-25T13:42:44.886874+00:00
703,13.740486145019531,17.999999225139618,0.994466999982251,2026-07-25T13:42:53.307966+00:00
653,17.297849655151367,14.000000059604645,1.0376644800271606,2026-07-25T13:42:55.341964+00:00
704,11.078716278076172,19.999998807907104,1.005504060012754,2026-07-25T13:43:04.526924+00:00
654,12.588153839111328,19.999998807907104,1.1020760599785717,2026-07-25T13:43:05.692692+00:00
705,6.701883316040039,25.999999046325684,1.0083967199898325,2026-07-25T13:43:15.753436+00:00
655,11.413569450378418,19.999998807907104,0.9893459799786798,2026-07-25T13:43:16.157928+00:00
706,5.943963527679443,23.999999463558197,1.0297642000659835,2026-07-25T13:43:26.266825+00:00
656,10.976343154907227,19.999998807907104,1.0307751200161874,2026-07-25T13:43:26.550635+00:00
707,19.640342712402344,19.999998807907104,1.5145385399955558,2026-07-25T13:43:36.888013+00:00
657,8.269828796386719,21.99999988079071,1.0607819599681534,2026-07-25T13:43:36.965959+00:00
658,4.533941268920898,19.999998807907104,1.1920522400032496,2026-07-25T13:43:47.351740+00:00
708,22.02507781982422,23.999999463558197,1.1902139200537931,2026-07-25T13:43:47.416936+00:00
709,9.179490089416504,19.999998807907104,1.4978508400236024,2026-07-25T13:43:57.806524+00:00
659,17.834566116333008,21.99999988079071,1.0524101400369545,2026-07-25T13:43:57.871211+00:00
710,20.553247451782227,19.999998807907104,0.9841995400347513,2026-07-25T13:44:19.256690+00:00
660,11.230918884277344,17.999999225139618,0.9852443799900357,2026-07-25T13:44:19.656910+00:00
711,6.94489860534668,21.99999988079071,1.0389651799778221,2026-07-25T13:44:29.477569+00:00
661,7.815910816192627,19.999998807907104,1.25306736001221,2026-07-25T13:44:29.814104+00:00
662,10.349944114685059,17.999999225139618,1.0187075199792162,2026-07-25T13:44:51.083135+00:00
712,14.03624153137207,17.999999225139618,0.950253219998558,2026-07-25T13:44:51.152397+00:00
663,6.403632640838623,19.999998807907104,0.9688180599914631,2026-07-25T13:45:01.197253+00:00
713,12.577563285827637,19.999998807907104,0.9840661400085082,2026-07-25T13:45:01.917468+00:00
664,13.336019515991211,19.999998807907104,0.9674162800365593,2026-07-25T13:45:11.442996+00:00
714,7.471869945526123,17.999999225139618,0.9972152999398533,2026-07-25T13:45:12.242171+00:00
665,16.797273635864258,19.999998807907104,0.9333354599948507,2026-07-25T13:45:21.568240+00:00
715,18.238536834716797,19.999998807907104,0.9869886800152018,2026-07-25T13:45:22.430955+00:00
666,12.7211332321167,19.999998807907104,1.0760330800258089,2026-07-25T13:45:31.873864+00:00
716,16.39519691467285,19.999998807907104,0.9710384799836902,2026-07-25T13:45:32.712591+00:00
667,12.143102645874023,19.999998807907104,1.0361815200303681,2026-07-25T13:45:42.273769+00:00
717,6.932048320770264,19.999998807907104,0.9554698599822586,2026-07-25T13:45:43.011935+00:00
668,7.81041145324707,23.999999463558197,1.0174797399668023,2026-07-25T13:45:52.689128+00:00
718,7.68760871887207,17.999999225139618,1.0736458400060656,2026-07-25T13:45:53.420073+00:00
669,17.213830947875977,17.999999225139618,0.9820747200137703,2026-07-25T13:46:03.318887+00:00
719,18.001073837280273,17.999999225139618,0.9967836799478391,2026-07-25T13:46:03.868247+00:00
670,7.665596961975098,21.99999988079071,0.9914382200076942,2026-07-25T13:46:24.675426+00:00
720,14.491450309753418,19.999998807907104,0.9994972799904644,2026-07-25T13:46:25.432020+00:00
671,13.013031959533691,21.99999988079071,0.9895253399736248,2026-07-25T13:46:34.992225+00:00
721,5.574129104614258,23.999999463558197,1.0437134600215359,2026-07-25T13:46:36.270635+00:00
672,5.984850883483887,17.999999225139618,1.0241141399455955,2026-07-25T13:46:45.600331+00:00
722,5.4234395027160645,19.999998807907104,0.9546342799876584,2026-07-25T13:46:47.404979+00:00
673,9.366376876831055,17.999999225139618,1.0527840600116178,2026-07-25T13:46:56.055377+00:00
723,13.376982688903809,17.999999225139618,1.055357980003464,2026-07-25T13:46:58.000956+00:00
674,12.105524063110352,21.99999988079071,1.004423560007126,2026-07-25T13:47:06.337642+00:00
724,15.813302993774414,17.999999225139618,1.039570860011736,2026-07-25T13:47:08.410579+00:00
675,4.874333381652832,21.99999988079071,1.1358728200139012,2026-07-25T13:47:16.571965+00:00
725,11.957317352294922,17.999999225139618,1.0289601599652087,2026-07-25T13:47:18.880300+00:00
676,21.21772003173828,17.999999225139618,0.9653799000079744,2026-07-25T13:47:26.823016+00:00
726,17.574783325195312,15.999999642372131,1.0909002600237727,2026-07-25T13:47:29.415455+00:00
677,12.959528923034668,23.999999463558197,1.0170528599701356,2026-07-25T13:47:37.189963+00:00
727,10.373725891113281,17.999999225139618,0.9828995400312124,2026-07-25T13:47:40.126714+00:00
678,5.341958045959473,21.99999988079071,1.0289069399732398,2026-07-25T13:47:47.382996+00:00
728,14.31467056274414,17.999999225139618,0.9689216200058581,2026-07-25T13:47:50.549546+00:00
679,6.856957912445068,23.999999463558197,1.0265559199615382,2026-07-25T13:47:57.789647+00:00
729,5.776927471160889,19.999998807907104,1.0439673799555749,2026-07-25T13:48:01.495188+00:00
680,9.636147499084473,17.999999225139618,1.035755419943598,2026-07-25T13:48:08.066752+00:00
730,16.362890243530273,19.999998807907104,0.9771817000000736,2026-07-25T13:48:11.875171+00:00
681,5.380414009094238,19.999998807907104,0.9745592800027225,2026-07-25T13:48:29.299757+00:00
731,3.1227002143859863,23.999999463558197,0.9845250199578004,2026-07-25T13:48:33.890570+00:00
682,13.034331321716309,19.999998807907104,3.4276071400381625,2026-07-25T13:48:39.695189+00:00
732,8.42945671081543,19.999998807907104,1.013865339991753,2026-07-25T13:48:44.186400+00:00
683,6.084542274475098,19.999998807907104,0.9779407599853586,2026-07-25T13:48:50.003178+00:00
733,5.946601390838623,19.999998807907104,1.0424518999934662,2026-07-25T13:48:54.740517+00:00
684,11.790417671203613,19.999998807907104,0.9823197399964555,2026-07-25T13:49:00.390329+00:00
734,9.647592544555664,19.999998807907104,0.9942972200224177,2026-07-25T13:49:05.335218+00:00
685,3.492945671081543,17.999999225139618,1.005384559975937,2026-07-25T13:49:21.587741+00:00
735,9.541119575500488,17.999999225139618,0.995420959952753,2026-07-25T13:49:26.655967+00:00
686,7.564253330230713,21.99999988079071,1.0570853399985936,2026-07-25T13:49:31.707558+00:00
736,18.060314178466797,19.999998807907104,0.9513263600092614,2026-07-25T13:49:36.721395+00:00
687,3.607977867126465,25.999999046325684,0.9970205200079364,2026-07-25T13:49:52.713723+00:00
737,4.856698036193848,15.999999642372131,1.047525920002954,2026-07-25T13:49:58.185984+00:00
688,8.542954444885254,17.999999225139618,0.972847399971215,2026-07-25T13:50:03.207485+00:00
738,21.6285343170166,19.999998807907104,1.0034378799900878,2026-07-25T13:50:08.444679+00:00
689,14.75259017944336,19.999998807907104,0.9960530200623907,2026-07-25T13:50:13.449649+00:00
739,5.309749603271484,17.999999225139618,0.9857801400357858,2026-07-25T13:50:18.770479+00:00
690,4.988574981689453,23.999999463558197,1.0656275400106097,2026-07-25T13:50:23.520851+00:00
740,4.122259140014648,23.999999463558197,1.0903459999826737,2026-07-25T13:50:28.987455+00:00
691,3.1009271144866943,19.999998807907104,0.9754165800404735,2026-07-25T13:50:44.550618+00:00
741,37.79994201660156,15.999999642372131,0.963183999992907,2026-07-25T13:50:50.232767+00:00
692,10.774955749511719,15.999999642372131,1.033204939958523,2026-07-25T13:50:54.736837+00:00
742,9.257574081420898,21.99999988079071,1.0052248199644964,2026-07-25T13:51:00.743135+00:00
693,11.711334228515625,23.999999463558197,1.019679100063513,2026-07-25T13:51:05.130439+00:00
743,5.219900608062744,17.999999225139618,0.9469893999630585,2026-07-25T13:51:11.198257+00:00
694,7.108928680419922,17.999999225139618,0.9912507999979426,2026-07-25T13:51:15.571627+00:00
744,10.080336570739746,17.999999225139618,0.9874095200211742,2026-07-25T13:51:21.534235+00:00
695,9.49542236328125,19.999998807907104,0.9529958600614918,2026-07-25T13:51:25.791254+00:00
745,8.537701606750488,21.99999988079071,1.064038940021419,2026-07-25T13:51:31.920408+00:00
696,4.130071640014648,17.999999225139618,1.0207991599600064,2026-07-25T13:51:47.356879+00:00
746,7.781068801879883,17.999999225139618,1.0421370399853913,2026-07-25T13:51:53.778745+00:00
697,7.225836753845215,19.999998807907104,1.0194281399890315,2026-07-25T13:52:08.800898+00:00
747,4.704787731170654,19.999998807907104,1.2515402599819936,2026-07-25T13:52:15.526083+00:00
698,5.476751804351807,19.999998807907104,1.0083216200291645,2026-07-25T13:52:18.985484+00:00
748,10.527775764465332,19.999998807907104,1.0108530199795496,2026-07-25T13:52:25.928526+00:00
699,6.47109842300415,19.999998807907104,0.9675929399963934,2026-07-25T13:52:40.209542+00:00
749,18.164642333984375,14.000000059604645,0.9309667199704563,2026-07-25T13:52:47.449589+00:00
700,4.543099403381348,17.999999225139618,1.0232656599691836,2026-07-25T13:52:50.496425+00:00
750,9.923381805419922,21.99999988079071,1.035692539953743,2026-07-25T13:52:58.082148+00:00
701,4.630424499511719,19.999998807907104,1.052787160006119,2026-07-25T13:53:00.792122+00:00
751,13.069794654846191,19.999998807907104,1.0088575999543536,2026-07-25T13:53:08.563587+00:00
702,8.4125337600708,25.999999046325684,0.995473500006483,2026-07-25T13:53:11.202722+00:00
752,5.000889778137207,14.000000059604645,1.0252324400062207,2026-07-25T13:53:19.065381+00:00
703,6.371355056762695,15.999999642372131,0.9858713800349505,2026-07-25T13:53:21.587053+00:00
753,5.711902618408203,19.999998807907104,1.1203447000298183,2026-07-25T13:53:29.923447+00:00
704,6.540998458862305,21.99999988079071,1.0038445999816759,2026-07-25T13:53:42.841778+00:00
754,6.151007652282715,21.99999988079071,0.9897247800108745,2026-07-25T13:53:51.342458+00:00
705,11.879539489746094,17.999999225139618,0.9839253399695737,2026-07-25T13:53:53.296796+00:00
755,10.343584060668945,21.99999988079071,1.012004380027065,2026-07-25T13:54:01.862607+00:00
706,7.1014404296875,19.999998807907104,1.0396973600290949,2026-07-25T13:54:03.756862+00:00
756,7.480422496795654,17.999999225139618,1.0161884199624183,2026-07-25T13:54:12.192590+00:00
707,7.719120025634766,21.99999988079071,1.09592592001718,2026-07-25T13:54:14.220600+00:00
757,34.07936477661133,19.999998807907104,1.0040536200540373,2026-07-25T13:54:22.650856+00:00
708,4.9570698738098145,19.999998807907104,1.0810754999693017,2026-07-25T13:54:24.482116+00:00
758,6.113051891326904,19.999998807907104,1.0159537199797342,2026-07-25T13:54:33.506624+00:00
709,5.912621021270752,21.99999988079071,0.9743812200031243,2026-07-25T13:54:34.775245+00:00
759,6.540295600891113,21.99999988079071,1.0133681599836564,2026-07-25T13:54:43.684582+00:00
710,3.2038779258728027,21.99999988079071,0.9969864599406719,2026-07-25T13:54:56.133259+00:00
760,3.897845506668091,19.999998807907104,3.2604149600228993,2026-07-25T13:55:06.009089+00:00
711,6.664196968078613,19.999998807907104,1.0209132799354848,2026-07-25T13:55:06.488943+00:00
761,8.719195365905762,19.999998807907104,0.9706832599476911,2026-07-25T13:55:16.287717+00:00
712,10.042789459228516,19.999998807907104,0.9578455999871949,2026-07-25T13:55:27.771366+00:00
762,26.7969913482666,25.999999046325684,0.9825083799660207,2026-07-25T13:55:38.274057+00:00
713,4.233032703399658,21.99999988079071,0.9557853799924487,2026-07-25T13:55:48.982224+00:00
763,7.7510833740234375,17.999999225139618,0.9762843800126575,2026-07-25T13:55:59.660270+00:00
714,14.558338165283203,21.99999988079071,1.001202320039738,2026-07-25T13:56:10.253579+00:00
715,4.045379161834717,21.99999988079071,3.360965959946043,2026-07-25T13:56:20.663410+00:00
764,34.42204284667969,17.999999225139618,0.9757713199360296,2026-07-25T13:56:21.259209+00:00
765,5.894908428192139,17.999999225139618,1.023881959990831,2026-07-25T13:56:31.580596+00:00
716,3.031017541885376,17.999999225139618,0.9932587599905673,2026-07-25T13:56:42.096080+00:00
717,9.9354887008667,21.99999988079071,1.0329574999923352,2026-07-25T13:56:52.430800+00:00
766,4.231621742248535,19.999998807907104,1.048586079996312,2026-07-25T13:56:53.929536+00:00
767,11.595488548278809,19.999998807907104,3.3609207600238733,2026-07-25T13:57:04.704477+00:00
718,5.117555618286133,19.999998807907104,1.005344340010197,2026-07-25T13:57:13.607742+00:00
768,3.8530967235565186,21.99999988079071,0.9482871199725196,2026-07-25T13:57:25.924820+00:00
719,7.094961166381836,19.999998807907104,1.0021889399649808,2026-07-25T13:57:34.842155+00:00
720,4.333295822143555,19.999998807907104,0.9942684000270674,2026-07-25T13:57:45.261083+00:00
769,6.492227554321289,17.999999225139618,1.0779352799727349,2026-07-25T13:57:47.962405+00:00
721,4.7370100021362305,15.999999642372131,0.9417628200026229,2026-07-25T13:57:55.607884+00:00
770,6.4078288078308105,19.999998807907104,1.0089867599890567,2026-07-25T13:57:58.845946+00:00
771,5.639355659484863,21.99999988079071,1.0029893599858042,2026-07-25T13:58:09.446906+00:00
722,10.357038497924805,17.999999225139618,0.9905920599703676,2026-07-25T13:58:16.952549+00:00
772,29.29134750366211,17.999999225139618,1.055514059989946,2026-07-25T13:58:31.537176+00:00
723,15.416267395019531,21.99999988079071,1.0219206000328995,2026-07-25T13:58:38.598150+00:00
724,3.7526397705078125,19.999998807907104,0.9777877000306036,2026-07-25T13:58:49.012822+00:00
773,5.773082733154297,17.999999225139618,0.9934394400625023,2026-07-25T13:58:53.325902+00:00
774,5.321999549865723,17.999999225139618,0.9989348999806681,2026-07-25T13:59:04.071280+00:00
725,4.4447922706604,17.999999225139618,1.0225035800249316,2026-07-25T13:59:10.578004+00:00
726,4.356501579284668,19.999998807907104,1.0078855200117687,2026-07-25T13:59:20.866404+00:00
775,6.405404090881348,19.999998807907104,0.9964972200396005,2026-07-25T13:59:25.472629+00:00
727,12.982954025268555,19.999998807907104,1.198174340024707,2026-07-25T13:59:31.202557+00:00
776,7.546240329742432,17.999999225139618,0.9787742800108389,2026-07-25T13:59:35.913693+00:00
728,2.9017977714538574,21.99999988079071,1.297891560025164,2026-07-25T13:59:41.625260+00:00
777,3.9922680854797363,23.999999463558197,0.9784275400306797,2026-07-25T13:59:46.365345+00:00
778,4.5888495445251465,23.999999463558197,1.0360673799732467,2026-07-25T13:59:56.660637+00:00
729,9.184374809265137,21.99999988079071,1.0216053999465657,2026-07-25T14:00:03.348615+00:00
730,11.705589294433594,21.99999988079071,1.0008078799728537,2026-07-25T14:00:13.573716+00:00
779,27.528125762939453,17.999999225139618,1.0527658800128847,2026-07-25T14:00:18.392475+00:00
731,10.215593338012695,19.999998807907104,1.0090129200398223,2026-07-25T14:00:23.928212+00:00
780,5.774290561676025,19.999998807907104,1.032236280007055,2026-07-25T14:00:28.719143+00:00
732,4.266969680786133,23.999999463558197,0.9926408599858405,2026-07-25T14:00:34.348043+00:00
781,19.054407119750977,19.999998807907104,1.0247694999998203,2026-07-25T14:00:39.024841+00:00
782,14.613059043884277,19.999998807907104,0.961232299960102,2026-07-25T14:00:49.359434+00:00
733,3.577756881713867,19.999998807907104,1.1013947599712992,2026-07-25T14:00:55.824068+00:00
783,7.486062049865723,19.999998807907104,1.0388114599481924,2026-07-25T14:01:10.822584+00:00
734,33.50387191772461,19.999998807907104,1.0008534799999325,2026-07-25T14:01:17.365244+00:00
784,8.976398468017578,23.999999463558197,1.125378959986847,2026-07-25T14:01:32.426730+00:00
735,9.610269546508789,19.999998807907104,0.9941937399707966,2026-07-25T14:01:39.092444+00:00
785,7.071374416351318,17.999999225139618,0.952555920011946,2026-07-25T14:01:53.991675+00:00
736,4.517099857330322,17.999999225139618,1.10666738000873,2026-07-25T14:02:01.220579+00:00
786,6.784748077392578,17.999999225139618,0.985651559967664,2026-07-25T14:02:15.639814+00:00
737,4.282139301300049,15.999999642372131,1.0531203800201183,2026-07-25T14:02:22.482920+00:00
787,4.732141494750977,21.99999988079071,1.013289500042447,2026-07-25T14:02:37.146575+00:00
738,15.673138618469238,17.999999225139618,1.0081526200519875,2026-07-25T14:02:44.052643+00:00
788,6.807926177978516,19.999998807907104,1.0126411200326402,2026-07-25T14:02:58.833624+00:00
739,7.181887626647949,21.99999988079071,0.9955579600500641,2026-07-25T14:03:05.816929+00:00
740,4.992315769195557,15.999999642372131,0.99463544000173,2026-07-25T14:03:16.228551+00:00
789,10.419328689575195,21.99999988079071,0.9995362399786245,2026-07-25T14:03:20.372557+00:00
741,4.603981971740723,23.999999463558197,1.0706482599925948,2026-07-25T14:03:26.666471+00:00
790,8.508772850036621,17.999999225139618,1.067660960034118,2026-07-25T14:03:30.651696+00:00
742,4.376895427703857,25.999999046325684,0.9789188399736304,2026-07-25T14:03:37.251849+00:00
791,7.959907054901123,23.999999463558197,0.9869877000164707,2026-07-25T14:03:40.971752+00:00
743,11.563013076782227,19.999998807907104,0.9977547200105618,2026-07-25T14:03:47.763702+00:00
792,9.779731750488281,17.999999225139618,3.419549820027896,2026-07-25T14:03:51.456778+00:00
793,16.975479125976562,23.999999463558197,0.9698923399992054,2026-07-25T14:04:01.826070+00:00
744,7.220860481262207,17.999999225139618,1.029141740000341,2026-07-25T14:04:09.300124+00:00
745,11.892114639282227,15.999999642372131,0.983995540009346,2026-07-25T14:04:19.468534+00:00
794,6.811091423034668,19.999998807907104,1.0044039000058547,2026-07-25T14:04:23.229424+00:00
746,7.219766139984131,17.999999225139618,1.1176688799605472,2026-07-25T14:04:30.056667+00:00
795,26.667163848876953,15.999999642372131,1.0460631400201237,2026-07-25T14:04:33.477933+00:00
747,18.033342361450195,19.999998807907104,0.9509574599360349,2026-07-25T14:04:40.598906+00:00
796,6.012396812438965,19.999998807907104,0.9700972199789248,2026-07-25T14:04:43.814003+00:00
748,4.640620708465576,29.999998211860657,1.0080115600430872,2026-07-25T14:04:50.796785+00:00
797,7.753410816192627,19.999998807907104,1.0029437200137181,2026-07-25T14:04:54.025441+00:00
749,8.414655685424805,19.999998807907104,0.9945797800173751,2026-07-25T14:05:01.337379+00:00
798,16.52256965637207,19.999998807907104,0.977039639983559,2026-07-25T14:05:04.307332+00:00
750,10.532478332519531,17.999999225139618,0.9792943800130159,2026-07-25T14:05:11.835212+00:00
799,10.783076286315918,21.99999988079071,1.0072149999905378,2026-07-25T14:05:14.452188+00:00
800,29.66961669921875,19.999998807907104,0.9840869600157021,2026-07-25T14:05:24.882399+00:00
751,6.766073226928711,19.999998807907104,0.9404332999838516,2026-07-25T14:05:33.077434+00:00
752,22.766695022583008,19.999998807907104,1.0087553600169485,2026-07-25T14:05:43.544636+00:00
801,23.26974868774414,21.99999988079071,0.970136719988659,2026-07-25T14:05:46.095893+00:00
753,5.325608730316162,21.99999988079071,1.0475999399932334,2026-07-25T14:05:53.838731+00:00
802,16.413244247436523,19.999998807907104,1.007885159997386,2026-07-25T14:05:56.163020+00:00
803,10.932424545288086,31.999999284744263,0.9802242000296246,2026-07-25T14:06:06.384097+00:00
754,5.757417678833008,15.999999642372131,1.0175953799625859,2026-07-25T14:06:15.174618+00:00
804,30.2846736907959,17.999999225139618,0.9685618599905865,2026-07-25T14:06:27.447590+00:00
755,7.79690408706665,23.999999463558197,1.003482099986286,2026-07-25T14:06:36.401243+00:00
756,9.168620109558105,14.000000059604645,1.005871700035641,2026-07-25T14:06:47.203296+00:00
805,6.147927284240723,23.999999463558197,1.0070957800053293,2026-07-25T14:06:49.184726+00:00
806,4.3374505043029785,17.999999225139618,1.025732699999935,2026-07-25T14:06:59.355278+00:00
757,7.707777500152588,28.00000011920929,1.0816214400256285,2026-07-25T14:07:08.407787+00:00
758,4.716696739196777,17.999999225139618,0.9982068400131539,2026-07-25T14:07:18.547555+00:00
807,3.0493974685668945,19.999998807907104,1.012616980005987,2026-07-25T14:07:20.792825+00:00
759,4.8021039962768555,15.999999642372131,1.0378072199819144,2026-07-25T14:07:28.743237+00:00
808,10.674832344055176,21.99999988079071,1.0223800199310062,2026-07-25T14:07:31.109891+00:00
760,3.9525561332702637,19.999998807907104,1.0321830199973192,2026-07-25T14:07:39.095475+00:00
809,20.094131469726562,21.99999988079071,0.9614024199981941,2026-07-25T14:07:41.367485+00:00
761,5.511401176452637,19.999998807907104,0.9782506999908946,2026-07-25T14:07:49.284655+00:00
810,12.416450500488281,21.99999988079071,0.9474936799961142,2026-07-25T14:07:51.809169+00:00
811,7.260573863983154,19.999998807907104,0.9620854000240797,2026-07-25T14:08:02.456828+00:00
762,4.082791805267334,14.000000059604645,1.0346430199570023,2026-07-25T14:08:10.282606+00:00
763,2.8441600799560547,17.999999225139618,0.9573018999799388,2026-07-25T14:08:20.558587+00:00
812,3.368459463119507,21.99999988079071,0.9749874399858527,2026-07-25T14:08:23.632924+00:00
813,2.7529284954071045,21.99999988079071,0.9486150399607141,2026-07-25T14:08:34.303295+00:00
764,4.113821029663086,14.000000059604645,0.9959738599718548,2026-07-25T14:08:41.460572+00:00
765,6.119203090667725,25.999999046325684,1.0346826999739278,2026-07-25T14:08:51.975886+00:00
814,3.2573306560516357,19.999998807907104,1.0608614400553051,2026-07-25T14:08:55.795091+00:00
815,2.983646869659424,14.000000059604645,0.9916619199793785,2026-07-25T14:09:06.396125+00:00
766,3.3498809337615967,34.00000035762787,0.9661879199848045,2026-07-25T14:09:13.281622+00:00
767,4.765085220336914,17.999999225139618,0.9929184599604924,2026-07-25T14:09:23.244645+00:00
816,2.983295202255249,15.999999642372131,1.0499126800277736,2026-07-25T14:09:27.888485+00:00
768,8.129122734069824,19.999998807907104,0.957189600012498,2026-07-25T14:09:33.442244+00:00
817,3.1506471633911133,17.999999225139618,0.9648980399651919,2026-07-25T14:09:38.788996+00:00
769,4.254636764526367,17.999999225139618,0.9920964800403455,2026-07-25T14:09:43.591068+00:00
818,3.118090867996216,23.999999463558197,0.99347764000413,2026-07-25T14:09:49.130784+00:00
819,16.806591033935547,19.999998807907104,1.0176195399981225,2026-07-25T14:09:59.933887+00:00
770,3.7184479236602783,17.999999225139618,1.0303605599619914,2026-07-25T14:10:04.838617+00:00
771,4.502422332763672,19.999998807907104,0.9712199600471649,2026-07-25T14:10:15.113180+00:00
820,5.511486053466797,19.999998807907104,1.0101944000052754,2026-07-25T14:10:21.318593+00:00
821,3.357372522354126,21.99999988079071,1.0598336400289554,2026-07-25T14:10:31.581446+00:00
772,4.516600608825684,19.999998807907104,1.0011049400054617,2026-07-25T14:10:36.405241+00:00
773,4.2507123947143555,15.999999642372131,0.9864079800172476,2026-07-25T14:10:46.723304+00:00
822,5.482757568359375,19.999998807907104,0.9950911200576229,2026-07-25T14:10:52.952177+00:00
823,9.969510078430176,15.999999642372131,0.9831358399969758,2026-07-25T14:11:03.084561+00:00
774,5.826248645782471,17.999999225139618,0.9839682199526578,2026-07-25T14:11:08.029451+00:00
775,4.152720928192139,15.999999642372131,1.0095646000263514,2026-07-25T14:11:18.552249+00:00
824,16.366744995117188,17.999999225139618,3.4201852799742483,2026-07-25T14:11:24.352892+00:00
825,20.164501190185547,19.999998807907104,0.9686171999783255,2026-07-25T14:11:34.589256+00:00
776,6.169745922088623,21.99999988079071,0.9964518599736039,2026-07-25T14:11:39.872667+00:00
826,2.2055575847625732,23.999999463558197,1.0559454999747686,2026-07-25T14:11:56.224288+00:00
777,11.070634841918945,17.999999225139618,0.9687785799906123,2026-07-25T14:12:01.848738+00:00
778,17.685302734375,19.999998807907104,1.0149571600049967,2026-07-25T14:12:11.888243+00:00
827,2.742994785308838,19.999998807907104,0.9737030600081198,2026-07-25T14:12:17.662668+00:00
779,7.880194187164307,19.999998807907104,0.971089619997656,2026-07-25T14:12:22.073304+00:00
828,2.954158306121826,17.999999225139618,1.049849280025228,2026-07-25T14:12:27.842081+00:00
780,10.037640571594238,21.99999988079071,1.0051380599907134,2026-07-25T14:12:32.305889+00:00
829,6.621004581451416,21.99999988079071,0.9681176400044933,2026-07-25T14:12:38.049700+00:00
781,9.386194229125977,19.999998807907104,0.9857091800222406,2026-07-25T14:12:42.400419+00:00
830,10.569007873535156,17.999999225139618,0.9658907799894223,2026-07-25T14:12:48.241401+00:00
782,7.956056594848633,19.999998807907104,0.9636733800289221,2026-07-25T14:12:52.693965+00:00
831,3.6870920658111572,23.999999463558197,0.9590158399805659,2026-07-25T14:12:58.455800+00:00
783,8.425670623779297,19.999998807907104,0.9855998599960004,2026-07-25T14:13:03.077120+00:00
832,18.841264724731445,21.99999988079071,0.9874597599991829,2026-07-25T14:13:08.523703+00:00
833,4.2570109367370605,23.999999463558197,1.0208255200268468,2026-07-25T14:13:18.777784+00:00
784,4.383913040161133,14.000000059604645,1.0075751400290756,2026-07-25T14:13:24.685798+00:00
785,5.649326801300049,17.999999225139618,0.9691954199661268,2026-07-25T14:13:35.049060+00:00
834,5.057636737823486,15.999999642372131,0.9402407999732532,2026-07-25T14:13:40.627259+00:00
786,3.899529218673706,23.999999463558197,1.0103358999913326,2026-07-25T14:13:45.399254+00:00
835,9.927260398864746,17.999999225139618,0.9831093200045871,2026-07-25T14:13:50.994342+00:00
787,19.946460723876953,19.999998807907104,0.9792423399630934,2026-07-25T14:13:55.773912+00:00
836,4.759252548217773,19.999998807907104,3.3697900400147773,2026-07-25T14:14:01.947065+00:00
837,5.495799541473389,19.999998807907104,1.0042157999851042,2026-07-25T14:14:12.156030+00:00
788,5.233862400054932,25.999999046325684,1.0157465600059368,2026-07-25T14:14:17.118523+00:00
789,5.767055511474609,17.999999225139618,1.0109311000269372,2026-07-25T14:14:27.260427+00:00
838,7.21351432800293,21.99999988079071,0.9900822600320679,2026-07-25T14:14:33.824535+00:00
790,3.3966164588928223,9.999999403953552,0.9971270800451749,2026-07-25T14:14:37.424913+00:00
839,13.462055206298828,21.99999988079071,1.0202788199967472,2026-07-25T14:14:43.997626+00:00
840,10.265219688415527,21.99999988079071,1.302935920029995,2026-07-25T14:14:54.502556+00:00
791,7.0787200927734375,19.999998807907104,1.0650163199898088,2026-07-25T14:14:58.818814+00:00
841,11.537840843200684,15.999999642372131,1.0088066599564627,2026-07-25T14:15:15.845756+00:00
792,10.886200904846191,17.999999225139618,1.0252805599884596,2026-07-25T14:15:20.073738+00:00
842,4.128796577453613,23.999999463558197,1.0034437599824741,2026-07-25T14:15:37.063711+00:00
793,4.208199977874756,15.999999642372131,0.9957796999515267,2026-07-25T14:15:41.038835+00:00
794,11.092768669128418,19.999998807907104,1.044622499975958,2026-07-25T14:15:51.113497+00:00
843,3.4720582962036133,19.999998807907104,0.987729059997946,2026-07-25T14:15:58.376200+00:00
795,27.746240615844727,19.999998807907104,0.9690056199906394,2026-07-25T14:16:01.457598+00:00
844,6.088845252990723,17.999999225139618,0.9931131799385184,2026-07-25T14:16:08.582270+00:00
796,12.842948913574219,23.999999463558197,1.0129087200039066,2026-07-25T14:16:11.849008+00:00
845,5.2201619148254395,17.999999225139618,1.004723619989818,2026-07-25T14:16:18.950375+00:00
797,7.564553260803223,14.000000059604645,0.9669840599963209,2026-07-25T14:16:22.071756+00:00
846,4.210455894470215,19.999998807907104,1.0400349800329423,2026-07-25T14:16:29.244471+00:00
798,6.226363658905029,17.999999225139618,1.0026073200424435,2026-07-25T14:16:32.322279+00:00
847,3.283674955368042,19.999998807907104,1.0879824000585359,2026-07-25T14:16:39.739048+00:00
799,9.20932388305664,15.999999642372131,1.1522045399760827,2026-07-25T14:16:43.207053+00:00
848,11.605978965759277,21.99999988079071,1.0760716200456955,2026-07-25T14:16:50.289855+00:00
849,9.188399314880371,19.999998807907104,0.9973364600591595,2026-07-25T14:17:00.788287+00:00
800,7.6239495277404785,17.999999225139618,1.0238452200428583,2026-07-25T14:17:05.250588+00:00
850,5.6280107498168945,19.999998807907104,1.0371959199983394,2026-07-25T14:17:22.737739+00:00
801,11.73360824584961,23.999999463558197,1.058428619944607,2026-07-25T14:17:27.601551+00:00
802,8.222916603088379,21.99999988079071,1.0942928599979496,2026-07-25T14:17:39.581984+00:00
851,3.248518705368042,17.999999225139618,1.0107236600015312,2026-07-25T14:17:46.137420+00:00
803,5.525291919708252,21.99999988079071,1.0129003199836006,2026-07-25T14:17:50.173022+00:00
852,5.13620138168335,19.999998807907104,1.007260039987159,2026-07-25T14:17:56.681313+00:00
853,5.3531494140625,19.999998807907104,0.9914809199835872,2026-07-25T14:18:07.145007+00:00
804,20.944910049438477,17.999999225139618,1.0070825400180183,2026-07-25T14:18:12.171823+00:00
854,6.529185771942139,23.999999463558197,1.0054516800300917,2026-07-25T14:18:28.811703+00:00
805,7.537924766540527,19.999998807907104,0.9983880000072531,2026-07-25T14:18:34.268358+00:00
806,8.730049133300781,21.99999988079071,1.0752237999986392,2026-07-25T14:18:44.526232+00:00
855,4.906197547912598,21.99999988079071,1.022834459945443,2026-07-25T14:18:50.159199+00:00
807,11.13027572631836,19.999998807907104,1.0489856400090503,2026-07-25T14:18:55.046252+00:00
856,5.457143783569336,15.999999642372131,1.0203914199519204,2026-07-25T14:19:00.523897+00:00
857,3.3526642322540283,15.999999642372131,1.0044804800418206,2026-07-25T14:19:10.915508+00:00
808,4.944039821624756,17.999999225139618,1.015807820003829,2026-07-25T14:19:16.668860+00:00
858,3.243830680847168,15.999999642372131,0.9565703199768905,2026-07-25T14:19:32.353313+00:00
809,7.550639629364014,17.999999225139618,1.0090843600482913,2026-07-25T14:19:38.683801+00:00
859,34.67572784423828,23.999999463558197,1.049397440001485,2026-07-25T14:19:54.072941+00:00
810,6.831717491149902,17.999999225139618,1.0166950800339691,2026-07-25T14:20:00.747167+00:00
811,4.28980827331543,23.999999463558197,1.0056053200241877,2026-07-25T14:20:11.046377+00:00
860,5.469236850738525,14.000000059604645,0.9668468400195707,2026-07-25T14:20:15.579478+00:00
861,4.122178554534912,21.99999988079071,0.9584064600494457,2026-07-25T14:20:25.819385+00:00
812,10.364828109741211,17.999999225139618,0.9865995400468819,2026-07-25T14:20:32.693999+00:00
813,8.129027366638184,19.999998807907104,1.0410574400157202,2026-07-25T14:20:42.684816+00:00
862,3.470078945159912,17.999999225139618,0.9782430999621283,2026-07-25T14:20:47.106013+00:00
814,6.215850830078125,19.999998807907104,0.9853863600437762,2026-07-25T14:20:52.907646+00:00
863,9.753862380981445,21.99999988079071,0.9811806600191632,2026-07-25T14:20:57.265578+00:00
815,9.812182426452637,17.999999225139618,0.9776303399848985,2026-07-25T14:21:03.656922+00:00
864,6.236349582672119,19.999998807907104,1.0018111600220436,2026-07-25T14:21:07.403277+00:00
816,13.378410339355469,17.999999225139618,1.007104119998985,2026-07-25T14:21:13.764258+00:00
865,22.266660690307617,17.999999225139618,1.0123346599721117,2026-07-25T14:21:17.599723+00:00
866,4.776987075805664,17.999999225139618,0.9836665399780031,2026-07-25T14:21:27.749274+00:00
817,6.56834602355957,19.999998807907104,1.1477804199967068,2026-07-25T14:21:35.489232+00:00
818,10.348576545715332,19.999998807907104,1.1082519799674628,2026-07-25T14:21:45.625466+00:00
867,2.7255709171295166,15.999999642372131,0.9908086000359618,2026-07-25T14:21:49.252241+00:00
819,6.371607780456543,19.999998807907104,0.98401980001654,2026-07-25T14:21:56.429250+00:00
868,6.041693210601807,19.999998807907104,0.993829459985136,2026-07-25T14:21:59.417360+00:00
820,7.061089992523193,19.999998807907104,0.9605807800107868,2026-07-25T14:22:06.936868+00:00
869,5.329482555389404,21.99999988079071,0.9643744000641163,2026-07-25T14:22:09.905427+00:00
870,5.978920936584473,15.999999642372131,1.019204379990697,2026-07-25T14:22:20.237707+00:00
821,4.059539794921875,23.999999463558197,1.0092914799315622,2026-07-25T14:22:28.394209+00:00
822,3.778167486190796,21.99999988079071,1.0011772800498875,2026-07-25T14:22:38.843532+00:00
871,19.399629592895508,21.99999988079071,0.9862679400248454,2026-07-25T14:22:41.410757+00:00
823,17.37237548828125,19.999998807907104,1.0289951000595465,2026-07-25T14:22:49.527166+00:00
872,11.942143440246582,19.999998807907104,0.9561634800047614,2026-07-25T14:22:51.587177+00:00
824,16.308095932006836,19.999998807907104,1.0439307200431358,2026-07-25T14:23:00.135658+00:00
873,3.7184624671936035,19.999998807907104,0.96518582002318,2026-07-25T14:23:01.910851+00:00
825,12.325932502746582,21.99999988079071,0.9486304400343215,2026-07-25T14:23:10.216907+00:00
874,3.8623175621032715,23.999999463558197,0.9892263400251976,2026-07-25T14:23:12.378157+00:00
826,7.703322887420654,19.999998807907104,1.0609020400443114,2026-07-25T14:23:20.409201+00:00
875,2.3245773315429688,21.99999988079071,1.0294323600101052,2026-07-25T14:23:22.532522+00:00
827,11.391432762145996,19.999998807907104,1.0118871000304352,2026-07-25T14:23:30.710639+00:00
876,5.621067047119141,21.99999988079071,0.9738931200263323,2026-07-25T14:23:32.726068+00:00
828,5.405242919921875,21.99999988079071,0.9933132599689997,2026-07-25T14:23:40.842957+00:00
877,9.09704875946045,19.999998807907104,0.9622474999923725,2026-07-25T14:23:42.833150+00:00
878,3.7852261066436768,9.999999403953552,0.9573026200087043,2026-07-25T14:23:53.207461+00:00
829,15.97741413116455,19.999998807907104,0.969003900027019,2026-07-25T14:24:02.124471+00:00
830,15.57092571258545,19.999998807907104,1.0061746599967591,2026-07-25T14:24:12.286512+00:00
879,7.042235851287842,21.99999988079071,1.049421879943111,2026-07-25T14:24:14.798287+00:00
831,8.64651870727539,17.999999225139618,1.0179439600324258,2026-07-25T14:24:22.476706+00:00
880,4.623660087585449,14.000000059604645,0.9733383399725426,2026-07-25T14:24:25.117829+00:00
881,5.842449188232422,15.999999642372131,0.9782351800095056,2026-07-25T14:24:35.348088+00:00
832,8.964073181152344,19.999998807907104,1.0372726399509702,2026-07-25T14:24:43.449427+00:00
882,5.240130424499512,19.999998807907104,1.0055801000271458,2026-07-25T14:24:57.083149+00:00
833,5.269189357757568,15.999999642372131,0.9614577400498092,2026-07-25T14:25:04.286408+00:00
834,7.153627872467041,21.99999988079071,0.9997486999782268,2026-07-25T14:25:14.374937+00:00
883,3.8867766857147217,19.999998807907104,0.9794838400557636,2026-07-25T14:25:18.214742+00:00
835,5.367535591125488,17.999999225139618,1.0497303599549923,2026-07-25T14:25:24.475329+00:00
884,18.043622970581055,17.999999225139618,1.055486019977252,2026-07-25T14:25:28.523207+00:00
836,6.032501220703125,19.999998807907104,1.0170357400056673,2026-07-25T14:25:34.470650+00:00
885,5.107937812805176,19.999998807907104,0.9980833600275217,2026-07-25T14:25:39.064957+00:00
837,9.586743354797363,17.999999225139618,1.0066166199976578,2026-07-25T14:25:44.570999+00:00
886,11.445633888244629,19.999998807907104,0.9712800000124844,2026-07-25T14:25:49.171194+00:00
838,10.238414764404297,19.999998807907104,1.015829739990295,2026-07-25T14:25:54.806863+00:00
887,4.2219343185424805,21.99999988079071,0.9482375199877424,2026-07-25T14:25:59.730060+00:00
839,6.794986724853516,23.999999463558197,0.9700455599522684,2026-07-25T14:26:05.059807+00:00
888,4.051671504974365,21.99999988079071,1.261038659940823,2026-07-25T14:26:09.999593+00:00
889,5.485332012176514,19.999998807907104,0.9638377399824094,2026-07-25T14:26:20.256249+00:00
840,5.322728157043457,17.999999225139618,0.9469920599804027,2026-07-25T14:26:26.021712+00:00
841,4.987621784210205,9.999999403953552,1.0228581799310632,2026-07-25T14:26:36.166972+00:00
890,9.8169584274292,19.999998807907104,1.1087210400000913,2026-07-25T14:26:42.919334+00:00
842,3.941021203994751,19.999998807907104,0.9762472000147682,2026-07-25T14:26:46.639906+00:00
891,22.226947784423828,19.999998807907104,0.9472304599330528,2026-07-25T14:26:53.275070+00:00
843,7.674795150756836,21.99999988079071,0.9980065199488308,2026-07-25T14:26:56.937730+00:00
892,6.595284461975098,19.999998807907104,0.951685260006343,2026-07-25T14:27:04.025125+00:00
844,4.0237507820129395,19.999998807907104,1.0080418599682162,2026-07-25T14:27:06.928468+00:00
893,3.0318071842193604,19.999998807907104,1.0313230600149836,2026-07-25T14:27:14.290422+00:00
845,9.93120002746582,19.999998807907104,1.0177221200137865,2026-07-25T14:27:17.200741+00:00
894,12.724228858947754,21.99999988079071,1.0064676200272515,2026-07-25T14:27:24.822366+00:00
846,5.110679626464844,23.999999463558197,0.982475379933021,2026-07-25T14:27:27.440797+00:00
895,5.2769646644592285,15.999999642372131,0.9875295199890388,2026-07-25T14:27:35.194046+00:00
896,8.922362327575684,19.999998807907104,0.9938285800308222,2026-07-25T14:27:45.340458+00:00
847,7.551847457885742,17.999999225139618,1.019649340014439,2026-07-25T14:27:48.475643+00:00
897,5.544940948486328,19.999998807907104,1.00310907997482,2026-07-25T14:28:06.985429+00:00
848,6.142403602600098,21.99999988079071,0.9725595199415693,2026-07-25T14:28:09.240630+00:00
898,12.541545867919922,19.999998807907104,1.0196468600042863,2026-07-25T14:28:28.084574+00:00
849,4.71485710144043,15.999999642372131,1.0490501599997515,2026-07-25T14:28:30.297262+00:00
850,4.037082672119141,19.999998807907104,0.9725236600206699,2026-07-25T14:28:40.671555+00:00
899,3.224910020828247,23.999999463558197,1.0008204200130422,2026-07-25T14:28:49.444295+00:00
851,4.694425582885742,23.999999463558197,1.000505219999468,2026-07-25T14:28:50.937986+00:00
900,4.43651008605957,14.000000059604645,0.9845868599950335,2026-07-25T14:29:00.016849+00:00
852,8.937536239624023,21.99999988079071,0.9739890600030776,2026-07-25T14:29:00.883290+00:00
901,2.4685585498809814,19.999998807907104,0.9860736799601,2026-07-25T14:29:10.291207+00:00
902,8.483410835266113,17.999999225139618,0.9729207799682627,2026-07-25T14:29:20.450874+00:00
853,5.504132270812988,19.999998807907104,0.9597632999793859,2026-07-25T14:29:21.789202+00:00
903,3.257448673248291,21.99999988079071,0.9977544600405963,2026-07-25T14:29:41.864042+00:00
854,8.04765510559082,21.99999988079071,1.0222478400100954,2026-07-25T14:29:42.849754+00:00
855,14.401335716247559,21.99999988079071,0.968502260002424,2026-07-25T14:29:53.178830+00:00
904,3.3567821979522705,17.999999225139618,0.9756984200066654,2026-07-25T14:30:03.552156+00:00
856,9.464408874511719,19.999998807907104,1.0106361199723324,2026-07-25T14:30:03.818611+00:00
905,11.601770401000977,19.999998807907104,0.9845871000288753,2026-07-25T14:30:13.877010+00:00
906,2.5165345668792725,19.999998807907104,1.0126441399916075,2026-07-25T14:30:23.973313+00:00
857,5.849447250366211,15.999999642372131,1.0080787400511326,2026-07-25T14:30:24.984247+00:00
858,7.5247650146484375,25.999999046325684,0.958201520043076,2026-07-25T14:30:35.661933+00:00
907,3.760866641998291,19.999998807907104,1.0179649999918183,2026-07-25T14:30:45.672739+00:00
859,6.327218532562256,9.999999403953552,0.9802360199682881,2026-07-25T14:30:45.733153+00:00
908,9.589417457580566,17.999999225139618,1.0083126999961678,2026-07-25T14:30:55.866803+00:00
860,4.529209136962891,19.999998807907104,1.0501368599943817,2026-07-25T14:30:56.241434+00:00
909,3.192506790161133,14.000000059604645,1.0066985800222028,2026-07-25T14:31:05.985542+00:00
861,6.503843307495117,19.999998807907104,0.9736576399882324,2026-07-25T14:31:06.593897+00:00
910,6.270320892333984,19.999998807907104,0.9464613799354993,2026-07-25T14:31:16.280583+00:00
862,5.188044548034668,15.999999642372131,0.9471718199347379,2026-07-25T14:31:16.602147+00:00
911,3.7094991207122803,15.999999642372131,0.983505380063434,2026-07-25T14:31:26.548863+00:00
912,4.205626487731934,23.999999463558197,1.3514793400099734,2026-07-25T14:31:36.686620+00:00
863,4.837217807769775,21.99999988079071,0.9915791800449368,2026-07-25T14:31:38.456915+00:00
864,5.64299201965332,17.999999225139618,1.0064393799984828,2026-07-25T14:31:49.062234+00:00
913,6.830151557922363,21.99999988079071,1.0113571400142973,2026-07-25T14:31:58.039482+00:00
865,10.476400375366211,25.999999046325684,1.07651131998864,2026-07-25T14:31:59.934352+00:00
914,5.661069393157959,19.999998807907104,0.9716220200061798,2026-07-25T14:32:08.286322+00:00
866,6.276917934417725,14.000000059604645,0.940529359941138,2026-07-25T14:32:10.198323+00:00
915,4.802749156951904,19.999998807907104,1.0416400199756026,2026-07-25T14:32:18.475902+00:00
867,7.022266864776611,19.999998807907104,1.1042631800228264,2026-07-25T14:32:20.256395+00:00
916,10.247941970825195,17.999999225139618,0.9921210000175053,2026-07-25T14:32:28.843344+00:00
868,7.277716636657715,17.999999225139618,1.0307285800081445,2026-07-25T14:32:31.016800+00:00
917,4.755443096160889,17.999999225139618,0.9788758200011216,2026-07-25T14:32:39.043771+00:00
918,10.514126777648926,19.999998807907104,0.9790761600015686,2026-07-25T14:32:49.228227+00:00
869,6.988001823425293,23.999999463558197,1.020838559998083,2026-07-25T14:32:52.468696+00:00
870,4.892375469207764,21.99999988079071,0.9700086000520969,2026-07-25T14:33:02.638625+00:00
919,3.615612268447876,21.99999988079071,0.9477355800481746,2026-07-25T14:33:10.361139+00:00
920,5.059002876281738,19.999998807907104,1.0493204800150124,2026-07-25T14:33:20.496253+00:00
871,5.092320442199707,23.999999463558197,0.9972648199618561,2026-07-25T14:33:23.362950+00:00
872,10.50251579284668,15.999999642372131,0.9719003600184806,2026-07-25T14:33:34.073407+00:00
921,4.413801670074463,19.999998807907104,0.9614060199965024,2026-07-25T14:33:41.441201+00:00
922,4.956934928894043,21.99999988079071,0.9947218200250063,2026-07-25T14:33:51.597155+00:00
873,3.535705327987671,34.00000035762787,1.0498815400205785,2026-07-25T14:33:55.002628+00:00
874,10.696981430053711,19.999998807907104,0.9710554399498506,2026-07-25T14:34:05.351681+00:00
923,3.2585155963897705,19.999998807907104,0.956129139958648,2026-07-25T14:34:12.785661+00:00
875,8.693151473999023,19.999998807907104,0.9933317999821155,2026-07-25T14:34:15.695592+00:00
924,4.176276683807373,19.999998807907104,0.9447297400038224,2026-07-25T14:34:23.122164+00:00
876,6.037135601043701,19.999998807907104,1.0056866599916248,2026-07-25T14:34:25.930566+00:00
925,2.9803435802459717,17.999999225139618,1.037747419977677,2026-07-25T14:34:33.507952+00:00
877,4.259012222290039,21.99999988079071,0.9506149200024083,2026-07-25T14:34:36.748242+00:00
926,6.059442043304443,21.99999988079071,0.9761497400177177,2026-07-25T14:34:44.071425+00:00
927,3.5305559635162354,17.999999225139618,1.0834261399577372,2026-07-25T14:34:54.376397+00:00
878,3.872499704360962,17.999999225139618,1.0310469000251032,2026-07-25T14:34:57.889130+00:00
879,7.870373725891113,19.999998807907104,1.131913799981703,2026-07-25T14:35:08.110599+00:00
928,21.92815399169922,17.999999225139618,1.0023689400259173,2026-07-25T14:35:15.855120+00:00
880,2.5683624744415283,23.999999463558197,0.9979157199995826,2026-07-25T14:35:18.416431+00:00
929,3.213536262512207,19.999998807907104,0.9597152600326808,2026-07-25T14:35:26.153963+00:00
881,4.96884822845459,19.999998807907104,1.0422766400006367,2026-07-25T14:35:28.817347+00:00
930,12.314998626708984,19.999998807907104,0.9926154999993743,2026-07-25T14:35:36.520701+00:00
931,8.314111709594727,19.999998807907104,0.9818642000027467,2026-07-25T14:35:46.783127+00:00
882,3.7190399169921875,28.00000011920929,0.954414719963097,2026-07-25T14:35:50.238465+00:00
883,8.916337966918945,19.999998807907104,0.9899808200134431,2026-07-25T14:36:01.038618+00:00
932,5.7232985496521,19.999998807907104,0.9521012799814343,2026-07-25T14:36:08.012114+00:00
933,2.6678311824798584,17.999999225139618,0.9722960199724184,2026-07-25T14:36:18.444147+00:00
884,8.55651569366455,19.999998807907104,1.0017020799568854,2026-07-25T14:36:22.387397+00:00
934,5.381639003753662,17.999999225139618,0.9730354400380747,2026-07-25T14:36:40.019635+00:00
885,8.661308288574219,15.999999642372131,1.009327840001788,2026-07-25T14:36:44.056781+00:00
886,4.5975141525268555,25.999999046325684,1.0345978600525996,2026-07-25T14:36:54.181470+00:00
935,2.979090690612793,9.999999403953552,0.9989555000356632,2026-07-25T14:37:01.414050+00:00
887,9.762166976928711,17.999999225139618,0.960144120035693,2026-07-25T14:37:04.230891+00:00
936,2.6484591960906982,21.99999988079071,0.9806824199768017,2026-07-25T14:37:11.720835+00:00
937,3.8854024410247803,17.999999225139618,0.9886411399929783,2026-07-25T14:37:21.917782+00:00
888,4.759904861450195,11.999999731779099,0.9898327800328843,2026-07-25T14:37:25.228524+00:00
889,2.8846306800842285,19.999998807907104,1.0154165599669795,2026-07-25T14:37:35.266217+00:00
938,9.066247940063477,19.999998807907104,0.9989571000187424,2026-07-25T14:37:43.403302+00:00
890,2.6541104316711426,23.999999463558197,1.0405156599881593,2026-07-25T14:37:45.542202+00:00
939,2.9091603755950928,17.999999225139618,1.0098522000043886,2026-07-25T14:37:53.672392+00:00
940,4.28012228012085,15.999999642372131,0.9761266799614532,2026-07-25T14:38:04.255918+00:00
891,4.695217132568359,19.999998807907104,0.9991992200230017,2026-07-25T14:38:06.762348+00:00
892,3.141305446624756,19.999998807907104,1.0112980000121752,2026-07-25T14:38:16.766333+00:00
941,3.1960742473602295,17.999999225139618,0.9986883599776774,2026-07-25T14:38:25.600456+00:00
893,3.2822721004486084,21.99999988079071,1.0104395600501448,2026-07-25T14:38:27.063660+00:00
942,8.256980895996094,17.999999225139618,0.9575251600472257,2026-07-25T14:38:36.440231+00:00
943,12.070162773132324,17.999999225139618,1.0101895000116201,2026-07-25T14:38:46.656186+00:00
894,4.081560134887695,19.999998807907104,0.990122200018959,2026-07-25T14:38:48.247930+00:00
895,2.5906972885131836,19.999998807907104,1.0751086999516701,2026-07-25T14:38:58.519807+00:00
944,6.145889759063721,21.99999988079071,1.0063328199612442,2026-07-25T14:39:08.493932+00:00
896,2.414313316345215,19.999998807907104,1.0078473199973814,2026-07-25T14:39:08.761282+00:00
945,19.994792938232422,19.999998807907104,0.9607881999545498,2026-07-25T14:39:18.735446+00:00
946,2.9324841499328613,21.99999988079071,1.0156315800122684,2026-07-25T14:39:29.242308+00:00
897,4.604352951049805,17.999999225139618,0.9745868000027258,2026-07-25T14:39:30.261580+00:00
947,16.060197830200195,19.999998807907104,1.0459214200091083,2026-07-25T14:39:50.799608+00:00
898,3.7510437965393066,17.999999225139618,0.9540371999901254,2026-07-25T14:39:51.375581+00:00
899,5.317683219909668,19.999998807907104,1.0369962600088911,2026-07-25T14:40:01.523323+00:00
900,2.911982774734497,17.999999225139618,0.9731801000452833,2026-07-25T14:40:11.957195+00:00
948,7.332390308380127,17.999999225139618,0.971938639995642,2026-07-25T14:40:12.275053+00:00
901,4.256338596343994,21.99999988079071,0.9904943599394755,2026-07-25T14:40:22.096055+00:00
949,3.30619478225708,14.000000059604645,1.0078142800193746,2026-07-25T14:40:22.484391+00:00
902,4.017455577850342,28.00000011920929,1.1358496799948625,2026-07-25T14:40:32.349949+00:00
950,4.674339771270752,21.99999988079071,0.9744845800014446,2026-07-25T14:40:32.955905+00:00
903,2.892730474472046,19.999998807907104,0.9699062800063984,2026-07-25T14:40:42.549006+00:00
951,4.617047309875488,19.999998807907104,1.0136423999938415,2026-07-25T14:40:43.274884+00:00
904,9.638118743896484,19.999998807907104,0.9856325800501509,2026-07-25T14:40:52.625404+00:00
952,4.453304767608643,14.000000059604645,1.0522508400026709,2026-07-25T14:40:53.738644+00:00
905,5.487260818481445,21.99999988079071,0.966750419975142,2026-07-25T14:41:02.854458+00:00
953,2.9225499629974365,19.999998807907104,0.9538467600214062,2026-07-25T14:41:04.211447+00:00
954,4.562060356140137,21.99999988079071,0.9556659599911654,2026-07-25T14:41:14.415419+00:00
906,3.7367589473724365,21.99999988079071,1.0008465599821648,2026-07-25T14:41:23.863753+00:00
955,3.0529587268829346,17.999999225139618,0.9651438000582857,2026-07-25T14:41:24.534293+00:00
907,3.229076862335205,19.999998807907104,0.9832322799775285,2026-07-25T14:41:34.062606+00:00
956,2.706784248352051,21.99999988079071,1.0234319200390019,2026-07-25T14:41:46.036159+00:00
908,2.1739275455474854,15.999999642372131,0.9530816200276604,2026-07-25T14:41:55.094868+00:00
957,50.39951705932617,17.999999225139618,1.0046987600071589,2026-07-25T14:41:56.454293+00:00
909,4.22772216796875,19.999998807907104,0.9860449800180504,2026-07-25T14:42:05.309983+00:00
910,2.3930697441101074,17.999999225139618,1.01885283998854,2026-07-25T14:42:15.584762+00:00
958,3.5054516792297363,21.99999988079071,0.9842318599839928,2026-07-25T14:42:18.254064+00:00
911,13.906689643859863,19.999998807907104,0.9750853600417031,2026-07-25T14:42:25.758464+00:00
959,5.655674934387207,17.999999225139618,0.992124620024697,2026-07-25T14:42:28.705645+00:00
960,3.783778429031372,17.999999225139618,0.969440479966579,2026-07-25T14:42:39.252255+00:00
912,2.5276412963867188,14.000000059604645,1.1245964000409003,2026-07-25T14:42:46.953406+00:00
961,3.06253719329834,17.999999225139618,0.9796887200354831,2026-07-25T14:42:49.599861+00:00
913,2.9340577125549316,15.999999642372131,1.0049061000609072,2026-07-25T14:42:57.307896+00:00
962,3.248945951461792,15.999999642372131,0.9750254000391578,2026-07-25T14:43:11.666780+00:00
914,3.657888412475586,19.999998807907104,0.9864837199711474,2026-07-25T14:43:18.327060+00:00
963,3.148193597793579,15.999999642372131,1.01234296002076,2026-07-25T14:43:21.937411+00:00
915,2.8001351356506348,21.99999988079071,0.9355756000149995,2026-07-25T14:43:39.281646+00:00
964,6.148457050323486,17.999999225139618,0.9742482600267977,2026-07-25T14:43:43.599451+00:00
916,2.404897451400757,19.999998807907104,0.9883010799967451,2026-07-25T14:44:00.347535+00:00
965,6.545971870422363,21.99999988079071,0.9667613000056008,2026-07-25T14:44:05.125567+00:00
917,3.4583683013916016,17.999999225139618,0.9858257800078717,2026-07-25T14:44:10.528834+00:00
918,2.5406055450439453,21.99999988079071,3.50706966004509,2026-07-25T14:44:20.849404+00:00
966,4.026229381561279,23.999999463558197,0.9728625999559881,2026-07-25T14:44:26.305667+00:00
967,3.4592761993408203,25.999999046325684,0.9672621199570131,2026-07-25T14:44:36.996065+00:00
919,2.528743028640747,17.999999225139618,1.0517442200216465,2026-07-25T14:44:42.083051+00:00
968,4.994521617889404,19.999998807907104,1.003415339946514,2026-07-25T14:44:47.368154+00:00
920,2.141490936279297,28.00000011920929,0.9547336799732875,2026-07-25T14:44:52.287172+00:00
921,2.0824244022369385,19.999998807907104,0.973775000020396,2026-07-25T14:45:02.460696+00:00
969,2.9126007556915283,19.999998807907104,0.9648561599897221,2026-07-25T14:45:09.293780+00:00
970,2.675217390060425,21.99999988079071,1.0377698599768337,2026-07-25T14:45:19.544891+00:00
922,3.865171194076538,19.999998807907104,0.9984282400546363,2026-07-25T14:45:23.898272+00:00
971,2.4328806400299072,25.999999046325684,1.0346299600496422,2026-07-25T14:45:30.120175+00:00
923,4.878201484680176,19.999998807907104,0.9486240999831352,2026-07-25T14:45:34.022310+00:00
924,5.869488716125488,7.999999821186066,1.0057663800398586,2026-07-25T14:45:44.128849+00:00
972,4.9955267906188965,25.999999046325684,0.9726228799991077,2026-07-25T14:45:51.949266+00:00
973,3.8780295848846436,17.999999225139618,1.0436965199914994,2026-07-25T14:46:02.509359+00:00
925,4.05961799621582,19.999998807907104,0.9560082000098191,2026-07-25T14:46:05.113284+00:00
974,5.998737812042236,14.000000059604645,0.9731439399911324,2026-07-25T14:46:12.715199+00:00
926,2.533612012863159,21.99999988079071,0.9556470000097761,2026-07-25T14:46:15.074332+00:00
927,7.067709922790527,15.999999642372131,0.962192579972907,2026-07-25T14:46:25.279697+00:00
975,2.373154640197754,21.99999988079071,0.9958802600158378,2026-07-25T14:46:34.279620+00:00
928,2.6796915531158447,21.99999988079071,1.0214412799541606,2026-07-25T14:46:35.489516+00:00
976,14.959694862365723,19.999998807907104,0.961990700016031,2026-07-25T14:46:45.165278+00:00
977,6.07080078125,21.99999988079071,1.0425316199689405,2026-07-25T14:46:55.750469+00:00
929,2.5223617553710938,17.999999225139618,0.9637015000043903,2026-07-25T14:46:56.788841+00:00
978,5.052555561065674,17.999999225139618,0.9637241999735124,2026-07-25T14:47:06.085750+00:00
930,2.2786879539489746,17.999999225139618,0.9701835599844344,2026-07-25T14:47:07.012759+00:00
931,2.7108678817749023,19.999998807907104,0.9991715000069236,2026-07-25T14:47:17.224775+00:00
979,6.501504421234131,19.999998807907104,0.9752670599846169,2026-07-25T14:47:27.456666+00:00
980,3.1146399974823,17.999999225139618,0.9622610399674159,2026-07-25T14:47:37.986477+00:00
932,2.34245228767395,11.999999731779099,0.9594313200068427,2026-07-25T14:47:38.611674+00:00
981,2.7174723148345947,25.999999046325684,0.9635089000221342,2026-07-25T14:47:48.441649+00:00
933,4.578807353973389,15.999999642372131,1.0806804599997122,2026-07-25T14:47:59.716404+00:00
982,4.767911911010742,17.999999225139618,0.9556525600055465,2026-07-25T14:48:09.630517+00:00
934,2.2375364303588867,19.999998807907104,0.9630761399603216,2026-07-25T14:48:20.624554+00:00
983,3.8340749740600586,21.99999988079071,1.0484071599785239,2026-07-25T14:48:30.684606+00:00
935,4.710749626159668,21.99999988079071,1.039318179973634,2026-07-25T14:48:30.802239+00:00
936,3.4353790283203125,19.999998807907104,0.967978180051432,2026-07-25T14:48:40.898189+00:00
937,9.785673141479492,21.99999988079071,0.9710833000281127,2026-07-25T14:48:50.992336+00:00
984,2.939039945602417,15.999999642372131,0.9926409999752651,2026-07-25T14:48:51.772733+00:00
938,2.5055150985717773,19.999998807907104,1.0108450000552693,2026-07-25T14:49:01.354803+00:00
985,4.222960948944092,21.99999988079071,0.9629449400381418,2026-07-25T14:49:02.081028+00:00
939,2.6708061695098877,19.999998807907104,3.350621960053104,2026-07-25T14:49:11.598736+00:00
986,4.007023811340332,14.000000059604645,0.9767547999945235,2026-07-25T14:49:12.210432+00:00
940,1.9876025915145874,17.999999225139618,0.9699059600097826,2026-07-25T14:49:21.790666+00:00
987,6.34361457824707,19.999998807907104,0.9886739800276699,2026-07-25T14:49:22.599312+00:00
941,2.723083734512329,23.999999463558197,1.0590454599878285,2026-07-25T14:49:31.947564+00:00
988,2.3584039211273193,21.99999988079071,0.9702008599560941,2026-07-25T14:49:32.981491+00:00
942,3.150161027908325,19.999998807907104,0.9892524399765534,2026-07-25T14:49:42.063050+00:00
989,2.9675493240356445,14.000000059604645,0.9689836599864066,2026-07-25T14:49:43.247876+00:00
943,3.188871145248413,21.99999988079071,0.9722620999673381,2026-07-25T14:49:52.352753+00:00
990,7.060025215148926,19.999998807907104,1.4071138199506095,2026-07-25T14:49:53.558497+00:00
944,2.4903976917266846,21.99999988079071,0.9553342800063547,2026-07-25T14:50:02.642280+00:00
991,2.4796833992004395,17.999999225139618,0.981513320002705,2026-07-25T14:50:03.987217+00:00
992,4.756421089172363,17.999999225139618,0.9643628799676662,2026-07-25T14:50:14.278279+00:00
945,3.7049481868743896,17.999999225139618,0.99196449998999,2026-07-25T14:50:23.928048+00:00
993,2.448387861251831,17.999999225139618,0.9868090599775313,2026-07-25T14:50:24.712958+00:00
946,2.330688238143921,17.999999225139618,0.9970667000015964,2026-07-25T14:50:34.160777+00:00
994,3.068798780441284,17.999999225139618,0.9785115599515847,2026-07-25T14:50:35.021200+00:00
947,2.582326650619507,21.99999988079071,0.966145240017795,2026-07-25T14:50:44.612664+00:00
948,4.891230583190918,17.999999225139618,1.102489679979044,2026-07-25T14:50:54.874090+00:00
995,2.29207706451416,21.99999988079071,1.1075879200507188,2026-07-25T14:50:57.039271+00:00
949,25.225629806518555,15.999999642372131,1.0428930399939418,2026-07-25T14:51:05.196241+00:00
996,3.059335231781006,19.999998807907104,1.0243016799358884,2026-07-25T14:51:07.700596+00:00
997,2.135329246520996,21.99999988079071,1.0195734000444645,2026-07-25T14:51:18.126359+00:00
950,3.095669746398926,19.999998807907104,0.9926042599545325,2026-07-25T14:51:26.932356+00:00
998,2.799503803253174,17.999999225139618,1.0589794800034724,2026-07-25T14:51:28.578468+00:00
951,3.0602593421936035,21.99999988079071,0.9485737200157018,2026-07-25T14:51:37.322951+00:00
999,2.8210668563842773,19.999998807907104,0.9729403600067599,2026-07-25T14:51:39.137977+00:00
952,3.724544048309326,19.999998807907104,1.088034440035699,2026-07-25T14:51:59.122956+00:00
953,2.9795074462890625,15.999999642372131,1.0035875600442523,2026-07-25T14:52:09.480694+00:00
954,2.4677796363830566,21.99999988079071,0.9724733400071273,2026-07-25T14:52:19.726222+00:00
955,1.9589413404464722,19.999998807907104,1.1106664600083604,2026-07-25T14:52:40.929019+00:00
956,4.475728988647461,19.999998807907104,1.0132040600001346,2026-07-25T14:52:51.420329+00:00
957,3.140601873397827,17.999999225139618,1.0230113999568857,2026-07-25T14:53:13.456845+00:00
958,3.37654185295105,19.999998807907104,0.9378810199996224,2026-07-25T14:53:23.682730+00:00
959,2.4147863388061523,19.999998807907104,0.9680103800201323,2026-07-25T14:53:45.263600+00:00
960,2.7072222232818604,17.999999225139618,1.1051939799654065,2026-07-25T14:53:55.785036+00:00
961,2.4250364303588867,21.99999988079071,1.090068660050747,2026-07-25T14:54:06.513299+00:00
962,2.5672271251678467,14.000000059604645,0.9819900000002234,2026-07-25T14:54:16.844513+00:00
963,3.024484872817993,21.99999988079071,0.9992896800395101,2026-07-25T14:54:38.340783+00:00
964,2.446443557739258,21.99999988079071,1.0014633799437433,2026-07-25T14:54:48.699142+00:00
965,6.154953479766846,19.999998807907104,0.9884570999565767,2026-07-25T14:54:59.284912+00:00
966,2.493678569793701,19.999998807907104,1.008925200003432,2026-07-25T14:55:09.710695+00:00
967,2.9639368057250977,19.999998807907104,1.0836682000081055,2026-07-25T14:55:31.493944+00:00
968,3.114290237426758,17.999999225139618,1.0039627199876122,2026-07-25T14:55:41.893045+00:00
969,4.45747184753418,21.99999988079071,0.96487155999057,2026-07-25T14:55:52.442880+00:00
970,4.434080123901367,5.999999865889549,0.9859414999664295,2026-07-25T14:56:14.037014+00:00
971,2.9885993003845215,21.99999988079071,1.0031476999574807,2026-07-25T14:56:24.176914+00:00
972,5.767193794250488,15.999999642372131,0.9605247600120492,2026-07-25T14:56:46.076061+00:00
973,2.099637031555176,25.999999046325684,1.0147486600180855,2026-07-25T14:57:07.197658+00:00
974,3.519240140914917,21.99999988079071,0.9927920799964342,2026-07-25T14:57:17.617637+00:00
975,6.060701847076416,17.999999225139618,1.065426959976321,2026-07-25T14:57:27.845032+00:00
976,2.3698880672454834,21.99999988079071,0.9690848999889567,2026-07-25T14:57:38.043288+00:00
977,3.2669670581817627,17.999999225139618,0.95055924000917,2026-07-25T14:57:48.265854+00:00
978,2.447089433670044,19.999998807907104,0.9978932599915425,2026-07-25T14:58:09.296659+00:00
979,3.3472537994384766,19.999998807907104,0.9653868999885162,2026-07-25T14:58:30.632037+00:00
980,4.530661582946777,15.999999642372131,0.9841078000317792,2026-07-25T14:58:40.854299+00:00
981,2.278228521347046,21.99999988079071,0.9689352600253187,2026-07-25T14:58:51.023133+00:00
982,2.9353437423706055,17.999999225139618,0.9835360199940623,2026-07-25T14:59:01.710307+00:00
983,2.654282808303833,25.999999046325684,1.0142015799647197,2026-07-25T14:59:11.980916+00:00
984,4.096053600311279,19.999998807907104,0.9751170399977127,2026-07-25T14:59:22.103880+00:00
985,2.366986036300659,9.999999403953552,1.0467177000100492,2026-07-25T14:59:42.813693+00:00
986,2.287010431289673,17.999999225139618,1.0181256400392158,2026-07-25T15:00:03.688031+00:00
987,3.144662380218506,15.999999642372131,0.9654904199851444,2026-07-25T15:00:13.805977+00:00
988,13.926020622253418,25.999999046325684,1.0194687400507974,2026-07-25T15:00:24.081568+00:00
989,3.001220941543579,19.999998807907104,0.970057060039835,2026-07-25T15:00:34.818601+00:00
990,9.215324401855469,19.999998807907104,1.088870100065833,2026-07-25T15:00:56.124039+00:00
991,1.912760615348816,21.99999988079071,0.9853422000014689,2026-07-25T15:01:06.248518+00:00
992,2.1070024967193604,9.999999403953552,1.000687739942805,2026-07-25T15:01:27.536710+00:00
993,2.1152679920196533,25.999999046325684,1.0134873999777483,2026-07-25T15:01:48.627125+00:00
994,2.6808745861053467,14.000000059604645,1.098769500022172,2026-07-25T15:01:58.866230+00:00
995,3.727749824523926,15.999999642372131,0.9886062399891672,2026-07-25T15:02:09.064920+00:00
996,2.2596936225891113,17.999999225139618,0.9794827199948485,2026-07-25T15:02:19.426705+00:00
997,2.001560688018799,21.99999988079071,1.0277387800306315,2026-07-25T15:02:29.639902+00:00
998,2.373258590698242,23.999999463558197,1.0150669599534012,2026-07-25T15:02:39.795262+00:00
999,2.4889039993286133,15.999999642372131,1.022208979993593,2026-07-25T15:02:50.005019+00:00
