episode,loss,acc,inf_ms,timestamp
0,3.9366791248321533,50.0,1.0368817200651392,2026-07-25T19:03:23.471763+00:00
1,3.480602979660034,56.00000023841858,0.979439660004573,2026-07-25T19:03:33.847962+00:00
2,6.842008113861084,35.999998450279236,0.9636901000340004,2026-07-25T19:03:55.037414+00:00
3,9.873176574707031,47.999998927116394,0.9516979599720798,2026-07-25T19:04:05.471335+00:00
4,8.081371307373047,39.99999761581421,0.9815231799439061,2026-07-25T19:04:15.740661+00:00
5,11.659232139587402,25.999999046325684,1.004481199925067,2026-07-25T19:04:26.100447+00:00
6,7.665300369262695,41.999998688697815,0.9572769599617459,2026-07-25T19:04:47.622447+00:00
7,12.650165557861328,34.00000035762787,0.9622386799310334,2026-07-25T19:04:58.097467+00:00
8,12.337638854980469,25.999999046325684,0.9885492599278224,2026-07-25T19:05:08.612386+00:00
9,3.8726727962493896,37.99999952316284,0.9990719999768771,2026-07-25T19:05:19.118778+00:00
10,5.5788373947143555,35.999998450279236,1.0002917199744843,2026-07-25T19:05:29.487096+00:00
11,7.186834335327148,28.00000011920929,0.9594409399142023,2026-07-25T19:05:40.112672+00:00
12,7.959771156311035,28.00000011920929,0.9565049399679992,2026-07-25T19:05:50.482971+00:00
13,3.0116562843322754,41.999998688697815,0.99251338004251,2026-07-25T19:06:01.387106+00:00
14,2.944727897644043,31.999999284744263,3.3899248599482235,2026-07-25T19:06:12.049451+00:00
15,2.1168112754821777,35.999998450279236,0.9859290200984105,2026-07-25T19:06:22.382044+00:00
16,3.296321392059326,21.99999988079071,0.9969063800235746,2026-07-25T19:06:32.818472+00:00
17,2.381493330001831,34.00000035762787,1.013145619945135,2026-07-25T19:06:43.562402+00:00
18,2.4363961219787598,29.999998211860657,1.0064897200209089,2026-07-25T19:06:54.077653+00:00
19,2.5408427715301514,35.999998450279236,1.0576461200253107,2026-07-25T19:07:15.977096+00:00
20,2.7675650119781494,45.99999785423279,0.9658063200186007,2026-07-25T19:07:37.472333+00:00
21,2.4954569339752197,19.999998807907104,0.9950547800690401,2026-07-25T19:07:47.679289+00:00
22,2.1438961029052734,35.999998450279236,0.9547086199745536,2026-07-25T19:07:58.040024+00:00
23,2.2521414756774902,35.999998450279236,0.9719499399943743,2026-07-25T19:08:19.701953+00:00
24,2.089155673980713,29.999998211860657,1.0722888600139413,2026-07-25T19:08:30.167945+00:00
25,3.0731818675994873,23.999999463558197,0.961269740073476,2026-07-25T19:08:51.723172+00:00
26,2.7481276988983154,19.999998807907104,0.9451973000250291,2026-07-25T19:09:13.657834+00:00
27,3.296729803085327,23.999999463558197,1.407362199970521,2026-07-25T19:09:35.018384+00:00
28,1.6089606285095215,37.99999952316284,0.984230800095247,2026-07-25T19:09:45.261591+00:00
29,3.0403380393981934,31.999999284744263,3.5149158199783415,2026-07-25T19:09:55.636136+00:00
30,1.872461199760437,17.999999225139618,0.9946177000529134,2026-07-25T19:10:16.991236+00:00
31,5.986169815063477,21.99999988079071,0.9955518999777268,2026-07-25T19:10:27.202609+00:00
32,1.967867136001587,21.99999988079071,0.9777688000758644,2026-07-25T19:10:38.003399+00:00
33,1.7418999671936035,25.999999046325684,1.0131008000462316,2026-07-25T19:10:59.835464+00:00
34,2.0399580001831055,3.999999910593033,0.9736359199450817,2026-07-25T19:11:09.872909+00:00
35,1.9725457429885864,15.999999642372131,0.9776228800183163,2026-07-25T19:11:20.138246+00:00
36,2.0513362884521484,34.00000035762787,1.0655225400114432,2026-07-25T19:11:30.838458+00:00
37,2.462388753890991,23.999999463558197,0.9557785600190982,2026-07-25T19:11:52.720118+00:00
38,1.6025007963180542,19.999998807907104,1.0047955000482034,2026-07-25T19:12:03.915937+00:00
39,1.8914728164672852,19.999998807907104,0.9689863199309912,2026-07-25T19:12:14.267221+00:00
40,2.3476953506469727,17.999999225139618,0.9754681399499532,2026-07-25T19:12:24.645068+00:00
41,2.731848955154419,5.999999865889549,1.0051382200617809,2026-07-25T19:12:35.602701+00:00
42,2.040712833404541,3.999999910593033,0.9873399599746335,2026-07-25T19:12:45.896823+00:00
43,2.493586301803589,29.999998211860657,0.985342759959167,2026-07-25T19:13:07.218000+00:00
44,1.9974688291549683,23.999999463558197,0.9936238601221702,2026-07-25T19:13:28.752026+00:00
45,1.7026760578155518,34.00000035762787,0.9720292400743347,2026-07-25T19:13:39.449191+00:00
46,1.7139031887054443,23.999999463558197,1.0364587200456299,2026-07-25T19:13:49.972090+00:00
0,7.910239219665527,43.99999976158142,1.0476449200359639,2026-07-25T19:14:02.850949+00:00
47,1.729707956314087,28.00000011920929,0.9695491399907041,2026-07-25T19:14:11.458818+00:00
1,8.157275199890137,31.999999284744263,1.0056642199924681,2026-07-25T19:14:13.248563+00:00
48,1.5097476243972778,41.999998688697815,0.9991031199751887,2026-07-25T19:14:21.922926+00:00
49,1.4618825912475586,37.99999952316284,0.9824987799220253,2026-07-25T19:14:32.840882+00:00
2,12.307238578796387,37.99999952316284,0.9999922399583738,2026-07-25T19:14:34.771821+00:00
3,9.752418518066406,37.99999952316284,0.9747821200289764,2026-07-25T19:14:45.370477+00:00
50,1.7209826707839966,23.999999463558197,1.1113614600617439,2026-07-25T19:14:54.515962+00:00
4,7.924493312835693,41.999998688697815,1.0330912399513181,2026-07-25T19:14:56.044617+00:00
51,2.1394224166870117,21.99999988079071,0.9838492999551818,2026-07-25T19:15:04.935030+00:00
52,2.0824992656707764,19.999998807907104,1.031271179963369,2026-07-25T19:15:15.282149+00:00
5,7.011297702789307,45.99999785423279,1.0512896999716759,2026-07-25T19:15:17.761130+00:00
53,1.402442216873169,37.99999952316284,1.0008488399034832,2026-07-25T19:15:26.023602+00:00
6,9.286805152893066,35.999998450279236,1.0401226399699226,2026-07-25T19:15:28.273943+00:00
7,11.030097961425781,35.999998450279236,1.0348674999841023,2026-07-25T19:15:38.642354+00:00
54,2.1192538738250732,17.999999225139618,3.308413519989699,2026-07-25T19:15:47.913721+00:00
8,9.972264289855957,47.999998927116394,1.0022642200055998,2026-07-25T19:16:00.251202+00:00
55,1.5876866579055786,23.999999463558197,0.9958941199874971,2026-07-25T19:16:09.728540+00:00
9,9.316841125488281,39.99999761581421,1.0512736799137201,2026-07-25T19:16:10.526559+00:00
56,1.5204232931137085,31.999999284744263,1.0098267199646216,2026-07-25T19:16:20.411803+00:00
57,1.7307610511779785,19.999998807907104,1.065161239966983,2026-07-25T19:16:31.011172+00:00
10,7.5518999099731445,39.99999761581421,1.1325994999788236,2026-07-25T19:16:31.920681+00:00
58,1.506089210510254,31.999999284744263,1.0193935999996029,2026-07-25T19:16:53.114721+00:00
11,13.159178733825684,31.999999284744263,1.0652132600080222,2026-07-25T19:16:54.327293+00:00
59,1.716888427734375,23.999999463558197,1.0464344000502024,2026-07-25T19:17:03.507791+00:00
12,10.995615005493164,43.99999976158142,1.008381739957258,2026-07-25T19:17:04.723394+00:00
60,1.7791622877120972,19.999998807907104,1.0348053400230128,2026-07-25T19:17:13.936486+00:00
13,9.291613578796387,56.00000023841858,0.9932278998894617,2026-07-25T19:17:15.226825+00:00
61,1.765100359916687,7.999999821186066,1.0306818399112672,2026-07-25T19:17:24.581431+00:00
14,5.453983306884766,47.999998927116394,1.0254928001086228,2026-07-25T19:17:25.659367+00:00
62,1.6223130226135254,28.00000011920929,1.026121799950488,2026-07-25T19:17:35.382315+00:00
15,6.095995903015137,62.00000047683716,0.971509279916063,2026-07-25T19:17:36.096577+00:00
63,1.7183279991149902,34.00000035762787,1.0832858800131362,2026-07-25T19:17:57.491602+00:00
16,7.222186088562012,41.999998688697815,1.0469509600079618,2026-07-25T19:17:58.185946+00:00
64,1.7778903245925903,17.999999225139618,1.0604612399765756,2026-07-25T19:18:08.021143+00:00
17,6.7943115234375,51.99999809265137,0.9984857399831526,2026-07-25T19:18:08.619477+00:00
65,1.6659713983535767,9.999999403953552,0.9939030799432658,2026-07-25T19:18:18.430951+00:00
18,12.701689720153809,28.00000011920929,0.9604590399248991,2026-07-25T19:18:18.969027+00:00
19,8.233989715576172,31.999999284744263,1.0029011599544901,2026-07-25T19:18:40.560249+00:00
66,1.9561866521835327,14.000000059604645,0.9901141798764,2026-07-25T19:18:40.836626+00:00
20,8.792778015136719,23.999999463558197,1.2203133800358046,2026-07-25T19:18:50.843564+00:00
67,1.778825283050537,17.999999225139618,0.9793884398823138,2026-07-25T19:18:51.105985+00:00
68,1.6813406944274902,25.999999046325684,1.0258701800194103,2026-07-25T19:19:02.017066+00:00
21,5.910610198974609,29.999998211860657,0.9804757799429353,2026-07-25T19:19:12.382090+00:00
22,6.150607109069824,35.999998450279236,0.9679135000624228,2026-07-25T19:19:22.828448+00:00
69,1.894777536392212,15.999999642372131,0.9746493800776079,2026-07-25T19:19:23.462386+00:00
23,2.7969210147857666,47.999998927116394,0.9718708800210152,2026-07-25T19:19:33.339055+00:00
70,1.6123955249786377,35.999998450279236,1.1467079400608782,2026-07-25T19:19:33.863263+00:00
71,1.7556123733520508,21.99999988079071,1.0105379798915237,2026-07-25T19:19:44.238736+00:00
24,3.9821910858154297,31.999999284744263,1.0548449199995957,2026-07-25T19:19:54.735696+00:00
25,7.127549648284912,29.999998211860657,0.9784814200247639,2026-07-25T19:20:05.329867+00:00
72,1.7155699729919434,37.99999952316284,0.9520591598993633,2026-07-25T19:20:05.720363+00:00
73,1.7816269397735596,17.999999225139618,0.9679553000023589,2026-07-25T19:20:16.032090+00:00
26,3.4234349727630615,35.999998450279236,1.3248818599095102,2026-07-25T19:20:26.230433+00:00
74,2.0613322257995605,19.999998807907104,0.9604972199304029,2026-07-25T19:20:26.420171+00:00
75,1.7157180309295654,21.99999988079071,0.9664230799535289,2026-07-25T19:20:36.657887+00:00
76,1.7564098834991455,37.99999952316284,1.1068077800155152,2026-07-25T19:20:47.120524+00:00
27,6.039661407470703,19.999998807907104,0.9820742000010796,2026-07-25T19:20:47.239833+00:00
28,4.441198825836182,23.999999463558197,1.0952188998635393,2026-07-25T19:20:57.497476+00:00
29,1.5902917385101318,37.99999952316284,1.018312340020202,2026-07-25T19:21:07.919095+00:00
77,2.043825387954712,23.999999463558197,1.0167124400322791,2026-07-25T19:21:08.942949+00:00
30,4.802714824676514,3.999999910593033,1.041942640003981,2026-07-25T19:21:29.795135+00:00
78,2.699324607849121,23.999999463558197,1.047657120070653,2026-07-25T19:21:31.034684+00:00
79,1.8981246948242188,25.999999046325684,0.9794406199944207,2026-07-25T19:21:41.349749+00:00
31,2.1006479263305664,23.999999463558197,1.0201716600568034,2026-07-25T19:21:51.397713+00:00
80,1.752785325050354,25.999999046325684,0.9930526200332679,2026-07-25T19:22:02.996312+00:00
32,3.1124467849731445,37.99999952316284,1.0309310199227184,2026-07-25T19:22:13.472242+00:00
33,2.4241812229156494,43.99999976158142,1.4775276400905568,2026-07-25T19:22:24.032305+00:00
81,1.865944266319275,25.999999046325684,1.0017641600279603,2026-07-25T19:22:24.478119+00:00
34,2.192763090133667,37.99999952316284,3.582481580087915,2026-07-25T19:22:45.656288+00:00
82,1.9369642734527588,19.999998807907104,0.9743678399536293,2026-07-25T19:22:46.263218+00:00
35,2.4451913833618164,29.999998211860657,1.0709492799651343,2026-07-25T19:22:56.181444+00:00
36,1.963973045349121,28.00000011920929,0.9916229399095755,2026-07-25T19:23:06.660632+00:00
83,1.8525460958480835,28.00000011920929,1.001250899862498,2026-07-25T19:23:07.703684+00:00
37,2.3417246341705322,21.99999988079071,1.010466820007423,2026-07-25T19:23:17.165031+00:00
38,3.1882004737854004,14.000000059604645,0.9586340800160542,2026-07-25T19:23:27.721700+00:00
84,1.9600645303726196,25.999999046325684,1.0778834599477705,2026-07-25T19:23:29.608130+00:00
39,1.978678584098816,21.99999988079071,0.9657320000405889,2026-07-25T19:23:38.307393+00:00
85,1.9482418298721313,15.999999642372131,1.1692716399556957,2026-07-25T19:23:51.502288+00:00
40,1.7507917881011963,23.999999463558197,0.9915193800406996,2026-07-25T19:23:59.947250+00:00
41,1.7964529991149902,19.999998807907104,1.0215596400666982,2026-07-25T19:24:10.348958+00:00
86,1.5303469896316528,43.99999976158142,0.9581167998840101,2026-07-25T19:24:13.337534+00:00
42,2.587827444076538,21.99999988079071,0.9800182399339974,2026-07-25T19:24:20.757434+00:00
87,2.2861406803131104,3.999999910593033,0.96398442008649,2026-07-25T19:24:23.726570+00:00
43,2.0995664596557617,41.999998688697815,1.0795932199107483,2026-07-25T19:24:31.252034+00:00
44,4.183900356292725,9.999999403953552,1.0984740599815268,2026-07-25T19:24:41.550418+00:00
88,2.2902133464813232,11.999999731779099,0.9896758200193289,2026-07-25T19:24:45.344065+00:00
89,2.2743115425109863,5.999999865889549,1.0799286799738184,2026-07-25T19:24:55.909876+00:00
45,2.045872688293457,43.99999976158142,0.9663245199772064,2026-07-25T19:25:03.173746+00:00
90,1.8173854351043701,7.999999821186066,0.9746093599824235,2026-07-25T19:25:06.435545+00:00
46,2.3182413578033447,19.999998807907104,3.304866639955435,2026-07-25T19:25:13.566912+00:00
91,2.1792445182800293,17.999999225139618,1.0757768800249323,2026-07-25T19:25:16.935418+00:00
47,2.1033637523651123,19.999998807907104,0.9840944600000511,2026-07-25T19:25:23.960706+00:00
92,1.9497746229171753,17.999999225139618,1.0350004199426621,2026-07-25T19:25:27.509792+00:00
93,1.6681854724884033,28.00000011920929,1.0166974599997047,2026-07-25T19:25:38.060615+00:00
48,2.129392147064209,25.999999046325684,0.9835515799932182,2026-07-25T19:25:45.388248+00:00
94,2.0989935398101807,37.99999952316284,1.0438555799191818,2026-07-25T19:25:48.687217+00:00
49,2.388253688812256,19.999998807907104,1.0597838599642273,2026-07-25T19:25:56.004351+00:00
95,1.7376165390014648,37.99999952316284,1.0658498998964205,2026-07-25T19:25:59.342278+00:00
50,2.1145408153533936,29.999998211860657,0.9927602999960072,2026-07-25T19:26:06.652794+00:00
96,2.0148098468780518,21.99999988079071,1.0037165399990045,2026-07-25T19:26:10.000287+00:00
51,3.3023035526275635,17.999999225139618,0.9907016198849306,2026-07-25T19:26:17.219023+00:00
97,1.9050675630569458,21.99999988079071,0.9943103599653115,2026-07-25T19:26:20.488580+00:00
52,2.9322469234466553,3.999999910593033,1.0129405200132169,2026-07-25T19:26:27.734870+00:00
53,1.5266032218933105,51.99999809265137,1.0222763399360701,2026-07-25T19:26:38.113525+00:00
98,1.991652488708496,11.999999731779099,1.13212314012344,2026-07-25T19:26:42.525894+00:00
54,2.2952771186828613,25.999999046325684,0.9929445800662506,2026-07-25T19:27:00.121899+00:00
99,2.1068999767303467,29.999998211860657,0.9892119799042121,2026-07-25T19:27:04.050182+00:00
100,2.10554575920105,17.999999225139618,0.9967776399571449,2026-07-25T19:27:14.621403+00:00
55,3.2057135105133057,15.999999642372131,1.0675501599325798,2026-07-25T19:27:21.512437+00:00
101,2.2097432613372803,21.99999988079071,1.0247438198712189,2026-07-25T19:27:36.363999+00:00
56,2.7652053833007812,28.00000011920929,0.9778015001211315,2026-07-25T19:27:43.864455+00:00
57,2.689063787460327,23.999999463558197,0.9955361000902486,2026-07-25T19:27:54.403546+00:00
102,1.931803584098816,28.00000011920929,1.0130729200318456,2026-07-25T19:27:58.882940+00:00
58,2.0501163005828857,39.99999761581421,1.00263320011436,2026-07-25T19:28:04.804356+00:00
103,1.9292205572128296,35.999998450279236,1.0173800599295646,2026-07-25T19:28:09.022352+00:00
59,1.7199395895004272,21.99999988079071,0.967651919927448,2026-07-25T19:28:15.034652+00:00
104,1.8040313720703125,25.999999046325684,1.0053569600859191,2026-07-25T19:28:19.572402+00:00
60,1.6897763013839722,34.00000035762787,0.9967550600413233,2026-07-25T19:28:25.451449+00:00
105,1.5666941404342651,31.999999284744263,1.0808343799726572,2026-07-25T19:28:30.089178+00:00
106,2.0069615840911865,15.999999642372131,0.9850910599925556,2026-07-25T19:28:40.756637+00:00
61,2.292799472808838,11.999999731779099,0.9980643801100086,2026-07-25T19:28:46.623978+00:00
107,1.8826725482940674,23.999999463558197,1.0302535600203555,2026-07-25T19:28:51.205028+00:00
108,2.0455965995788574,21.99999988079071,0.9777888999087736,2026-07-25T19:29:01.637305+00:00
62,1.942553997039795,25.999999046325684,1.013036059885053,2026-07-25T19:29:07.628824+00:00
109,1.8886959552764893,29.999998211860657,1.009257279947633,2026-07-25T19:29:12.078740+00:00
63,2.6266651153564453,29.999998211860657,1.0250122599245515,2026-07-25T19:29:17.968567+00:00
110,2.0344719886779785,14.000000059604645,0.9737571800360456,2026-07-25T19:29:33.667806+00:00
64,4.094821929931641,11.999999731779099,0.9620403799635824,2026-07-25T19:29:39.178229+00:00
111,2.4570748805999756,17.999999225139618,1.1594643999706022,2026-07-25T19:29:44.020237+00:00
65,3.4401581287384033,3.999999910593033,1.0518428799696267,2026-07-25T19:29:49.496743+00:00
112,1.640899658203125,21.99999988079071,1.0265477999928407,2026-07-25T19:29:54.782011+00:00
66,2.123936176300049,34.00000035762787,0.9729870600858703,2026-07-25T19:29:59.905975+00:00
113,1.850598931312561,15.999999642372131,0.9723508800379932,2026-07-25T19:30:05.188250+00:00
67,2.1233034133911133,17.999999225139618,1.0009509199880995,2026-07-25T19:30:10.158341+00:00
68,2.416978597640991,19.999998807907104,1.0079164800117724,2026-07-25T19:30:20.334819+00:00
114,1.7701295614242554,31.999999284744263,1.004764859972056,2026-07-25T19:30:26.718369+00:00
115,1.9710497856140137,25.999999046325684,0.9389684601046611,2026-07-25T19:30:37.162788+00:00
69,3.0989227294921875,17.999999225139618,0.9652587599703111,2026-07-25T19:30:41.582849+00:00
116,2.1007585525512695,3.999999910593033,0.9847742799320258,2026-07-25T19:30:47.346845+00:00
70,2.0689537525177,45.99999785423279,0.9654224400583189,2026-07-25T19:31:02.935739+00:00
117,2.4952902793884277,3.999999910593033,0.9763185399060603,2026-07-25T19:31:08.658801+00:00
71,2.1880881786346436,19.999998807907104,0.9683081999537535,2026-07-25T19:31:13.105365+00:00
118,1.923958420753479,21.99999988079071,0.9708135000255425,2026-07-25T19:31:18.983413+00:00
119,2.461395025253296,29.999998211860657,1.0051199200097471,2026-07-25T19:31:29.364892+00:00
72,2.765779972076416,37.99999952316284,0.9804914399865083,2026-07-25T19:31:34.473912+00:00
120,1.8424986600875854,17.999999225139618,0.9681895999528933,2026-07-25T19:31:50.630418+00:00
73,2.2651755809783936,29.999998211860657,0.9602233000623528,2026-07-25T19:31:55.753236+00:00
121,2.0225062370300293,29.999998211860657,1.0704118800640572,2026-07-25T19:32:01.274189+00:00
74,1.6957815885543823,35.999998450279236,1.005876800045371,2026-07-25T19:32:17.125897+00:00
122,2.126535415649414,29.999998211860657,1.009645640006056,2026-07-25T19:32:22.852714+00:00
75,2.5411763191223145,28.00000011920929,0.9834964400215541,2026-07-25T19:32:27.539343+00:00
123,1.683313012123108,14.000000059604645,1.0515737200330477,2026-07-25T19:32:33.166963+00:00
76,4.246512413024902,14.000000059604645,0.9653198599698953,2026-07-25T19:32:48.825074+00:00
124,1.8083243370056152,29.999998211860657,1.009331560053397,2026-07-25T19:32:55.012782+00:00
77,2.584930181503296,17.999999225139618,1.0286150600586552,2026-07-25T19:32:59.438456+00:00
125,1.6573004722595215,35.999998450279236,1.0252848200616427,2026-07-25T19:33:05.527753+00:00
126,2.1024341583251953,34.00000035762787,0.9754123000311665,2026-07-25T19:33:15.790033+00:00
78,2.1603541374206543,15.999999642372131,0.996522659988841,2026-07-25T19:33:20.728508+00:00
127,2.3272855281829834,11.999999731779099,1.025532280036714,2026-07-25T19:33:26.271278+00:00
79,2.5870208740234375,25.999999046325684,1.0284618999867234,2026-07-25T19:33:31.115311+00:00
128,2.898630142211914,17.999999225139618,1.0269820400571916,2026-07-25T19:33:36.817644+00:00
129,1.7067146301269531,28.00000011920929,1.0680217799381353,2026-07-25T19:33:47.477852+00:00
80,2.043572187423706,11.999999731779099,0.9870481400866993,2026-07-25T19:33:52.818007+00:00
81,1.6902295351028442,29.999998211860657,0.9995164399151689,2026-07-25T19:34:03.281758+00:00
130,1.8042389154434204,21.99999988079071,1.2897337399772368,2026-07-25T19:34:09.616730+00:00
131,2.2177810668945312,25.999999046325684,0.9878396999556571,2026-07-25T19:34:20.131624+00:00
82,2.095991611480713,7.999999821186066,3.335653420072049,2026-07-25T19:34:24.965019+00:00
83,2.438971519470215,28.00000011920929,1.0316597801283933,2026-07-25T19:34:35.508346+00:00
132,1.988153100013733,23.999999463558197,1.0014809000131208,2026-07-25T19:34:42.038391+00:00
84,3.0359346866607666,21.99999988079071,1.0279989799892064,2026-07-25T19:34:45.874979+00:00
85,1.5446264743804932,28.00000011920929,1.0660243799793534,2026-07-25T19:34:56.726546+00:00
133,2.1316640377044678,35.999998450279236,1.0005385600379668,2026-07-25T19:35:03.986104+00:00
86,2.267443895339966,39.99999761581421,0.9531511399836745,2026-07-25T19:35:07.480967+00:00
134,1.9282037019729614,17.999999225139618,1.0593308799434453,2026-07-25T19:35:14.346284+00:00
87,3.024099111557007,43.99999976158142,1.010859200032428,2026-07-25T19:35:17.912202+00:00
135,1.6147085428237915,29.999998211860657,0.9646868600975722,2026-07-25T19:35:24.851975+00:00
88,1.6464593410491943,23.999999463558197,1.0269663199142087,2026-07-25T19:35:28.428492+00:00
136,1.8030483722686768,21.99999988079071,1.0288008399948012,2026-07-25T19:35:46.753538+00:00
89,3.080826759338379,3.999999910593033,0.9801897199940868,2026-07-25T19:35:50.143449+00:00
137,1.931007981300354,34.00000035762787,1.055768460064428,2026-07-25T19:35:57.348091+00:00
138,2.3620355129241943,17.999999225139618,1.037551499903202,2026-07-25T19:36:07.933988+00:00
90,2.1625287532806396,9.999999403953552,1.011123220087029,2026-07-25T19:36:12.089928+00:00
91,3.2914440631866455,35.999998450279236,0.9955943399108946,2026-07-25T19:36:22.615080+00:00
139,2.0206127166748047,25.999999046325684,1.0631116200238466,2026-07-25T19:36:29.851358+00:00
140,1.690374732017517,7.999999821186066,1.060244060063269,2026-07-25T19:36:40.697866+00:00
92,1.962321162223816,25.999999046325684,0.9768248000182213,2026-07-25T19:36:44.451608+00:00
141,1.6823992729187012,21.99999988079071,0.9562345199810807,2026-07-25T19:36:51.463264+00:00
93,2.0148870944976807,41.999998688697815,1.044889199984027,2026-07-25T19:36:54.893441+00:00
94,2.1116602420806885,3.999999910593033,1.058398000022862,2026-07-25T19:37:05.648668+00:00
142,3.2150421142578125,51.99999809265137,0.9675339600653388,2026-07-25T19:37:13.797077+00:00
143,1.9746061563491821,23.999999463558197,1.059902019915171,2026-07-25T19:37:24.319467+00:00
95,1.8852392435073853,19.999998807907104,1.0605660401051864,2026-07-25T19:37:27.430638+00:00
144,1.6638548374176025,35.999998450279236,0.9745744201063644,2026-07-25T19:37:46.130859+00:00
96,2.9310662746429443,14.000000059604645,1.0200079799687956,2026-07-25T19:37:48.933870+00:00
145,1.9504668712615967,15.999999642372131,1.0413804001291282,2026-07-25T19:37:56.596120+00:00
146,4.3665690422058105,23.999999463558197,0.9604371199384332,2026-07-25T19:38:07.089099+00:00
97,2.901069402694702,35.999998450279236,0.9795565200329291,2026-07-25T19:38:10.978768+00:00
147,2.5289323329925537,17.999999225139618,1.0247869600425474,2026-07-25T19:38:17.612003+00:00
98,2.686406135559082,21.99999988079071,1.0334399600105826,2026-07-25T19:38:21.332641+00:00
148,1.6341633796691895,28.00000011920929,0.9535876799782272,2026-07-25T19:38:28.052954+00:00
99,2.2318694591522217,23.999999463558197,1.0219727200455964,2026-07-25T19:38:32.281986+00:00
100,3.115065336227417,7.999999821186066,0.9655633199145086,2026-07-25T19:38:42.996481+00:00
149,2.2405591011047363,28.00000011920929,0.9855085199524183,2026-07-25T19:38:49.454233+00:00
101,3.123551845550537,21.99999988079071,1.0093353400588967,2026-07-25T19:38:53.384170+00:00
150,1.9516345262527466,17.999999225139618,1.000191899947822,2026-07-25T19:39:00.271468+00:00
102,3.054311513900757,15.999999642372131,0.9946264000609518,2026-07-25T19:39:03.756507+00:00
151,1.7840991020202637,23.999999463558197,1.0109386399562936,2026-07-25T19:39:10.539597+00:00
103,2.438469409942627,21.99999988079071,1.0205448600754607,2026-07-25T19:39:14.140374+00:00
152,1.8643219470977783,19.999998807907104,0.9855172999959905,2026-07-25T19:39:21.143630+00:00
104,2.712118625640869,29.999998211860657,1.0092813399387524,2026-07-25T19:39:24.420336+00:00
153,2.020193099975586,25.999999046325684,0.9797075600363313,2026-07-25T19:39:31.631514+00:00
105,2.6216113567352295,19.999998807907104,1.027501500066137,2026-07-25T19:39:35.419132+00:00
106,1.6935278177261353,21.99999988079071,1.017448000056902,2026-07-25T19:39:45.658537+00:00
154,2.7946360111236572,35.999998450279236,0.95161367993569,2026-07-25T19:39:52.982096+00:00
107,2.448554277420044,21.99999988079071,1.1344858999655116,2026-07-25T19:39:56.199412+00:00
155,1.8773995637893677,41.999998688697815,0.9627801399619784,2026-07-25T19:40:03.211268+00:00
108,2.4315176010131836,21.99999988079071,1.0067127799266018,2026-07-25T19:40:17.881024+00:00
156,2.356492757797241,37.99999952316284,1.0721736600680742,2026-07-25T19:40:24.521823+00:00
109,2.4825026988983154,25.999999046325684,1.0159453000233043,2026-07-25T19:40:39.668703+00:00
157,1.6492507457733154,17.999999225139618,0.9848794600111432,2026-07-25T19:40:45.966661+00:00
158,1.9243371486663818,23.999999463558197,1.0184390599897597,2026-07-25T19:40:56.336119+00:00
110,3.03231143951416,25.999999046325684,1.0153181198984385,2026-07-25T19:41:01.692191+00:00
159,3.01955509185791,0.0,1.0112970200134441,2026-07-25T19:41:06.721483+00:00
111,4.005324840545654,23.999999463558197,1.0036143400066067,2026-07-25T19:41:11.908063+00:00
160,2.342754602432251,15.999999642372131,1.0211830199114047,2026-07-25T19:41:17.088870+00:00
112,2.387721538543701,31.999999284744263,1.0049846999754664,2026-07-25T19:41:22.388916+00:00
161,1.9522583484649658,21.99999988079071,0.9598497400293127,2026-07-25T19:41:27.483581+00:00
113,2.877290964126587,39.99999761581421,0.9726253199914936,2026-07-25T19:41:33.223423+00:00
162,1.827397108078003,3.999999910593033,0.9513563399377745,2026-07-25T19:41:38.026056+00:00
114,2.159574270248413,5.999999865889549,1.0133108399168123,2026-07-25T19:41:43.415571+00:00
163,1.758569598197937,35.999998450279236,1.0307529399869964,2026-07-25T19:41:48.326025+00:00
115,2.566976308822632,19.999998807907104,1.0514867599704303,2026-07-25T19:41:54.513055+00:00
164,2.303443193435669,11.999999731779099,1.0397440398810431,2026-07-25T19:41:58.963108+00:00
165,1.7203118801116943,35.999998450279236,1.023666600085562,2026-07-25T19:42:09.314927+00:00
116,4.121905326843262,19.999998807907104,0.9817736399418209,2026-07-25T19:42:16.029230+00:00
117,1.897009015083313,34.00000035762787,1.0078651799994987,2026-07-25T19:42:26.412431+00:00
166,2.1319382190704346,21.99999988079071,0.9996213400154375,2026-07-25T19:42:30.683400+00:00
118,2.9764792919158936,29.999998211860657,0.9618022799259052,2026-07-25T19:42:37.288432+00:00
167,1.836592674255371,21.99999988079071,1.0362256999360397,2026-07-25T19:42:40.969308+00:00
119,2.4738576412200928,17.999999225139618,1.0065821200259961,2026-07-25T19:42:47.701074+00:00
168,2.0469324588775635,29.999998211860657,1.0118989799229894,2026-07-25T19:42:51.287260+00:00
120,3.019529104232788,1.9999999552965164,1.0435574999428354,2026-07-25T19:42:58.347347+00:00
169,1.973791241645813,11.999999731779099,1.0069335000298452,2026-07-25T19:43:13.461821+00:00
121,4.192865371704102,28.00000011920929,1.0039052600041032,2026-07-25T19:43:19.774935+00:00
170,2.118272304534912,17.999999225139618,1.0011671799293254,2026-07-25T19:43:23.750530+00:00
122,3.672614812850952,19.999998807907104,1.0770042400690727,2026-07-25T19:43:30.400537+00:00
171,1.828047752380371,21.99999988079071,0.9853895001288038,2026-07-25T19:43:45.448283+00:00
123,3.3343300819396973,17.999999225139618,0.9938257600879297,2026-07-25T19:43:51.702913+00:00
172,2.9248809814453125,3.999999910593033,1.018722360022366,2026-07-25T19:44:07.127046+00:00
124,4.54551887512207,29.999998211860657,0.9905506001086906,2026-07-25T19:44:13.587098+00:00
173,1.6068463325500488,29.999998211860657,1.0161091599729843,2026-07-25T19:44:17.474110+00:00
125,2.512692451477051,23.999999463558197,0.9752027000649832,2026-07-25T19:44:24.002961+00:00
174,1.887210726737976,29.999998211860657,0.9602694399654865,2026-07-25T19:44:27.849086+00:00
126,2.365777015686035,11.999999731779099,0.9834749798756093,2026-07-25T19:44:34.870257+00:00
127,2.1558139324188232,28.00000011920929,1.000918400095543,2026-07-25T19:44:45.227197+00:00
175,1.745222806930542,25.999999046325684,0.9772260600584559,2026-07-25T19:44:49.638269+00:00
128,2.9288299083709717,17.999999225139618,1.084071759978542,2026-07-25T19:44:55.733100+00:00
129,2.9267685413360596,23.999999463558197,1.008537099987734,2026-07-25T19:45:06.108998+00:00
176,1.8479362726211548,23.999999463558197,1.0067874800006393,2026-07-25T19:45:11.604423+00:00
130,2.73643159866333,14.000000059604645,0.9803668600216041,2026-07-25T19:45:16.596130+00:00
177,1.735876441001892,11.999999731779099,1.0157352399255615,2026-07-25T19:45:21.918585+00:00
131,2.8952884674072266,15.999999642372131,0.9699806399294175,2026-07-25T19:45:27.153714+00:00
132,2.577674627304077,15.999999642372131,1.044004059949657,2026-07-25T19:45:37.520941+00:00
178,3.098824977874756,25.999999046325684,1.0466361200087704,2026-07-25T19:45:43.542354+00:00
179,2.0508835315704346,15.999999642372131,1.0388640199380461,2026-07-25T19:45:53.796960+00:00
133,2.248561382293701,19.999998807907104,1.029066660121316,2026-07-25T19:45:59.135608+00:00
180,2.5096559524536133,23.999999463558197,0.9918759399442933,2026-07-25T19:46:04.496886+00:00
134,2.7801339626312256,7.999999821186066,1.0415447800187394,2026-07-25T19:46:09.386452+00:00
135,2.6838977336883545,29.999998211860657,0.9935721999499948,2026-07-25T19:46:19.749655+00:00
181,2.682856559753418,15.999999642372131,0.9902094199787825,2026-07-25T19:46:25.843074+00:00
136,2.643627643585205,15.999999642372131,1.165019620093517,2026-07-25T19:46:42.467533+00:00
182,1.8293941020965576,17.999999225139618,3.6168633599299937,2026-07-25T19:46:47.657047+00:00
137,1.8396508693695068,34.00000035762787,1.03113115997985,2026-07-25T19:46:53.267170+00:00
183,2.8549485206604004,5.999999865889549,0.9809197799768299,2026-07-25T19:46:57.998866+00:00
184,1.8071682453155518,3.999999910593033,1.001483139989432,2026-07-25T19:47:08.410416+00:00
138,2.9882373809814453,15.999999642372131,0.9969213200383819,2026-07-25T19:47:15.214475+00:00
185,2.405224323272705,39.99999761581421,1.1181451799347997,2026-07-25T19:47:18.799605+00:00
139,2.250523328781128,9.999999403953552,1.0333460400579497,2026-07-25T19:47:36.868403+00:00
186,2.460165023803711,29.999998211860657,0.9574624800006859,2026-07-25T19:47:40.169845+00:00
140,3.8354241847991943,21.99999988079071,0.9807349600305314,2026-07-25T19:47:47.176727+00:00
187,2.294081926345825,19.999998807907104,0.998160440067295,2026-07-25T19:47:50.526055+00:00
141,2.2292909622192383,21.99999988079071,1.1178197199478745,2026-07-25T19:47:58.136191+00:00
188,1.7340502738952637,19.999998807907104,0.984210899914615,2026-07-25T19:48:12.403772+00:00
142,2.4048895835876465,19.999998807907104,1.111132939986419,2026-07-25T19:48:19.804958+00:00
189,2.2306885719299316,17.999999225139618,1.017475259868661,2026-07-25T19:48:23.102647+00:00
190,1.8069510459899902,11.999999731779099,0.9853818800183946,2026-07-25T19:48:33.552056+00:00
143,2.744389533996582,17.999999225139618,0.9845582999696489,2026-07-25T19:48:42.044017+00:00
144,2.2267980575561523,7.999999821186066,0.9770291400491261,2026-07-25T19:48:52.311151+00:00
191,1.8098279237747192,21.99999988079071,0.993129140115343,2026-07-25T19:48:54.990686+00:00
145,3.741860866546631,17.999999225139618,0.9838741600106005,2026-07-25T19:49:13.773612+00:00
192,2.0776422023773193,17.999999225139618,0.9475430400925688,2026-07-25T19:49:16.189553+00:00
146,2.7171432971954346,28.00000011920929,1.0119995799323078,2026-07-25T19:49:23.874633+00:00
147,2.63105845451355,19.999998807907104,0.9950738000043201,2026-07-25T19:49:34.705077+00:00
193,2.683354377746582,21.99999988079071,0.9855136999976821,2026-07-25T19:49:37.405152+00:00
148,2.5981955528259277,25.999999046325684,1.0383262200048193,2026-07-25T19:49:55.961868+00:00
194,1.8412888050079346,39.99999761581421,0.926071659923764,2026-07-25T19:49:58.702453+00:00
149,1.9701690673828125,35.999998450279236,0.9801575599703938,2026-07-25T19:50:17.101247+00:00
195,2.3033032417297363,19.999998807907104,0.9871391400520224,2026-07-25T19:50:20.139715+00:00
150,2.8503003120422363,17.999999225139618,1.0068682199926116,2026-07-25T19:50:27.481246+00:00
151,1.8589434623718262,25.999999046325684,0.9858307598915417,2026-07-25T19:50:38.401868+00:00
196,1.9461115598678589,19.999998807907104,0.959021099988604,2026-07-25T19:50:41.455801+00:00
152,3.135132074356079,21.99999988079071,0.9873308599344455,2026-07-25T19:50:48.620567+00:00
197,1.6327029466629028,28.00000011920929,0.9524640400195494,2026-07-25T19:50:51.727665+00:00
198,2.5054006576538086,14.000000059604645,0.9692030999576673,2026-07-25T19:51:01.958189+00:00
153,3.3025121688842773,21.99999988079071,1.0637116398720536,2026-07-25T19:51:10.366112+00:00
199,2.53326416015625,17.999999225139618,0.9935016199597156,2026-07-25T19:51:12.282811+00:00
154,3.4819388389587402,25.999999046325684,0.9887989799608476,2026-07-25T19:51:20.551288+00:00
200,2.360062599182129,34.00000035762787,0.9999306200188586,2026-07-25T19:51:34.030861+00:00
155,2.0837409496307373,21.99999988079071,1.006875780003611,2026-07-25T19:51:42.254130+00:00
201,2.00056529045105,28.00000011920929,0.9782500599976628,2026-07-25T19:51:44.324206+00:00
156,2.745217800140381,39.99999761581421,0.9854767000069842,2026-07-25T19:51:53.051002+00:00
202,2.305828809738159,3.999999910593033,1.0417068599781487,2026-07-25T19:51:54.651705+00:00
157,2.7810094356536865,28.00000011920929,0.970801960065728,2026-07-25T19:52:03.739460+00:00
203,1.620129108428955,23.999999463558197,0.9734676600783132,2026-07-25T19:52:15.677158+00:00
158,2.4433884620666504,23.999999463558197,1.0070474400708918,2026-07-25T19:52:24.913295+00:00
204,1.9682974815368652,14.000000059604645,0.9867061600380113,2026-07-25T19:52:36.989974+00:00
159,2.557326555252075,23.999999463558197,1.033726960013155,2026-07-25T19:52:46.483219+00:00
205,1.9279870986938477,25.999999046325684,1.018656939995708,2026-07-25T19:52:47.299669+00:00
160,3.020664691925049,25.999999046325684,0.9980763000203297,2026-07-25T19:53:08.436129+00:00
206,1.940966010093689,23.999999463558197,0.9984475999954158,2026-07-25T19:53:08.783739+00:00
161,4.220162868499756,7.999999821186066,1.421578080044128,2026-07-25T19:53:29.594385+00:00
207,3.002260684967041,17.999999225139618,1.2125298599130474,2026-07-25T19:53:30.737571+00:00
208,2.642976999282837,23.999999463558197,1.0066328399989288,2026-07-25T19:53:41.141784+00:00
162,2.206916093826294,21.99999988079071,1.025302079942776,2026-07-25T19:53:50.884897+00:00
209,2.576725959777832,28.00000011920929,0.9587550799187738,2026-07-25T19:53:51.438777+00:00
210,1.8725249767303467,21.99999988079071,0.9891547399456613,2026-07-25T19:54:01.734159+00:00
211,1.7873644828796387,21.99999988079071,0.9640505800780375,2026-07-25T19:54:12.071527+00:00
163,2.5007200241088867,25.999999046325684,1.0396426399529446,2026-07-25T19:54:12.559957+00:00
212,2.163224220275879,21.99999988079071,0.9712003600725438,2026-07-25T19:54:22.445213+00:00
164,2.8784093856811523,21.99999988079071,0.9724956800346263,2026-07-25T19:54:22.776368+00:00
165,2.763187885284424,11.999999731779099,0.9697254399361555,2026-07-25T19:54:33.496441+00:00
213,1.677769660949707,23.999999463558197,1.1179653600265738,2026-07-25T19:54:43.817739+00:00
166,2.6393582820892334,21.99999988079071,1.1256927200884093,2026-07-25T19:54:43.846414+00:00
214,3.576516628265381,31.999999284744263,1.0425259800103959,2026-07-25T19:54:54.075928+00:00
215,2.271878957748413,23.999999463558197,1.1932670000533108,2026-07-25T19:55:04.849812+00:00
167,2.00224232673645,7.999999821186066,0.9784163598669693,2026-07-25T19:55:05.093289+00:00
216,1.883547306060791,25.999999046325684,1.039448179944884,2026-07-25T19:55:15.096568+00:00
168,1.7561551332473755,25.999999046325684,1.0049262399843428,2026-07-25T19:55:15.429240+00:00
217,2.659163236618042,39.99999761581421,0.9735670199734159,2026-07-25T19:55:25.315421+00:00
169,1.9919116497039795,17.999999225139618,1.013092139910441,2026-07-25T19:55:25.792997+00:00
218,1.7862666845321655,31.999999284744263,1.1519770599261392,2026-07-25T19:55:35.615275+00:00
219,2.4064037799835205,23.999999463558197,1.0081441199872643,2026-07-25T19:55:45.963859+00:00
170,2.4742112159729004,29.999998211860657,0.9754851199977566,2026-07-25T19:55:47.411848+00:00
220,2.5316410064697266,1.9999999552965164,1.0014336599851958,2026-07-25T19:55:56.453604+00:00
221,1.838468313217163,19.999998807907104,0.978111440053908,2026-07-25T19:56:06.616536+00:00
171,2.2948074340820312,23.999999463558197,0.9920550599053968,2026-07-25T19:56:08.973901+00:00
222,2.1129226684570312,17.999999225139618,0.9748337599739898,2026-07-25T19:56:16.955321+00:00
172,4.810202121734619,25.999999046325684,1.0040710600151215,2026-07-25T19:56:19.208108+00:00
223,1.9888298511505127,17.999999225139618,1.1305362200073432,2026-07-25T19:56:38.480823+00:00
173,4.075529098510742,0.0,1.1242601199774072,2026-07-25T19:56:41.449770+00:00
224,2.7178592681884766,17.999999225139618,0.9784354199655354,2026-07-25T19:56:49.116565+00:00
225,2.565936803817749,11.999999731779099,3.3012159600912128,2026-07-25T19:56:59.586508+00:00
174,1.7492318153381348,34.00000035762787,0.9932247598771937,2026-07-25T19:57:03.659343+00:00
226,3.0314087867736816,21.99999988079071,1.0373633200651966,2026-07-25T19:57:09.909536+00:00
175,2.714895009994507,15.999999642372131,0.9970039999461734,2026-07-25T19:57:13.883235+00:00
227,2.0994975566864014,15.999999642372131,1.004078020050656,2026-07-25T19:57:20.321653+00:00
176,2.4159228801727295,21.99999988079071,0.9796713000105228,2026-07-25T19:57:24.155529+00:00
228,1.5497208833694458,23.999999463558197,0.9929337400535587,2026-07-25T19:57:30.836402+00:00
177,2.377467155456543,29.999998211860657,0.9902690599847118,2026-07-25T19:57:34.861652+00:00
178,3.107184410095215,11.999999731779099,0.9662813800969161,2026-07-25T19:57:45.127434+00:00
229,2.53361439704895,17.999999225139618,1.0310049999679904,2026-07-25T19:57:51.928139+00:00
179,2.796419143676758,29.999998211860657,1.1113432799174916,2026-07-25T19:57:55.549769+00:00
230,2.163907527923584,19.999998807907104,0.9748952199879568,2026-07-25T19:58:02.304422+00:00
231,1.6360316276550293,23.999999463558197,1.0020190200884826,2026-07-25T19:58:12.583300+00:00
180,2.5437827110290527,39.99999761581421,0.9792046000075062,2026-07-25T19:58:16.872632+00:00
232,1.6202874183654785,19.999998807907104,1.002083500061417,2026-07-25T19:58:23.004561+00:00
181,1.9760388135910034,23.999999463558197,0.9637387799739372,2026-07-25T19:58:27.266356+00:00
233,1.8393843173980713,21.99999988079071,1.0476016800384969,2026-07-25T19:58:33.501835+00:00
182,4.998177528381348,5.999999865889549,0.9807852000812999,2026-07-25T19:58:38.240578+00:00
183,3.009859561920166,5.999999865889549,1.0091607600043062,2026-07-25T19:58:48.478669+00:00
234,1.6471340656280518,17.999999225139618,0.9586472999944817,2026-07-25T19:58:55.401896+00:00
184,2.481053113937378,34.00000035762787,0.9985130200220738,2026-07-25T19:58:59.231759+00:00
235,2.0111305713653564,17.999999225139618,0.973894780036062,2026-07-25T19:59:05.625262+00:00
185,2.3381402492523193,34.00000035762787,0.9971216598933096,2026-07-25T19:59:09.445891+00:00
186,2.849365234375,17.999999225139618,0.9921375999692827,2026-07-25T19:59:19.768538+00:00
236,1.8379559516906738,29.999998211860657,1.088788699998986,2026-07-25T19:59:27.060617+00:00
187,3.182805061340332,5.999999865889549,1.0640492200036533,2026-07-25T19:59:30.317886+00:00
237,2.124972343444824,5.999999865889549,0.9998015000019222,2026-07-25T19:59:37.169611+00:00
188,2.4821360111236572,21.99999988079071,1.011953139968682,2026-07-25T19:59:40.656508+00:00
238,2.007112979888916,1.9999999552965164,0.9815756999887527,2026-07-25T19:59:47.646382+00:00
189,4.337951183319092,23.999999463558197,1.0089622999657877,2026-07-25T19:59:51.074377+00:00
239,1.9629608392715454,31.999999284744263,0.9353534200636204,2026-07-25T19:59:58.185411+00:00
240,1.9911866188049316,19.999998807907104,1.0532758200133685,2026-07-25T20:00:08.390801+00:00
190,3.2000555992126465,21.99999988079071,1.046111000032397,2026-07-25T20:00:12.559215+00:00
241,1.9758367538452148,34.00000035762787,0.9724182399804704,2026-07-25T20:00:18.814471+00:00
191,2.889174699783325,14.000000059604645,0.9539040600066073,2026-07-25T20:00:22.848284+00:00
242,1.9888067245483398,17.999999225139618,1.1145370001031552,2026-07-25T20:00:29.548087+00:00
192,2.003143787384033,31.999999284744263,3.2131840399233624,2026-07-25T20:00:33.316121+00:00
243,1.9643625020980835,14.000000059604645,0.9574586400412954,2026-07-25T20:00:40.055659+00:00
193,2.702521324157715,21.99999988079071,0.9913380400394088,2026-07-25T20:00:43.573802+00:00
194,2.1013600826263428,25.999999046325684,0.9981145600613673,2026-07-25T20:00:53.864809+00:00
244,1.9813543558120728,5.999999865889549,0.9869257399986965,2026-07-25T20:01:02.051916+00:00
195,1.8809525966644287,39.99999761581421,0.9946605999721213,2026-07-25T20:01:04.218932+00:00
245,2.044375419616699,9.999999403953552,0.9781967800518033,2026-07-25T20:01:12.182587+00:00
246,2.1130080223083496,23.999999463558197,0.9863515400502364,2026-07-25T20:01:22.580342+00:00
196,2.0269482135772705,19.999998807907104,1.0074888600502163,2026-07-25T20:01:25.152626+00:00
247,2.3971107006073,21.99999988079071,0.9959431999595836,2026-07-25T20:01:32.858450+00:00
197,4.28427791595459,5.999999865889549,1.007641159958439,2026-07-25T20:01:36.090536+00:00
198,3.269777536392212,19.999998807907104,1.0754701400583144,2026-07-25T20:01:46.588435+00:00
248,1.9890495538711548,17.999999225139618,0.9710141598770861,2026-07-25T20:01:54.400468+00:00
199,1.8341466188430786,25.999999046325684,1.0835128799953964,2026-07-25T20:01:57.394796+00:00
249,2.262507438659668,7.999999821186066,0.9640588800539263,2026-07-25T20:02:04.671299+00:00
200,1.8344018459320068,15.999999642372131,1.0009814400109462,2026-07-25T20:02:08.346585+00:00
250,2.674921989440918,17.999999225139618,0.9621842599881347,2026-07-25T20:02:15.221209+00:00
201,2.977526903152466,31.999999284744263,1.0364571999525651,2026-07-25T20:02:30.045159+00:00
251,1.7886474132537842,23.999999463558197,1.009662440046668,2026-07-25T20:02:36.603390+00:00
202,1.9203698635101318,21.99999988079071,0.9800828399602324,2026-07-25T20:02:40.504047+00:00
252,1.6028337478637695,15.999999642372131,0.9805703601159621,2026-07-25T20:02:46.824812+00:00
253,1.8589885234832764,21.99999988079071,0.9942780798883176,2026-07-25T20:02:57.079269+00:00
203,1.8282586336135864,25.999999046325684,1.002021159947617,2026-07-25T20:03:01.938576+00:00
254,1.548903226852417,34.00000035762787,0.9897941199596971,2026-07-25T20:03:07.422691+00:00
204,4.190977573394775,1.9999999552965164,1.003921240044292,2026-07-25T20:03:12.090971+00:00
205,2.9435644149780273,25.999999046325684,0.9866194399364759,2026-07-25T20:03:22.338941+00:00
255,1.9437592029571533,21.99999988079071,0.9821467800065875,2026-07-25T20:03:29.243264+00:00
206,3.9095849990844727,21.99999988079071,0.9935966199554969,2026-07-25T20:03:33.272217+00:00
256,1.7438020706176758,41.999998688697815,0.9916465799324214,2026-07-25T20:03:39.584328+00:00
207,3.0089917182922363,14.000000059604645,1.0239967200323008,2026-07-25T20:03:43.500449+00:00
257,1.8253562450408936,28.00000011920929,0.9636562399100512,2026-07-25T20:03:49.954147+00:00
208,2.7437872886657715,21.99999988079071,1.0861534999276046,2026-07-25T20:03:53.931070+00:00
258,1.8653579950332642,25.999999046325684,1.010837540088687,2026-07-25T20:04:00.515339+00:00
209,2.582550048828125,14.000000059604645,1.0156337400258053,2026-07-25T20:04:04.925942+00:00
259,1.9617125988006592,11.999999731779099,0.9783925200463272,2026-07-25T20:04:10.823263+00:00
210,2.7957372665405273,11.999999731779099,1.0226732800947502,2026-07-25T20:04:15.157298+00:00
260,1.944929599761963,19.999998807907104,0.9798821598815267,2026-07-25T20:04:32.055788+00:00
211,3.0506744384765625,19.999998807907104,0.9964423198834992,2026-07-25T20:04:36.912378+00:00
261,1.822019338607788,11.999999731779099,1.0202017800475005,2026-07-25T20:04:42.505579+00:00
212,2.710292100906372,28.00000011920929,1.0077265999279916,2026-07-25T20:04:47.094615+00:00
213,3.141160249710083,28.00000011920929,0.9840267400431912,2026-07-25T20:04:57.616550+00:00
262,1.9377254247665405,3.999999910593033,0.979866780107841,2026-07-25T20:05:03.881772+00:00
214,2.8003311157226562,21.99999988079071,0.9841283799323719,2026-07-25T20:05:07.776928+00:00
263,1.8563385009765625,19.999998807907104,0.9998222200374586,2026-07-25T20:05:14.003156+00:00
264,2.082512855529785,17.999999225139618,1.0013876200537197,2026-07-25T20:05:24.383865+00:00
215,4.682069301605225,21.99999988079071,1.0409145399171393,2026-07-25T20:05:29.258052+00:00
265,1.970871925354004,41.999998688697815,0.9850134000589607,2026-07-25T20:05:34.794717+00:00
216,2.696845769882202,21.99999988079071,1.023036959959427,2026-07-25T20:05:39.939345+00:00
217,1.9423102140426636,41.999998688697815,0.9904222200566436,2026-07-25T20:05:50.221746+00:00
266,1.846145749092102,11.999999731779099,0.9931669400248212,2026-07-25T20:05:56.409916+00:00
218,2.386559009552002,23.999999463558197,1.0266554199915845,2026-07-25T20:06:11.781267+00:00
267,1.650478482246399,21.99999988079071,0.9875055399606937,2026-07-25T20:06:17.675176+00:00
219,2.739572048187256,9.999999403953552,0.9961034401203507,2026-07-25T20:06:22.096855+00:00
268,1.7891749143600464,41.999998688697815,1.0106558998813853,2026-07-25T20:06:28.036889+00:00
220,2.9017162322998047,1.9999999552965164,0.9782346599968149,2026-07-25T20:06:33.173423+00:00
269,1.8345577716827393,17.999999225139618,1.1232230400491972,2026-07-25T20:06:38.528966+00:00
221,2.979685068130493,31.999999284744263,1.0148460800701287,2026-07-25T20:06:43.755122+00:00
270,1.9808932542800903,21.99999988079071,0.9836880199145526,2026-07-25T20:07:00.372670+00:00
222,2.6608023643493652,17.999999225139618,0.9558720400673337,2026-07-25T20:07:05.705513+00:00
271,1.878320574760437,17.999999225139618,0.9972572801052592,2026-07-25T20:07:10.713205+00:00
223,2.344311475753784,23.999999463558197,0.9914700798981357,2026-07-25T20:07:16.000407+00:00
272,2.0142312049865723,19.999998807907104,1.0045473600621335,2026-07-25T20:07:20.889563+00:00
224,2.3079795837402344,21.99999988079071,0.9790030999283772,2026-07-25T20:07:26.388900+00:00
273,1.9788751602172852,21.99999988079071,1.0519536198989954,2026-07-25T20:07:31.678936+00:00
225,2.95391845703125,9.999999403953552,0.9781557600945234,2026-07-25T20:07:36.822730+00:00
274,1.901940941810608,0.0,0.9514480200596154,2026-07-25T20:07:42.049248+00:00
226,2.2532057762145996,23.999999463558197,1.0344881399942096,2026-07-25T20:07:47.078085+00:00
275,1.7973837852478027,1.9999999552965164,0.964890600007493,2026-07-25T20:07:52.264371+00:00
276,1.9544929265975952,21.99999988079071,0.9691388599458151,2026-07-25T20:08:03.087821+00:00
227,2.220864772796631,19.999998807907104,0.9968439600197597,2026-07-25T20:08:08.244258+00:00
228,2.58860445022583,9.999999403953552,1.000254799873801,2026-07-25T20:08:18.347712+00:00
277,1.574173927307129,5.999999865889549,1.0074583000096027,2026-07-25T20:08:24.219156+00:00
278,1.7214233875274658,23.999999463558197,3.408762500039302,2026-07-25T20:08:34.962241+00:00
229,2.3401169776916504,37.99999952316284,0.9815450799942483,2026-07-25T20:08:39.404045+00:00
279,1.7416669130325317,21.99999988079071,0.9494071200606413,2026-07-25T20:08:45.281114+00:00
230,3.824307918548584,25.999999046325684,1.0612972799572162,2026-07-25T20:08:49.535971+00:00
280,1.577484130859375,25.999999046325684,1.0447296001075301,2026-07-25T20:08:55.795671+00:00
231,2.5415027141571045,21.99999988079071,1.0469872399698943,2026-07-25T20:09:00.139242+00:00
232,3.037675142288208,23.999999463558197,1.0708305399748497,2026-07-25T20:09:10.561046+00:00
281,1.7332754135131836,23.999999463558197,0.9940201599965804,2026-07-25T20:09:17.585582+00:00
282,1.8902676105499268,28.00000011920929,0.9640533399942797,2026-07-25T20:09:28.131388+00:00
233,3.258200168609619,29.999998211860657,0.9933002199977636,2026-07-25T20:09:32.581917+00:00
283,2.258070230484009,11.999999731779099,0.9727784799179062,2026-07-25T20:09:38.398162+00:00
234,2.7410497665405273,21.99999988079071,1.0160590799932834,2026-07-25T20:09:53.772742+00:00
284,1.6905862092971802,28.00000011920929,0.9658044000389054,2026-07-25T20:09:59.827288+00:00
235,2.470444917678833,19.999998807907104,1.0350194599595852,2026-07-25T20:10:04.552214+00:00
285,1.6954987049102783,14.000000059604645,0.9623183400253765,2026-07-25T20:10:10.014689+00:00
236,2.444925546646118,9.999999403953552,1.0174256999744102,2026-07-25T20:10:14.741469+00:00
286,1.7401126623153687,17.999999225139618,0.9807014399848414,2026-07-25T20:10:31.296606+00:00
237,3.2779669761657715,19.999998807907104,0.9706318400276359,2026-07-25T20:10:36.487882+00:00
287,1.6345027685165405,31.999999284744263,0.9883660399646033,2026-07-25T20:10:41.754968+00:00
238,3.120281457901001,5.999999865889549,0.9908675399492495,2026-07-25T20:10:46.794046+00:00
288,1.7481584548950195,17.999999225139618,0.9657952400448266,2026-07-25T20:10:52.138677+00:00
239,3.2475194931030273,19.999998807907104,1.0319512199203018,2026-07-25T20:10:57.490871+00:00
289,1.547497272491455,25.999999046325684,0.9839994600042701,2026-07-25T20:11:02.358118+00:00
240,3.500988245010376,5.999999865889549,0.9695518399530556,2026-07-25T20:11:07.947622+00:00
290,1.8029699325561523,29.999998211860657,0.9934234799584374,2026-07-25T20:11:12.813263+00:00
241,3.099693536758423,15.999999642372131,0.9829010200337507,2026-07-25T20:11:18.184904+00:00
242,2.545383930206299,21.99999988079071,1.0489286400843412,2026-07-25T20:11:28.457436+00:00
291,1.855888843536377,15.999999642372131,0.9456494799815118,2026-07-25T20:11:34.145916+00:00
243,2.721799850463867,19.999998807907104,0.9604144599870779,2026-07-25T20:11:39.081603+00:00
292,1.6605124473571777,21.99999988079071,0.979657860007137,2026-07-25T20:11:44.335379+00:00
293,1.586095929145813,31.999999284744263,0.9851196399540642,2026-07-25T20:11:54.624747+00:00
244,3.1155920028686523,31.999999284744263,1.034575059893541,2026-07-25T20:12:01.175803+00:00
294,1.9172394275665283,25.999999046325684,0.9615033800946549,2026-07-25T20:12:04.948327+00:00
245,2.3123667240142822,37.99999952316284,1.0101487599604297,2026-07-25T20:12:11.559817+00:00
295,1.6674178838729858,21.99999988079071,0.9983483399264513,2026-07-25T20:12:15.187117+00:00
246,3.344602584838867,0.0,0.9944946999894456,2026-07-25T20:12:21.906583+00:00
296,1.5910758972167969,21.99999988079071,0.9719054200104438,2026-07-25T20:12:25.555537+00:00
247,2.883535861968994,31.999999284744263,1.0053198800596874,2026-07-25T20:12:32.222094+00:00
297,1.8760818243026733,31.999999284744263,0.9672207399853505,2026-07-25T20:12:36.591530+00:00
298,1.6319983005523682,37.99999952316284,1.003242680017138,2026-07-25T20:12:46.815959+00:00
248,3.3235855102539062,39.99999761581421,0.9640027199930046,2026-07-25T20:12:53.720601+00:00
299,1.9115209579467773,1.9999999552965164,1.0310366199701093,2026-07-25T20:12:57.216327+00:00
249,1.780808687210083,19.999998807907104,1.0085654200520366,2026-07-25T20:13:04.487757+00:00
300,1.7375891208648682,19.999998807907104,0.954456140025286,2026-07-25T20:13:07.830350+00:00
250,3.1316237449645996,35.999998450279236,1.0046103999775369,2026-07-25T20:13:15.006628+00:00
301,2.2121241092681885,21.99999988079071,1.0238452999328729,2026-07-25T20:13:18.111753+00:00
302,1.7010873556137085,3.999999910593033,0.9673987200949341,2026-07-25T20:13:28.461786+00:00
251,1.8683511018753052,5.999999865889549,1.0332498600473627,2026-07-25T20:13:36.729787+00:00
303,1.5971981287002563,31.999999284744263,0.9633808600483462,2026-07-25T20:13:38.923242+00:00
252,2.7550530433654785,17.999999225139618,1.1160665198985953,2026-07-25T20:13:47.071301+00:00
304,1.9660849571228027,35.999998450279236,0.9904089200426823,2026-07-25T20:13:49.460498+00:00
305,1.7481286525726318,17.999999225139618,0.9901820399682038,2026-07-25T20:13:59.863644+00:00
253,2.3725693225860596,28.00000011920929,1.001235060102772,2026-07-25T20:14:08.874179+00:00
306,1.6957608461380005,15.999999642372131,0.9811704799358267,2026-07-25T20:14:10.332798+00:00
254,2.3244733810424805,37.99999952316284,1.1921519399038516,2026-07-25T20:14:19.311283+00:00
307,1.7138869762420654,35.999998450279236,0.9633226199366618,2026-07-25T20:14:20.873350+00:00
255,2.024045944213867,19.999998807907104,1.0392957399017178,2026-07-25T20:14:29.785097+00:00
308,1.6327645778656006,15.999999642372131,0.9805901598883794,2026-07-25T20:14:31.178730+00:00
256,3.1237564086914062,31.999999284744263,0.9945952799171209,2026-07-25T20:14:40.203782+00:00
309,1.7438571453094482,17.999999225139618,0.9825067200290505,2026-07-25T20:14:41.427637+00:00
257,2.179448127746582,34.00000035762787,1.022192999953404,2026-07-25T20:14:50.520744+00:00
310,1.681056261062622,25.999999046325684,1.016073180071544,2026-07-25T20:15:02.893836+00:00
258,2.3533709049224854,19.999998807907104,1.0795949801104143,2026-07-25T20:15:11.547546+00:00
311,1.7373137474060059,21.99999988079071,0.9910827399289702,2026-07-25T20:15:13.071849+00:00
259,3.022691249847412,5.999999865889549,1.008878519933205,2026-07-25T20:15:22.015014+00:00
312,1.741887092590332,21.99999988079071,0.9933065800578333,2026-07-25T20:15:23.608533+00:00
260,2.890667676925659,21.99999988079071,0.9685873000125866,2026-07-25T20:15:32.240231+00:00
261,2.5257186889648438,15.999999642372131,1.0208365799917374,2026-07-25T20:15:42.434429+00:00
313,1.6578558683395386,21.99999988079071,0.9896667599969078,2026-07-25T20:15:45.295504+00:00
262,2.5940940380096436,23.999999463558197,0.9843889600597321,2026-07-25T20:15:52.691369+00:00
263,2.458026647567749,28.00000011920929,0.9813577600289137,2026-07-25T20:16:02.936013+00:00
314,1.7627612352371216,17.999999225139618,0.9542785999656189,2026-07-25T20:16:07.137768+00:00
264,2.490212917327881,15.999999642372131,0.966045540117193,2026-07-25T20:16:13.286619+00:00
265,3.8725883960723877,28.00000011920929,1.0031856200657785,2026-07-25T20:16:23.409411+00:00
315,1.5966087579727173,25.999999046325684,1.0631851998914499,2026-07-25T20:16:28.756993+00:00
266,3.178288459777832,14.000000059604645,1.0029481799574569,2026-07-25T20:16:33.599081+00:00
316,1.7015643119812012,23.999999463558197,1.1050225999497343,2026-07-25T20:16:39.849137+00:00
267,2.1216397285461426,21.99999988079071,1.0907045200292487,2026-07-25T20:16:43.983437+00:00
317,1.581447720527649,9.999999403953552,1.0295679399860092,2026-07-25T20:16:50.984264+00:00
268,2.8297739028930664,19.999998807907104,0.9783616199274547,2026-07-25T20:16:54.397534+00:00
318,1.573819637298584,21.99999988079071,0.9833600600541103,2026-07-25T20:17:01.715265+00:00
269,2.1973416805267334,25.999999046325684,0.9701144199061673,2026-07-25T20:17:04.594012+00:00
270,1.798719882965088,19.999998807907104,0.9789629001170396,2026-07-25T20:17:14.972477+00:00
319,1.771034598350525,25.999999046325684,1.0005358800117392,2026-07-25T20:17:23.252543+00:00
271,2.593951940536499,37.99999952316284,0.9962658600124996,2026-07-25T20:17:25.245912+00:00
272,2.7698943614959717,23.999999463558197,0.9727289399597794,2026-07-25T20:17:35.595603+00:00
320,1.6973544359207153,31.999999284744263,0.9373579599196091,2026-07-25T20:17:44.612086+00:00
273,2.5405733585357666,1.9999999552965164,0.9843750200525393,2026-07-25T20:17:45.967248+00:00
274,1.777878761291504,21.99999988079071,1.0291269999288488,2026-07-25T20:17:56.076832+00:00
321,1.889312744140625,15.999999642372131,1.1298595400876366,2026-07-25T20:18:06.117458+00:00
275,3.593576669692993,31.999999284744263,1.04937047988642,2026-07-25T20:18:06.491800+00:00
322,1.7303885221481323,28.00000011920929,1.1208944600366522,2026-07-25T20:18:16.561777+00:00
276,2.3490357398986816,19.999998807907104,0.9858359600184484,2026-07-25T20:18:16.673627+00:00
323,1.5869125127792358,25.999999046325684,1.1512912801117636,2026-07-25T20:18:26.995407+00:00
324,1.6441458463668823,19.999998807907104,0.9804009999788831,2026-07-25T20:18:37.295015+00:00
277,2.4429731369018555,19.999998807907104,0.9443051400012337,2026-07-25T20:18:38.267993+00:00
325,1.698447585105896,21.99999988079071,0.9863186599977779,2026-07-25T20:18:47.642445+00:00
278,1.8384312391281128,29.999998211860657,1.0305164800956845,2026-07-25T20:18:48.487064+00:00
279,3.035569429397583,17.999999225139618,1.0103172199160326,2026-07-25T20:18:58.891419+00:00
326,1.7653720378875732,21.99999988079071,0.9687675000168383,2026-07-25T20:19:09.059650+00:00
327,1.712425708770752,19.999998807907104,0.9895828599110245,2026-07-25T20:19:19.389831+00:00
280,2.637221574783325,15.999999642372131,1.0092709999298677,2026-07-25T20:19:19.969182+00:00
281,3.3851630687713623,17.999999225139618,0.9936377398844343,2026-07-25T20:19:41.196189+00:00
328,1.5148242712020874,28.00000011920929,1.371109699975932,2026-07-25T20:19:41.527887+00:00
329,2.1220057010650635,17.999999225139618,0.9634082799311727,2026-07-25T20:19:51.821866+00:00
330,1.9262486696243286,21.99999988079071,1.0741703599342145,2026-07-25T20:20:02.168287+00:00
282,2.020188570022583,21.99999988079071,0.9989298199070616,2026-07-25T20:20:02.994870+00:00
331,1.8351354598999023,1.9999999552965164,1.0190199399949051,2026-07-25T20:20:12.407327+00:00
283,2.6314711570739746,14.000000059604645,1.0014635199331678,2026-07-25T20:20:13.289110+00:00
284,3.203195810317993,19.999998807907104,0.970692980044987,2026-07-25T20:20:23.452937+00:00
285,2.5202646255493164,1.9999999552965164,0.9565244799887296,2026-07-25T20:20:33.705263+00:00
332,1.8597657680511475,17.999999225139618,0.9886553599790205,2026-07-25T20:20:34.386091+00:00
286,3.1555328369140625,29.999998211860657,0.9671111400530208,2026-07-25T20:20:54.932802+00:00
333,1.7063653469085693,25.999999046325684,1.0004048599512316,2026-07-25T20:20:56.025901+00:00
334,1.8169554471969604,17.999999225139618,1.001601759926416,2026-07-25T20:21:06.360882+00:00
287,3.0757925510406494,17.999999225139618,1.038553380058147,2026-07-25T20:21:16.202840+00:00
335,1.8705527782440186,31.999999284744263,0.9953557400149294,2026-07-25T20:21:28.022341+00:00
288,2.5436618328094482,29.999998211860657,0.9602681799151469,2026-07-25T20:21:38.024243+00:00
336,1.895461916923523,9.999999403953552,1.016688579984475,2026-07-25T20:21:38.387290+00:00
337,1.5917140245437622,25.999999046325684,1.2166171599528752,2026-07-25T20:21:49.039335+00:00
289,2.3170557022094727,11.999999731779099,1.3039539399323985,2026-07-25T20:21:49.094305+00:00
290,2.1535918712615967,23.999999463558197,1.0667681599443313,2026-07-25T20:22:00.093582+00:00
291,2.5473744869232178,11.999999731779099,0.986792760086246,2026-07-25T20:22:10.800038+00:00
338,1.7434048652648926,23.999999463558197,1.0011445799318608,2026-07-25T20:22:11.082422+00:00
292,1.812471628189087,35.999998450279236,0.9813714800111484,2026-07-25T20:22:21.179547+00:00
339,1.750502347946167,17.999999225139618,0.9993972799566108,2026-07-25T20:22:21.700390+00:00
340,1.7182198762893677,19.999998807907104,1.0588854800153058,2026-07-25T20:22:32.231252+00:00
341,1.736280083656311,21.99999988079071,1.0224603798997123,2026-07-25T20:22:42.800851+00:00
293,1.8869777917861938,29.999998211860657,1.1308064000331797,2026-07-25T20:22:42.860200+00:00
294,3.3989598751068115,34.00000035762787,0.9909376200812404,2026-07-25T20:22:53.325088+00:00
342,1.7753593921661377,11.999999731779099,0.963929719873704,2026-07-25T20:23:04.741674+00:00
343,1.735296368598938,3.999999910593033,1.2458209598844405,2026-07-25T20:23:15.534261+00:00
295,2.719071865081787,37.99999952316284,1.1368441999366041,2026-07-25T20:23:15.561372+00:00
296,3.254477024078369,34.00000035762787,1.0294259600050282,2026-07-25T20:23:25.996526+00:00
297,3.178586483001709,17.999999225139618,1.0042454799986444,2026-07-25T20:23:36.377191+00:00
344,1.7915692329406738,19.999998807907104,1.013246319926111,2026-07-25T20:23:37.917997+00:00
298,1.9329171180725098,41.999998688697815,1.0182974199415185,2026-07-25T20:23:46.881915+00:00
345,1.5203909873962402,28.00000011920929,1.0007424600189552,2026-07-25T20:23:48.569542+00:00
346,1.6648021936416626,21.99999988079071,1.0467217600671574,2026-07-25T20:23:59.205254+00:00
299,2.872804641723633,9.999999403953552,1.0510080799576826,2026-07-25T20:24:08.531612+00:00
347,1.7204192876815796,19.999998807907104,1.011954040004639,2026-07-25T20:24:09.952945+00:00
348,1.6222004890441895,15.999999642372131,0.9783524999511428,2026-07-25T20:24:20.481922+00:00
300,3.087573766708374,3.999999910593033,1.0601125199173111,2026-07-25T20:24:30.403139+00:00
349,2.2122550010681152,5.999999865889549,1.095438699994702,2026-07-25T20:24:31.155406+00:00
301,3.3780694007873535,3.999999910593033,1.0029927000869066,2026-07-25T20:24:40.856565+00:00
350,1.724328637123108,19.999998807907104,0.9746148600243032,2026-07-25T20:24:42.018689+00:00
302,3.227487564086914,11.999999731779099,1.0544361801294144,2026-07-25T20:25:02.465443+00:00
351,1.9466972351074219,9.999999403953552,0.98897300005774,2026-07-25T20:25:04.120936+00:00
303,2.6456127166748047,37.99999952316284,1.010937440005364,2026-07-25T20:25:12.929979+00:00
352,1.6258779764175415,23.999999463558197,1.0329390798870008,2026-07-25T20:25:14.816569+00:00
304,2.3959062099456787,29.999998211860657,1.0013313801027834,2026-07-25T20:25:23.366631+00:00
353,1.8026535511016846,23.999999463558197,0.9648017000290565,2026-07-25T20:25:25.402008+00:00
305,2.187805414199829,37.99999952316284,1.0229176800930873,2026-07-25T20:25:45.347952+00:00
354,1.6869739294052124,21.99999988079071,1.0055745400313754,2026-07-25T20:25:47.057763+00:00
306,2.5447094440460205,34.00000035762787,1.0249284199380782,2026-07-25T20:25:55.963390+00:00
355,1.6212668418884277,31.999999284744263,1.0816170799080282,2026-07-25T20:25:58.242997+00:00
307,1.8903433084487915,17.999999225139618,1.0068287000467535,2026-07-25T20:26:06.389245+00:00
356,1.7952865362167358,37.99999952316284,0.999119540065294,2026-07-25T20:26:08.674648+00:00
308,2.378530263900757,11.999999731779099,1.0272433600039221,2026-07-25T20:26:16.679252+00:00
357,1.7222609519958496,23.999999463558197,0.9714462800184265,2026-07-25T20:26:19.036943+00:00
358,1.778233289718628,23.999999463558197,1.0359842798789032,2026-07-25T20:26:29.396570+00:00
309,3.058889150619507,3.999999910593033,1.0303845199814532,2026-07-25T20:26:37.569952+00:00
310,1.7705973386764526,45.99999785423279,0.9649488600553013,2026-07-25T20:26:48.140309+00:00
359,1.768239140510559,19.999998807907104,0.9744168999895919,2026-07-25T20:26:51.892600+00:00
311,2.5546655654907227,25.999999046325684,0.9602748199540656,2026-07-25T20:27:09.715812+00:00
360,1.603639841079712,21.99999988079071,0.9924324200255795,2026-07-25T20:27:13.764685+00:00
312,3.0031988620758057,25.999999046325684,1.0067732199968304,2026-07-25T20:27:20.123398+00:00
361,1.8581116199493408,14.000000059604645,0.9788384599960409,2026-07-25T20:27:23.993834+00:00
313,2.8186676502227783,5.999999865889549,1.309401379985502,2026-07-25T20:27:30.554577+00:00
362,1.5613317489624023,25.999999046325684,0.9919442399404944,2026-07-25T20:27:34.562461+00:00
314,2.498471260070801,39.99999761581421,0.9887950599659235,2026-07-25T20:27:41.005422+00:00
315,2.656965970993042,21.99999988079071,0.9991713598719797,2026-07-25T20:27:51.339377+00:00
363,1.6109707355499268,15.999999642372131,1.0618051599885803,2026-07-25T20:27:56.107209+00:00
316,2.8080854415893555,21.99999988079071,0.9755326400045305,2026-07-25T20:28:01.897535+00:00
364,1.55061674118042,28.00000011920929,1.0089633200550452,2026-07-25T20:28:06.456689+00:00
317,3.0359232425689697,7.999999821186066,1.0313091400894336,2026-07-25T20:28:12.066181+00:00
365,1.6093878746032715,23.999999463558197,0.9756233599910047,2026-07-25T20:28:27.780397+00:00
318,3.056375741958618,21.99999988079071,0.9822801999689544,2026-07-25T20:28:33.300464+00:00
366,1.561372995376587,21.99999988079071,0.978007059893571,2026-07-25T20:28:38.741566+00:00
319,1.9107873439788818,23.999999463558197,1.272974719904596,2026-07-25T20:28:43.595310+00:00
320,3.5574209690093994,17.999999225139618,1.0147029600921087,2026-07-25T20:28:54.032404+00:00
367,1.6225677728652954,21.99999988079071,1.0440201200253796,2026-07-25T20:29:00.563970+00:00
368,1.591644287109375,21.99999988079071,0.9861129200726283,2026-07-25T20:29:10.761368+00:00
321,1.7808849811553955,21.99999988079071,1.3169377199665178,2026-07-25T20:29:15.555001+00:00
322,2.3667473793029785,31.999999284744263,0.9755860800214577,2026-07-25T20:29:25.789032+00:00
369,1.9490258693695068,21.99999988079071,1.0231682800804265,2026-07-25T20:29:32.509050+00:00
323,2.2633612155914307,39.99999761581421,1.0280728799989447,2026-07-25T20:29:36.099984+00:00
324,2.4008915424346924,17.999999225139618,1.013908480090322,2026-07-25T20:29:46.407444+00:00
370,1.6732819080352783,23.999999463558197,0.9873485800926574,2026-07-25T20:29:54.320303+00:00
325,1.7603317499160767,19.999998807907104,1.0083147200930398,2026-07-25T20:29:56.839084+00:00
371,1.7667665481567383,5.999999865889549,1.0055280600499827,2026-07-25T20:30:04.938705+00:00
372,1.97825288772583,14.000000059604645,1.034087659936631,2026-07-25T20:30:15.260174+00:00
326,2.8973073959350586,39.99999761581421,0.9833713198895567,2026-07-25T20:30:17.993146+00:00
373,2.00278377532959,3.999999910593033,0.9801924400380813,2026-07-25T20:30:37.475539+00:00
327,2.300917863845825,19.999998807907104,0.9980374400038272,2026-07-25T20:30:39.427543+00:00
374,1.8595635890960693,19.999998807907104,0.9823413399863057,2026-07-25T20:30:47.810958+00:00
328,2.0670053958892822,17.999999225139618,1.0287936999520753,2026-07-25T20:30:49.753781+00:00
375,1.708397626876831,15.999999642372131,0.9855056399828755,2026-07-25T20:30:58.728828+00:00
329,2.617396354675293,9.999999403953552,0.9611486199719366,2026-07-25T20:31:00.123177+00:00
376,1.8873635530471802,23.999999463558197,0.9803554401150905,2026-07-25T20:31:08.956954+00:00
377,1.567979097366333,23.999999463558197,0.9738013800233603,2026-07-25T20:31:19.075273+00:00
330,2.72198486328125,0.0,1.0071088800032157,2026-07-25T20:31:21.206732+00:00
378,1.7876211404800415,21.99999988079071,1.0285127400129568,2026-07-25T20:31:29.430226+00:00
331,2.027968645095825,21.99999988079071,1.0365067000384443,2026-07-25T20:31:31.876625+00:00
379,1.9070318937301636,19.999998807907104,0.99102217995096,2026-07-25T20:31:51.138965+00:00
332,1.7984137535095215,11.999999731779099,1.003352480038302,2026-07-25T20:31:53.930349+00:00
380,1.8055490255355835,21.99999988079071,0.9794403400155716,2026-07-25T20:32:01.626762+00:00
333,2.3777215480804443,17.999999225139618,0.98767328003305,2026-07-25T20:32:04.961627+00:00
381,1.87278151512146,19.999998807907104,0.9929652999562677,2026-07-25T20:32:11.895363+00:00
382,1.6682024002075195,23.999999463558197,0.956426780030597,2026-07-25T20:32:22.213088+00:00
334,1.9478896856307983,25.999999046325684,1.0027669799455907,2026-07-25T20:32:26.294546+00:00
383,1.6805042028427124,37.99999952316284,0.9628864600381348,2026-07-25T20:32:32.488099+00:00
335,3.427584171295166,15.999999642372131,0.9982720599509775,2026-07-25T20:32:37.041514+00:00
384,2.053133964538574,17.999999225139618,0.9854581400577446,2026-07-25T20:32:53.931066+00:00
336,3.2901248931884766,17.999999225139618,0.98547953995876,2026-07-25T20:32:58.645005+00:00
385,2.028259754180908,15.999999642372131,0.9943659800046589,2026-07-25T20:33:04.307561+00:00
386,1.9276221990585327,17.999999225139618,1.00152186001651,2026-07-25T20:33:14.589454+00:00
337,2.777681350708008,19.999998807907104,0.9811666999303269,2026-07-25T20:33:19.816944+00:00
338,2.0244884490966797,21.99999988079071,1.07241953999619,2026-07-25T20:33:30.331208+00:00
387,2.094290256500244,25.999999046325684,0.978525419923244,2026-07-25T20:33:36.022120+00:00
339,2.336597442626953,9.999999403953552,1.011056340066716,2026-07-25T20:33:40.805112+00:00
388,1.9226759672164917,19.999998807907104,3.2778989600774366,2026-07-25T20:33:46.430484+00:00
340,2.587289810180664,31.999999284744263,0.9912571799941361,2026-07-25T20:34:02.291576+00:00
389,1.960076928138733,15.999999642372131,1.008366979949642,2026-07-25T20:34:08.229230+00:00
341,2.719978094100952,28.00000011920929,0.9881754600792193,2026-07-25T20:34:12.432116+00:00
390,1.7826608419418335,19.999998807907104,0.9761081199394539,2026-07-25T20:34:18.332359+00:00
342,2.219338893890381,34.00000035762787,0.9962807800911833,2026-07-25T20:34:22.787002+00:00
343,2.4476637840270996,37.99999952316284,0.9720734400616493,2026-07-25T20:34:33.045176+00:00
391,1.7339532375335693,31.999999284744263,0.9636789599608164,2026-07-25T20:34:39.452284+00:00
344,2.1673364639282227,23.999999463558197,0.9737747399776708,2026-07-25T20:34:43.215145+00:00
392,1.8785552978515625,23.999999463558197,1.001752279989887,2026-07-25T20:34:49.747477+00:00
345,2.9756357669830322,3.999999910593033,1.1334587998862844,2026-07-25T20:34:53.567724+00:00
393,2.42492413520813,0.0,0.9940127801382915,2026-07-25T20:35:11.586445+00:00
346,1.676918387413025,37.99999952316284,0.9681995600112714,2026-07-25T20:35:15.064555+00:00
394,1.6550064086914062,21.99999988079071,1.0239819799608085,2026-07-25T20:35:21.938279+00:00
347,1.8734890222549438,28.00000011920929,0.9827599399432074,2026-07-25T20:35:25.436181+00:00
395,1.7638611793518066,15.999999642372131,0.9689318599703256,2026-07-25T20:35:32.818841+00:00
348,2.9148454666137695,17.999999225139618,1.0193708600127138,2026-07-25T20:35:35.677553+00:00
396,1.7595977783203125,15.999999642372131,0.9702698199544102,2026-07-25T20:35:43.140265+00:00
349,1.6774924993515015,21.99999988079071,3.23954790001153,2026-07-25T20:35:46.101133+00:00
397,1.5773943662643433,41.999998688697815,0.9991227599675768,2026-07-25T20:35:53.504124+00:00
350,1.9486758708953857,19.999998807907104,1.07707756003947,2026-07-25T20:35:56.592053+00:00
398,1.5236598253250122,19.999998807907104,0.9659087799082045,2026-07-25T20:36:03.902170+00:00
351,2.1184961795806885,15.999999642372131,0.9536489599850029,2026-07-25T20:36:17.800179+00:00
399,1.944982886314392,0.0,0.973771559947636,2026-07-25T20:36:25.196136+00:00
352,1.6795278787612915,23.999999463558197,3.4374808600114193,2026-07-25T20:36:28.305868+00:00
400,1.8480627536773682,17.999999225139618,0.9940106399881188,2026-07-25T20:36:35.740593+00:00
353,1.6537117958068848,37.99999952316284,1.4973518600163516,2026-07-25T20:36:38.943305+00:00
401,1.9215670824050903,19.999998807907104,1.0448038199683651,2026-07-25T20:36:57.731240+00:00
354,2.9733710289001465,21.99999988079071,1.0237512199091725,2026-07-25T20:37:00.197584+00:00
402,2.3126842975616455,17.999999225139618,0.987240499962354,2026-07-25T20:37:08.140779+00:00
355,2.3505160808563232,14.000000059604645,1.0485873599827755,2026-07-25T20:37:10.630790+00:00
403,1.9211770296096802,19.999998807907104,1.0776783400797285,2026-07-25T20:37:29.656044+00:00
356,2.449218511581421,21.99999988079071,1.0042050399351865,2026-07-25T20:37:32.330838+00:00
404,1.8799254894256592,14.000000059604645,0.965941680042306,2026-07-25T20:37:40.039577+00:00
357,2.9726083278656006,1.9999999552965164,1.0138560600171331,2026-07-25T20:37:42.475202+00:00
405,2.212627649307251,19.999998807907104,0.9849053199286573,2026-07-25T20:38:01.313007+00:00
358,2.208801507949829,21.99999988079071,1.0259769798722118,2026-07-25T20:38:03.546232+00:00
406,2.803474187850952,19.999998807907104,0.9903909200511408,2026-07-25T20:38:11.561035+00:00
359,2.8295295238494873,21.99999988079071,1.005299759999616,2026-07-25T20:38:13.751680+00:00
407,1.5555305480957031,28.00000011920929,0.9867036000650842,2026-07-25T20:38:21.782242+00:00
408,2.027951240539551,21.99999988079071,0.9978330000012646,2026-07-25T20:38:32.052327+00:00
360,3.9850003719329834,5.999999865889549,0.9622202400350943,2026-07-25T20:38:35.320010+00:00
361,2.422384023666382,15.999999642372131,1.0084435799217317,2026-07-25T20:38:45.467077+00:00
409,2.1535017490386963,29.999998211860657,0.9653949399944395,2026-07-25T20:38:53.602867+00:00
362,2.348355293273926,39.99999761581421,1.0920572200848255,2026-07-25T20:38:55.706410+00:00
410,2.0038235187530518,17.999999225139618,1.0142356000142172,2026-07-25T20:39:03.911888+00:00
363,2.076449394226074,21.99999988079071,1.010574639949482,2026-07-25T20:39:05.906368+00:00
411,1.7649476528167725,19.999998807907104,1.006362199987052,2026-07-25T20:39:14.202159+00:00
364,1.736899971961975,21.99999988079071,1.0122056800173596,2026-07-25T20:39:16.296525+00:00
365,1.8568240404129028,23.999999463558197,1.0003710199089255,2026-07-25T20:39:26.350233+00:00
412,2.1569137573242188,21.99999988079071,0.9912895399611444,2026-07-25T20:39:35.946808+00:00
413,2.170562505722046,21.99999988079071,1.1207314000057522,2026-07-25T20:39:46.540368+00:00
366,3.099297285079956,14.000000059604645,0.9696897999674547,2026-07-25T20:39:47.468194+00:00
367,2.3720169067382812,34.00000035762787,1.0499851799977478,2026-07-25T20:39:57.849248+00:00
414,1.8574572801589966,23.999999463558197,0.941752580110915,2026-07-25T20:40:08.344827+00:00
368,2.275651693344116,19.999998807907104,1.017789720062865,2026-07-25T20:40:19.007288+00:00
369,2.1475298404693604,39.99999761581421,1.0911816799489316,2026-07-25T20:40:29.185096+00:00
415,1.886378526687622,25.999999046325684,1.050906160089653,2026-07-25T20:40:29.797640+00:00
416,1.8520420789718628,31.999999284744263,0.9502010598953348,2026-07-25T20:40:40.082406+00:00
417,1.8982657194137573,41.999998688697815,0.9829053599969483,2026-07-25T20:40:50.302761+00:00
370,2.320504665374756,17.999999225139618,1.0076026800379623,2026-07-25T20:40:50.515453+00:00
371,2.2150394916534424,0.0,1.2017933798779268,2026-07-25T20:41:00.813388+00:00
418,1.5689784288406372,28.00000011920929,0.99889962002635,2026-07-25T20:41:00.950799+00:00
419,1.6256835460662842,21.99999988079071,1.0385306399257388,2026-07-25T20:41:11.508993+00:00
420,2.729987144470215,17.999999225139618,1.0054660199966747,2026-07-25T20:41:21.732250+00:00
372,2.140719413757324,3.999999910593033,1.0026487600407563,2026-07-25T20:41:21.986731+00:00
373,2.021444797515869,21.99999988079071,1.0146277799503878,2026-07-25T20:41:32.222232+00:00
421,1.6477047204971313,19.999998807907104,0.9876487999281381,2026-07-25T20:41:32.710164+00:00
374,2.209230899810791,17.999999225139618,0.9978028600744439,2026-07-25T20:41:42.369455+00:00
422,1.8071478605270386,29.999998211860657,1.001014780049445,2026-07-25T20:41:43.091640+00:00
375,2.137756824493408,28.00000011920929,0.9948840599099641,2026-07-25T20:41:52.584759+00:00
423,1.577309250831604,25.999999046325684,0.980707540002186,2026-07-25T20:41:54.093090+00:00
424,1.6226239204406738,21.99999988079071,0.9901616799470503,2026-07-25T20:42:04.460782+00:00
376,1.7363877296447754,1.9999999552965164,3.2128347000980284,2026-07-25T20:42:13.686123+00:00
425,1.5702491998672485,23.999999463558197,0.9819128799426835,2026-07-25T20:42:14.983560+00:00
377,2.246772050857544,19.999998807907104,1.0136389400577173,2026-07-25T20:42:23.896112+00:00
426,1.5739293098449707,28.00000011920929,3.4378867199120577,2026-07-25T20:42:25.532630+00:00
378,2.326749086380005,29.999998211860657,1.0256397000921424,2026-07-25T20:42:34.003166+00:00
427,1.6059192419052124,9.999999403953552,0.9673708399350289,2026-07-25T20:42:46.975216+00:00
379,2.316540241241455,5.999999865889549,1.022024599951692,2026-07-25T20:42:55.205841+00:00
428,1.5945439338684082,19.999998807907104,1.216965759958839,2026-07-25T20:42:57.535962+00:00
380,1.972019076347351,17.999999225139618,1.0108044800290372,2026-07-25T20:43:05.573809+00:00
429,1.55230712890625,34.00000035762787,1.0816423999494873,2026-07-25T20:43:19.287429+00:00
381,2.2075698375701904,1.9999999552965164,0.9933610199368559,2026-07-25T20:43:26.683729+00:00
430,1.6644588708877563,23.999999463558197,1.0469836000993382,2026-07-25T20:43:29.686456+00:00
382,2.256748676300049,17.999999225139618,0.9817032600403763,2026-07-25T20:43:47.939576+00:00
431,1.78044855594635,17.999999225139618,0.9697692599729635,2026-07-25T20:43:51.334133+00:00
383,2.346705913543701,9.999999403953552,1.007456799998181,2026-07-25T20:43:58.132650+00:00
384,1.9072989225387573,3.999999910593033,3.219689919933444,2026-07-25T20:44:08.483033+00:00
432,1.8920660018920898,21.99999988079071,0.9661156999936793,2026-07-25T20:44:13.259037+00:00
385,2.126878023147583,17.999999225139618,1.016524099977687,2026-07-25T20:44:18.910882+00:00
386,1.8794909715652466,43.99999976158142,0.9768944999086671,2026-07-25T20:44:29.241648+00:00
433,2.035166025161743,19.999998807907104,1.0661136399721727,2026-07-25T20:44:35.097739+00:00
387,2.6948633193969727,3.999999910593033,0.9868929200456478,2026-07-25T20:44:39.702820+00:00
434,1.8660240173339844,19.999998807907104,1.0091364200343378,2026-07-25T20:44:45.439370+00:00
388,2.1682450771331787,1.9999999552965164,0.9918715599633288,2026-07-25T20:44:49.932952+00:00
435,1.829938530921936,21.99999988079071,1.0286451800493523,2026-07-25T20:44:55.837552+00:00
389,2.527400255203247,19.999998807907104,1.0425281000789255,2026-07-25T20:45:00.088106+00:00
390,2.095346450805664,34.00000035762787,0.9804349399928469,2026-07-25T20:45:10.256137+00:00
436,1.9570703506469727,19.999998807907104,0.9953602799214422,2026-07-25T20:45:17.732788+00:00
391,2.336052894592285,21.99999988079071,1.123585239984095,2026-07-25T20:45:20.540623+00:00
437,1.5608279705047607,23.999999463558197,1.002636579942191,2026-07-25T20:45:27.956858+00:00
392,2.0269880294799805,39.99999761581421,3.371892200084403,2026-07-25T20:45:31.515764+00:00
393,2.138230800628662,15.999999642372131,1.0256405199470464,2026-07-25T20:45:41.793994+00:00
438,1.8122012615203857,17.999999225139618,1.0378500599472318,2026-07-25T20:45:49.227180+00:00
439,1.5511763095855713,21.99999988079071,3.282887379900785,2026-07-25T20:45:59.717494+00:00
394,1.7389004230499268,21.99999988079071,1.0024470200005453,2026-07-25T20:46:03.167903+00:00
395,2.102207899093628,21.99999988079071,0.9804847399936989,2026-07-25T20:46:13.404788+00:00
440,2.1487669944763184,17.999999225139618,0.9507978199690115,2026-07-25T20:46:21.190789+00:00
441,2.0941567420959473,21.99999988079071,1.0461191200010944,2026-07-25T20:46:31.691289+00:00
396,2.007617235183716,3.999999910593033,0.9691094601294026,2026-07-25T20:46:34.594829+00:00
442,1.9683563709259033,19.999998807907104,1.0105286199541297,2026-07-25T20:46:42.407537+00:00
397,2.073815107345581,15.999999642372131,0.9873011801391841,2026-07-25T20:46:45.351313+00:00
443,1.8886932134628296,7.999999821186066,0.9886341801029631,2026-07-25T20:46:52.839313+00:00
444,2.5463688373565674,25.999999046325684,0.991528919985285,2026-07-25T20:47:03.334861+00:00
398,2.689296007156372,7.999999821186066,1.0199004400055856,2026-07-25T20:47:06.515795+00:00
445,1.8315634727478027,5.999999865889549,0.9873576399695595,2026-07-25T20:47:14.037764+00:00
446,1.8178449869155884,15.999999642372131,1.0577448799449485,2026-07-25T20:47:24.537064+00:00
399,1.6377280950546265,11.999999731779099,0.9773421198769937,2026-07-25T20:47:27.886413+00:00
447,1.7403274774551392,1.9999999552965164,0.9544372600794304,2026-07-25T20:47:35.381188+00:00
400,2.0746140480041504,23.999999463558197,1.0869175000698306,2026-07-25T20:47:49.459449+00:00
448,2.0356006622314453,19.999998807907104,1.0536209199926816,2026-07-25T20:47:57.229978+00:00
401,1.6599406003952026,11.999999731779099,1.0187360800046008,2026-07-25T20:47:59.803297+00:00
449,2.072711229324341,23.999999463558197,1.019184480101103,2026-07-25T20:48:07.569777+00:00
402,2.671323299407959,23.999999463558197,1.0258898200117983,2026-07-25T20:48:10.050114+00:00
450,1.9143340587615967,7.999999821186066,1.0703390999697149,2026-07-25T20:48:18.542960+00:00
451,1.8082222938537598,17.999999225139618,1.0903544400935061,2026-07-25T20:48:28.909863+00:00
403,2.6096160411834717,19.999998807907104,1.047140720038442,2026-07-25T20:48:31.554660+00:00
452,2.151374340057373,29.999998211860657,0.9923676401376723,2026-07-25T20:48:39.429453+00:00
404,2.0111875534057617,35.999998450279236,1.0109095800726209,2026-07-25T20:48:41.695881+00:00
453,1.806228518486023,7.999999821186066,0.9729171000071801,2026-07-25T20:48:49.810591+00:00
454,1.6869183778762817,19.999998807907104,1.0192444000858814,2026-07-25T20:49:00.695105+00:00
405,2.0015170574188232,15.999999642372131,1.0103388200514019,2026-07-25T20:49:02.989262+00:00
455,1.8337234258651733,19.999998807907104,1.0078461200464517,2026-07-25T20:49:11.279647+00:00
406,2.02836275100708,25.999999046325684,0.9776543801126537,2026-07-25T20:49:13.298986+00:00
456,2.0115256309509277,17.999999225139618,1.025861740054097,2026-07-25T20:49:21.869437+00:00
407,2.2650842666625977,19.999998807907104,1.0083433400723152,2026-07-25T20:49:34.782574+00:00
457,1.8039932250976562,11.999999731779099,1.0310315199603792,2026-07-25T20:49:44.107219+00:00
408,2.2012157440185547,17.999999225139618,1.036143679957604,2026-07-25T20:49:45.176274+00:00
458,2.006012201309204,17.999999225139618,1.4038799599802587,2026-07-25T20:49:54.561810+00:00
409,1.6621711254119873,19.999998807907104,1.0541388200363144,2026-07-25T20:49:55.777344+00:00
410,2.119588851928711,37.99999952316284,1.0172279400285333,2026-07-25T20:50:06.358757+00:00
459,1.9835928678512573,11.999999731779099,1.036527219985146,2026-07-25T20:50:16.229673+00:00
411,2.2144103050231934,17.999999225139618,1.037164880108321,2026-07-25T20:50:16.970408+00:00
412,1.8129116296768188,25.999999046325684,1.0242665599798784,2026-07-25T20:50:27.713843+00:00
460,2.005850315093994,19.999998807907104,0.991129500034731,2026-07-25T20:50:38.202873+00:00
413,2.9060070514678955,23.999999463558197,1.0241341999790166,2026-07-25T20:50:38.961694+00:00
461,1.9499071836471558,37.99999952316284,0.9922203399764838,2026-07-25T20:50:48.472434+00:00
414,2.4296376705169678,3.999999910593033,0.9601480400306173,2026-07-25T20:50:49.416385+00:00
462,1.9019719362258911,17.999999225139618,1.0114964398962911,2026-07-25T20:50:59.037267+00:00
463,1.5892826318740845,41.999998688697815,1.0776584000268485,2026-07-25T20:51:09.363699+00:00
415,2.145094394683838,19.999998807907104,1.049251619988354,2026-07-25T20:51:10.883423+00:00
464,1.589055061340332,9.999999403953552,1.0000059798767325,2026-07-25T20:51:19.620594+00:00
416,2.126303195953369,0.0,0.9946295400732198,2026-07-25T20:51:20.897602+00:00
465,1.7861346006393433,21.99999988079071,1.0739671399642248,2026-07-25T20:51:29.918787+00:00
417,2.1162331104278564,17.999999225139618,1.0564927398809232,2026-07-25T20:51:31.266593+00:00
466,1.832262396812439,23.999999463558197,0.9736698000051547,2026-07-25T20:51:40.208812+00:00
418,2.4597880840301514,21.99999988079071,0.9971581998979673,2026-07-25T20:51:41.415585+00:00
467,1.672123670578003,39.99999761581421,1.0157433200220112,2026-07-25T20:51:50.520861+00:00
419,3.219836711883545,15.999999642372131,0.9803414999623784,2026-07-25T20:51:51.824156+00:00
420,1.649898648262024,21.99999988079071,0.9950412399484776,2026-07-25T20:52:02.271209+00:00
468,2.0046651363372803,0.0,0.9637559799011797,2026-07-25T20:52:12.014951+00:00
421,1.8183728456497192,9.999999403953552,0.9658118199149612,2026-07-25T20:52:12.484627+00:00
422,2.1906518936157227,25.999999046325684,1.0097738000331447,2026-07-25T20:52:22.781778+00:00
423,1.918923020362854,0.0,0.9633025000221096,2026-07-25T20:52:33.053635+00:00
469,2.0580294132232666,17.999999225139618,0.9473945999343414,2026-07-25T20:52:33.333566+00:00
470,1.765639066696167,3.999999910593033,1.0085461600101553,2026-07-25T20:52:43.562842+00:00
471,1.7843905687332153,31.999999284744263,1.0881910999887623,2026-07-25T20:52:53.905602+00:00
424,2.4618711471557617,34.00000035762787,1.0673087599570863,2026-07-25T20:52:54.362842+00:00
425,2.358189582824707,29.999998211860657,1.0046407200570684,2026-07-25T20:53:04.628626+00:00
472,1.7893579006195068,25.999999046325684,0.9964139800285919,2026-07-25T20:53:15.650813+00:00
426,2.0543360710144043,11.999999731779099,1.0036625800421461,2026-07-25T20:53:25.981344+00:00
473,1.795078992843628,23.999999463558197,0.9980476400232874,2026-07-25T20:53:37.555698+00:00
427,1.9284732341766357,21.99999988079071,1.0380951000843197,2026-07-25T20:53:47.570052+00:00
474,1.8278437852859497,21.99999988079071,1.0113359401293565,2026-07-25T20:53:47.970219+00:00
428,2.1394989490509033,19.999998807907104,1.051681179960724,2026-07-25T20:53:57.982022+00:00
475,1.8169183731079102,31.999999284744263,1.0101611200661864,2026-07-25T20:53:58.470915+00:00
429,2.1736197471618652,29.999998211860657,1.0123089399712626,2026-07-25T20:54:08.295692+00:00
476,1.7768980264663696,23.999999463558197,1.0079199200845324,2026-07-25T20:54:09.108332+00:00
430,1.9626177549362183,29.999998211860657,0.9865501600143033,2026-07-25T20:54:18.750012+00:00
477,1.7470924854278564,37.99999952316284,0.9938121199957095,2026-07-25T20:54:19.578068+00:00
431,2.1543188095092773,17.999999225139618,1.0860781600058544,2026-07-25T20:54:29.285057+00:00
478,1.9189904928207397,0.0,1.0757071200350765,2026-07-25T20:54:30.153453+00:00
432,1.6932132244110107,34.00000035762787,1.0073601799376775,2026-07-25T20:54:39.701437+00:00
479,1.6033211946487427,23.999999463558197,0.9840531600639223,2026-07-25T20:54:40.571538+00:00
433,2.4842336177825928,21.99999988079071,1.0258222400443628,2026-07-25T20:54:50.284636+00:00
434,1.8473559617996216,21.99999988079071,1.0088791200541891,2026-07-25T20:55:00.675484+00:00
480,1.7773945331573486,19.999998807907104,0.9619382400705945,2026-07-25T20:55:02.437352+00:00
435,1.8623168468475342,19.999998807907104,0.9777598200889769,2026-07-25T20:55:22.278969+00:00
481,1.8136401176452637,17.999999225139618,1.0082174799754284,2026-07-25T20:55:24.148402+00:00
482,1.7331846952438354,3.999999910593033,0.9916375200555193,2026-07-25T20:55:34.610341+00:00
436,1.920332908630371,14.000000059604645,1.074565720045939,2026-07-25T20:55:43.900262+00:00
483,1.7814850807189941,19.999998807907104,1.0354820200882386,2026-07-25T20:55:45.201747+00:00
437,1.974259376525879,14.000000059604645,1.0529115199460648,2026-07-25T20:55:54.450957+00:00
438,1.8402276039123535,19.999998807907104,1.0164620200521313,2026-07-25T20:56:04.798051+00:00
484,1.9001420736312866,41.999998688697815,0.9750381999765523,2026-07-25T20:56:06.866315+00:00
439,1.5654603242874146,21.99999988079071,1.0089470799721312,2026-07-25T20:56:26.557526+00:00
485,2.037655830383301,15.999999642372131,1.070705839956645,2026-07-25T20:56:28.086721+00:00
486,1.9623668193817139,15.999999642372131,1.192037739965599,2026-07-25T20:56:38.665336+00:00
440,1.8784419298171997,25.999999046325684,1.1367875599535182,2026-07-25T20:56:49.328581+00:00
487,1.9030262231826782,25.999999046325684,0.9740948399121407,2026-07-25T20:56:49.462118+00:00
441,1.798047661781311,29.999998211860657,1.1782960999698844,2026-07-25T20:56:59.960424+00:00
488,1.7348746061325073,19.999998807907104,1.3876224000705406,2026-07-25T20:57:00.000967+00:00
489,1.909895420074463,19.999998807907104,1.1120413600292522,2026-07-25T20:57:10.360100+00:00
442,1.5173959732055664,51.99999809265137,1.2607030199433211,2026-07-25T20:57:10.405896+00:00
443,2.3554162979125977,19.999998807907104,1.109793659998104,2026-07-25T20:57:20.892150+00:00
490,1.762296199798584,35.999998450279236,1.2487753000459634,2026-07-25T20:57:20.942306+00:00
444,2.015955924987793,3.999999910593033,1.0513954599446151,2026-07-25T20:57:31.831339+00:00
445,2.0944130420684814,19.999998807907104,1.021309819916496,2026-07-25T20:57:42.198955+00:00
491,1.7851855754852295,17.999999225139618,1.085944560036296,2026-07-25T20:57:42.532721+00:00
446,2.1457958221435547,19.999998807907104,0.9992180000699591,2026-07-25T20:57:52.645253+00:00
492,1.9200654029846191,17.999999225139618,0.9950595999544021,2026-07-25T20:58:04.213959+00:00
447,1.5997347831726074,21.99999988079071,1.1060237800120376,2026-07-25T20:58:14.145767+00:00
493,1.7674026489257812,11.999999731779099,0.9644125599879771,2026-07-25T20:58:25.593157+00:00
448,1.9412387609481812,34.00000035762787,0.9571506999782287,2026-07-25T20:58:35.409377+00:00
494,1.576328992843628,15.999999642372131,0.9903543601103593,2026-07-25T20:58:35.882955+00:00
449,1.840572714805603,23.999999463558197,1.02325801999541,2026-07-25T20:58:45.659439+00:00
495,1.7618619203567505,14.000000059604645,0.9765867999522014,2026-07-25T20:58:46.148546+00:00
450,1.663946509361267,11.999999731779099,1.1029677400074434,2026-07-25T20:58:56.220376+00:00
496,2.2827272415161133,29.999998211860657,1.0375341400504112,2026-07-25T20:58:56.499612+00:00
451,2.191516160964966,1.9999999552965164,1.0606043400184717,2026-07-25T20:59:17.829170+00:00
497,1.8742775917053223,17.999999225139618,1.0617068799911067,2026-07-25T20:59:17.871009+00:00
498,1.6629899740219116,21.99999988079071,0.9721399599220604,2026-07-25T20:59:28.227362+00:00
452,2.064528465270996,19.999998807907104,1.2980492200586013,2026-07-25T20:59:38.710278+00:00
499,1.9459185600280762,0.0,0.9532796399435028,2026-07-25T20:59:38.937292+00:00
453,1.8907924890518188,21.99999988079071,1.0002727000392042,2026-07-25T20:59:49.098052+00:00
500,1.7074127197265625,9.999999403953552,1.0106431599706411,2026-07-25T20:59:49.432732+00:00
454,2.190986156463623,19.999998807907104,1.0595910401025321,2026-07-25T20:59:59.568157+00:00
501,1.5710704326629639,28.00000011920929,1.0277081800450105,2026-07-25T20:59:59.899850+00:00
455,2.3282976150512695,19.999998807907104,1.1033376799605321,2026-07-25T21:00:10.165687+00:00
502,1.8969835042953491,17.999999225139618,1.014739259990165,2026-07-25T21:00:10.279616+00:00
456,1.892228126525879,19.999998807907104,1.2002111399488058,2026-07-25T21:00:20.699857+00:00
503,1.7640081644058228,23.999999463558197,1.2922117400739808,2026-07-25T21:00:20.701760+00:00
504,1.7519540786743164,25.999999046325684,3.7295628800347913,2026-07-25T21:00:31.260099+00:00
457,1.9181323051452637,31.999999284744263,1.1263637400406878,2026-07-25T21:00:31.499068+00:00
505,1.7452670335769653,23.999999463558197,1.001953439990757,2026-07-25T21:00:41.598095+00:00
506,1.7954193353652954,21.99999988079071,1.0056053000153042,2026-07-25T21:00:52.236161+00:00
458,1.8751955032348633,19.999998807907104,1.0191447401302867,2026-07-25T21:00:53.120436+00:00
507,1.9827593564987183,43.99999976158142,1.0187876799318474,2026-07-25T21:01:02.684342+00:00
459,2.320161819458008,19.999998807907104,0.9859568999672774,2026-07-25T21:01:14.641135+00:00
508,1.6139564514160156,41.999998688697815,1.0127337799349334,2026-07-25T21:01:24.208940+00:00
509,1.7599704265594482,21.99999988079071,1.0202496200508904,2026-07-25T21:01:34.610844+00:00
460,2.0188028812408447,21.99999988079071,0.9832808001374359,2026-07-25T21:01:36.013838+00:00
510,1.706251859664917,25.999999046325684,1.108407200081274,2026-07-25T21:01:45.135266+00:00
461,2.0163540840148926,29.999998211860657,1.1984568799380213,2026-07-25T21:01:46.590025+00:00
511,1.7523252964019775,14.000000059604645,0.9722667800087947,2026-07-25T21:01:56.222239+00:00
462,1.9663082361221313,0.0,1.0051235600258224,2026-07-25T21:01:56.936913+00:00
463,1.8500876426696777,23.999999463558197,4.142303840053501,2026-07-25T21:02:07.690992+00:00
512,1.644240379333496,3.999999910593033,1.1580613401019946,2026-07-25T21:02:07.738495+00:00
513,1.7516577243804932,19.999998807907104,1.0087956399365794,2026-07-25T21:02:18.176633+00:00
514,1.6472604274749756,21.99999988079071,1.0250082200218458,2026-07-25T21:02:28.838707+00:00
464,2.177819013595581,11.999999731779099,1.0356376800336875,2026-07-25T21:02:29.352931+00:00
515,1.6701669692993164,29.999998211860657,1.0717219399521127,2026-07-25T21:02:39.928224+00:00
465,2.156405448913574,17.999999225139618,0.9828320999804417,2026-07-25T21:02:39.990128+00:00
466,1.7923197746276855,28.00000011920929,1.4771559000655543,2026-07-25T21:02:50.448417+00:00
516,1.8887797594070435,17.999999225139618,1.0005989800265525,2026-07-25T21:02:50.505914+00:00
467,1.6172332763671875,21.99999988079071,0.9906927999691105,2026-07-25T21:03:00.797109+00:00
468,1.8460716009140015,9.999999403953552,1.0459026398893911,2026-07-25T21:03:11.122003+00:00
517,1.8702365159988403,7.999999821186066,0.9880431400961243,2026-07-25T21:03:12.773576+00:00
469,1.559515118598938,41.999998688697815,0.9978941200824919,2026-07-25T21:03:21.623956+00:00
518,1.793284296989441,23.999999463558197,1.0173795001173858,2026-07-25T21:03:23.097660+00:00
470,1.619417667388916,19.999998807907104,1.0605276400747243,2026-07-25T21:03:31.894706+00:00
471,1.8265734910964966,19.999998807907104,0.9986624799785204,2026-07-25T21:03:42.138737+00:00
519,1.9467353820800781,31.999999284744263,1.0828866199881304,2026-07-25T21:03:45.558371+00:00
472,1.895078420639038,19.999998807907104,1.0242670800653286,2026-07-25T21:03:52.847819+00:00
473,2.0911853313446045,17.999999225139618,1.006105260021286,2026-07-25T21:04:03.331551+00:00
520,1.902725100517273,23.999999463558197,0.9635886199248489,2026-07-25T21:04:07.192446+00:00
474,2.0478334426879883,17.999999225139618,1.040219799906481,2026-07-25T21:04:13.928969+00:00
521,1.853818416595459,19.999998807907104,1.0922401599236764,2026-07-25T21:04:28.412569+00:00
475,2.154637575149536,1.9999999552965164,1.003761019965168,2026-07-25T21:04:35.357960+00:00
522,1.7441418170928955,21.99999988079071,1.011500719905598,2026-07-25T21:04:38.723863+00:00
476,2.1536214351654053,17.999999225139618,1.0343543598719407,2026-07-25T21:04:45.822975+00:00
477,1.645909070968628,17.999999225139618,1.070620760001475,2026-07-25T21:04:56.353142+00:00
523,1.7417118549346924,9.999999403953552,1.049960060045123,2026-07-25T21:05:00.195253+00:00
478,1.5862563848495483,19.999998807907104,0.99310242003412,2026-07-25T21:05:06.711862+00:00
479,1.846555471420288,11.999999731779099,0.9808944399992471,2026-07-25T21:05:17.179580+00:00
524,1.5806341171264648,14.000000059604645,0.9750288398936391,2026-07-25T21:05:21.445300+00:00
480,1.855418086051941,21.99999988079071,1.0535574800451286,2026-07-25T21:05:27.426104+00:00
525,1.5812270641326904,21.99999988079071,0.9938061599677895,2026-07-25T21:05:31.736936+00:00
481,2.0351200103759766,35.999998450279236,1.0074705000442918,2026-07-25T21:05:38.241060+00:00
526,1.5864862203598022,21.99999988079071,0.9825330399326048,2026-07-25T21:05:41.936547+00:00
482,1.9819040298461914,15.999999642372131,1.0135543400247116,2026-07-25T21:05:48.613222+00:00
527,1.7421636581420898,17.999999225139618,0.9974934000638314,2026-07-25T21:05:52.353369+00:00
483,1.8698856830596924,15.999999642372131,1.0076925599423703,2026-07-25T21:05:59.029225+00:00
528,1.578240990638733,39.99999761581421,0.9819355800573248,2026-07-25T21:06:13.688095+00:00
484,1.8472201824188232,3.999999910593033,0.969895480084233,2026-07-25T21:06:20.117533+00:00
485,1.8329641819000244,23.999999463558197,1.0726021199661773,2026-07-25T21:06:30.542219+00:00
529,1.7323288917541504,21.99999988079071,0.9854718799761032,2026-07-25T21:06:34.717474+00:00
530,1.886266827583313,11.999999731779099,0.97400718004792,2026-07-25T21:06:45.151775+00:00
486,2.4905402660369873,15.999999642372131,1.0026348600513302,2026-07-25T21:06:52.179248+00:00
531,1.7528445720672607,25.999999046325684,1.0277099200175144,2026-07-25T21:06:55.535483+00:00
532,1.6010825634002686,21.99999988079071,1.0027147800428793,2026-07-25T21:07:05.740710+00:00
487,1.767656683921814,19.999998807907104,1.0165267200500239,2026-07-25T21:07:13.695792+00:00
533,1.8888403177261353,37.99999952316284,1.0283794401038904,2026-07-25T21:07:27.100573+00:00
488,1.9129691123962402,37.99999952316284,1.0129449600935914,2026-07-25T21:07:35.258910+00:00
489,1.6285698413848877,21.99999988079071,0.9798901599424426,2026-07-25T21:07:45.280033+00:00
534,1.7361633777618408,25.999999046325684,1.0038739399169572,2026-07-25T21:07:48.695385+00:00
535,1.7215319871902466,3.999999910593033,0.9625878800579812,2026-07-25T21:07:58.997770+00:00
490,1.9731427431106567,19.999998807907104,0.9855847600556443,2026-07-25T21:08:07.003807+00:00
536,1.7369836568832397,17.999999225139618,0.9762871399288997,2026-07-25T21:08:09.261197+00:00
491,1.7255135774612427,14.000000059604645,1.0341535600309726,2026-07-25T21:08:27.971299+00:00
537,1.8911044597625732,28.00000011920929,1.0867923000478186,2026-07-25T21:08:30.518586+00:00
492,1.909854769706726,21.99999988079071,1.0316082600911614,2026-07-25T21:08:38.576874+00:00
538,1.5781954526901245,21.99999988079071,1.091311880009016,2026-07-25T21:08:40.735898+00:00
493,1.9632503986358643,1.9999999552965164,0.9903663799923379,2026-07-25T21:08:48.795025+00:00
539,2.138906240463257,3.999999910593033,0.9784934201161376,2026-07-25T21:08:50.951359+00:00
494,1.6383346319198608,23.999999463558197,1.0249044800002594,2026-07-25T21:08:59.383383+00:00
540,1.908042550086975,15.999999642372131,1.0288959000899922,2026-07-25T21:09:12.504915+00:00
495,2.0624730587005615,15.999999642372131,1.0462696199829224,2026-07-25T21:09:20.506526+00:00
541,1.7332993745803833,31.999999284744263,1.0000586199748795,2026-07-25T21:09:33.801294+00:00
496,1.667427659034729,7.999999821186066,0.9951871201337782,2026-07-25T21:09:41.649699+00:00
497,2.110619068145752,31.999999284744263,0.9891560999676584,2026-07-25T21:09:52.125430+00:00
542,1.7663161754608154,31.999999284744263,1.0571234999224544,2026-07-25T21:09:55.625217+00:00
498,1.9665822982788086,28.00000011920929,0.979071740002837,2026-07-25T21:10:02.384235+00:00
499,2.0243232250213623,28.00000011920929,0.9800287800317165,2026-07-25T21:10:12.563951+00:00
543,1.70637845993042,11.999999731779099,0.982459380029468,2026-07-25T21:10:16.896232+00:00
544,1.7357364892959595,25.999999046325684,0.9768059599446133,2026-07-25T21:10:27.106338+00:00
500,1.727088212966919,17.999999225139618,0.9503439800755586,2026-07-25T21:10:33.847817+00:00
545,1.8800578117370605,17.999999225139618,0.9770222801307681,2026-07-25T21:10:37.425211+00:00
546,1.7299646139144897,21.99999988079071,1.0380183800589293,2026-07-25T21:10:47.891408+00:00
501,1.8514748811721802,21.99999988079071,0.9858901400002652,2026-07-25T21:10:55.128579+00:00
547,1.8913607597351074,21.99999988079071,0.9813676400517578,2026-07-25T21:10:58.697089+00:00
502,1.6406915187835693,21.99999988079071,0.9618967199639883,2026-07-25T21:11:05.452884+00:00
503,1.8113728761672974,17.999999225139618,0.9665643800690304,2026-07-25T21:11:15.730323+00:00
548,1.579039454460144,29.999998211860657,1.021186919970205,2026-07-25T21:11:19.994082+00:00
549,1.7093744277954102,21.99999988079071,1.048816580005223,2026-07-25T21:11:30.321447+00:00
504,1.9707386493682861,17.999999225139618,0.9826319800049531,2026-07-25T21:11:36.859870+00:00
550,1.7326843738555908,15.999999642372131,0.9910069999750705,2026-07-25T21:11:40.765977+00:00
505,1.999477744102478,14.000000059604645,1.036402619938599,2026-07-25T21:11:47.088082+00:00
506,1.6174485683441162,17.999999225139618,1.042803339951206,2026-07-25T21:11:57.327754+00:00
551,1.9453130960464478,29.999998211860657,0.9546181400946807,2026-07-25T21:12:02.113912+00:00
552,1.7270721197128296,35.999998450279236,1.0010280000278726,2026-07-25T21:12:12.309066+00:00
507,1.979821801185608,9.999999403953552,1.0355398400861304,2026-07-25T21:12:18.525272+00:00
553,1.7265636920928955,15.999999642372131,0.9891412800061518,2026-07-25T21:12:22.566709+00:00
508,1.7410465478897095,23.999999463558197,1.018767019995721,2026-07-25T21:12:39.950341+00:00
554,1.7554728984832764,21.99999988079071,0.9680093800125178,2026-07-25T21:12:43.785361+00:00
509,1.6861516237258911,19.999998807907104,0.9735005599213764,2026-07-25T21:13:01.643465+00:00
555,1.599403738975525,14.000000059604645,0.9778999999980442,2026-07-25T21:13:05.012881+00:00
510,1.8616421222686768,14.000000059604645,0.9529423000640236,2026-07-25T21:13:22.666793+00:00
556,1.8680416345596313,29.999998211860657,0.9889604400086682,2026-07-25T21:13:26.238827+00:00
511,1.7838692665100098,21.99999988079071,0.9856068000954109,2026-07-25T21:13:32.910269+00:00
557,1.7218879461288452,3.999999910593033,0.9996969600615556,2026-07-25T21:13:36.559905+00:00
512,1.697190284729004,17.999999225139618,0.9974233798857313,2026-07-25T21:13:43.276048+00:00
558,1.7247103452682495,14.000000059604645,0.9796319599263371,2026-07-25T21:13:46.808713+00:00
513,1.8128231763839722,23.999999463558197,1.047413020132808,2026-07-25T21:13:53.508732+00:00
559,1.9254931211471558,17.999999225139618,0.9932401600235606,2026-07-25T21:13:57.141300+00:00
514,1.7229446172714233,3.999999910593033,1.0248486000637058,2026-07-25T21:14:03.963197+00:00
560,1.7241078615188599,21.99999988079071,0.9838023199699819,2026-07-25T21:14:07.415829+00:00
561,1.8328642845153809,17.999999225139618,0.9504813399689738,2026-07-25T21:14:17.637558+00:00
515,1.5992372035980225,17.999999225139618,0.957664719899185,2026-07-25T21:14:25.000076+00:00
562,1.591713547706604,19.999998807907104,1.0576217201014515,2026-07-25T21:14:28.124434+00:00
516,2.2557625770568848,14.000000059604645,1.0123776401451323,2026-07-25T21:14:35.263420+00:00
563,1.8209232091903687,43.99999976158142,0.9784006599511486,2026-07-25T21:14:38.398320+00:00
517,2.178473472595215,19.999998807907104,1.0140567399503198,2026-07-25T21:14:45.583861+00:00
564,1.7217984199523926,19.999998807907104,1.019226499920478,2026-07-25T21:15:00.815142+00:00
518,1.6620479822158813,21.99999988079071,1.0118293199047912,2026-07-25T21:15:07.374703+00:00
519,1.6712075471878052,17.999999225139618,1.0017113799403887,2026-07-25T21:15:17.819899+00:00
565,1.7142672538757324,19.999998807907104,0.9966415600501932,2026-07-25T21:15:22.936834+00:00
520,1.9307448863983154,17.999999225139618,1.0892418200091925,2026-07-25T21:15:28.017189+00:00
566,1.7112582921981812,19.999998807907104,0.9981204799260012,2026-07-25T21:15:33.392743+00:00
567,1.7040870189666748,21.99999988079071,1.0177566400670912,2026-07-25T21:15:43.709009+00:00
521,2.1628382205963135,1.9999999552965164,0.9893386598560027,2026-07-25T21:15:49.479922+00:00
568,1.707574486732483,23.999999463558197,0.9805205200973431,2026-07-25T21:15:54.227076+00:00
569,1.578072190284729,28.00000011920929,0.9849586400378029,2026-07-25T21:16:04.491714+00:00
522,1.8888615369796753,19.999998807907104,1.0572157200658694,2026-07-25T21:16:10.831967+00:00
570,1.7170319557189941,25.999999046325684,1.0550791199784726,2026-07-25T21:16:14.900534+00:00
523,1.5976678133010864,35.999998450279236,0.983184000069741,2026-07-25T21:16:32.060416+00:00
571,1.689752459526062,37.99999952316284,0.9875367800123058,2026-07-25T21:16:36.688242+00:00
524,1.7097457647323608,31.999999284744263,1.0008162399753928,2026-07-25T21:16:42.468873+00:00
572,1.623618721961975,21.99999988079071,0.995942519948585,2026-07-25T21:16:47.730457+00:00
525,1.6935573816299438,7.999999821186066,0.9752031999232713,2026-07-25T21:16:52.709903+00:00
573,1.6066235303878784,3.999999910593033,1.0071384799084626,2026-07-25T21:16:58.474069+00:00
526,1.7853220701217651,21.99999988079071,1.2032631199690513,2026-07-25T21:17:02.972811+00:00
527,1.8095479011535645,11.999999731779099,0.9766619400761556,2026-07-25T21:17:13.297903+00:00
574,1.5447955131530762,41.999998688697815,1.041705359966727,2026-07-25T21:17:19.529248+00:00
528,1.576972246170044,21.99999988079071,0.9720477400696836,2026-07-25T21:17:23.761292+00:00
575,1.5882577896118164,41.999998688697815,0.9878809600195383,2026-07-25T21:17:29.778421+00:00
529,1.5255448818206787,31.999999284744263,0.9949972400499973,2026-07-25T21:17:34.734003+00:00
576,1.5809004306793213,5.999999865889549,0.9656909000477754,2026-07-25T21:17:40.002887+00:00
530,1.6036105155944824,7.999999821186066,1.0331621598743368,2026-07-25T21:17:44.904823+00:00
577,1.6976722478866577,21.99999988079071,3.1790547200944275,2026-07-25T21:17:50.470805+00:00
531,1.6911827325820923,14.000000059604645,1.0015640400524717,2026-07-25T21:18:06.924304+00:00
578,1.7679870128631592,23.999999463558197,0.9814858000027015,2026-07-25T21:18:11.679555+00:00
579,1.7085129022598267,37.99999952316284,0.9757358400383964,2026-07-25T21:18:21.897024+00:00
532,1.7522960901260376,3.999999910593033,1.0355949000222608,2026-07-25T21:18:28.320396+00:00
580,1.7132498025894165,35.999998450279236,0.9756630599440541,2026-07-25T21:18:32.270151+00:00
533,1.6735957860946655,28.00000011920929,1.0240413800056558,2026-07-25T21:18:38.727144+00:00
581,1.6235527992248535,11.999999731779099,1.0227253200719133,2026-07-25T21:18:42.487924+00:00
534,2.7627642154693604,15.999999642372131,0.9734149600262754,2026-07-25T21:18:49.106656+00:00
582,1.8053005933761597,17.999999225139618,0.949642179912189,2026-07-25T21:18:52.718281+00:00
535,1.793392300605774,9.999999403953552,0.9513639999204315,2026-07-25T21:18:59.588066+00:00
536,1.631422758102417,15.999999642372131,1.0431401000823826,2026-07-25T21:19:09.827866+00:00
583,1.5927472114562988,21.99999988079071,1.0566125399782322,2026-07-25T21:19:14.469205+00:00
537,1.8368020057678223,5.999999865889549,0.989614579884801,2026-07-25T21:19:20.216760+00:00
584,1.5477194786071777,47.999998927116394,1.0058088799996767,2026-07-25T21:19:36.193734+00:00
538,1.6987357139587402,21.99999988079071,0.9701744400081225,2026-07-25T21:19:41.137950+00:00
539,1.5951266288757324,29.999998211860657,1.026480040018214,2026-07-25T21:19:51.496563+00:00
585,1.6494232416152954,25.999999046325684,1.0322244399867486,2026-07-25T21:19:57.788763+00:00
540,1.7207950353622437,19.999998807907104,0.9708123000746127,2026-07-25T21:20:01.668610+00:00
586,1.8247032165527344,3.999999910593033,0.9851927800627891,2026-07-25T21:20:19.372340+00:00
541,1.7666202783584595,19.999998807907104,0.9557520800444763,2026-07-25T21:20:22.585803+00:00
587,1.7057265043258667,19.999998807907104,1.152813919907203,2026-07-25T21:20:30.093917+00:00
542,1.661799669265747,23.999999463558197,0.9927732599317096,2026-07-25T21:20:32.751273+00:00
543,1.6739983558654785,28.00000011920929,0.9580683799867984,2026-07-25T21:20:43.070624+00:00
588,1.7050532102584839,14.000000059604645,0.9723576600663364,2026-07-25T21:20:52.092319+00:00
544,1.6664938926696777,21.99999988079071,0.9887165600957816,2026-07-25T21:20:53.460475+00:00
589,1.7177643775939941,14.000000059604645,0.9983972601185088,2026-07-25T21:21:13.679509+00:00
545,1.6412222385406494,17.999999225139618,1.0478167800465599,2026-07-25T21:21:14.285702+00:00
546,1.789513111114502,28.00000011920929,1.0376874200301245,2026-07-25T21:21:24.566851+00:00
547,1.698494553565979,19.999998807907104,1.012015779997455,2026-07-25T21:21:34.853463+00:00
590,1.859808325767517,21.99999988079071,0.9879232599632816,2026-07-25T21:21:36.095310+00:00
548,1.5696072578430176,23.999999463558197,1.054040500021074,2026-07-25T21:21:45.084820+00:00
591,1.7136074304580688,21.99999988079071,1.0751657800574321,2026-07-25T21:21:46.590329+00:00
549,1.8053802251815796,23.999999463558197,0.9894588800671044,2026-07-25T21:21:55.307994+00:00
592,1.5775164365768433,21.99999988079071,0.9558382799150422,2026-07-25T21:22:09.223104+00:00
550,1.7255038022994995,1.9999999552965164,0.9891920199152082,2026-07-25T21:22:16.979757+00:00
593,1.6913080215454102,19.999998807907104,0.9963849799532909,2026-07-25T21:22:19.471981+00:00
594,1.7238458395004272,17.999999225139618,1.0519105600542389,2026-07-25T21:22:29.849536+00:00
551,1.9574207067489624,21.99999988079071,0.9563092800090089,2026-07-25T21:22:38.285514+00:00
595,1.7714122533798218,19.999998807907104,0.9778430400183425,2026-07-25T21:22:51.250042+00:00
552,1.667214035987854,5.999999865889549,0.9854882399667987,2026-07-25T21:22:59.283075+00:00
596,1.6938635110855103,19.999998807907104,1.010354140016716,2026-07-25T21:23:01.973016+00:00
597,1.8708946704864502,19.999998807907104,0.9978190599940718,2026-07-25T21:23:12.284915+00:00
553,1.7260092496871948,17.999999225139618,0.9987636000732892,2026-07-25T21:23:20.325179+00:00
554,1.7401663064956665,23.999999463558197,0.9972153000126127,2026-07-25T21:23:30.681645+00:00
598,1.8340646028518677,21.99999988079071,0.9802372798731085,2026-07-25T21:23:34.424760+00:00
555,1.7012543678283691,14.000000059604645,1.0126287599268835,2026-07-25T21:23:52.033167+00:00
599,1.6180028915405273,21.99999988079071,1.0678448600810952,2026-07-25T21:23:56.154222+00:00
600,1.8346539735794067,7.999999821186066,0.9842039200884756,2026-07-25T21:24:06.809790+00:00
556,1.6666091680526733,21.99999988079071,0.9879119400284253,2026-07-25T21:24:13.140930+00:00
601,1.6000672578811646,25.999999046325684,0.9798719199898187,2026-07-25T21:24:17.004950+00:00
557,1.583463191986084,21.99999988079071,1.0177766399283428,2026-07-25T21:24:34.713103+00:00
602,1.796932339668274,35.999998450279236,0.9743116400204599,2026-07-25T21:24:38.632563+00:00
558,1.4323523044586182,41.999998688697815,1.020481579907937,2026-07-25T21:24:45.002318+00:00
603,1.7603710889816284,3.999999910593033,1.0154668599716388,2026-07-25T21:25:00.735550+00:00
559,1.6400542259216309,14.000000059604645,0.9643531200708821,2026-07-25T21:25:07.081304+00:00
604,1.6770412921905518,19.999998807907104,1.065217559953453,2026-07-25T21:25:11.075558+00:00
560,1.4718756675720215,35.999998450279236,1.0675152599287685,2026-07-25T21:25:17.521313+00:00
605,1.806872844696045,25.999999046325684,1.0337571399577428,2026-07-25T21:25:21.388462+00:00
561,1.7675398588180542,21.99999988079071,1.0551501000009011,2026-07-25T21:25:27.994772+00:00
606,1.739902377128601,15.999999642372131,1.0274986800504848,2026-07-25T21:25:31.808355+00:00
607,1.7027109861373901,34.00000035762787,0.9688260999973863,2026-07-25T21:25:42.071467+00:00
562,1.4413279294967651,41.999998688697815,1.0106344999803696,2026-07-25T21:25:49.092312+00:00
608,1.6971784830093384,21.99999988079071,1.0248208799748681,2026-07-25T21:25:52.354249+00:00
563,2.0911781787872314,37.99999952316284,1.0156375799851958,2026-07-25T21:25:59.242739+00:00
564,2.69246244430542,5.999999865889549,1.115656879992457,2026-07-25T21:26:09.568866+00:00
609,1.780411720275879,3.999999910593033,1.037395599996671,2026-07-25T21:26:13.558316+00:00
565,1.6687933206558228,3.999999910593033,1.2546743400162086,2026-07-25T21:26:30.893724+00:00
610,1.720084547996521,1.9999999552965164,1.0131010800250806,2026-07-25T21:26:35.279005+00:00
611,1.589237093925476,25.999999046325684,1.0008128600020427,2026-07-25T21:26:46.467161+00:00
566,1.8179452419281006,28.00000011920929,1.0248686000704765,2026-07-25T21:26:52.759335+00:00
612,1.7421081066131592,35.999998450279236,1.0206316599214915,2026-07-25T21:26:57.351371+00:00
567,1.588139295578003,23.999999463558197,1.0282279198872857,2026-07-25T21:27:03.392720+00:00
613,1.8079811334609985,0.0,0.9680094200302847,2026-07-25T21:27:07.833755+00:00
568,1.5948818922042847,19.999998807907104,0.9592372000042815,2026-07-25T21:27:13.773720+00:00
614,1.5356639623641968,23.999999463558197,1.081295319891069,2026-07-25T21:27:29.023291+00:00
569,1.7151129245758057,14.000000059604645,0.9886312800517771,2026-07-25T21:27:35.100465+00:00
615,1.6673974990844727,41.999998688697815,1.0338433799915947,2026-07-25T21:27:39.530651+00:00
570,1.694319486618042,5.999999865889549,1.018005939986324,2026-07-25T21:27:56.342351+00:00
616,1.718900203704834,19.999998807907104,0.968279599910602,2026-07-25T21:28:00.939109+00:00
571,1.6769708395004272,25.999999046325684,0.9708849999879021,2026-07-25T21:28:06.823083+00:00
617,1.7029321193695068,19.999998807907104,0.9790371599956416,2026-07-25T21:28:11.385198+00:00
572,1.7927730083465576,21.99999988079071,1.0343416999967303,2026-07-25T21:28:17.041706+00:00
573,1.4449310302734375,31.999999284744263,1.0350617198855616,2026-07-25T21:28:27.356060+00:00
618,1.6701716184616089,23.999999463558197,1.0134624999773223,2026-07-25T21:28:32.870954+00:00
574,1.657034158706665,21.99999988079071,1.0279673599870875,2026-07-25T21:28:37.546432+00:00
575,1.7554653882980347,23.999999463558197,0.9699068799091037,2026-07-25T21:28:47.719982+00:00
619,1.5814025402069092,45.99999785423279,1.0523927600297611,2026-07-25T21:28:53.987804+00:00
620,1.7440743446350098,17.999999225139618,0.9850091199041344,2026-07-25T21:29:04.431210+00:00
576,1.8846640586853027,17.999999225139618,0.991550559992902,2026-07-25T21:29:08.719162+00:00
621,1.7412614822387695,14.000000059604645,1.007375100016361,2026-07-25T21:29:25.718364+00:00
577,1.5740292072296143,29.999998211860657,1.0348325000086334,2026-07-25T21:29:30.110741+00:00
578,1.6038920879364014,37.99999952316284,0.9656996199919377,2026-07-25T21:29:40.277365+00:00
622,1.8056422472000122,17.999999225139618,0.962914880074095,2026-07-25T21:29:47.307239+00:00
579,1.7097746133804321,19.999998807907104,1.0070150801038835,2026-07-25T21:29:50.593699+00:00
623,1.7615149021148682,19.999998807907104,1.0131008799362462,2026-07-25T21:29:57.858093+00:00
580,1.6641013622283936,25.999999046325684,1.008589240082074,2026-07-25T21:30:00.919571+00:00
624,1.6563653945922852,11.999999731779099,0.9586742000828963,2026-07-25T21:30:19.641977+00:00
581,1.7245986461639404,21.99999988079071,0.9997348200704436,2026-07-25T21:30:21.816081+00:00
582,1.6642029285430908,21.99999988079071,1.02675744012231,2026-07-25T21:30:32.267425+00:00
625,1.6826492547988892,21.99999988079071,0.9788387200387662,2026-07-25T21:30:41.608617+00:00
626,1.6212108135223389,21.99999988079071,1.001046640012646,2026-07-25T21:30:52.025466+00:00
583,1.6999218463897705,19.999998807907104,1.0392855800455436,2026-07-25T21:30:53.311638+00:00
627,1.7629987001419067,19.999998807907104,1.0179157598759048,2026-07-25T21:31:02.735701+00:00
584,1.5734845399856567,21.99999988079071,1.1277184600476176,2026-07-25T21:31:03.738337+00:00
628,1.7151057720184326,1.9999999552965164,1.0335586599831004,2026-07-25T21:31:24.570929+00:00
585,1.626128077507019,14.000000059604645,0.9663820199784823,2026-07-25T21:31:24.969197+00:00
586,1.6176484823226929,23.999999463558197,1.0815779399126768,2026-07-25T21:31:46.058690+00:00
629,1.6909180879592896,17.999999225139618,1.1264303600182757,2026-07-25T21:31:46.279981+00:00
587,1.5710769891738892,21.99999988079071,1.1687707800592761,2026-07-25T21:31:56.532596+00:00
630,1.7702082395553589,34.00000035762787,1.042303440044634,2026-07-25T21:31:56.951994+00:00
631,1.7361118793487549,17.999999225139618,0.9931834599410649,2026-07-25T21:32:07.316622+00:00
632,1.6913409233093262,31.999999284744263,1.0215642000548542,2026-07-25T21:32:17.608075+00:00
588,1.6401022672653198,23.999999463558197,1.0435898599098437,2026-07-25T21:32:17.919388+00:00
633,1.5565555095672607,23.999999463558197,1.052240819990402,2026-07-25T21:32:28.056867+00:00
634,1.7812812328338623,34.00000035762787,1.0497156000928953,2026-07-25T21:32:38.531230+00:00
589,1.7486172914505005,15.999999642372131,0.9658246600884013,2026-07-25T21:32:39.425932+00:00
590,1.603355884552002,25.999999046325684,1.0177212000417057,2026-07-25T21:32:49.951453+00:00
635,1.7044926881790161,19.999998807907104,1.0275977800483815,2026-07-25T21:32:59.868254+00:00
636,1.7227171659469604,1.9999999552965164,0.9856387399486265,2026-07-25T21:33:10.127517+00:00
591,1.6398030519485474,21.99999988079071,0.9874305799894499,2026-07-25T21:33:11.135140+00:00
637,1.6358544826507568,11.999999731779099,0.9500186798686627,2026-07-25T21:33:20.418757+00:00
638,1.6586925983428955,19.999998807907104,1.055391419940861,2026-07-25T21:33:30.813900+00:00
592,2.1696667671203613,21.99999988079071,0.9973973999149166,2026-07-25T21:33:32.447235+00:00
639,1.7999258041381836,9.999999403953552,0.9758527799567673,2026-07-25T21:33:41.094197+00:00
593,1.7004992961883545,5.999999865889549,1.008646359987324,2026-07-25T21:33:42.692126+00:00
640,1.8206957578659058,9.999999403953552,1.0445533200982027,2026-07-25T21:33:51.562143+00:00
594,1.6544691324234009,15.999999642372131,1.0154818199225701,2026-07-25T21:33:52.988270+00:00
641,1.5750529766082764,21.99999988079071,1.005220100050792,2026-07-25T21:34:01.956950+00:00
642,1.6978042125701904,29.999998211860657,0.9810647800622974,2026-07-25T21:34:12.256342+00:00
595,1.8858325481414795,1.9999999552965164,1.0027081200678367,2026-07-25T21:34:14.435327+00:00
643,1.6950442790985107,1.9999999552965164,1.012772559915902,2026-07-25T21:34:22.602070+00:00
644,1.562119483947754,14.000000059604645,0.9752494998974726,2026-07-25T21:34:32.909179+00:00
596,1.6191034317016602,37.99999952316284,1.015068119886564,2026-07-25T21:34:36.528980+00:00
597,1.5898382663726807,21.99999988079071,0.9869408200029284,2026-07-25T21:34:46.758130+00:00
645,1.713426113128662,29.999998211860657,1.0210383198864292,2026-07-25T21:34:54.056054+00:00
598,1.693902611732483,28.00000011920929,0.9753835000446998,2026-07-25T21:34:57.697998+00:00
646,1.7136831283569336,15.999999642372131,1.0701260800124146,2026-07-25T21:35:04.566760+00:00
599,1.7175849676132202,19.999998807907104,1.0194522800156847,2026-07-25T21:35:08.086592+00:00
647,1.676064133644104,29.999998211860657,1.0335202199348714,2026-07-25T21:35:14.939986+00:00
600,1.4736242294311523,37.99999952316284,1.014361440029461,2026-07-25T21:35:18.704976+00:00
601,1.625734806060791,43.99999976158142,1.0760537401074544,2026-07-25T21:35:29.065469+00:00
648,1.6990842819213867,0.0,1.0286797999287955,2026-07-25T21:35:36.586897+00:00
649,1.7156180143356323,7.999999821186066,1.001269160042284,2026-07-25T21:35:46.946580+00:00
602,1.6345815658569336,9.999999403953552,0.9835171600570901,2026-07-25T21:35:50.826056+00:00
650,1.7988958358764648,7.999999821186066,1.014653339952929,2026-07-25T21:35:58.166108+00:00
603,1.6350924968719482,23.999999463558197,1.0235391800233629,2026-07-25T21:36:01.269004+00:00
651,1.5692343711853027,23.999999463558197,1.0048484400613233,2026-07-25T21:36:08.673282+00:00
604,1.7245084047317505,15.999999642372131,1.0284772800514475,2026-07-25T21:36:11.699843+00:00
652,1.6936160326004028,19.999998807907104,0.99624723996385,2026-07-25T21:36:19.062290+00:00
605,1.6565046310424805,5.999999865889549,0.9649383800569922,2026-07-25T21:36:21.987175+00:00
606,1.626279354095459,34.00000035762787,1.0055572200508323,2026-07-25T21:36:32.385651+00:00
653,1.7547924518585205,14.000000059604645,1.1136431999329943,2026-07-25T21:36:42.100226+00:00
607,1.712072730064392,19.999998807907104,1.0137210199900437,2026-07-25T21:36:43.045070+00:00
654,1.6659371852874756,31.999999284744263,1.0507141400012188,2026-07-25T21:36:52.818723+00:00
608,1.6545459032058716,35.999998450279236,1.0612550600490067,2026-07-25T21:36:53.606268+00:00
609,1.635766625404358,29.999998211860657,1.0460307799803559,2026-07-25T21:37:04.001042+00:00
610,1.6378469467163086,31.999999284744263,1.1702006800624076,2026-07-25T21:37:14.509056+00:00
655,1.7899909019470215,11.999999731779099,1.0272526800690684,2026-07-25T21:37:15.568417+00:00
611,1.6385525465011597,9.999999403953552,1.0291673999745399,2026-07-25T21:37:24.895962+00:00
656,1.6776524782180786,9.999999403953552,1.0051868000300601,2026-07-25T21:37:26.093478+00:00
657,2.0115795135498047,21.99999988079071,0.9767365599691402,2026-07-25T21:37:37.064445+00:00
612,1.6561119556427002,17.999999225139618,1.0093735999544151,2026-07-25T21:37:46.175739+00:00
613,1.795396327972412,17.999999225139618,1.041256099997554,2026-07-25T21:37:56.741267+00:00
658,1.9909039735794067,17.999999225139618,1.0278097400441766,2026-07-25T21:37:59.039325+00:00
614,1.9728912115097046,19.999998807907104,0.9870076600054746,2026-07-25T21:38:06.962796+00:00
659,1.7718881368637085,35.999998450279236,1.0006131399131846,2026-07-25T21:38:09.381449+00:00
660,1.5317776203155518,23.999999463558197,0.9866750800574663,2026-07-25T21:38:19.773696+00:00
615,1.8420122861862183,17.999999225139618,0.9920465599861927,2026-07-25T21:38:28.312504+00:00
661,1.7769695520401,19.999998807907104,1.1286447999009397,2026-07-25T21:38:30.764771+00:00
616,1.6443381309509277,1.9999999552965164,1.0220816599030513,2026-07-25T21:38:38.445627+00:00
617,1.7259920835494995,23.999999463558197,1.025098899990553,2026-07-25T21:38:48.980762+00:00
662,1.7009872198104858,17.999999225139618,0.9998486399126704,2026-07-25T21:38:52.370077+00:00
618,1.7934826612472534,19.999998807907104,1.0429119800392073,2026-07-25T21:38:59.505870+00:00
663,1.816294550895691,17.999999225139618,1.0060912399785593,2026-07-25T21:39:03.147689+00:00
619,1.841223955154419,17.999999225139618,0.9946257800038439,2026-07-25T21:39:09.901599+00:00
664,1.575749158859253,17.999999225139618,3.3069466399319936,2026-07-25T21:39:24.765469+00:00
620,1.968493938446045,19.999998807907104,1.0138129199913237,2026-07-25T21:39:31.459441+00:00
621,1.7392687797546387,39.99999761581421,1.0311768000246957,2026-07-25T21:39:41.741985+00:00
665,1.782995581626892,14.000000059604645,0.9935406599834095,2026-07-25T21:39:46.880291+00:00
666,1.7826745510101318,9.999999403953552,1.0655306599801406,2026-07-25T21:39:57.884516+00:00
622,2.064915180206299,17.999999225139618,1.0097619000589475,2026-07-25T21:40:03.499005+00:00
667,1.6955374479293823,17.999999225139618,1.0021329199662432,2026-07-25T21:40:08.299832+00:00
623,1.853872537612915,19.999998807907104,1.0211247598635964,2026-07-25T21:40:13.939923+00:00
624,2.2945380210876465,0.0,0.9768652399361598,2026-07-25T21:40:24.266706+00:00
668,1.6906311511993408,9.999999403953552,1.0482345800846815,2026-07-25T21:40:30.060731+00:00
625,1.915015459060669,15.999999642372131,1.0007998198852874,2026-07-25T21:40:45.426644+00:00
669,1.6646666526794434,5.999999865889549,0.9946764601045288,2026-07-25T21:40:51.679292+00:00
626,1.6047656536102295,23.999999463558197,1.116185819992097,2026-07-25T21:40:55.818313+00:00
670,1.6844619512557983,37.99999952316284,1.0129832199891098,2026-07-25T21:41:02.651893+00:00
627,1.922031044960022,28.00000011920929,1.019302820059238,2026-07-25T21:41:06.384669+00:00
671,1.627366065979004,1.9999999552965164,1.0381611798948143,2026-07-25T21:41:13.089162+00:00
628,1.7745187282562256,15.999999642372131,0.9774086000106763,2026-07-25T21:41:16.851472+00:00
672,1.728021502494812,21.99999988079071,1.0272637799789663,2026-07-25T21:41:23.507261+00:00
673,1.4905662536621094,35.999998450279236,1.0021082201274112,2026-07-25T21:41:34.606123+00:00
629,1.5851010084152222,19.999998807907104,0.9620337799424306,2026-07-25T21:41:38.158670+00:00
674,1.7949038743972778,17.999999225139618,1.039200960076414,2026-07-25T21:41:45.186908+00:00
630,2.1177642345428467,3.999999910593033,1.017492599930847,2026-07-25T21:41:48.715866+00:00
675,1.6409450769424438,21.99999988079071,1.0142566000286024,2026-07-25T21:41:56.335471+00:00
631,1.915096402168274,15.999999642372131,1.021530980069656,2026-07-25T21:42:10.467806+00:00
676,1.7590179443359375,34.00000035762787,1.063744860002771,2026-07-25T21:42:18.510191+00:00
677,1.6565014123916626,14.000000059604645,1.024276039970573,2026-07-25T21:42:29.301834+00:00
632,1.8885176181793213,37.99999952316284,1.0856113200134132,2026-07-25T21:42:32.516147+00:00
678,1.573298454284668,31.999999284744263,1.0466442399774678,2026-07-25T21:42:40.008511+00:00
633,1.8212149143218994,19.999998807907104,0.9935952999512664,2026-07-25T21:42:42.834529+00:00
679,1.9485403299331665,21.99999988079071,0.9920233199954963,2026-07-25T21:42:50.471559+00:00
634,2.042513132095337,0.0,1.0157989800791256,2026-07-25T21:42:53.173575+00:00
680,1.6733273267745972,23.999999463558197,1.0068571800366044,2026-07-25T21:43:01.481606+00:00
681,1.6766762733459473,7.999999821186066,1.024661580013344,2026-07-25T21:43:12.007751+00:00
635,1.8486400842666626,14.000000059604645,1.0407773000770248,2026-07-25T21:43:14.668648+00:00
682,1.6960352659225464,7.999999821186066,1.059495740046259,2026-07-25T21:43:22.503588+00:00
683,1.5547170639038086,17.999999225139618,0.952177080034744,2026-07-25T21:43:33.031157+00:00
636,1.7029669284820557,31.999999284744263,0.9712473399122246,2026-07-25T21:43:36.211327+00:00
684,1.6918387413024902,21.99999988079071,1.065433240000857,2026-07-25T21:43:43.606603+00:00
637,1.8675918579101562,15.999999642372131,1.031824579986278,2026-07-25T21:43:46.649978+00:00
638,1.7499184608459473,21.99999988079071,1.0863877000520006,2026-07-25T21:43:57.064421+00:00
685,1.8029214143753052,15.999999642372131,1.0093656400567852,2026-07-25T21:44:05.365656+00:00
639,1.7282263040542603,25.999999046325684,1.0038639399863314,2026-07-25T21:44:07.484892+00:00
640,1.7545852661132812,17.999999225139618,1.0506447800435126,2026-07-25T21:44:17.745456+00:00
686,1.6636282205581665,31.999999284744263,1.0658905599848367,2026-07-25T21:44:27.340696+00:00
641,1.87302827835083,17.999999225139618,1.1287288200401235,2026-07-25T21:44:28.268086+00:00
687,2.2587969303131104,3.999999910593033,0.9955748800712172,2026-07-25T21:44:37.862425+00:00
642,1.7987773418426514,17.999999225139618,1.0540542598755565,2026-07-25T21:44:38.623618+00:00
688,1.6158593893051147,1.9999999552965164,1.0134219800238498,2026-07-25T21:44:48.503111+00:00
689,1.6675119400024414,15.999999642372131,1.0879519800073467,2026-07-25T21:44:59.245468+00:00
643,1.780712604522705,15.999999642372131,1.0639358600019477,2026-07-25T21:44:59.939804+00:00
690,1.7546145915985107,31.999999284744263,1.0253574801026843,2026-07-25T21:45:09.589780+00:00
644,1.5486596822738647,21.99999988079071,0.9765730200160762,2026-07-25T21:45:10.385010+00:00
691,1.557702660560608,17.999999225139618,0.9980291199462954,2026-07-25T21:45:19.991538+00:00
645,1.558408260345459,34.00000035762787,0.9872905399242883,2026-07-25T21:45:20.836843+00:00
692,1.6597713232040405,1.9999999552965164,1.0181831999216229,2026-07-25T21:45:30.489698+00:00
646,1.7219027280807495,21.99999988079071,1.096342920063762,2026-07-25T21:45:31.810900+00:00
693,1.760430932044983,19.999998807907104,1.0170618999109138,2026-07-25T21:45:40.865351+00:00
647,1.72813081741333,14.000000059604645,0.9878566800034605,2026-07-25T21:45:42.145907+00:00
648,1.7789535522460938,19.999998807907104,1.0392786198644899,2026-07-25T21:45:52.607333+00:00
694,1.6762919425964355,25.999999046325684,1.036700219992781,2026-07-25T21:46:02.500810+00:00
649,2.1609911918640137,17.999999225139618,1.0560457399697043,2026-07-25T21:46:03.437994+00:00
695,1.6696704626083374,21.99999988079071,1.1087600600149017,2026-07-25T21:46:12.934783+00:00
650,1.4118233919143677,43.99999976158142,1.0406442800012883,2026-07-25T21:46:14.017686+00:00
651,1.7712974548339844,7.999999821186066,0.9976415800338144,2026-07-25T21:46:24.363753+00:00
696,1.6632888317108154,1.9999999552965164,1.0410364800191019,2026-07-25T21:46:34.515754+00:00
697,1.7388800382614136,29.999998211860657,1.0513487600837834,2026-07-25T21:46:45.187412+00:00
652,1.7570512294769287,39.99999761581421,0.9846912599459755,2026-07-25T21:46:47.368739+00:00
698,1.720375418663025,9.999999403953552,1.0405355400871485,2026-07-25T21:47:07.092676+00:00
653,1.8584283590316772,7.999999821186066,0.9864246800134423,2026-07-25T21:47:09.451330+00:00
699,1.6815578937530518,14.000000059604645,1.0620030800055247,2026-07-25T21:47:17.586914+00:00
654,1.8659592866897583,17.999999225139618,1.0443062799458858,2026-07-25T21:47:20.054628+00:00
655,1.6297487020492554,9.999999403953552,1.0822046200337354,2026-07-25T21:47:30.743056+00:00
700,1.7559423446655273,1.9999999552965164,1.0676196801068727,2026-07-25T21:47:39.538676+00:00
656,1.6265069246292114,35.999998450279236,0.9609283800818957,2026-07-25T21:47:41.235857+00:00
657,1.6896270513534546,37.99999952316284,0.9869712599902415,2026-07-25T21:47:51.538299+00:00
701,1.6627817153930664,5.999999865889549,0.9831292000308167,2026-07-25T21:48:01.124944+00:00
658,1.7616932392120361,9.999999403953552,1.0023767799430061,2026-07-25T21:48:01.940445+00:00
702,1.794702410697937,21.99999988079071,1.0037211200688034,2026-07-25T21:48:11.491606+00:00
659,1.5911787748336792,5.999999865889549,1.018543639947893,2026-07-25T21:48:12.275605+00:00
660,1.7343454360961914,29.999998211860657,1.1750628799200058,2026-07-25T21:48:22.520311+00:00
703,1.556099534034729,41.999998688697815,0.9656668399111368,2026-07-25T21:48:32.786828+00:00
704,1.6596102714538574,28.00000011920929,0.983434760128148,2026-07-25T21:48:43.004560+00:00
661,1.6874386072158813,34.00000035762787,1.064201240078546,2026-07-25T21:48:44.528942+00:00
705,1.6775767803192139,5.999999865889549,0.9790066399727947,2026-07-25T21:48:53.271295+00:00
662,1.8235586881637573,19.999998807907104,1.0606022200954612,2026-07-25T21:48:54.969385+00:00
706,1.6455127000808716,23.999999463558197,1.0582658799830824,2026-07-25T21:49:14.679315+00:00
663,1.5548646450042725,29.999998211860657,1.0049137800524477,2026-07-25T21:49:16.633330+00:00
707,1.6462838649749756,35.999998450279236,1.0257204200024717,2026-07-25T21:49:24.901950+00:00
664,1.5957080125808716,21.99999988079071,0.9878395398845896,2026-07-25T21:49:27.022172+00:00
708,1.559067726135254,31.999999284744263,1.0096636800153647,2026-07-25T21:49:35.703914+00:00
709,1.7517858743667603,14.000000059604645,0.9706735399959143,2026-07-25T21:49:46.156202+00:00
665,1.6793590784072876,28.00000011920929,0.9657562000211328,2026-07-25T21:49:48.331480+00:00
710,1.7580740451812744,28.00000011920929,1.0116900599678047,2026-07-25T21:49:56.953818+00:00
666,1.7991849184036255,29.999998211860657,1.0514676799357403,2026-07-25T21:49:58.501143+00:00
711,1.7111799716949463,14.000000059604645,1.0165162000339478,2026-07-25T21:50:18.353979+00:00
667,2.8554940223693848,19.999998807907104,0.9867663600016385,2026-07-25T21:50:19.577773+00:00
712,1.5843333005905151,21.99999988079071,1.0384650201012846,2026-07-25T21:50:28.758618+00:00
713,1.7278426885604858,35.999998450279236,1.021127220010385,2026-07-25T21:50:39.443324+00:00
668,1.5940992832183838,31.999999284744263,0.9982712000783068,2026-07-25T21:50:40.655993+00:00
714,1.6983017921447754,11.999999731779099,0.9654952000710182,2026-07-25T21:50:49.954167+00:00
669,1.8201086521148682,19.999998807907104,1.0135512000124436,2026-07-25T21:50:50.857578+00:00
715,1.6909023523330688,21.99999988079071,0.971663800009992,2026-07-25T21:51:00.319249+00:00
716,1.560766339302063,23.999999463558197,1.2376665000920184,2026-07-25T21:51:10.747866+00:00
670,1.811111330986023,3.999999910593033,0.9991972999705467,2026-07-25T21:51:12.257203+00:00
717,1.7445515394210815,21.99999988079071,0.9618546199635603,2026-07-25T21:51:21.165635+00:00
671,1.8336864709854126,21.99999988079071,1.0621784000250045,2026-07-25T21:51:22.470950+00:00
718,1.7473721504211426,19.999998807907104,1.0837365800398402,2026-07-25T21:51:31.661697+00:00
672,1.6743502616882324,19.999998807907104,0.979022499959683,2026-07-25T21:51:32.847445+00:00
719,1.574082612991333,17.999999225139618,0.9372866999183316,2026-07-25T21:51:53.344655+00:00
673,1.8377364873886108,9.999999403953552,0.9577348599850666,2026-07-25T21:51:54.039648+00:00
720,1.6602684259414673,17.999999225139618,0.9841939799662214,2026-07-25T21:52:03.586254+00:00
674,1.5599310398101807,21.99999988079071,0.9852259600302204,2026-07-25T21:52:04.270353+00:00
721,1.7462252378463745,7.999999821186066,0.9780623199185356,2026-07-25T21:52:13.644959+00:00
675,1.7116450071334839,19.999998807907104,0.9701671999937389,2026-07-25T21:52:14.476831+00:00
722,1.745546817779541,19.999998807907104,3.3107374999963213,2026-07-25T21:52:23.993278+00:00
676,1.832675576210022,19.999998807907104,1.0285831600776874,2026-07-25T21:52:24.781018+00:00
723,1.6599258184432983,25.999999046325684,0.9715046800556593,2026-07-25T21:52:34.439841+00:00
677,1.4849473237991333,37.99999952316284,0.9913226999924518,2026-07-25T21:52:35.176278+00:00
724,1.7441165447235107,29.999998211860657,0.9973316801188048,2026-07-25T21:52:44.707617+00:00
725,1.6735845804214478,17.999999225139618,1.0363546399457846,2026-07-25T21:52:54.974722+00:00
678,1.852388858795166,9.999999403953552,1.0955438199744094,2026-07-25T21:52:56.524847+00:00
726,1.7411712408065796,19.999998807907104,0.9629601199412718,2026-07-25T21:53:05.246288+00:00
679,1.636173963546753,21.99999988079071,0.9926344599807636,2026-07-25T21:53:06.676098+00:00
680,1.6638127565383911,25.999999046325684,1.0726253000029828,2026-07-25T21:53:16.897374+00:00
727,1.658544898033142,15.999999642372131,1.0265253399848007,2026-07-25T21:53:26.839326+00:00
681,1.9200654029846191,15.999999642372131,0.960874220036203,2026-07-25T21:53:27.166614+00:00
728,1.6384742259979248,15.999999642372131,1.068343380029546,2026-07-25T21:53:37.187337+00:00
682,1.831015944480896,19.999998807907104,0.9668070400948636,2026-07-25T21:53:37.405623+00:00
729,1.7387149333953857,23.999999463558197,1.2083634200098459,2026-07-25T21:53:47.537336+00:00
683,1.7365814447402954,14.000000059604645,1.0712857199541759,2026-07-25T21:53:47.788223+00:00
684,1.5768908262252808,41.999998688697815,0.9923846600577235,2026-07-25T21:53:58.084111+00:00
685,1.7109086513519287,1.9999999552965164,0.9739940200233832,2026-07-25T21:54:08.377319+00:00
730,1.7469427585601807,17.999999225139618,1.0040216600464191,2026-07-25T21:54:09.618373+00:00
686,1.6555095911026,17.999999225139618,0.9885323599155528,2026-07-25T21:54:29.558687+00:00
731,1.7393711805343628,21.99999988079071,1.0713900400151033,2026-07-25T21:54:31.577597+00:00
687,1.8217161893844604,14.000000059604645,1.0026014600589406,2026-07-25T21:54:39.758273+00:00
732,1.5617390871047974,34.00000035762787,0.9896893201221245,2026-07-25T21:54:41.893842+00:00
688,1.6794151067733765,23.999999463558197,0.9715262400277425,2026-07-25T21:54:50.034391+00:00
733,1.7243318557739258,9.999999403953552,0.9775537600216923,2026-07-25T21:54:52.064263+00:00
689,1.9631277322769165,21.99999988079071,0.9948912399704568,2026-07-25T21:55:00.380300+00:00
690,1.8820884227752686,5.999999865889549,1.060020720033208,2026-07-25T21:55:10.625454+00:00
734,1.734360694885254,25.999999046325684,0.9528429400234018,2026-07-25T21:55:13.396449+00:00
691,1.6191829442977905,21.99999988079071,0.9942261999822222,2026-07-25T21:55:21.017229+00:00
735,1.7140382528305054,17.999999225139618,0.9628963199793361,2026-07-25T21:55:23.843990+00:00
692,1.8469533920288086,31.999999284744263,0.9923168800014537,2026-07-25T21:55:31.266809+00:00
736,1.6661206483840942,3.999999910593033,1.0215706400049385,2026-07-25T21:55:34.720947+00:00
693,1.7525867223739624,5.999999865889549,1.0063551399798598,2026-07-25T21:55:41.568166+00:00
737,1.6819970607757568,17.999999225139618,0.9977256999991369,2026-07-25T21:55:45.138102+00:00
738,1.6395457983016968,5.999999865889549,1.0259785599191673,2026-07-25T21:55:55.527702+00:00
694,1.7871066331863403,19.999998807907104,0.9976252399792429,2026-07-25T21:56:02.969042+00:00
739,1.572904348373413,23.999999463558197,1.001055179949617,2026-07-25T21:56:05.971549+00:00
695,1.7860580682754517,23.999999463558197,0.9660679400258232,2026-07-25T21:56:13.368799+00:00
740,1.7450867891311646,19.999998807907104,0.9710425799130462,2026-07-25T21:56:16.494500+00:00
696,1.9650731086730957,7.999999821186066,0.9992514400801156,2026-07-25T21:56:23.670171+00:00
741,1.5486422777175903,21.99999988079071,0.946385759889381,2026-07-25T21:56:26.868241+00:00
742,1.6534920930862427,19.999998807907104,0.9856800599663984,2026-07-25T21:56:37.213062+00:00
697,1.568025827407837,25.999999046325684,0.9988224800326863,2026-07-25T21:56:46.165818+00:00
743,1.6339651346206665,15.999999642372131,0.9970664400316309,2026-07-25T21:56:47.780295+00:00
744,1.648813009262085,14.000000059604645,1.0030419200484175,2026-07-25T21:56:58.226695+00:00
698,1.8110498189926147,19.999998807907104,0.9772640399751252,2026-07-25T21:57:07.660517+00:00
699,1.710045337677002,19.999998807907104,0.970423260005191,2026-07-25T21:57:17.959690+00:00
745,1.7219345569610596,34.00000035762787,0.9546196799783502,2026-07-25T21:57:19.724002+00:00
700,1.7521345615386963,21.99999988079071,1.0519154201028869,2026-07-25T21:57:28.588433+00:00
746,1.5760241746902466,21.99999988079071,0.9975739799847361,2026-07-25T21:57:41.186981+00:00
701,1.8711559772491455,29.999998211860657,1.0422108200145885,2026-07-25T21:57:50.095347+00:00
747,1.5641303062438965,21.99999988079071,1.0166018799645826,2026-07-25T21:57:51.646525+00:00
702,1.9442977905273438,21.99999988079071,1.0358081200683955,2026-07-25T21:58:00.506824+00:00
703,1.9722546339035034,37.99999952316284,0.997813860012684,2026-07-25T21:58:11.092155+00:00
748,1.8949002027511597,23.999999463558197,0.9486820799065754,2026-07-25T21:58:13.059339+00:00
704,1.9795242547988892,35.999998450279236,1.0422682799980976,2026-07-25T21:58:21.511547+00:00
705,1.719958782196045,19.999998807907104,1.1501469799259212,2026-07-25T21:58:32.368231+00:00
749,1.652809500694275,28.00000011920929,1.0224820399889722,2026-07-25T21:58:34.514471+00:00
706,1.7722936868667603,19.999998807907104,0.9994229400763289,2026-07-25T21:58:42.705295+00:00
707,1.7688525915145874,19.999998807907104,0.9561978600686416,2026-07-25T21:58:53.009271+00:00
750,1.647658109664917,19.999998807907104,1.1132115998771042,2026-07-25T21:58:56.140799+00:00
708,1.631407618522644,21.99999988079071,0.9908028799691236,2026-07-25T21:59:03.458211+00:00
751,1.6988842487335205,23.999999463558197,1.2674585600325372,2026-07-25T21:59:06.486459+00:00
709,1.551853895187378,21.99999988079071,1.007557220000308,2026-07-25T21:59:13.574897+00:00
752,1.6515307426452637,19.999998807907104,1.000379460019758,2026-07-25T21:59:16.650517+00:00
710,1.6746516227722168,17.999999225139618,0.9802195000520441,2026-07-25T21:59:23.885635+00:00
753,1.7241069078445435,35.999998450279236,0.9638886801258195,2026-07-25T21:59:26.980293+00:00
711,1.8446743488311768,35.999998450279236,1.0043198999483138,2026-07-25T21:59:34.201787+00:00
754,1.706477403640747,15.999999642372131,1.017188459954923,2026-07-25T21:59:37.383436+00:00
755,1.5736585855484009,39.99999761581421,0.9652949000883382,2026-07-25T21:59:47.629994+00:00
712,1.7394986152648926,19.999998807907104,1.0575325399986468,2026-07-25T21:59:55.420202+00:00
756,1.7279977798461914,14.000000059604645,1.009110699960729,2026-07-25T21:59:57.975752+00:00
757,1.8379642963409424,17.999999225139618,0.9869324200553821,2026-07-25T22:00:08.258162+00:00
713,1.7924963235855103,31.999999284744263,0.9859278200019617,2026-07-25T22:00:16.719477+00:00
758,1.5712323188781738,19.999998807907104,1.0168585799692664,2026-07-25T22:00:18.663382+00:00
714,1.7130928039550781,39.99999761581421,0.9673293400555849,2026-07-25T22:00:26.970697+00:00
759,1.7154678106307983,17.999999225139618,1.0329158599779475,2026-07-25T22:00:29.137477+00:00
760,1.6500179767608643,1.9999999552965164,1.0156051999365445,2026-07-25T22:00:39.601829+00:00
715,1.7347103357315063,21.99999988079071,0.9870456600037868,2026-07-25T22:00:48.145455+00:00
761,1.7176281213760376,28.00000011920929,0.9865888800413813,2026-07-25T22:01:01.145514+00:00
716,1.7589093446731567,15.999999642372131,0.9987026199814862,2026-07-25T22:01:09.222575+00:00
762,1.7038426399230957,28.00000011920929,1.0329423799703363,2026-07-25T22:01:22.264351+00:00
717,1.6057870388031006,21.99999988079071,1.1157161800656468,2026-07-25T22:01:30.601975+00:00
763,1.7140381336212158,25.999999046325684,1.010083260043757,2026-07-25T22:01:32.912364+00:00
718,1.753225564956665,31.999999284744263,1.0151517199119553,2026-07-25T22:01:40.865627+00:00
764,1.6484043598175049,29.999998211860657,1.0190927599614952,2026-07-25T22:01:43.429454+00:00
719,2.0058887004852295,0.0,0.9941557800630108,2026-07-25T22:01:51.156171+00:00
765,1.6487606763839722,21.99999988079071,1.0253750199626666,2026-07-25T22:01:53.700604+00:00
720,1.8443571329116821,17.999999225139618,0.9919942200940569,2026-07-25T22:02:02.059150+00:00
721,1.6355667114257812,21.99999988079071,0.9827461399254389,2026-07-25T22:02:12.306975+00:00
766,1.683903694152832,9.999999403953552,1.0369296200224198,2026-07-25T22:02:14.731838+00:00
722,2.0725674629211426,28.00000011920929,0.9895883599529043,2026-07-25T22:02:22.630167+00:00
767,1.6505545377731323,15.999999642372131,1.146182999946177,2026-07-25T22:02:24.936184+00:00
723,1.6715008020401,19.999998807907104,1.0078891999728512,2026-07-25T22:02:33.213299+00:00
768,1.6602182388305664,17.999999225139618,0.9949883600347674,2026-07-25T22:02:35.439685+00:00
724,1.5660995244979858,25.999999046325684,0.9920571200200358,2026-07-25T22:02:43.586314+00:00
725,1.856666088104248,1.9999999552965164,1.096423160051927,2026-07-25T22:02:54.067015+00:00
769,1.7219220399856567,19.999998807907104,1.0391252000408713,2026-07-25T22:02:56.792727+00:00
726,1.649541974067688,25.999999046325684,0.9455993799201678,2026-07-25T22:03:04.613625+00:00
770,1.6153314113616943,34.00000035762787,0.9806450799806045,2026-07-25T22:03:07.183350+00:00
727,1.666680932044983,35.999998450279236,1.0097615398990456,2026-07-25T22:03:15.254147+00:00
771,1.6003462076187134,21.99999988079071,1.0602367199317086,2026-07-25T22:03:28.432895+00:00
728,1.593481421470642,21.99999988079071,0.9929994599951898,2026-07-25T22:03:36.738697+00:00
772,1.71232271194458,15.999999642372131,0.9750361200713087,2026-07-25T22:03:38.881142+00:00
773,1.5740876197814941,25.999999046325684,0.9928998000395949,2026-07-25T22:03:49.014556+00:00
729,1.8335092067718506,15.999999642372131,1.0210039401135873,2026-07-25T22:03:57.650368+00:00
730,1.6481924057006836,9.999999403953552,1.0041138000087813,2026-07-25T22:04:07.953942+00:00
774,1.6419525146484375,47.999998927116394,1.0207152599468827,2026-07-25T22:04:10.559862+00:00
731,1.706719994544983,19.999998807907104,0.971387179888552,2026-07-25T22:04:18.162099+00:00
732,1.8259234428405762,29.999998211860657,1.0627973001101054,2026-07-25T22:04:28.381345+00:00
775,1.8170461654663086,17.999999225139618,1.0377070799586363,2026-07-25T22:04:32.078393+00:00
776,1.6505154371261597,19.999998807907104,1.0140320399659686,2026-07-25T22:04:42.407262+00:00
733,1.6935359239578247,21.99999988079071,1.0063606999756303,2026-07-25T22:04:49.241981+00:00
734,1.4849770069122314,43.99999976158142,1.0116946800553706,2026-07-25T22:04:59.669631+00:00
777,1.5741643905639648,25.999999046325684,0.9487292398989666,2026-07-25T22:05:04.734339+00:00
735,1.9158169031143188,14.000000059604645,0.9788077599660028,2026-07-25T22:05:09.928757+00:00
778,1.6448616981506348,0.0,0.971491919917753,2026-07-25T22:05:15.230059+00:00
779,1.6521193981170654,17.999999225139618,1.0933041998941917,2026-07-25T22:05:25.542179+00:00
736,1.7115002870559692,23.999999463558197,0.974044679896906,2026-07-25T22:05:30.967427+00:00
780,1.6576087474822998,17.999999225139618,0.9395429599680938,2026-07-25T22:05:36.426438+00:00
737,1.7574505805969238,3.999999910593033,0.9606188400357496,2026-07-25T22:05:41.184147+00:00
781,1.6442309617996216,19.999998807907104,0.9676759400463197,2026-07-25T22:05:46.890227+00:00
738,1.8565994501113892,15.999999642372131,1.0134994800318964,2026-07-25T22:06:02.221784+00:00
782,1.574613332748413,9.999999403953552,0.956307580054272,2026-07-25T22:06:08.446482+00:00
739,1.7360382080078125,14.000000059604645,0.9962199800065717,2026-07-25T22:06:12.607796+00:00
783,1.6663384437561035,23.999999463558197,0.9481018398946617,2026-07-25T22:06:18.887939+00:00
740,2.0558013916015625,39.99999761581421,1.0204656199493911,2026-07-25T22:06:22.833015+00:00
784,1.7147859334945679,5.999999865889549,1.1739043799752835,2026-07-25T22:06:40.421340+00:00
741,1.7148900032043457,23.999999463558197,1.0136460600188002,2026-07-25T22:06:44.848985+00:00
785,1.6262598037719727,43.99999976158142,0.9962431799795013,2026-07-25T22:07:02.459126+00:00
742,1.619191288948059,1.9999999552965164,0.9853130400006194,2026-07-25T22:07:06.295151+00:00
786,1.6434406042099,5.999999865889549,0.9639256200171076,2026-07-25T22:07:12.769322+00:00
743,1.6037704944610596,25.999999046325684,0.9676317399134859,2026-07-25T22:07:16.811619+00:00
787,1.6877473592758179,17.999999225139618,0.9615738000138663,2026-07-25T22:07:23.155366+00:00
744,1.7012313604354858,19.999998807907104,1.0032747600052971,2026-07-25T22:07:38.218220+00:00
788,1.6337333917617798,15.999999642372131,0.9930328599875792,2026-07-25T22:07:44.453881+00:00
745,1.7870581150054932,19.999998807907104,1.043091860046843,2026-07-25T22:07:48.556078+00:00
746,1.439448595046997,34.00000035762787,1.015320799924666,2026-07-25T22:07:59.063076+00:00
789,1.687198281288147,11.999999731779099,1.01637676008977,2026-07-25T22:08:06.314167+00:00
747,1.708254337310791,25.999999046325684,1.0101578800822608,2026-07-25T22:08:09.419167+00:00
790,1.8274104595184326,17.999999225139618,1.0079816200595815,2026-07-25T22:08:16.678832+00:00
748,1.7435767650604248,29.999998211860657,0.9585369599517435,2026-07-25T22:08:20.066843+00:00
791,1.6431726217269897,21.99999988079071,0.9692322000046261,2026-07-25T22:08:26.965355+00:00
792,1.7076703310012817,21.99999988079071,0.9911360600381158,2026-07-25T22:08:37.346193+00:00
749,1.6977936029434204,19.999998807907104,0.9824229999503585,2026-07-25T22:08:41.604452+00:00
793,1.680460810661316,1.9999999552965164,1.0301411399268545,2026-07-25T22:08:47.850771+00:00
750,1.6917450428009033,19.999998807907104,1.0652227800164837,2026-07-25T22:08:52.255688+00:00
794,1.6469424962997437,15.999999642372131,1.0062244998698588,2026-07-25T22:09:09.068903+00:00
751,1.838037133216858,7.999999821186066,0.989843160059536,2026-07-25T22:09:13.697187+00:00
795,1.637673020362854,28.00000011920929,1.0725718800676987,2026-07-25T22:09:30.863796+00:00
752,1.5942587852478027,35.999998450279236,1.004365700064227,2026-07-25T22:09:35.283247+00:00
796,1.7094247341156006,17.999999225139618,1.1802507600805257,2026-07-25T22:09:41.215301+00:00
753,1.5907988548278809,19.999998807907104,1.020210459973896,2026-07-25T22:09:45.647815+00:00
797,1.6412758827209473,17.999999225139618,0.9720514601212926,2026-07-25T22:09:51.484590+00:00
754,1.6416510343551636,19.999998807907104,1.104091140005039,2026-07-25T22:09:56.017057+00:00
798,1.6364752054214478,14.000000059604645,0.959534959984012,2026-07-25T22:10:01.831863+00:00
799,1.5908169746398926,43.99999976158142,0.9589627200330142,2026-07-25T22:10:12.050321+00:00
755,1.7981464862823486,17.999999225139618,1.0331789599149488,2026-07-25T22:10:17.317206+00:00
800,1.70725679397583,28.00000011920929,1.0049228400748689,2026-07-25T22:10:22.722173+00:00
801,1.5925359725952148,21.99999988079071,0.9996880400285592,2026-07-25T22:10:33.109609+00:00
756,1.7925890684127808,17.999999225139618,1.0020499199163169,2026-07-25T22:10:38.951428+00:00
802,1.5821890830993652,17.999999225139618,1.0072986999875866,2026-07-25T22:10:43.484504+00:00
757,1.761552333831787,1.9999999552965164,1.0175801601144485,2026-07-25T22:10:49.353679+00:00
803,1.5972967147827148,19.999998807907104,1.00248691989691,2026-07-25T22:10:53.979191+00:00
758,1.7179665565490723,35.999998450279236,1.0332134200143628,2026-07-25T22:10:59.760345+00:00
804,1.5743640661239624,19.999998807907104,1.0428611800307408,2026-07-25T22:11:04.924561+00:00
759,1.6331677436828613,21.99999988079071,0.9969044598983601,2026-07-25T22:11:10.161456+00:00
760,1.6835659742355347,35.999998450279236,0.9770147799281403,2026-07-25T22:11:20.447257+00:00
805,1.571050763130188,25.999999046325684,0.9977625000465196,2026-07-25T22:11:26.293963+00:00
806,1.6521246433258057,14.000000059604645,0.9776471400982701,2026-07-25T22:11:36.478527+00:00
761,1.7820156812667847,19.999998807907104,1.022709759999998,2026-07-25T22:11:42.175848+00:00
807,1.624444603919983,23.999999463558197,0.9882080800889526,2026-07-25T22:11:46.876872+00:00
808,1.7014468908309937,17.999999225139618,1.0474184800114017,2026-07-25T22:11:57.184418+00:00
762,1.8754401206970215,28.00000011920929,0.9926433200598695,2026-07-25T22:12:04.578564+00:00
809,1.6981106996536255,5.999999865889549,1.0021328199945856,2026-07-25T22:12:07.839507+00:00
763,1.8962048292160034,3.999999910593033,0.9762686598696746,2026-07-25T22:12:15.009756+00:00
764,1.6288119554519653,29.999998211860657,1.0256678600853775,2026-07-25T22:12:25.305413+00:00
810,1.7047141790390015,14.000000059604645,1.0901995000313036,2026-07-25T22:12:29.438177+00:00
765,1.6199252605438232,23.999999463558197,1.0001798599842004,2026-07-25T22:12:35.760726+00:00
811,1.6907353401184082,3.999999910593033,0.98219160005101,2026-07-25T22:12:40.023010+00:00
766,1.750132441520691,14.000000059604645,1.0218647199508268,2026-07-25T22:12:46.115435+00:00
767,1.9519206285476685,5.999999865889549,1.061932419979712,2026-07-25T22:12:56.427390+00:00
812,1.7951345443725586,28.00000011920929,1.0170133999781683,2026-07-25T22:13:02.017005+00:00
768,1.5528656244277954,35.999998450279236,1.0334617999615148,2026-07-25T22:13:06.952771+00:00
813,1.6383633613586426,35.999998450279236,1.0539411198988091,2026-07-25T22:13:12.543866+00:00
769,1.6909962892532349,15.999999642372131,1.1465655000938568,2026-07-25T22:13:17.250860+00:00
814,1.6336535215377808,21.99999988079071,1.008512080006767,2026-07-25T22:13:23.061468+00:00
770,1.8350725173950195,0.0,1.0265712399268523,2026-07-25T22:13:27.700176+00:00
815,1.631815791130066,3.999999910593033,1.0436002399364952,2026-07-25T22:13:33.526595+00:00
771,1.7902287244796753,21.99999988079071,0.9755957599554677,2026-07-25T22:13:38.139352+00:00
816,1.6995679140090942,14.000000059604645,1.030803119938355,2026-07-25T22:13:44.153901+00:00
817,1.6333929300308228,11.999999731779099,1.0740161800640635,2026-07-25T22:13:54.745985+00:00
772,1.8702998161315918,28.00000011920929,1.0123379199649207,2026-07-25T22:13:59.474280+00:00
818,1.6671403646469116,9.999999403953552,0.988102599949343,2026-07-25T22:14:05.324528+00:00
773,2.412753105163574,9.999999403953552,0.9570311600691639,2026-07-25T22:14:09.682283+00:00
819,1.6378222703933716,29.999998211860657,3.3393676599371247,2026-07-25T22:14:15.738645+00:00
774,1.633390188217163,14.000000059604645,0.9637406399997417,2026-07-25T22:14:19.996655+00:00
775,1.5971472263336182,34.00000035762787,1.034305639914237,2026-07-25T22:14:30.224799+00:00
820,1.6395652294158936,35.999998450279236,1.0143832600442693,2026-07-25T22:14:37.315761+00:00
776,1.7248022556304932,19.999998807907104,1.0087720199953765,2026-07-25T22:14:40.663356+00:00
821,1.6356621980667114,28.00000011920929,1.0110044600151014,2026-07-25T22:14:47.772483+00:00
822,1.576033592224121,25.999999046325684,1.0363087599398568,2026-07-25T22:14:58.380364+00:00
777,1.7012829780578613,19.999998807907104,1.0204323400103021,2026-07-25T22:15:01.930772+00:00
823,1.64654541015625,19.999998807907104,1.0218291799537838,2026-07-25T22:15:08.820807+00:00
778,1.787754774093628,0.0,1.0049230999720749,2026-07-25T22:15:12.298375+00:00
824,1.7256872653961182,0.0,1.016841059899889,2026-07-25T22:15:19.261997+00:00
779,1.730209469795227,23.999999463558197,0.9924180600501132,2026-07-25T22:15:33.792221+00:00
825,1.6951048374176025,17.999999225139618,1.0239979000471067,2026-07-25T22:15:41.278152+00:00
780,1.8476444482803345,19.999998807907104,1.0110981200705282,2026-07-25T22:15:43.989443+00:00
781,1.789910078048706,17.999999225139618,1.0227781800494995,2026-07-25T22:15:54.148823+00:00
826,1.66548752784729,17.999999225139618,0.9539822400256526,2026-07-25T22:16:02.951853+00:00
782,1.7266523838043213,21.99999988079071,0.9764643000380602,2026-07-25T22:16:04.447644+00:00
827,1.6906973123550415,17.999999225139618,1.003596340015065,2026-07-25T22:16:13.255068+00:00
783,1.705346941947937,29.999998211860657,1.030150120059261,2026-07-25T22:16:14.580539+00:00
784,1.7031522989273071,28.00000011920929,1.050935160019435,2026-07-25T22:16:24.783999+00:00
828,1.6360995769500732,37.99999952316284,0.9964259801199659,2026-07-25T22:16:34.678321+00:00
785,1.7223007678985596,21.99999988079071,0.9606524000992067,2026-07-25T22:16:35.034759+00:00
786,1.7152223587036133,14.000000059604645,0.9954727199510671,2026-07-25T22:16:45.454248+00:00
829,1.5751872062683105,25.999999046325684,1.0539330200117547,2026-07-25T22:16:45.725373+00:00
830,1.6977477073669434,15.999999642372131,1.1005407199263573,2026-07-25T22:16:56.431661+00:00
787,1.6653674840927124,21.99999988079071,1.0195285399095155,2026-07-25T22:17:06.461094+00:00
788,1.5820319652557373,29.999998211860657,1.0072169800696429,2026-07-25T22:17:16.752117+00:00
831,1.8237167596817017,17.999999225139618,0.9593338400009088,2026-07-25T22:17:17.689251+00:00
789,1.8023884296417236,21.99999988079071,1.0131165200436953,2026-07-25T22:17:26.999358+00:00
790,1.8081692457199097,3.999999910593033,0.9877462399890647,2026-07-25T22:17:37.235400+00:00
832,1.5919109582901,3.999999910593033,0.9868773000198416,2026-07-25T22:17:39.628217+00:00
791,1.7043921947479248,17.999999225139618,1.0051473601197358,2026-07-25T22:17:47.491267+00:00
833,1.639153242111206,7.999999821186066,0.9823150400188753,2026-07-25T22:17:49.943903+00:00
834,1.6879587173461914,19.999998807907104,0.9776344199781306,2026-07-25T22:18:00.671470+00:00
792,1.569197654724121,21.99999988079071,0.9840267599793152,2026-07-25T22:18:09.050875+00:00
835,1.625632882118225,34.00000035762787,1.031999020051444,2026-07-25T22:18:10.914764+00:00
836,1.6923161745071411,9.999999403953552,1.0153733000333887,2026-07-25T22:18:21.187115+00:00
793,1.7059766054153442,15.999999642372131,1.097957839956507,2026-07-25T22:18:30.671840+00:00
837,1.6315189599990845,14.000000059604645,1.0447882000880782,2026-07-25T22:18:32.511453+00:00
794,1.57704496383667,19.999998807907104,1.0388967998733278,2026-07-25T22:18:41.401462+00:00
838,1.5742193460464478,29.999998211860657,1.1594739599968307,2026-07-25T22:18:54.606336+00:00
795,1.6657222509384155,5.999999865889549,1.0192087800533045,2026-07-25T22:19:03.249978+00:00
839,1.6159042119979858,37.99999952316284,1.0295839799800888,2026-07-25T22:19:05.061032+00:00
796,1.5573720932006836,23.999999463558197,0.9907986200414598,2026-07-25T22:19:13.439043+00:00
797,1.8015154600143433,19.999998807907104,1.042073519929545,2026-07-25T22:19:23.873296+00:00
840,1.5665717124938965,23.999999463558197,1.0307198400550988,2026-07-25T22:19:26.561126+00:00
841,1.6936581134796143,15.999999642372131,0.9897127399744932,2026-07-25T22:19:36.925457+00:00
798,1.801145315170288,1.9999999552965164,1.0174235799058806,2026-07-25T22:19:45.980866+00:00
842,1.632692813873291,19.999998807907104,0.9700258600059897,2026-07-25T22:19:47.291149+00:00
843,1.650849461555481,0.0,1.0230098399915732,2026-07-25T22:19:57.527546+00:00
844,1.5959782600402832,23.999999463558197,1.0124537600495387,2026-07-25T22:20:07.948425+00:00
799,1.561357855796814,17.999999225139618,0.9957029200450053,2026-07-25T22:20:07.999398+00:00
845,1.6189345121383667,34.00000035762787,0.993816260015592,2026-07-25T22:20:18.092969+00:00
800,1.6442734003067017,21.99999988079071,0.9966584399808199,2026-07-25T22:20:18.437878+00:00
846,1.7454230785369873,23.999999463558197,1.1167826000018977,2026-07-25T22:20:28.401924+00:00
801,1.7338004112243652,31.999999284744263,0.9868302599352319,2026-07-25T22:20:28.744413+00:00
802,1.7162492275238037,17.999999225139618,0.9908170199196321,2026-07-25T22:20:39.025026+00:00
803,1.7067396640777588,28.00000011920929,1.0280624599545263,2026-07-25T22:20:49.264807+00:00
847,1.6822309494018555,17.999999225139618,0.9882686799392104,2026-07-25T22:20:50.013228+00:00
804,1.7104480266571045,17.999999225139618,1.046791020053206,2026-07-25T22:20:59.574005+00:00
848,1.6075654029846191,1.9999999552965164,1.0102914599701762,2026-07-25T22:21:00.571210+00:00
805,1.7502679824829102,15.999999642372131,0.9827492199838161,2026-07-25T22:21:20.730606+00:00
849,1.6438238620758057,19.999998807907104,1.013106360042002,2026-07-25T22:21:21.805444+00:00
806,1.6468262672424316,21.99999988079071,0.9749856000416912,2026-07-25T22:21:31.082296+00:00
850,1.5892655849456787,1.9999999552965164,3.2897442000103183,2026-07-25T22:21:33.125648+00:00
851,1.674758791923523,15.999999642372131,0.9734700000262819,2026-07-25T22:21:43.320369+00:00
807,1.7437422275543213,34.00000035762787,0.9960291600145865,2026-07-25T22:21:52.461896+00:00
808,1.6996499300003052,19.999998807907104,0.9786399600852747,2026-07-25T22:22:02.628832+00:00
852,1.6095678806304932,35.999998450279236,0.9741580400441308,2026-07-25T22:22:05.921609+00:00
809,1.6458942890167236,19.999998807907104,1.0118515600333922,2026-07-25T22:22:12.853272+00:00
810,1.6593430042266846,17.999999225139618,1.2172690199804492,2026-07-25T22:22:23.100138+00:00
853,1.6265075206756592,21.99999988079071,1.0167251799430232,2026-07-25T22:22:27.063311+00:00
811,1.7272992134094238,11.999999731779099,1.048956239974359,2026-07-25T22:22:33.472650+00:00
854,1.6286441087722778,25.999999046325684,0.9980366000672802,2026-07-25T22:22:37.368371+00:00
812,1.9903584718704224,23.999999463558197,1.0045241200714372,2026-07-25T22:22:43.828337+00:00
855,1.6408896446228027,3.999999910593033,1.2118987200665288,2026-07-25T22:22:47.589439+00:00
813,1.7154850959777832,21.99999988079071,1.0620401799678802,2026-07-25T22:22:54.117978+00:00
856,1.5672307014465332,19.999998807907104,1.3272095999855082,2026-07-25T22:22:57.835663+00:00
857,1.5888471603393555,21.99999988079071,0.9722236600646283,2026-07-25T22:23:08.225137+00:00
814,1.6726800203323364,17.999999225139618,0.9799725000630133,2026-07-25T22:23:15.108305+00:00
858,1.632462501525879,17.999999225139618,1.0282397399714682,2026-07-25T22:23:18.485267+00:00
815,1.617275357246399,19.999998807907104,0.9824654400290456,2026-07-25T22:23:25.367883+00:00
859,1.6597280502319336,34.00000035762787,1.0109726000519004,2026-07-25T22:23:28.871657+00:00
860,1.7390539646148682,19.999998807907104,0.9871307399589568,2026-07-25T22:23:39.499195+00:00
816,1.5802481174468994,23.999999463558197,1.0090102400863543,2026-07-25T22:23:46.499848+00:00
861,1.6112440824508667,21.99999988079071,1.0195635999843944,2026-07-25T22:23:49.786267+00:00
817,1.68369722366333,21.99999988079071,0.9845569399476518,2026-07-25T22:23:56.722246+00:00
862,1.6282415390014648,28.00000011920929,1.0636075399816036,2026-07-25T22:24:00.510007+00:00
818,1.6228508949279785,1.9999999552965164,0.9921020799083635,2026-07-25T22:24:06.978288+00:00
863,1.626804232597351,28.00000011920929,1.0191971799940802,2026-07-25T22:24:10.891163+00:00
864,1.5744805335998535,15.999999642372131,0.954456140025286,2026-07-25T22:24:21.272195+00:00
819,1.6790649890899658,19.999998807907104,0.9688801800075453,2026-07-25T22:24:27.942980+00:00
865,1.6299347877502441,9.999999403953552,1.0143407998839393,2026-07-25T22:24:32.007421+00:00
866,1.627174735069275,19.999998807907104,0.9454554600233678,2026-07-25T22:24:42.391293+00:00
820,1.706487774848938,19.999998807907104,1.030137360066874,2026-07-25T22:24:48.820204+00:00
867,1.617863416671753,31.999999284744263,1.006685159954941,2026-07-25T22:24:52.648107+00:00
821,1.650637149810791,35.999998450279236,0.9974428798886947,2026-07-25T22:24:58.938735+00:00
868,1.681532382965088,37.99999952316284,0.9818899800302461,2026-07-25T22:25:03.197578+00:00
822,1.735241413116455,15.999999642372131,0.9681845401064493,2026-07-25T22:25:09.091250+00:00
823,1.664352297782898,37.99999952316284,0.9831403000862339,2026-07-25T22:25:19.180901+00:00
869,1.6381464004516602,19.999998807907104,0.9913504400174133,2026-07-25T22:25:24.733265+00:00
824,1.6002405881881714,9.999999403953552,0.9851869200065265,2026-07-25T22:25:29.323059+00:00
870,1.6364825963974,19.999998807907104,0.9889483600272796,2026-07-25T22:25:35.441454+00:00
825,1.6597743034362793,21.99999988079071,0.9959035199426579,2026-07-25T22:25:39.665699+00:00
826,1.648436427116394,21.99999988079071,1.0090366400254425,2026-07-25T22:25:49.902870+00:00
871,1.6650429964065552,1.9999999552965164,1.0086244001286104,2026-07-25T22:25:57.113342+00:00
827,1.5964840650558472,21.99999988079071,0.9940794200520031,2026-07-25T22:26:00.137046+00:00
872,1.5926599502563477,1.9999999552965164,0.9835651399043854,2026-07-25T22:26:07.320291+00:00
828,1.661302089691162,19.999998807907104,1.019163359887898,2026-07-25T22:26:10.341066+00:00
873,1.6266145706176758,25.999999046325684,0.9617177401378285,2026-07-25T22:26:17.642425+00:00
829,1.576695442199707,23.999999463558197,1.0235609799565282,2026-07-25T22:26:20.583021+00:00
874,1.6889287233352661,0.0,0.9640243400644977,2026-07-25T22:26:27.729786+00:00
830,1.6414114236831665,34.00000035762787,1.0237442000652663,2026-07-25T22:26:30.861774+00:00
875,1.6190696954727173,19.999998807907104,1.2045121799746994,2026-07-25T22:26:38.827347+00:00
831,1.7538659572601318,17.999999225139618,1.0789583199948538,2026-07-25T22:26:41.190308+00:00
876,1.6262848377227783,3.999999910593033,1.0181025399651844,2026-07-25T22:26:49.321773+00:00
832,1.6318928003311157,14.000000059604645,1.0086468599911314,2026-07-25T22:26:51.411994+00:00
877,1.6304644346237183,25.999999046325684,0.9880498600250577,2026-07-25T22:26:59.749676+00:00
833,1.6391433477401733,28.00000011920929,1.0092613600136247,2026-07-25T22:27:01.738595+00:00
878,1.6358273029327393,3.999999910593033,0.9362234000582248,2026-07-25T22:27:10.271292+00:00
834,1.7369580268859863,17.999999225139618,1.0361642399220727,2026-07-25T22:27:11.947348+00:00
879,1.636993408203125,1.9999999552965164,0.9795050200773403,2026-07-25T22:27:20.598174+00:00
835,1.6562281847000122,17.999999225139618,1.0110283999529202,2026-07-25T22:27:22.244271+00:00
880,1.5836836099624634,23.999999463558197,1.0643797599186655,2026-07-25T22:27:31.085608+00:00
881,1.5876541137695312,17.999999225139618,1.0596991999773309,2026-07-25T22:27:41.533958+00:00
836,1.6320267915725708,1.9999999552965164,1.000234899984207,2026-07-25T22:27:43.253116+00:00
882,1.6298298835754395,17.999999225139618,1.0613055400608573,2026-07-25T22:27:51.811721+00:00
837,1.6101269721984863,29.999998211860657,0.9787230400252157,2026-07-25T22:27:53.629178+00:00
883,1.5781054496765137,17.999999225139618,0.9582941599364858,2026-07-25T22:28:02.280828+00:00
838,1.568047046661377,28.00000011920929,0.9893849599757231,2026-07-25T22:28:15.130866+00:00
884,1.6280772686004639,17.999999225139618,0.9769902800326234,2026-07-25T22:28:23.589212+00:00
839,1.697188138961792,17.999999225139618,1.0155678598675877,2026-07-25T22:28:25.562916+00:00
840,1.5812149047851562,19.999998807907104,0.9985591399890836,2026-07-25T22:28:36.185463+00:00
885,1.6294944286346436,14.000000059604645,0.979342039936455,2026-07-25T22:28:45.472466+00:00
841,1.7307727336883545,9.999999403953552,1.0113934200489894,2026-07-25T22:28:46.427950+00:00
842,1.6396355628967285,3.999999910593033,1.0839985399798024,2026-07-25T22:28:57.364445+00:00
886,1.6193581819534302,21.99999988079071,0.9971389199199621,2026-07-25T22:29:07.243737+00:00
843,1.6793475151062012,17.999999225139618,0.9745943000598345,2026-07-25T22:29:07.729313+00:00
887,1.6784683465957642,19.999998807907104,1.1040641000727192,2026-07-25T22:29:17.816334+00:00
844,1.7595431804656982,23.999999463558197,0.9349585400195792,2026-07-25T22:29:17.949827+00:00
845,1.6384276151657104,17.999999225139618,1.060444660106441,2026-07-25T22:29:28.747584+00:00
846,1.7399532794952393,29.999998211860657,0.9868943999754266,2026-07-25T22:29:38.935169+00:00
888,1.6276031732559204,17.999999225139618,1.0054015999776311,2026-07-25T22:29:39.718444+00:00
847,1.6295868158340454,15.999999642372131,1.00766678006039,2026-07-25T22:29:49.266238+00:00
848,1.6652523279190063,3.999999910593033,0.9988589600834529,2026-07-25T22:29:59.653727+00:00
889,1.618410348892212,23.999999463558197,1.0027076400001533,2026-07-25T22:30:01.762268+00:00
849,1.6671621799468994,21.99999988079071,1.0163509400445037,2026-07-25T22:30:09.980351+00:00
890,1.5875985622406006,19.999998807907104,0.9999128799245227,2026-07-25T22:30:12.337639+00:00
850,1.5747627019882202,21.99999988079071,0.9942955800215715,2026-07-25T22:30:20.525302+00:00
891,1.5972497463226318,21.99999988079071,1.066900580044603,2026-07-25T22:30:34.505684+00:00
851,1.7462551593780518,15.999999642372131,0.9787030999723356,2026-07-25T22:30:41.964616+00:00
892,1.6328909397125244,19.999998807907104,0.9852433399646543,2026-07-25T22:30:56.063702+00:00
852,1.5978561639785767,19.999998807907104,0.9931105999567079,2026-07-25T22:31:04.087333+00:00
893,1.635108232498169,31.999999284744263,0.980847199971322,2026-07-25T22:31:06.558464+00:00
853,1.5911757946014404,21.99999988079071,1.043109220045153,2026-07-25T22:31:25.339853+00:00
894,1.6246081590652466,25.999999046325684,1.0861751998891123,2026-07-25T22:31:28.410574+00:00
854,1.631921410560608,21.99999988079071,0.9600956000213046,2026-07-25T22:31:35.665043+00:00
895,1.6374456882476807,17.999999225139618,0.9660398199048359,2026-07-25T22:31:38.972856+00:00
896,1.657618522644043,17.999999225139618,1.0246181799448095,2026-07-25T22:31:49.577318+00:00
855,1.6001543998718262,19.999998807907104,1.1041076200490352,2026-07-25T22:31:58.376940+00:00
897,1.6236932277679443,29.999998211860657,1.0017916200740729,2026-07-25T22:32:00.145535+00:00
856,1.685418963432312,14.000000059604645,0.9989585199218708,2026-07-25T22:32:20.062201+00:00
898,1.5994561910629272,17.999999225139618,1.0472235799534246,2026-07-25T22:32:21.816172+00:00
857,1.653334617614746,7.999999821186066,1.1616923000838142,2026-07-25T22:32:31.022190+00:00
899,1.6086399555206299,23.999999463558197,0.9963575199071784,2026-07-25T22:32:43.151975+00:00
858,1.5619308948516846,29.999998211860657,1.0301093400630634,2026-07-25T22:32:52.532767+00:00
900,1.5684611797332764,21.99999988079071,0.9817938201013021,2026-07-25T22:33:04.803521+00:00
859,1.5852746963500977,21.99999988079071,1.0085070598870516,2026-07-25T22:33:14.034398+00:00
901,1.6208555698394775,19.999998807907104,0.9878029399260414,2026-07-25T22:33:15.215717+00:00
860,1.730191707611084,11.999999731779099,1.0424790398974437,2026-07-25T22:33:24.548835+00:00
902,1.576971411705017,5.999999865889549,0.9842735998972785,2026-07-25T22:33:25.596095+00:00
861,1.5852608680725098,0.0,1.0495439798978623,2026-07-25T22:33:46.668592+00:00
903,1.6298162937164307,19.999998807907104,0.9898452200286555,2026-07-25T22:33:47.109274+00:00
862,1.573449969291687,7.999999821186066,1.0721362598997075,2026-07-25T22:33:57.743523+00:00
904,1.6774829626083374,14.000000059604645,1.094547280081315,2026-07-25T22:33:57.768215+00:00
863,1.646507740020752,41.999998688697815,0.9802082199894357,2026-07-25T22:34:08.118814+00:00
905,1.5796399116516113,19.999998807907104,1.0122006600431632,2026-07-25T22:34:08.506456+00:00
864,1.6683560609817505,25.999999046325684,1.0866117199475411,2026-07-25T22:34:18.506016+00:00
906,1.6119873523712158,21.99999988079071,0.9939886200299951,2026-07-25T22:34:18.938825+00:00
865,1.651951551437378,21.99999988079071,0.976575539971236,2026-07-25T22:34:40.247464+00:00
907,1.6267582178115845,19.999998807907104,0.9938138599682135,2026-07-25T22:34:40.791640+00:00
908,1.6455674171447754,19.999998807907104,1.023015020036837,2026-07-25T22:35:01.962573+00:00
866,1.7047489881515503,21.99999988079071,0.9929823399579618,2026-07-25T22:35:02.128447+00:00
909,1.6217173337936401,28.00000011920929,0.9944722001091577,2026-07-25T22:35:12.231571+00:00
867,1.6667773723602295,1.9999999552965164,0.9733230598794762,2026-07-25T22:35:23.065479+00:00
868,1.5687991380691528,41.999998688697815,0.9832735800591763,2026-07-25T22:35:33.826940+00:00
910,1.6059942245483398,21.99999988079071,0.9903579400270246,2026-07-25T22:35:33.995062+00:00
869,1.645196795463562,19.999998807907104,1.1750695599766914,2026-07-25T22:35:44.057962+00:00
911,1.6163225173950195,21.99999988079071,3.533184940024512,2026-07-25T22:35:44.222433+00:00
912,1.734399437904358,17.999999225139618,0.9995514799084049,2026-07-25T22:35:54.436954+00:00
913,1.8014631271362305,15.999999642372131,0.9598549400107004,2026-07-25T22:36:04.719303+00:00
870,1.614831805229187,7.999999821186066,0.9848650800995528,2026-07-25T22:36:05.930378+00:00
914,1.721848487854004,19.999998807907104,0.9838495599979069,2026-07-25T22:36:15.118161+00:00
871,1.8454333543777466,21.99999988079071,0.9565676000784151,2026-07-25T22:36:16.220912+00:00
872,1.6555181741714478,3.999999910593033,1.0545709199504927,2026-07-25T22:36:26.532077+00:00
915,1.725959062576294,17.999999225139618,0.9922099999675994,2026-07-25T22:36:36.519342+00:00
873,1.700663447380066,25.999999046325684,1.0130439999920782,2026-07-25T22:36:37.479446+00:00
916,1.695022702217102,14.000000059604645,0.9870776800380554,2026-07-25T22:36:58.045678+00:00
874,1.5778580904006958,23.999999463558197,0.9904830000596122,2026-07-25T22:37:00.218729+00:00
917,1.7020180225372314,21.99999988079071,0.9670049800479319,2026-07-25T22:37:08.387979+00:00
918,1.8551909923553467,15.999999642372131,0.9898648799571674,2026-07-25T22:37:18.792659+00:00
875,1.6585196256637573,19.999998807907104,1.032938779972028,2026-07-25T22:37:21.002738+00:00
919,1.6245421171188354,23.999999463558197,0.9738376601308119,2026-07-25T22:37:29.006005+00:00
876,1.6934126615524292,35.999998450279236,1.047034000075655,2026-07-25T22:37:31.621782+00:00
920,1.5723153352737427,17.999999225139618,0.9983053200994618,2026-07-25T22:37:50.366405+00:00
877,1.6892046928405762,11.999999731779099,1.0015632199065294,2026-07-25T22:37:52.636525+00:00
921,1.8261771202087402,17.999999225139618,1.006914780009538,2026-07-25T22:38:00.509425+00:00
878,1.657200574874878,15.999999642372131,1.0229265999805648,2026-07-25T22:38:03.379635+00:00
922,1.654353380203247,21.99999988079071,1.0181104599905666,2026-07-25T22:38:10.702200+00:00
879,1.587316632270813,37.99999952316284,1.023531760001788,2026-07-25T22:38:13.561250+00:00
923,1.8436839580535889,0.0,1.0109070599719416,2026-07-25T22:38:21.039878+00:00
880,1.5973305702209473,17.999999225139618,1.0131387600267772,2026-07-25T22:38:23.999335+00:00
924,1.6970198154449463,17.999999225139618,1.056888859893661,2026-07-25T22:38:31.315860+00:00
881,1.6739453077316284,11.999999731779099,1.011421659932239,2026-07-25T22:38:34.459312+00:00
925,1.7983486652374268,0.0,0.9703023200563621,2026-07-25T22:38:41.459069+00:00
926,1.8138216733932495,17.999999225139618,1.0019752399239223,2026-07-25T22:38:51.786407+00:00
882,1.712612509727478,28.00000011920929,1.0490496399870608,2026-07-25T22:38:55.806560+00:00
927,1.7938847541809082,15.999999642372131,1.007924540026579,2026-07-25T22:39:02.294402+00:00
928,1.6362417936325073,5.999999865889549,0.9606699799769558,2026-07-25T22:39:12.636822+00:00
883,1.6001739501953125,15.999999642372131,1.0344977800559718,2026-07-25T22:39:16.880152+00:00
929,1.696649193763733,17.999999225139618,0.9658274400862865,2026-07-25T22:39:22.933547+00:00
884,1.658915400505066,29.999998211860657,0.9694050799589604,2026-07-25T22:39:27.122817+00:00
885,1.67702317237854,1.9999999552965164,0.9865533400443383,2026-07-25T22:39:37.327285+00:00
930,1.845821499824524,19.999998807907104,3.4814058999472763,2026-07-25T22:39:44.334424+00:00
886,1.6018822193145752,17.999999225139618,0.9831127199868206,2026-07-25T22:39:47.620977+00:00
931,1.6361825466156006,29.999998211860657,1.0207002400420606,2026-07-25T22:39:54.715889+00:00
932,1.7932080030441284,1.9999999552965164,0.9847328199248295,2026-07-25T22:40:04.923193+00:00
887,1.5989432334899902,34.00000035762787,0.9395858000789303,2026-07-25T22:40:08.679578+00:00
933,1.692041277885437,19.999998807907104,1.0142809399985708,2026-07-25T22:40:15.139056+00:00
888,1.6280914545059204,23.999999463558197,0.9878097800537944,2026-07-25T22:40:18.847932+00:00
889,1.7186132669448853,15.999999642372131,1.0298012000566814,2026-07-25T22:40:29.113155+00:00
934,1.6672030687332153,14.000000059604645,0.9844764199806377,2026-07-25T22:40:36.375315+00:00
890,1.634068250656128,19.999998807907104,0.9849888199823909,2026-07-25T22:40:39.281945+00:00
935,1.7777172327041626,23.999999463558197,1.011578979960177,2026-07-25T22:40:46.555854+00:00
891,1.575878620147705,21.99999988079071,0.9874021199357231,2026-07-25T22:40:49.613056+00:00
936,1.6852596998214722,11.999999731779099,1.030671919870656,2026-07-25T22:40:56.994333+00:00
892,1.574182152748108,39.99999761581421,0.9756792600092012,2026-07-25T22:40:59.924770+00:00
937,1.6675431728363037,21.99999988079071,1.0004853999998886,2026-07-25T22:41:07.379472+00:00
893,1.6033010482788086,14.000000059604645,0.9937382000498475,2026-07-25T22:41:10.207548+00:00
938,1.6681106090545654,15.999999642372131,0.9933023399207742,2026-07-25T22:41:17.604628+00:00
894,1.620139718055725,25.999999046325684,0.9672580599726643,2026-07-25T22:41:20.418462+00:00
939,1.7066116333007812,15.999999642372131,1.060250040027313,2026-07-25T22:41:27.934559+00:00
895,1.54777193069458,39.99999761581421,1.1171306400501635,2026-07-25T22:41:30.716350+00:00
940,1.8373571634292603,34.00000035762787,0.9820372599642724,2026-07-25T22:41:38.399832+00:00
896,1.6502270698547363,35.999998450279236,0.9825274800823536,2026-07-25T22:41:40.837568+00:00
941,1.7417230606079102,19.999998807907104,1.0435313799825963,2026-07-25T22:41:59.746282+00:00
897,1.5822445154190063,41.999998688697815,0.9600924199912697,2026-07-25T22:42:01.961975+00:00
942,1.6401349306106567,21.99999988079071,1.0009942400211003,2026-07-25T22:42:10.079775+00:00
898,1.630110502243042,21.99999988079071,1.0199865800677799,2026-07-25T22:42:12.314599+00:00
943,1.7851022481918335,19.999998807907104,1.0085215399158187,2026-07-25T22:42:20.431507+00:00
899,1.6478831768035889,17.999999225139618,0.9809734200825916,2026-07-25T22:42:22.699988+00:00
944,1.6251068115234375,23.999999463558197,1.0515786000178196,2026-07-25T22:42:30.734224+00:00
900,1.6152697801589966,21.99999988079071,1.018872580025345,2026-07-25T22:42:33.175860+00:00
945,1.6476479768753052,21.99999988079071,0.9835558400664013,2026-07-25T22:42:41.134903+00:00
901,1.6265935897827148,39.99999761581421,1.0132455998973455,2026-07-25T22:42:54.333679+00:00
946,1.573939561843872,31.999999284744263,0.9665841600508429,2026-07-25T22:43:02.389563+00:00
902,1.6019282341003418,14.000000059604645,1.0247169599460904,2026-07-25T22:43:04.912630+00:00
903,1.6243698596954346,19.999998807907104,1.003001339995535,2026-07-25T22:43:15.340869+00:00
947,1.8613635301589966,3.999999910593033,0.9953906000009739,2026-07-25T22:43:23.566294+00:00
904,1.6192947626113892,21.99999988079071,0.9694817200943362,2026-07-25T22:43:25.750748+00:00
948,1.767098069190979,31.999999284744263,0.999555760063231,2026-07-25T22:43:33.897335+00:00
905,1.6643296480178833,19.999998807907104,0.9476185400853865,2026-07-25T22:43:35.990043+00:00
949,1.7721664905548096,23.999999463558197,0.9739270199497696,2026-07-25T22:43:44.168025+00:00
906,1.5924915075302124,21.99999988079071,1.0350046800158452,2026-07-25T22:43:46.415367+00:00
907,1.6678411960601807,3.999999910593033,0.9930402800091542,2026-07-25T22:43:56.774663+00:00
950,1.7063888311386108,39.99999761581421,1.3464137799746823,2026-07-25T22:44:05.905831+00:00
951,1.651578426361084,21.99999988079071,0.9689554201031569,2026-07-25T22:44:16.228575+00:00
908,1.6195974349975586,29.999998211860657,0.9906085999682546,2026-07-25T22:44:17.926546+00:00
909,1.69893217086792,15.999999642372131,1.1041305999970064,2026-07-25T22:44:28.282735+00:00
952,1.6072649955749512,23.999999463558197,0.9908759999962059,2026-07-25T22:44:37.481973+00:00
910,1.649623990058899,34.00000035762787,1.052837519964669,2026-07-25T22:44:38.492402+00:00
911,1.6759120225906372,15.999999642372131,1.1003167000308167,2026-07-25T22:44:48.660792+00:00
953,1.7408838272094727,5.999999865889549,1.0343753200140782,2026-07-25T22:44:58.858535+00:00
912,1.6147449016571045,3.999999910593033,0.9915033799188677,2026-07-25T22:44:59.195934+00:00
954,1.6380188465118408,17.999999225139618,0.9464021200255957,2026-07-25T22:45:09.113409+00:00
955,1.620845913887024,23.999999463558197,1.2344663799740374,2026-07-25T22:45:19.267415+00:00
913,1.5827754735946655,23.999999463558197,0.9828404801373837,2026-07-25T22:45:20.255392+00:00
956,1.5675549507141113,23.999999463558197,1.0358514600375202,2026-07-25T22:45:29.590638+00:00
914,1.6224812269210815,21.99999988079071,1.0151871800189838,2026-07-25T22:45:41.352985+00:00
957,1.7493242025375366,17.999999225139618,1.0176717399735935,2026-07-25T22:45:50.965393+00:00
915,1.6090015172958374,35.999998450279236,1.004533539962722,2026-07-25T22:45:51.559539+00:00
958,1.7621383666992188,0.0,1.0455758600437548,2026-07-25T22:46:01.523780+00:00
916,1.6460025310516357,1.9999999552965164,1.0162893199594691,2026-07-25T22:46:02.007204+00:00
959,1.59212064743042,41.999998688697815,1.0142308600188699,2026-07-25T22:46:22.640831+00:00
917,1.6269617080688477,21.99999988079071,0.9787944600975605,2026-07-25T22:46:23.687220+00:00
960,1.7845288515090942,19.999998807907104,0.9709889801160898,2026-07-25T22:46:32.979966+00:00
918,1.550299048423767,45.99999785423279,1.0124537799856625,2026-07-25T22:46:33.921124+00:00
961,1.7028461694717407,5.999999865889549,1.020843220030656,2026-07-25T22:46:54.765229+00:00
919,1.6134480237960815,19.999998807907104,1.038462900032755,2026-07-25T22:46:55.302350+00:00
962,1.727286696434021,21.99999988079071,1.1145773400494363,2026-07-25T22:47:16.222186+00:00
920,1.6678897142410278,17.999999225139618,1.0721475000900682,2026-07-25T22:47:16.510275+00:00
921,1.6154817342758179,19.999998807907104,0.9643217800476123,2026-07-25T22:47:26.695919+00:00
922,1.6272778511047363,3.999999910593033,1.0069189600471873,2026-07-25T22:47:37.078021+00:00
963,1.6300791501998901,21.99999988079071,0.9883288800483571,2026-07-25T22:47:37.289762+00:00
923,1.5778433084487915,29.999998211860657,0.9914607800601517,2026-07-25T22:47:47.364984+00:00
964,1.7831398248672485,17.999999225139618,1.0173642200243194,2026-07-25T22:47:47.934920+00:00
965,1.7481541633605957,17.999999225139618,1.044899200060172,2026-07-25T22:47:58.354583+00:00
924,1.6234817504882812,15.999999642372131,1.0322656598873436,2026-07-25T22:48:08.442321+00:00
966,1.5986359119415283,37.99999952316284,1.0362639601225965,2026-07-25T22:48:08.779397+00:00
925,1.5843195915222168,19.999998807907104,0.9825020199059509,2026-07-25T22:48:18.745519+00:00
967,1.7897568941116333,31.999999284744263,1.1470290400029626,2026-07-25T22:48:19.259252+00:00
926,1.639502763748169,21.99999988079071,1.0353733200463466,2026-07-25T22:48:39.955892+00:00
968,1.8080962896347046,28.00000011920929,0.9718975599389523,2026-07-25T22:48:40.911948+00:00
927,1.6380647420883179,15.999999642372131,1.0199530400859658,2026-07-25T22:48:50.186293+00:00
969,1.8174164295196533,34.00000035762787,1.0024834200157784,2026-07-25T22:49:02.652728+00:00
928,1.615869402885437,25.999999046325684,0.9622637199936435,2026-07-25T22:49:11.246563+00:00
970,1.9643057584762573,19.999998807907104,1.0067878999689128,2026-07-25T22:49:12.943315+00:00
971,1.98256254196167,9.999999403953552,1.0275826600263827,2026-07-25T22:49:23.599559+00:00
929,1.6712781190872192,19.999998807907104,1.0221438600274269,2026-07-25T22:49:32.751954+00:00
972,2.034393310546875,23.999999463558197,0.9539483999833465,2026-07-25T22:49:34.010985+00:00
930,1.6196211576461792,35.999998450279236,1.013026139989961,2026-07-25T22:49:53.592556+00:00
973,1.6089743375778198,23.999999463558197,1.0399016999872401,2026-07-25T22:49:55.331522+00:00
931,1.5904693603515625,31.999999284744263,0.995846660080133,2026-07-25T22:50:03.893340+00:00
932,1.5764580965042114,31.999999284744263,0.985082680126652,2026-07-25T22:50:14.073773+00:00
974,1.9487208127975464,25.999999046325684,0.9639182599494234,2026-07-25T22:50:16.773189+00:00
933,1.578873634338379,21.99999988079071,0.9922119599650614,2026-07-25T22:50:24.436052+00:00
975,1.772701382637024,15.999999642372131,0.9667811800318304,2026-07-25T22:50:27.109578+00:00
934,1.5835870504379272,19.999998807907104,1.0168913200323004,2026-07-25T22:50:34.581984+00:00
976,1.8429522514343262,17.999999225139618,0.9990056199603713,2026-07-25T22:50:37.455172+00:00
977,1.9269859790802002,21.99999988079071,1.0271889800787903,2026-07-25T22:50:47.658860+00:00
935,1.6319403648376465,17.999999225139618,1.0211411799537018,2026-07-25T22:50:55.475089+00:00
978,1.5953387022018433,21.99999988079071,1.0025366199261043,2026-07-25T22:51:08.788317+00:00
936,1.598050594329834,25.999999046325684,0.9469496400561184,2026-07-25T22:51:16.414810+00:00
979,1.8996795415878296,21.99999988079071,0.9622971199860331,2026-07-25T22:51:18.944802+00:00
937,1.6422210931777954,17.999999225139618,0.981743220036151,2026-07-25T22:51:26.744741+00:00
980,1.7732495069503784,19.999998807907104,1.0406602200237103,2026-07-25T22:51:29.305129+00:00
938,1.639559030532837,19.999998807907104,1.0411800399015192,2026-07-25T22:51:36.902481+00:00
981,1.7270023822784424,5.999999865889549,1.0242382399155758,2026-07-25T22:51:39.616684+00:00
939,1.8054438829421997,19.999998807907104,1.061350579984719,2026-07-25T22:51:47.304830+00:00
982,1.7385330200195312,25.999999046325684,0.9708531000069343,2026-07-25T22:51:50.180798+00:00
940,1.574753999710083,28.00000011920929,0.9812699598842302,2026-07-25T22:52:08.428676+00:00
983,2.0868124961853027,39.99999761581421,1.0600407600577455,2026-07-25T22:52:11.538811+00:00
984,1.5822120904922485,23.999999463558197,1.0071677999803796,2026-07-25T22:52:21.901874+00:00
941,1.649787425994873,14.000000059604645,0.9895612800028175,2026-07-25T22:52:29.654044+00:00
942,1.575019359588623,28.00000011920929,0.969127499993192,2026-07-25T22:52:40.007319+00:00
985,1.5786323547363281,3.999999910593033,1.0202362800191622,2026-07-25T22:52:43.496959+00:00
943,1.6308767795562744,23.999999463558197,0.9663175800233148,2026-07-25T22:52:50.310703+00:00
986,1.72654390335083,21.99999988079071,1.0754227000870742,2026-07-25T22:52:54.119208+00:00
944,1.6320244073867798,15.999999642372131,0.9992910599976312,2026-07-25T22:53:00.636808+00:00
987,1.7338076829910278,17.999999225139618,0.9922213599202223,2026-07-25T22:53:04.471224+00:00
988,1.57358980178833,29.999998211860657,0.9834282200608868,2026-07-25T22:53:14.692033+00:00
945,1.629167079925537,23.999999463558197,1.0721838600875344,2026-07-25T22:53:21.547452+00:00
989,1.871476411819458,29.999998211860657,0.9724844600714277,2026-07-25T22:53:24.916429+00:00
946,1.6454352140426636,9.999999403953552,1.1329956600093283,2026-07-25T22:53:32.227447+00:00
990,1.8447597026824951,17.999999225139618,0.9489049400144722,2026-07-25T22:53:35.258120+00:00
947,1.5887422561645508,23.999999463558197,0.9527159199933521,2026-07-25T22:53:42.570637+00:00
948,1.651432752609253,17.999999225139618,1.0051809198921546,2026-07-25T22:53:53.046265+00:00
991,1.7784433364868164,14.000000059604645,1.0091362199455034,2026-07-25T22:53:56.587556+00:00
949,1.6221470832824707,3.999999910593033,0.9862501198949758,2026-07-25T22:54:03.331600+00:00
992,1.6628564596176147,19.999998807907104,0.9750475799955893,2026-07-25T22:54:17.834408+00:00
950,1.6154758930206299,21.99999988079071,1.0569026600569487,2026-07-25T22:54:24.759953+00:00
993,1.653556227684021,21.99999988079071,0.9934197799884713,2026-07-25T22:54:28.266223+00:00
951,1.6161996126174927,34.00000035762787,1.015656020026654,2026-07-25T22:54:35.011764+00:00
994,1.5911325216293335,28.00000011920929,1.025703259947477,2026-07-25T22:54:38.627306+00:00
952,1.641768217086792,17.999999225139618,1.0547696599678602,2026-07-25T22:54:56.632473+00:00
995,1.7812588214874268,21.99999988079071,0.9963969400268979,2026-07-25T22:55:00.032681+00:00
953,1.5852539539337158,14.000000059604645,0.9772268201049884,2026-07-25T22:55:07.098788+00:00
954,1.6218926906585693,9.999999403953552,0.9939337999094278,2026-07-25T22:55:17.304799+00:00
996,1.6152746677398682,19.999998807907104,1.029068039933918,2026-07-25T22:55:21.560813+00:00
955,1.633874535560608,19.999998807907104,0.9650754599715583,2026-07-25T22:55:27.466137+00:00
997,1.7502639293670654,3.999999910593033,1.0298003398929723,2026-07-25T22:55:31.790083+00:00
956,1.5734620094299316,34.00000035762787,0.9841271000914276,2026-07-25T22:55:37.678143+00:00
998,1.7655307054519653,17.999999225139618,0.9943111598840916,2026-07-25T22:55:42.012893+00:00
957,1.5884078741073608,28.00000011920929,0.982608960039215,2026-07-25T22:55:47.965692+00:00
999,1.8481003046035767,17.999999225139618,1.093877500097733,2026-07-25T22:56:03.521437+00:00
958,1.6028939485549927,21.99999988079071,1.2603552399377804,2026-07-25T22:56:09.413651+00:00
959,1.6229968070983887,7.999999821186066,1.0476677601400297,2026-07-25T22:56:31.059570+00:00
960,1.6523470878601074,1.9999999552965164,1.137151580041973,2026-07-25T22:56:41.971017+00:00
961,1.5963199138641357,25.999999046325684,1.0418088600272313,2026-07-25T22:56:52.577763+00:00
962,1.6279913187026978,19.999998807907104,0.9992346599756274,2026-07-25T22:57:13.499032+00:00
963,1.6215399503707886,19.999998807907104,0.9879737200390081,2026-07-25T22:57:34.657895+00:00
964,1.645045518875122,35.999998450279236,0.9414455598744098,2026-07-25T22:57:44.820460+00:00
965,1.6274713277816772,11.999999731779099,1.009169360040687,2026-07-25T22:57:55.256109+00:00
966,1.6852673292160034,0.0,1.1903640200034715,2026-07-25T22:58:16.688430+00:00
967,1.6856497526168823,9.999999403953552,0.9782295400509612,2026-07-25T22:58:26.847093+00:00
968,1.6193475723266602,37.99999952316284,0.9615548200963531,2026-07-25T22:58:37.145160+00:00
969,1.6130987405776978,19.999998807907104,0.9908584400545805,2026-07-25T22:58:47.305662+00:00
970,1.6519088745117188,19.999998807907104,0.9904227399965748,2026-07-25T22:58:57.721852+00:00
971,1.6054840087890625,1.9999999552965164,1.0023774199362379,2026-07-25T22:59:07.859214+00:00
972,1.6232504844665527,14.000000059604645,1.0577864799415693,2026-07-25T22:59:29.218469+00:00
973,1.589540958404541,3.999999910593033,1.0507201800646726,2026-07-25T22:59:39.539768+00:00
974,1.7014175653457642,0.0,1.0059838798770215,2026-07-25T23:00:00.939313+00:00
975,1.6254799365997314,5.999999865889549,0.9961774399562273,2026-07-25T23:00:11.306106+00:00
976,1.6133184432983398,43.99999976158142,1.0226709599373862,2026-07-25T23:00:21.625348+00:00
977,1.6137279272079468,17.999999225139618,1.0489541800052393,2026-07-25T23:00:43.233168+00:00
978,1.6433101892471313,21.99999988079071,0.9988613201130647,2026-07-25T23:01:04.871165+00:00
979,1.6159121990203857,17.999999225139618,1.0173029199359007,2026-07-25T23:01:25.957982+00:00
980,1.5741491317749023,14.000000059604645,1.0555799800204113,2026-07-25T23:01:47.205017+00:00
981,1.636030912399292,21.99999988079071,0.9934549799072555,2026-07-25T23:02:08.668081+00:00
982,1.622444748878479,19.999998807907104,1.0038362799969036,2026-07-25T23:02:19.019451+00:00
983,1.5801208019256592,17.999999225139618,1.0497534599562641,2026-07-25T23:02:29.395688+00:00
984,1.576613426208496,21.99999988079071,1.0279051000543404,2026-07-25T23:02:39.841004+00:00
985,1.5798687934875488,31.999999284744263,1.0308413999155164,2026-07-25T23:02:50.213678+00:00
986,1.6239688396453857,1.9999999552965164,0.9618321400193963,2026-07-25T23:03:00.477893+00:00
987,1.6639676094055176,19.999998807907104,1.0373690001142677,2026-07-25T23:03:21.598739+00:00
988,1.6624010801315308,7.999999821186066,1.0022068800753914,2026-07-25T23:03:32.206448+00:00
989,1.6192545890808105,21.99999988079071,3.5091003999696113,2026-07-25T23:03:53.822661+00:00
990,1.643049716949463,19.999998807907104,1.0269562200119253,2026-07-25T23:04:04.263402+00:00
991,1.661855936050415,14.000000059604645,1.0329459799686447,2026-07-25T23:04:14.729952+00:00
992,1.6235604286193848,23.999999463558197,1.0219290600798558,2026-07-25T23:04:36.993902+00:00
993,1.6112903356552124,19.999998807907104,1.1663097800919786,2026-07-25T23:04:47.546563+00:00
994,1.6017804145812988,21.99999988079071,0.9781482399557717,2026-07-25T23:05:09.725037+00:00
995,1.580222725868225,11.999999731779099,1.016038999950979,2026-07-25T23:05:20.198201+00:00
996,1.567624568939209,29.999998211860657,1.0108686599414796,2026-07-25T23:05:41.763761+00:00
997,1.639915943145752,17.999999225139618,0.9851081599481404,2026-07-25T23:05:52.150077+00:00
998,1.6270506381988525,35.999998450279236,1.0451403599290643,2026-07-25T23:06:14.411016+00:00
999,1.6360234022140503,11.999999731779099,1.0185893600282725,2026-07-25T23:06:24.820066+00:00
