episode,loss,acc,inf_ms,timestamp
0,50.35338592529297,28.57142984867096,0.7357226143150392,2026-07-25T23:05:21.427792+00:00
1,102.43952941894531,12.857143580913544,0.7714234000429444,2026-07-25T23:05:32.011371+00:00
2,73.99064636230469,22.857142984867096,2.4202305428583974,2026-07-25T23:05:54.912719+00:00
3,84.84525299072266,11.428571492433548,0.7065592142420688,2026-07-25T23:06:05.428971+00:00
4,76.0783462524414,18.571428954601288,0.70203774282293,2026-07-25T23:06:15.945405+00:00
5,119.2271728515625,14.28571492433548,0.8924084142823371,2026-07-25T23:06:38.577910+00:00
6,68.8932876586914,12.857143580913544,0.6970025000295469,2026-07-25T23:06:49.283761+00:00
7,57.83314895629883,18.571428954601288,0.7312305428578318,2026-07-25T23:07:11.548885+00:00
8,86.10950469970703,12.857143580913544,0.7196647427917924,2026-07-25T23:07:21.917833+00:00
9,66.81065368652344,21.42857164144516,0.7163257571976699,2026-07-25T23:07:44.702694+00:00
10,104.19719696044922,12.857143580913544,0.7154562143633874,2026-07-25T23:07:55.091805+00:00
11,96.4623031616211,12.857143580913544,0.7093388571645067,2026-07-25T23:08:17.464606+00:00
12,82.37258911132812,20.000000298023224,0.7032452713506896,2026-07-25T23:08:27.710459+00:00
13,72.73722839355469,20.000000298023224,0.8596903570703164,2026-07-25T23:08:38.627832+00:00
14,77.16681671142578,15.714286267757416,0.7095491857658739,2026-07-25T23:09:01.179839+00:00
15,70.51769256591797,21.42857164144516,0.6851034856351491,2026-07-25T23:09:23.611837+00:00
16,79.46338653564453,21.42857164144516,1.0472102142687487,2026-07-25T23:09:46.079849+00:00
17,84.83846282958984,17.142857611179352,0.7254441714654344,2026-07-25T23:10:09.225852+00:00
18,95.06917572021484,17.142857611179352,0.687944971494809,2026-07-25T23:10:19.845515+00:00
19,98.42916870117188,17.142857611179352,0.7228067142672703,2026-07-25T23:10:30.923438+00:00
20,82.75259399414062,20.000000298023224,0.7140762571777616,2026-07-25T23:10:53.447183+00:00
21,65.32341003417969,27.142858505249023,0.7266197428439877,2026-07-25T23:11:15.995079+00:00
22,72.68790435791016,12.857143580913544,0.7239373572312096,2026-07-25T23:11:26.584598+00:00
23,77.0500259399414,15.714286267757416,0.7011917571487304,2026-07-25T23:11:37.813443+00:00
24,73.192626953125,20.000000298023224,0.7526064857042262,2026-07-25T23:12:01.375436+00:00
25,81.62709045410156,17.142857611179352,0.7305185142156135,2026-07-25T23:12:11.906585+00:00
26,72.48731994628906,21.42857164144516,0.708035671414109,2026-07-25T23:12:22.280282+00:00
27,61.95023727416992,22.857142984867096,0.7339437141906403,2026-07-25T23:12:33.247048+00:00
28,82.54729461669922,11.428571492433548,0.7427493143560631,2026-07-25T23:12:43.871202+00:00
29,77.45243072509766,20.000000298023224,0.771147185670478,2026-07-25T23:12:54.401590+00:00
30,71.19976043701172,20.000000298023224,0.7119137571342955,2026-07-25T23:13:17.365394+00:00
31,92.46563720703125,20.000000298023224,0.7195299857163003,2026-07-25T23:13:27.750211+00:00
32,78.17874145507812,15.714286267757416,0.7205283428317801,2026-07-25T23:13:38.339032+00:00
33,85.31072998046875,15.714286267757416,0.6837129571067635,2026-07-25T23:14:00.810943+00:00
34,77.30303955078125,18.571428954601288,0.8170327428420674,2026-07-25T23:14:22.806853+00:00
35,81.42452239990234,18.571428954601288,0.7339463571302726,2026-07-25T23:14:33.570859+00:00
36,83.83697509765625,20.000000298023224,0.7326034427803408,2026-07-25T23:14:44.251276+00:00
37,81.58104705810547,17.142857611179352,0.7953367857096184,2026-07-25T23:14:54.797812+00:00
38,81.73439025878906,12.857143580913544,0.7159355428094776,2026-07-25T23:15:17.658029+00:00
39,76.84310913085938,15.714286267757416,0.698278571404184,2026-07-25T23:15:40.175686+00:00
40,76.81475830078125,17.142857611179352,0.7075742428631722,2026-07-25T23:15:50.722277+00:00
0,78.2257308959961,18.571428954601288,0.7508371714460996,2026-07-25T23:15:52.651135+00:00
41,51.08835220336914,30.000001192092896,0.7584406571238236,2026-07-25T23:16:12.926056+00:00
1,73.19666290283203,17.142857611179352,0.7166775143040078,2026-07-25T23:16:14.976041+00:00
42,61.71773147583008,22.857142984867096,0.7255608571410579,2026-07-25T23:16:23.405354+00:00
2,68.65572357177734,21.42857164144516,0.6986632142798044,2026-07-25T23:16:37.799430+00:00
43,60.18040466308594,14.28571492433548,0.7291432286105451,2026-07-25T23:16:46.658528+00:00
3,48.71514892578125,17.142857611179352,0.7426725999851312,2026-07-25T23:16:48.568329+00:00
44,61.6766471862793,25.714287161827087,0.7483005285653884,2026-07-25T23:16:57.202970+00:00
4,63.89351272583008,21.42857164144516,0.7259379143111541,2026-07-25T23:17:10.584523+00:00
45,62.51775360107422,21.42857164144516,0.7000530572050983,2026-07-25T23:17:19.636598+00:00
5,78.09581756591797,12.857143580913544,0.7337445000302978,2026-07-25T23:17:32.775489+00:00
46,64.0763931274414,14.28571492433548,0.7419424142946289,2026-07-25T23:17:42.498114+00:00
47,68.31717681884766,18.571428954601288,0.7263577714703777,2026-07-25T23:17:52.854098+00:00
6,60.95722579956055,27.142858505249023,0.7721490142492777,2026-07-25T23:17:55.076573+00:00
48,55.228370666503906,20.000000298023224,0.696498142808975,2026-07-25T23:18:03.238807+00:00
7,96.55709838867188,12.857143580913544,0.7153639714358307,2026-07-25T23:18:05.497021+00:00
49,57.728397369384766,28.57142984867096,0.7081980284835612,2026-07-25T23:18:13.629416+00:00
8,56.41621017456055,24.285714328289032,0.6870287999585604,2026-07-25T23:18:15.847272+00:00
50,63.02947998046875,20.000000298023224,0.7359825857357853,2026-07-25T23:18:23.939517+00:00
9,78.93299865722656,14.28571492433548,0.7461153571577077,2026-07-25T23:18:26.333745+00:00
51,66.22830963134766,10.000000149011612,0.6844161571020126,2026-07-25T23:18:34.408234+00:00
10,76.54661560058594,15.714286267757416,0.7439809000061359,2026-07-25T23:18:37.177838+00:00
52,59.45368194580078,20.000000298023224,0.788163799942205,2026-07-25T23:18:56.892013+00:00
11,79.09673309326172,12.857143580913544,0.7139038999282223,2026-07-25T23:18:59.838464+00:00
53,70.16645050048828,20.000000298023224,0.7365111142072627,2026-07-25T23:19:07.371111+00:00
12,73.44764709472656,17.142857611179352,0.7195038571288543,2026-07-25T23:19:10.283139+00:00
54,59.274314880371094,21.42857164144516,0.7206531142791001,2026-07-25T23:19:17.801994+00:00
13,55.86212921142578,27.142858505249023,0.7164109286220212,2026-07-25T23:19:20.714743+00:00
14,111.52764892578125,15.714286267757416,0.7863550571658249,2026-07-25T23:19:31.101143+00:00
55,73.29537963867188,17.142857611179352,0.694166999996274,2026-07-25T23:19:39.839572+00:00
15,64.21101379394531,22.857142984867096,0.728624571430763,2026-07-25T23:19:41.564853+00:00
56,58.672935485839844,25.714287161827087,0.6998130857287574,2026-07-25T23:19:50.258222+00:00
57,40.61257553100586,27.142858505249023,0.7099513999751902,2026-07-25T23:20:00.649362+00:00
16,64.06776428222656,20.000000298023224,0.7081292142434645,2026-07-25T23:20:03.856336+00:00
58,60.91935729980469,17.142857611179352,0.7249126142206868,2026-07-25T23:20:11.229210+00:00
17,76.31257629394531,20.000000298023224,0.7371533857492198,2026-07-25T23:20:14.233185+00:00
59,49.67943572998047,28.57142984867096,0.744585842871207,2026-07-25T23:20:21.581022+00:00
18,105.24189758300781,17.142857611179352,0.7426592428860854,2026-07-25T23:20:24.581055+00:00
19,68.54103088378906,18.571428954601288,0.753823342841185,2026-07-25T23:20:35.154008+00:00
60,85.82393646240234,25.714287161827087,0.7281237428417496,2026-07-25T23:20:43.761016+00:00
61,63.930362701416016,22.857142984867096,0.7596569428902252,2026-07-25T23:20:54.193012+00:00
20,83.06968688964844,20.000000298023224,0.7933774428758105,2026-07-25T23:20:57.530730+00:00
62,80.96340942382812,17.142857611179352,0.7128806570627992,2026-07-25T23:21:04.569190+00:00
21,91.47711944580078,24.285714328289032,0.7449034427866406,2026-07-25T23:21:07.866545+00:00
63,55.683929443359375,20.000000298023224,0.7115677856615678,2026-07-25T23:21:14.960416+00:00
22,94.40990447998047,18.571428954601288,0.7194427143466393,2026-07-25T23:21:18.123666+00:00
23,81.02578735351562,21.42857164144516,0.7316974000007447,2026-07-25T23:21:28.482472+00:00
64,62.8179817199707,18.571428954601288,0.6928091713884247,2026-07-25T23:21:37.095777+00:00
65,66.92808532714844,22.857142984867096,0.7726159285604289,2026-07-25T23:21:47.559884+00:00
24,53.436546325683594,31.42857253551483,0.7480145571337614,2026-07-25T23:21:51.196747+00:00
66,58.18080520629883,17.142857611179352,0.7531774571231965,2026-07-25T23:21:58.083481+00:00
25,104.97817993164062,11.428571492433548,0.7166204856600545,2026-07-25T23:22:01.720224+00:00
67,73.0029296875,15.714286267757416,0.7246890857849004,2026-07-25T23:22:08.590728+00:00
26,75.82352447509766,12.857143580913544,0.713824814322704,2026-07-25T23:22:11.953706+00:00
68,39.96995544433594,28.57142984867096,0.7706678857045648,2026-07-25T23:22:31.166684+00:00
27,68.0245361328125,20.000000298023224,0.7278516999836678,2026-07-25T23:22:34.193262+00:00
69,71.52044677734375,12.857143580913544,0.7271887857184214,2026-07-25T23:22:41.502448+00:00
28,74.09833526611328,22.857142984867096,0.7241799286150906,2026-07-25T23:22:44.642425+00:00
70,80.23140716552734,14.28571492433548,0.7238353713806386,2026-07-25T23:22:51.646945+00:00
29,84.70877075195312,15.714286267757416,0.7118710143134065,2026-07-25T23:23:06.621646+00:00
71,49.980899810791016,20.000000298023224,0.7427000857465568,2026-07-25T23:23:13.789461+00:00
72,67.2840805053711,24.285714328289032,0.7200800999791162,2026-07-25T23:23:24.313176+00:00
30,80.34444427490234,17.142857611179352,0.7530847857456787,2026-07-25T23:23:28.694111+00:00
31,86.7315444946289,14.28571492433548,0.6944636428670492,2026-07-25T23:23:38.982725+00:00
73,61.5943489074707,20.000000298023224,0.7605963999854534,2026-07-25T23:23:46.500696+00:00
32,69.50604248046875,24.285714328289032,0.7233465285805454,2026-07-25T23:23:49.446571+00:00
33,64.63824462890625,17.142857611179352,0.7347484143143188,2026-07-25T23:23:59.574744+00:00
74,50.679405212402344,15.714286267757416,0.7364108999484286,2026-07-25T23:24:08.892695+00:00
34,96.83001708984375,17.142857611179352,0.7220171571784054,2026-07-25T23:24:10.009464+00:00
75,79.58980560302734,14.28571492433548,0.7296333428322603,2026-07-25T23:24:19.295753+00:00
35,66.19208526611328,21.42857164144516,0.7525758428008495,2026-07-25T23:24:20.385907+00:00
76,61.997894287109375,25.714287161827087,0.7559279571328911,2026-07-25T23:24:29.768207+00:00
77,66.7722396850586,21.42857164144516,0.7283202000378098,2026-07-25T23:24:40.044453+00:00
36,85.18521118164062,24.285714328289032,0.7378962000075262,2026-07-25T23:24:42.679767+00:00
78,51.70823287963867,15.714286267757416,0.7101728714977591,2026-07-25T23:24:50.631411+00:00
37,76.75094604492188,20.000000298023224,0.7191703285830694,2026-07-25T23:24:52.930681+00:00
79,58.995506286621094,20.000000298023224,0.7007932572118338,2026-07-25T23:25:01.158875+00:00
38,65.30219268798828,20.000000298023224,0.7148122285018741,2026-07-25T23:25:03.257597+00:00
80,50.05178451538086,24.285714328289032,0.7041484714136459,2026-07-25T23:25:23.379300+00:00
39,68.8623046875,15.714286267757416,2.2950450000020544,2026-07-25T23:25:25.128093+00:00
81,64.06100463867188,24.285714328289032,0.7036711856406846,2026-07-25T23:25:33.827759+00:00
82,49.69221496582031,31.42857253551483,0.7973403142906526,2026-07-25T23:25:44.204417+00:00
40,70.90509033203125,27.142858505249023,0.7270087856990618,2026-07-25T23:25:47.377303+00:00
41,65.90473175048828,20.000000298023224,0.7551313857090594,2026-07-25T23:25:57.667252+00:00
83,51.807456970214844,25.714287161827087,2.3092764571109523,2026-07-25T23:26:06.506190+00:00
42,56.125244140625,24.285714328289032,0.7321308857561755,2026-07-25T23:26:07.880534+00:00
43,76.11956787109375,12.857143580913544,0.7360082286010896,2026-07-25T23:26:18.152783+00:00
84,40.924930572509766,34.285715222358704,0.7813745142941896,2026-07-25T23:26:29.228621+00:00
85,56.349430084228516,20.000000298023224,0.7659639714152686,2026-07-25T23:26:39.941915+00:00
44,56.024269104003906,21.42857164144516,2.582184871425852,2026-07-25T23:26:40.581131+00:00
86,42.74724197387695,32.85714387893677,0.7092970714438707,2026-07-25T23:26:50.453540+00:00
45,62.8929328918457,24.285714328289032,0.732733814324352,2026-07-25T23:26:51.035435+00:00
87,56.15431594848633,21.42857164144516,0.7002499857792698,2026-07-25T23:27:01.234467+00:00
46,58.59520721435547,27.142858505249023,0.6922700857103337,2026-07-25T23:27:12.739584+00:00
47,76.74822998046875,18.571428954601288,0.7460616143362131,2026-07-25T23:27:23.054999+00:00
88,57.13783264160156,20.000000298023224,2.434331414302245,2026-07-25T23:27:23.400919+00:00
48,76.69319152832031,14.28571492433548,0.969467171463683,2026-07-25T23:27:33.576068+00:00
89,51.79397201538086,18.571428954601288,0.8708304571752836,2026-07-25T23:27:33.748092+00:00
49,58.381431579589844,21.42857164144516,0.7476585571047119,2026-07-25T23:27:44.066183+00:00
90,82.15911865234375,20.000000298023224,0.7730247427908971,2026-07-25T23:27:55.912806+00:00
91,44.39767074584961,30.000001192092896,0.7068865714245476,2026-07-25T23:28:06.323092+00:00
50,68.36553955078125,14.28571492433548,0.7306544428242238,2026-07-25T23:28:07.197386+00:00
92,65.0448226928711,17.142857611179352,0.7336229428931672,2026-07-25T23:28:16.862990+00:00
51,66.31253814697266,20.000000298023224,0.7427054428262636,2026-07-25T23:28:17.585884+00:00
93,59.92069625854492,21.42857164144516,0.6980522714522003,2026-07-25T23:28:27.174219+00:00
52,64.68424224853516,18.571428954601288,0.7921465000046217,2026-07-25T23:28:28.071700+00:00
94,60.91134262084961,18.571428954601288,0.7076236572174821,2026-07-25T23:28:49.994288+00:00
53,62.633872985839844,14.28571492433548,0.7134345856944232,2026-07-25T23:28:50.232299+00:00
95,45.67385482788086,27.142858505249023,0.695243899930834,2026-07-25T23:29:00.447697+00:00
54,74.48885345458984,18.571428954601288,0.7372847142895418,2026-07-25T23:29:00.941485+00:00
96,47.58354187011719,37.142857909202576,0.7366602286180881,2026-07-25T23:29:10.851101+00:00
55,87.52598571777344,21.42857164144516,0.7383965572184285,2026-07-25T23:29:11.349593+00:00
56,80.79476928710938,10.000000149011612,0.7149410857112213,2026-07-25T23:29:21.708817+00:00
57,56.410377502441406,32.85714387893677,0.7366529286498137,2026-07-25T23:29:32.163950+00:00
97,56.97780227661133,27.142858505249023,0.7237713000254838,2026-07-25T23:29:33.277282+00:00
58,68.58736419677734,17.142857611179352,0.7335150856566283,2026-07-25T23:29:42.714265+00:00
98,50.69629669189453,20.000000298023224,0.7359170286300858,2026-07-25T23:29:43.637430+00:00
59,53.1505241394043,30.000001192092896,0.7222562285148473,2026-07-25T23:29:53.387223+00:00
99,76.04066467285156,14.28571492433548,0.7483719142328482,2026-07-25T23:29:54.229396+00:00
60,81.82878112792969,14.28571492433548,0.7154854570606923,2026-07-25T23:30:04.155886+00:00
100,58.11442184448242,22.857142984867096,0.734136828499946,2026-07-25T23:30:04.862887+00:00
61,73.70519256591797,11.428571492433548,0.7470492714284254,2026-07-25T23:30:14.585053+00:00
101,43.42097854614258,28.57142984867096,0.7187186856754124,2026-07-25T23:30:15.326158+00:00
62,80.2926254272461,20.000000298023224,0.719163957130929,2026-07-25T23:30:24.903185+00:00
102,50.05574417114258,24.285714328289032,0.7087242714728096,2026-07-25T23:30:25.735388+00:00
103,46.655113220214844,22.857142984867096,0.7104039142307427,2026-07-25T23:30:36.121861+00:00
104,63.839481353759766,22.857142984867096,0.6856982571272445,2026-07-25T23:30:46.446729+00:00
63,58.642433166503906,17.142857611179352,0.6993518142345627,2026-07-25T23:30:47.043712+00:00
105,50.913963317871094,15.714286267757416,0.7487333428538737,2026-07-25T23:30:56.937646+00:00
106,56.27286148071289,22.857142984867096,0.6937270857244066,2026-07-25T23:31:07.200414+00:00
64,65.59786224365234,12.857143580913544,0.7136494000276019,2026-07-25T23:31:09.454962+00:00
65,56.38973617553711,25.714287161827087,0.7102932000374754,2026-07-25T23:31:19.688990+00:00
107,52.354896545410156,30.000001192092896,0.7871953428548295,2026-07-25T23:31:29.416187+00:00
66,60.03050994873047,21.42857164144516,0.7145996999627512,2026-07-25T23:31:41.634305+00:00
108,59.89385986328125,20.000000298023224,0.7046127143049878,2026-07-25T23:31:52.033823+00:00
109,61.4317512512207,18.571428954601288,0.9150319714016015,2026-07-25T23:32:02.500123+00:00
67,54.31819152832031,21.42857164144516,0.68908584289602,2026-07-25T23:32:03.732394+00:00
68,73.46611022949219,18.571428954601288,0.7536981857681115,2026-07-25T23:32:13.909690+00:00
69,77.18653869628906,17.142857611179352,0.6917807142599486,2026-07-25T23:32:24.368472+00:00
110,57.73202896118164,32.85714387893677,0.735690685749952,2026-07-25T23:32:24.593479+00:00
70,53.431556701660156,18.571428954601288,0.7354398428495706,2026-07-25T23:32:46.333742+00:00
111,49.227394104003906,24.285714328289032,0.7119219428984381,2026-07-25T23:32:46.959595+00:00
112,55.21466827392578,17.142857611179352,0.7596815571430073,2026-07-25T23:32:57.580288+00:00
113,58.42963790893555,21.42857164144516,0.7006973714201844,2026-07-25T23:33:07.914654+00:00
71,41.8043212890625,31.42857253551483,0.7066434285661671,2026-07-25T23:33:08.380539+00:00
72,61.71390914916992,15.714286267757416,0.8124699000161074,2026-07-25T23:33:18.683941+00:00
114,49.2074089050293,28.57142984867096,0.7733341285659532,2026-07-25T23:33:30.286914+00:00
73,66.17078399658203,20.000000298023224,0.7911108714844366,2026-07-25T23:33:40.524277+00:00
74,86.09546661376953,7.14285746216774,0.6992700142810853,2026-07-25T23:33:50.774072+00:00
115,36.6200065612793,31.42857253551483,0.7476200856867113,2026-07-25T23:33:52.523607+00:00
116,58.23686599731445,18.571428954601288,0.7296021713825342,2026-07-25T23:34:03.203255+00:00
75,75.00328826904297,20.000000298023224,0.6864967428555246,2026-07-25T23:34:12.646459+00:00
76,80.53948211669922,11.428571492433548,1.0432240428469541,2026-07-25T23:34:23.106259+00:00
117,51.725242614746094,24.285714328289032,0.7211175428113036,2026-07-25T23:34:25.637404+00:00
118,90.32377624511719,7.14285746216774,0.6990491715051965,2026-07-25T23:34:36.164301+00:00
77,52.85993957519531,17.142857611179352,0.6834455714852083,2026-07-25T23:34:44.845826+00:00
78,62.53860092163086,22.857142984867096,0.7533721999997007,2026-07-25T23:34:55.102118+00:00
119,56.05488204956055,28.57142984867096,0.7452372857577367,2026-07-25T23:34:58.415662+00:00
79,62.628963470458984,17.142857611179352,0.7240116000632821,2026-07-25T23:35:05.625336+00:00
120,69.31436157226562,25.714287161827087,0.716862085703594,2026-07-25T23:35:08.710375+00:00
80,69.97073364257812,21.42857164144516,0.7182415715111087,2026-07-25T23:35:15.763158+00:00
121,58.64739227294922,18.571428954601288,0.7265980285800262,2026-07-25T23:35:31.253558+00:00
81,82.07522583007812,21.42857164144516,0.7319836857537406,2026-07-25T23:35:37.797617+00:00
122,59.71909713745117,20.000000298023224,0.7326466286031064,2026-07-25T23:35:41.710447+00:00
82,73.00418853759766,21.42857164144516,0.7152983999861006,2026-07-25T23:35:48.188878+00:00
123,55.82342529296875,31.42857253551483,0.6879382571371804,2026-07-25T23:35:52.066481+00:00
83,71.04434967041016,11.428571492433548,0.6990293286175333,2026-07-25T23:35:58.434291+00:00
124,60.256935119628906,22.857142984867096,0.7894716428251871,2026-07-25T23:36:02.521817+00:00
84,63.914215087890625,28.57142984867096,0.7187156714540573,2026-07-25T23:36:20.288064+00:00
125,54.8604736328125,25.714287161827087,0.683632428574908,2026-07-25T23:36:25.026158+00:00
85,61.274742126464844,12.857143580913544,0.7875571571016086,2026-07-25T23:36:30.497972+00:00
126,75.49701690673828,18.571428954601288,0.7479834714363928,2026-07-25T23:36:35.582516+00:00
127,50.807945251464844,30.000001192092896,0.6878094857841331,2026-07-25T23:36:46.359796+00:00
86,77.49539947509766,18.571428954601288,0.7051830284971012,2026-07-25T23:36:52.945916+00:00
87,63.3253288269043,15.714286267757416,0.704919414212262,2026-07-25T23:37:03.279617+00:00
128,53.769683837890625,28.57142984867096,0.7010456571671446,2026-07-25T23:37:08.778904+00:00
129,57.61570358276367,21.42857164144516,0.7088667571744216,2026-07-25T23:37:18.992740+00:00
88,101.19245147705078,10.000000149011612,0.7055293856995247,2026-07-25T23:37:25.441138+00:00
89,51.04329299926758,17.142857611179352,0.7083730142247597,2026-07-25T23:37:35.634210+00:00
130,84.90214538574219,14.28571492433548,0.6872909714210046,2026-07-25T23:37:41.600095+00:00
131,67.88878631591797,20.000000298023224,0.8355899571532583,2026-07-25T23:37:52.029376+00:00
90,62.35912322998047,25.714287161827087,2.429838885707016,2026-07-25T23:37:57.570436+00:00
91,66.93094635009766,15.714286267757416,0.6965784999400577,2026-07-25T23:38:07.775998+00:00
132,68.31880950927734,20.000000298023224,0.7127426428529101,2026-07-25T23:38:14.271309+00:00
92,57.5348014831543,27.142858505249023,0.7443763571375582,2026-07-25T23:38:18.108252+00:00
133,38.62492752075195,30.000001192092896,0.7265638571490335,2026-07-25T23:38:24.535263+00:00
93,57.609893798828125,17.142857611179352,0.6807525857376666,2026-07-25T23:38:28.381002+00:00
134,46.77396011352539,27.142858505249023,0.7001011428656057,2026-07-25T23:38:47.492247+00:00
94,46.63032913208008,31.42857253551483,0.7189372000409224,2026-07-25T23:38:50.433355+00:00
135,67.00259399414062,22.857142984867096,0.7051549428849415,2026-07-25T23:38:58.597626+00:00
95,62.11524963378906,10.000000149011612,0.7406028000072443,2026-07-25T23:39:00.928180+00:00
136,57.27207565307617,22.857142984867096,0.6987585857651928,2026-07-25T23:39:08.875189+00:00
96,58.42254638671875,30.000001192092896,0.7080384999946026,2026-07-25T23:39:11.154403+00:00
137,63.81911087036133,25.714287161827087,0.7145003570518124,2026-07-25T23:39:19.137807+00:00
97,59.56295394897461,15.714286267757416,0.7464627571087996,2026-07-25T23:39:33.503853+00:00
138,31.515764236450195,35.71428656578064,0.7159507713887641,2026-07-25T23:39:41.872094+00:00
98,45.22832107543945,17.142857611179352,0.7431877142932666,2026-07-25T23:39:43.886821+00:00
139,55.42918014526367,22.857142984867096,0.7124850142905156,2026-07-25T23:39:52.223960+00:00
99,72.01277923583984,10.000000149011612,0.7056524284832578,2026-07-25T23:39:54.261959+00:00
140,53.38581848144531,27.142858505249023,0.7101872999295925,2026-07-25T23:40:02.954823+00:00
100,63.547061920166016,17.142857611179352,0.693430657182554,2026-07-25T23:40:04.943932+00:00
101,70.12423706054688,21.42857164144516,0.6896331428184307,2026-07-25T23:40:15.225564+00:00
141,52.06992721557617,22.857142984867096,0.7095096143270243,2026-07-25T23:40:25.186709+00:00
102,80.88565826416016,14.28571492433548,0.7064317571348511,2026-07-25T23:40:25.496206+00:00
103,59.16257095336914,15.714286267757416,0.8607162142912524,2026-07-25T23:40:35.712970+00:00
142,37.25294876098633,34.285715222358704,0.7353968428755512,2026-07-25T23:40:35.922975+00:00
104,58.42494583129883,11.428571492433548,0.9394024713921161,2026-07-25T23:40:46.037674+00:00
143,50.88423538208008,12.857143580913544,0.6928354143123475,2026-07-25T23:40:46.165312+00:00
105,64.64949035644531,22.857142984867096,0.7137864285531188,2026-07-25T23:40:56.266692+00:00
144,62.31888961791992,22.857142984867096,0.7387216286068516,2026-07-25T23:40:56.727897+00:00
145,56.29311752319336,24.285714328289032,0.7230999714270833,2026-07-25T23:41:07.090595+00:00
146,48.41911697387695,22.857142984867096,0.7375744857459462,2026-07-25T23:41:17.515114+00:00
106,57.811588287353516,30.000001192092896,0.7348144142140102,2026-07-25T23:41:18.136456+00:00
147,61.612640380859375,20.000000298023224,0.7873962713347282,2026-07-25T23:41:27.954598+00:00
107,77.03250885009766,22.857142984867096,0.7039306428591121,2026-07-25T23:41:28.626911+00:00
148,65.41394805908203,22.857142984867096,0.7812744142678898,2026-07-25T23:41:38.831113+00:00
108,76.62151336669922,17.142857611179352,0.7110779142489523,2026-07-25T23:41:38.921167+00:00
149,42.45804977416992,22.857142984867096,0.7537231999906777,2026-07-25T23:41:49.225853+00:00
109,83.44013977050781,12.857143580913544,0.7105201999365818,2026-07-25T23:42:02.274286+00:00
150,56.91800308227539,18.571428954601288,0.717129314268407,2026-07-25T23:42:11.407325+00:00
110,51.1092529296875,27.142858505249023,0.7044644571059118,2026-07-25T23:42:12.409949+00:00
151,90.404296875,12.857143580913544,0.6911680142885805,2026-07-25T23:42:21.758973+00:00
111,59.74568176269531,22.857142984867096,0.7180265714331264,2026-07-25T23:42:22.616058+00:00
152,75.58383178710938,15.714286267757416,0.7024893285623486,2026-07-25T23:42:32.094406+00:00
112,66.39449310302734,8.571428805589676,0.7174193857021497,2026-07-25T23:42:33.281879+00:00
113,82.14537048339844,20.000000298023224,0.7291706714438208,2026-07-25T23:42:43.494637+00:00
114,60.18708038330078,15.714286267757416,0.766189914325618,2026-07-25T23:42:53.955372+00:00
153,101.73043060302734,15.714286267757416,0.7138926428784284,2026-07-25T23:42:54.463200+00:00
154,47.712646484375,28.57142984867096,0.693081128598091,2026-07-25T23:43:04.724172+00:00
155,58.99797058105469,22.857142984867096,0.9436461857278898,2026-07-25T23:43:15.007421+00:00
115,53.33543014526367,24.285714328289032,0.7057648572039656,2026-07-25T23:43:16.241909+00:00
156,46.04275894165039,24.285714328289032,0.7262790571465823,2026-07-25T23:43:25.299732+00:00
157,60.25579071044922,14.28571492433548,0.7758262285538616,2026-07-25T23:43:35.555601+00:00
116,61.84523010253906,18.571428954601288,0.6920315285762106,2026-07-25T23:43:38.762527+00:00
158,52.7227897644043,12.857143580913544,0.686730242887279,2026-07-25T23:43:45.914085+00:00
117,62.76173400878906,10.000000149011612,0.7203968285466544,2026-07-25T23:43:49.101798+00:00
118,75.39344787597656,17.142857611179352,0.7270836142457223,2026-07-25T23:43:59.304354+00:00
159,59.9796028137207,18.571428954601288,0.6941187571750821,2026-07-25T23:44:07.758165+00:00
119,41.50635528564453,17.142857611179352,0.7235261714543282,2026-07-25T23:44:09.665583+00:00
120,57.249908447265625,20.000000298023224,0.7306595429586845,2026-07-25T23:44:19.906961+00:00
160,56.62498092651367,21.42857164144516,0.7253196571712448,2026-07-25T23:44:29.919084+00:00
121,67.69676971435547,34.285715222358704,0.8069018285563547,2026-07-25T23:44:30.550324+00:00
161,55.54241943359375,18.571428954601288,0.7388598000813675,2026-07-25T23:44:40.174024+00:00
162,73.19283294677734,17.142857611179352,0.708393300010357,2026-07-25T23:44:50.440879+00:00
122,45.59090042114258,20.000000298023224,0.7412109284944433,2026-07-25T23:44:52.498885+00:00
163,54.36299514770508,24.285714328289032,0.7268663143414804,2026-07-25T23:45:00.899356+00:00
123,51.9486198425293,27.142858505249023,0.7345773714145513,2026-07-25T23:45:03.178827+00:00
164,56.084877014160156,14.28571492433548,0.6989246286268879,2026-07-25T23:45:11.159805+00:00
165,69.81197357177734,20.000000298023224,0.6959405857612312,2026-07-25T23:45:21.386041+00:00
124,57.25883483886719,18.571428954601288,0.732323071445405,2026-07-25T23:45:25.433793+00:00
125,72.3952407836914,14.28571492433548,0.6982928285391868,2026-07-25T23:45:36.199253+00:00
166,36.139644622802734,27.142858505249023,0.7818304143646466,2026-07-25T23:45:43.528449+00:00
126,64.52030181884766,12.857143580913544,0.7086613714428884,2026-07-25T23:45:46.417967+00:00
167,52.61152267456055,18.571428954601288,0.7598271999865704,2026-07-25T23:45:53.691130+00:00
127,56.72907638549805,27.142858505249023,0.7722027570707723,2026-07-25T23:45:57.197513+00:00
168,64.24928283691406,17.142857611179352,0.7017259999494334,2026-07-25T23:46:15.955156+00:00
128,56.578792572021484,15.714286267757416,0.7379953142455115,2026-07-25T23:46:19.595588+00:00
169,52.5501823425293,15.714286267757416,0.7358148427946227,2026-07-25T23:46:26.289978+00:00
129,69.39505004882812,11.428571492433548,0.7278571857438823,2026-07-25T23:46:29.847358+00:00
170,60.13747024536133,15.714286267757416,0.7000376285369774,2026-07-25T23:46:37.033680+00:00
130,36.02849578857422,20.000000298023224,0.8071150571465425,2026-07-25T23:46:40.667717+00:00
171,46.97955322265625,17.142857611179352,0.719498885674901,2026-07-25T23:46:47.572711+00:00
131,47.390079498291016,28.57142984867096,0.7161617285289269,2026-07-25T23:46:51.245722+00:00
172,65.38460540771484,20.000000298023224,0.7194703715088379,2026-07-25T23:47:09.927146+00:00
132,50.33304214477539,14.28571492433548,0.7164098429452029,2026-07-25T23:47:13.113423+00:00
173,64.41493225097656,17.142857611179352,0.7187764714347266,2026-07-25T23:47:20.223575+00:00
174,65.54241180419922,20.000000298023224,0.7972541856621059,2026-07-25T23:47:30.516871+00:00
133,65.30484771728516,17.142857611179352,0.6931504999686564,2026-07-25T23:47:34.885972+00:00
175,47.63483810424805,14.28571492433548,0.7313807428415333,2026-07-25T23:47:40.836047+00:00
134,64.26964569091797,21.42857164144516,0.7001815857490459,2026-07-25T23:47:45.135882+00:00
176,58.17617416381836,18.571428954601288,0.6840995713511283,2026-07-25T23:48:02.847021+00:00
135,64.77332305908203,22.857142984867096,0.7224971286112642,2026-07-25T23:48:07.048248+00:00
177,67.97530364990234,25.714287161827087,0.690427871346141,2026-07-25T23:48:24.708077+00:00
136,62.44398880004883,18.571428954601288,0.7517846999689937,2026-07-25T23:48:28.944283+00:00
178,83.90269470214844,14.28571492433548,0.7036984857612489,2026-07-25T23:48:35.064713+00:00
137,47.262351989746094,25.714287161827087,0.6997824999936191,2026-07-25T23:48:39.166465+00:00
179,32.688114166259766,18.571428954601288,0.7458077999347422,2026-07-25T23:48:57.176131+00:00
138,60.75457763671875,22.857142984867096,0.7154837428450783,2026-07-25T23:49:01.226192+00:00
139,79.73347473144531,14.28571492433548,0.7135269856787221,2026-07-25T23:49:11.570215+00:00
180,38.97654724121094,22.857142984867096,0.7142224143275858,2026-07-25T23:49:19.192656+00:00
140,60.92427444458008,15.714286267757416,0.7214477143341874,2026-07-25T23:49:21.870178+00:00
181,74.0328369140625,14.28571492433548,0.7357475427852478,2026-07-25T23:49:29.546528+00:00
141,75.07794952392578,18.571428954601288,0.6970009286305867,2026-07-25T23:49:44.416876+00:00
182,57.607086181640625,17.142857611179352,0.7296507571092141,2026-07-25T23:49:51.861944+00:00
183,49.28438186645508,20.000000298023224,0.6859244000224862,2026-07-25T23:50:02.410165+00:00
142,82.78072357177734,15.714286267757416,0.7131935143011755,2026-07-25T23:50:07.032189+00:00
184,42.375404357910156,11.428571492433548,0.6941958571717675,2026-07-25T23:50:12.703589+00:00
143,51.074764251708984,25.714287161827087,0.6816002285631839,2026-07-25T23:50:17.243192+00:00
185,73.05288696289062,14.28571492433548,0.7070543000216796,2026-07-25T23:50:34.844607+00:00
144,66.96202850341797,15.714286267757416,0.7336592570936773,2026-07-25T23:50:39.344192+00:00
145,54.60679244995117,15.714286267757416,0.748838914296357,2026-07-25T23:50:49.719717+00:00
186,88.08929443359375,15.714286267757416,0.7521116571816882,2026-07-25T23:50:57.309428+00:00
146,64.94096374511719,24.285714328289032,0.7172188856722121,2026-07-25T23:51:00.191867+00:00
187,91.03207397460938,17.142857611179352,0.7451326285912988,2026-07-25T23:51:07.513189+00:00
147,60.141788482666016,18.571428954601288,0.7195869000237768,2026-07-25T23:51:10.357881+00:00
188,50.281429290771484,17.142857611179352,0.72337854289799,2026-07-25T23:51:29.204043+00:00
148,59.35153579711914,14.28571492433548,0.7232393571549827,2026-07-25T23:51:32.712071+00:00
189,100.64899444580078,8.571428805589676,0.747089500094132,2026-07-25T23:51:39.506260+00:00
190,77.95976257324219,17.142857611179352,0.768927999992489,2026-07-25T23:51:49.991410+00:00
149,77.97756958007812,12.857143580913544,0.7397386570768762,2026-07-25T23:51:54.916725+00:00
191,88.90296936035156,10.000000149011612,0.7688140429049132,2026-07-25T23:52:00.298105+00:00
150,82.74036407470703,7.14285746216774,0.7047883285849821,2026-07-25T23:52:16.997166+00:00
192,118.80701446533203,14.28571492433548,0.7330603428792009,2026-07-25T23:52:22.484111+00:00
151,85.83472442626953,14.28571492433548,0.6878814714062693,2026-07-25T23:52:27.245987+00:00
152,52.978126525878906,24.285714328289032,2.431774228586749,2026-07-25T23:52:37.706438+00:00
193,120.28182220458984,15.714286267757416,0.7264149428270424,2026-07-25T23:52:44.580928+00:00
153,62.45436096191406,24.285714328289032,0.7013149713332366,2026-07-25T23:52:48.154110+00:00
194,126.46726989746094,11.428571492433548,0.7207731428414783,2026-07-25T23:53:06.902235+00:00
154,51.581241607666016,12.857143580913544,0.7269060714211913,2026-07-25T23:53:10.480476+00:00
195,120.71549987792969,15.714286267757416,0.7100263856825353,2026-07-25T23:53:17.349801+00:00
155,61.9188346862793,18.571428954601288,0.7076884571038785,2026-07-25T23:53:20.965895+00:00
196,68.7640151977539,20.000000298023224,0.7340574285730587,2026-07-25T23:53:27.649832+00:00
156,47.01564407348633,24.285714328289032,0.7171064999835965,2026-07-25T23:53:31.795119+00:00
197,62.92771530151367,18.571428954601288,0.7195185714018797,2026-07-25T23:53:38.093962+00:00
157,109.9722900390625,15.714286267757416,0.6871595714723557,2026-07-25T23:53:53.575819+00:00
198,72.96622467041016,11.428571492433548,0.7454522713877461,2026-07-25T23:54:00.507548+00:00
158,48.86411666870117,15.714286267757416,0.7411215571794726,2026-07-25T23:54:04.563038+00:00
199,105.9894790649414,17.142857611179352,0.7310577285742121,2026-07-25T23:54:10.880716+00:00
200,92.34033203125,25.714287161827087,0.7167559285465229,2026-07-25T23:54:21.305148+00:00
159,59.71896743774414,17.142857611179352,0.6983733428309538,2026-07-25T23:54:26.651100+00:00
160,57.25761795043945,18.571428954601288,0.7389014572254382,2026-07-25T23:54:36.975133+00:00
201,70.2179946899414,15.714286267757416,0.6950606286409311,2026-07-25T23:54:43.329907+00:00
161,81.0271987915039,18.571428954601288,0.7014569570726182,2026-07-25T23:54:47.444227+00:00
202,69.92745208740234,17.142857611179352,0.7830491572219347,2026-07-25T23:54:53.564287+00:00
162,63.47603225708008,17.142857611179352,0.7100423428970056,2026-07-25T23:54:58.169754+00:00
163,60.16281509399414,11.428571492433548,0.6858761570973522,2026-07-25T23:55:08.707263+00:00
203,76.0739517211914,17.142857611179352,0.7080769571725146,2026-07-25T23:55:15.728159+00:00
204,64.28714752197266,12.857143580913544,0.6932239714452798,2026-07-25T23:55:26.021273+00:00
164,66.13973999023438,14.28571492433548,0.7666585142682638,2026-07-25T23:55:31.006616+00:00
205,76.62871551513672,8.571428805589676,0.7275801570878164,2026-07-25T23:55:36.339362+00:00
165,52.73638916015625,12.857143580913544,0.7001974142830086,2026-07-25T23:55:41.376137+00:00
206,71.31270599365234,14.28571492433548,0.7099772857535365,2026-07-25T23:55:46.752613+00:00
207,89.97977447509766,14.28571492433548,0.7186081428829181,2026-07-25T23:55:57.144233+00:00
166,60.63905715942383,15.714286267757416,0.7327888428075572,2026-07-25T23:56:03.902931+00:00
208,96.8293685913086,15.714286267757416,0.6993594428682367,2026-07-25T23:56:19.409627+00:00
167,70.45700073242188,14.28571492433548,0.6930326856880649,2026-07-25T23:56:26.085195+00:00
209,46.21394348144531,17.142857611179352,0.7662309142428317,2026-07-25T23:56:29.998947+00:00
168,76.0606918334961,11.428571492433548,0.7112521714589093,2026-07-25T23:56:36.674174+00:00
210,64.90187072753906,12.857143580913544,0.7480384714394209,2026-07-25T23:56:53.784117+00:00
169,67.80828857421875,12.857143580913544,2.364034500039582,2026-07-25T23:56:59.289506+00:00
170,77.71025085449219,18.571428954601288,0.7306103429332974,2026-07-25T23:57:09.504908+00:00
211,72.50457763671875,12.857143580913544,0.6882325285654848,2026-07-25T23:57:16.423644+00:00
212,103.30238342285156,14.28571492433548,0.7064181571227631,2026-07-25T23:57:26.727103+00:00
171,59.31910705566406,21.42857164144516,0.7385592857774879,2026-07-25T23:57:31.647440+00:00
213,64.67867279052734,15.714286267757416,2.400492328576677,2026-07-25T23:57:49.042741+00:00
172,56.74298095703125,18.571428954601288,0.7513227999360034,2026-07-25T23:57:53.709701+00:00
214,91.64168548583984,12.857143580913544,0.6999490999857828,2026-07-25T23:57:59.428408+00:00
173,89.40853881835938,11.428571492433548,0.7280779714554748,2026-07-25T23:58:04.741133+00:00
215,58.71849060058594,12.857143580913544,0.7237803285534028,2026-07-25T23:58:21.545221+00:00
174,59.01737594604492,11.428571492433548,0.7172124143315679,2026-07-25T23:58:27.013181+00:00
175,38.89037322998047,12.857143580913544,0.718539857189171,2026-07-25T23:58:37.779911+00:00
216,75.73628997802734,8.571428805589676,0.7396858571155462,2026-07-25T23:58:43.558116+00:00
176,70.60722351074219,11.428571492433548,0.7456461857405624,2026-07-25T23:58:48.064526+00:00
217,77.99462890625,12.857143580913544,0.7019850000298382,2026-07-25T23:58:53.936412+00:00
177,74.01773071289062,18.571428954601288,0.7161864142939781,2026-07-25T23:58:58.388777+00:00
218,91.9090576171875,20.000000298023224,0.7234734714854442,2026-07-25T23:59:16.270502+00:00
178,68.47290802001953,8.571428805589676,0.7098494571567114,2026-07-25T23:59:20.451808+00:00
219,76.70919036865234,12.857143580913544,0.701740414349063,2026-07-25T23:59:26.772379+00:00
179,74.70089721679688,12.857143580913544,0.7399435570862676,2026-07-25T23:59:31.136402+00:00
220,73.24591827392578,14.28571492433548,0.7173077143046872,2026-07-25T23:59:37.180182+00:00
180,106.8261489868164,15.714286267757416,0.88088504281976,2026-07-25T23:59:41.482335+00:00
221,59.52587890625,17.142857611179352,0.8620897285124686,2026-07-25T23:59:47.430692+00:00
181,70.18433380126953,20.000000298023224,0.6866786000110942,2026-07-25T23:59:51.810433+00:00
182,64.61502075195312,15.714286267757416,0.7500667570898909,2026-07-26T00:00:02.411687+00:00
222,63.189788818359375,14.28571492433548,0.7382549428647118,2026-07-26T00:00:09.944403+00:00
223,102.90242004394531,12.857143580913544,0.6900184571609966,2026-07-26T00:00:20.242357+00:00
183,104.42891693115234,14.28571492433548,0.6966688999714928,2026-07-26T00:00:24.147451+00:00
224,69.61222076416016,8.571428805589676,0.7090131286531687,2026-07-26T00:00:30.483477+00:00
184,73.62915802001953,12.857143580913544,0.7118347714172809,2026-07-26T00:00:34.424547+00:00
225,29.761550903320312,20.000000298023224,0.7274115285586699,2026-07-26T00:00:40.795269+00:00
185,40.43442916870117,10.000000149011612,0.701472971455327,2026-07-26T00:00:44.669948+00:00
226,59.34499740600586,20.000000298023224,0.7318825142907112,2026-07-26T00:00:51.318741+00:00
186,50.20695495605469,12.857143580913544,0.7043706714674565,2026-07-26T00:00:55.001413+00:00
187,66.53514099121094,10.000000149011612,0.7159710429342729,2026-07-26T00:01:05.225666+00:00
227,86.79183959960938,12.857143580913544,0.7005478714875477,2026-07-26T00:01:13.247729+00:00
188,51.97414016723633,14.28571492433548,0.7243829000799451,2026-07-26T00:01:15.385386+00:00
228,79.3283462524414,14.28571492433548,0.7052567000625588,2026-07-26T00:01:23.579879+00:00
229,59.57028579711914,14.28571492433548,0.6811273856978265,2026-07-26T00:01:33.856552+00:00
189,74.16120910644531,11.428571492433548,0.7127273285212661,2026-07-26T00:01:37.624886+00:00
230,82.5758285522461,17.142857611179352,0.6992253143315403,2026-07-26T00:01:44.181400+00:00
231,51.39414596557617,8.571428805589676,0.6837518714226982,2026-07-26T00:01:54.412035+00:00
190,52.585540771484375,14.28571492433548,0.7085301143108934,2026-07-26T00:01:59.637287+00:00
232,96.20809173583984,15.714286267757416,0.7121795142925944,2026-07-26T00:02:04.820004+00:00
191,87.4164810180664,10.000000149011612,0.7153933143334663,2026-07-26T00:02:21.491415+00:00
233,110.3604736328125,12.857143580913544,0.7073325428271866,2026-07-26T00:02:27.044583+00:00
192,97.93087005615234,15.714286267757416,0.7070227143620806,2026-07-26T00:02:31.780383+00:00
234,49.937744140625,15.714286267757416,0.7270772428975241,2026-07-26T00:02:49.038023+00:00
193,77.76461029052734,14.28571492433548,0.7297489142469463,2026-07-26T00:02:53.469540+00:00
194,68.40717315673828,12.857143580913544,0.7179677856454093,2026-07-26T00:03:03.706666+00:00
235,74.33802795410156,11.428571492433548,0.7238713857077528,2026-07-26T00:03:10.914445+00:00
195,60.08030319213867,18.571428954601288,0.6987378143613958,2026-07-26T00:03:14.058659+00:00
236,47.06465530395508,17.142857611179352,0.7335520286038186,2026-07-26T00:03:21.148095+00:00
196,74.77172088623047,17.142857611179352,0.7547698856797069,2026-07-26T00:03:24.275102+00:00
237,54.79765319824219,14.28571492433548,0.7275271571415942,2026-07-26T00:03:42.778235+00:00
197,75.99075317382812,15.714286267757416,0.7065692285583022,2026-07-26T00:03:46.373150+00:00
238,59.008460998535156,22.857142984867096,0.7134622714407409,2026-07-26T00:03:53.018566+00:00
198,58.44334411621094,12.857143580913544,0.7462406857354966,2026-07-26T00:03:56.510962+00:00
239,31.753889083862305,20.000000298023224,0.6911337142810225,2026-07-26T00:04:03.416479+00:00
240,43.58542251586914,11.428571492433548,0.7242234142073098,2026-07-26T00:04:14.025880+00:00
199,60.3924446105957,12.857143580913544,0.7074866999963498,2026-07-26T00:04:18.288123+00:00
241,92.35469055175781,14.28571492433548,0.6956004000260562,2026-07-26T00:04:36.581666+00:00
200,59.61641311645508,8.571428805589676,0.7072279142448679,2026-07-26T00:04:40.491490+00:00
242,62.19942855834961,18.571428954601288,0.7142237285734154,2026-07-26T00:04:46.798685+00:00
201,110.77456665039062,14.28571492433548,0.6886242142562488,2026-07-26T00:04:50.654914+00:00
202,57.091461181640625,10.000000149011612,0.7221166857302056,2026-07-26T00:05:00.940036+00:00
243,70.31539154052734,12.857143580913544,0.7237052571976424,2026-07-26T00:05:09.089040+00:00
203,92.08878326416016,17.142857611179352,0.7025541713768949,2026-07-26T00:05:23.024862+00:00
244,70.96156311035156,15.714286267757416,0.7199372286517506,2026-07-26T00:05:31.547968+00:00
204,51.91362380981445,15.714286267757416,2.2926592000918133,2026-07-26T00:05:33.225587+00:00
245,74.1683578491211,11.428571492433548,0.7053681571310985,2026-07-26T00:05:41.889615+00:00
246,98.51042175292969,14.28571492433548,0.7228599571265347,2026-07-26T00:05:52.336124+00:00
205,58.57863998413086,18.571428954601288,0.7327356713566197,2026-07-26T00:05:55.334737+00:00
247,87.69761657714844,11.428571492433548,0.6994032000615593,2026-07-26T00:06:14.795365+00:00
206,62.726158142089844,17.142857611179352,0.7077132572054065,2026-07-26T00:06:16.917588+00:00
248,46.72705078125,14.28571492433548,0.9302037285773882,2026-07-26T00:06:25.081234+00:00
207,93.3240966796875,15.714286267757416,0.7990889143132205,2026-07-26T00:06:38.504015+00:00
249,78.72761535644531,14.28571492433548,0.7268514713879475,2026-07-26T00:06:47.426218+00:00
208,74.0216064453125,15.714286267757416,2.371313542867678,2026-07-26T00:07:00.492378+00:00
250,48.299354553222656,12.857143580913544,0.7571604142348016,2026-07-26T00:07:09.523239+00:00
209,79.66302490234375,14.28571492433548,0.799196328547883,2026-07-26T00:07:11.081125+00:00
210,108.21588897705078,14.28571492433548,0.6940523000334257,2026-07-26T00:07:21.453161+00:00
251,37.85436248779297,20.000000298023224,0.7242222857062838,2026-07-26T00:07:31.422580+00:00
211,83.30277252197266,14.28571492433548,0.7041109000316023,2026-07-26T00:07:43.428439+00:00
252,70.3410415649414,14.28571492433548,0.7218500571200691,2026-07-26T00:07:53.156193+00:00
212,65.1905288696289,14.28571492433548,0.7035358570906932,2026-07-26T00:07:53.774513+00:00
253,91.72130584716797,14.28571492433548,0.6898260857269634,2026-07-26T00:08:03.336955+00:00
213,83.89452362060547,12.857143580913544,0.709010599946071,2026-07-26T00:08:03.981145+00:00
254,56.96799850463867,17.142857611179352,0.6906506142903319,2026-07-26T00:08:13.782685+00:00
214,70.1651611328125,12.857143580913544,0.7081209000066987,2026-07-26T00:08:14.150187+00:00
215,92.99784088134766,10.000000149011612,0.6785550856355776,2026-07-26T00:08:24.419956+00:00
216,51.61696243286133,14.28571492433548,0.707490642837781,2026-07-26T00:08:34.574847+00:00
255,39.42221450805664,17.142857611179352,0.6858463571656362,2026-07-26T00:08:35.738343+00:00
217,57.503273010253906,11.428571492433548,0.7080487286397589,2026-07-26T00:08:44.852372+00:00
256,90.9719009399414,12.857143580913544,0.697714771480865,2026-07-26T00:08:46.056744+00:00
218,45.32449722290039,15.714286267757416,0.7508234143772694,2026-07-26T00:08:55.064598+00:00
257,69.34420776367188,18.571428954601288,0.6946354714662968,2026-07-26T00:08:56.434411+00:00
219,51.75986862182617,11.428571492433548,0.6911381428445955,2026-07-26T00:09:05.242789+00:00
258,80.35993194580078,12.857143580913544,0.6843937571310172,2026-07-26T00:09:06.699981+00:00
259,97.23234558105469,12.857143580913544,0.6884565714114745,2026-07-26T00:09:16.881246+00:00
260,63.1824836730957,12.857143580913544,0.7153674857233584,2026-07-26T00:09:27.406188+00:00
220,99.51806640625,14.28571492433548,0.7163147714371527,2026-07-26T00:09:27.425742+00:00
221,103.65838623046875,11.428571492433548,0.7304145713403288,2026-07-26T00:09:37.669042+00:00
261,78.57366180419922,15.714286267757416,0.6822057429027544,2026-07-26T00:09:37.747546+00:00
222,118.64185333251953,14.28571492433548,0.7735430714092217,2026-07-26T00:09:47.843854+00:00
262,61.13115310668945,17.142857611179352,0.6887648999898894,2026-07-26T00:09:47.989534+00:00
223,79.4670639038086,12.857143580913544,0.7566633856705656,2026-07-26T00:09:58.204756+00:00
263,68.46014404296875,20.000000298023224,0.7169071429026579,2026-07-26T00:09:58.308097+00:00
224,58.41440963745117,14.28571492433548,0.6991307143055435,2026-07-26T00:10:08.271737+00:00
225,89.8346939086914,14.28571492433548,0.6945956142901974,2026-07-26T00:10:18.562600+00:00
264,57.03887939453125,10.000000149011612,0.7424655856863994,2026-07-26T00:10:20.503825+00:00
226,66.71949005126953,17.142857611179352,0.7037627428612072,2026-07-26T00:10:28.774386+00:00
265,48.50913619995117,15.714286267757416,0.6916400572143695,2026-07-26T00:10:30.794522+00:00
266,76.65535736083984,14.28571492433548,0.7381066571854588,2026-07-26T00:10:40.968613+00:00
227,46.57767105102539,17.142857611179352,0.8598015999138754,2026-07-26T00:10:51.018388+00:00
267,54.94174575805664,17.142857611179352,0.7250766857136373,2026-07-26T00:10:51.209357+00:00
268,81.3840103149414,11.428571492433548,0.6902239141969143,2026-07-26T00:11:01.440867+00:00
269,65.53243255615234,18.571428954601288,0.7133856285820782,2026-07-26T00:11:11.722358+00:00
228,72.0235595703125,14.28571492433548,0.7064666142728779,2026-07-26T00:11:12.713719+00:00
270,41.62670135498047,15.714286267757416,0.6929671571664844,2026-07-26T00:11:22.067947+00:00
229,50.34695053100586,17.142857611179352,0.7041371570916714,2026-07-26T00:11:34.422350+00:00
271,63.53157043457031,14.28571492433548,0.7491361714658394,2026-07-26T00:11:44.507693+00:00
230,79.9246826171875,12.857143580913544,0.6894581143569667,2026-07-26T00:11:56.655813+00:00
272,83.35613250732422,12.857143580913544,0.7201407571431316,2026-07-26T00:12:06.495000+00:00
231,97.04937744140625,14.28571492433548,0.7251342286638517,2026-07-26T00:12:18.843766+00:00
273,61.56546401977539,7.14285746216774,0.6911439143420596,2026-07-26T00:12:28.483840+00:00
232,41.96753692626953,12.857143580913544,0.7060849571384357,2026-07-26T00:12:29.097976+00:00
233,55.68047332763672,12.857143580913544,0.7377315000797222,2026-07-26T00:12:39.420364+00:00
274,69.67037963867188,17.142857611179352,0.746041257142289,2026-07-26T00:12:50.826073+00:00
234,48.43903350830078,15.714286267757416,0.7358268999918697,2026-07-26T00:13:01.536529+00:00
235,50.398712158203125,15.714286267757416,0.7973394429427572,2026-07-26T00:13:11.828399+00:00
275,62.28662109375,15.714286267757416,0.7102642856937433,2026-07-26T00:13:13.039654+00:00
236,62.724491119384766,12.857143580913544,0.7046511857229883,2026-07-26T00:13:22.206480+00:00
276,77.0433349609375,17.142857611179352,0.6956245285566963,2026-07-26T00:13:23.378887+00:00
237,52.86648178100586,14.28571492433548,0.7628805713985847,2026-07-26T00:13:32.514861+00:00
277,67.6102523803711,18.571428954601288,0.7246112713931194,2026-07-26T00:13:33.643283+00:00
238,132.70945739746094,14.28571492433548,0.7451898000519057,2026-07-26T00:13:42.709184+00:00
239,50.52299880981445,15.714286267757416,0.7175028856311526,2026-07-26T00:13:52.928567+00:00
278,54.75252914428711,21.42857164144516,0.7524820857465133,2026-07-26T00:13:55.898386+00:00
240,42.247745513916016,12.857143580913544,0.7072518999588543,2026-07-26T00:14:03.230416+00:00
279,43.04021453857422,18.571428954601288,0.6751040285702662,2026-07-26T00:14:06.073476+00:00
241,62.36887741088867,14.28571492433548,0.7675593285447185,2026-07-26T00:14:13.473271+00:00
280,80.01339721679688,14.28571492433548,0.7021202856516798,2026-07-26T00:14:16.415053+00:00
242,80.33277130126953,14.28571492433548,0.714910128590418,2026-07-26T00:14:23.696070+00:00
281,70.46670532226562,22.857142984867096,0.7106636856665968,2026-07-26T00:14:26.651245+00:00
243,74.3146743774414,18.571428954601288,0.6956593142863963,2026-07-26T00:14:33.878472+00:00
282,65.5831069946289,15.714286267757416,0.708002985733661,2026-07-26T00:14:36.929535+00:00
244,93.24784088134766,14.28571492433548,0.7230259285799028,2026-07-26T00:14:44.262472+00:00
283,35.43578338623047,18.571428954601288,0.6813656428546113,2026-07-26T00:14:47.222497+00:00
245,88.38771057128906,17.142857611179352,0.7071979428084368,2026-07-26T00:14:54.634013+00:00
284,75.33868408203125,18.571428954601288,0.7130446999716306,2026-07-26T00:14:57.813163+00:00
285,61.64310073852539,14.28571492433548,0.6947724714076944,2026-07-26T00:15:08.064014+00:00
246,73.58602142333984,14.28571492433548,0.7365115000409007,2026-07-26T00:15:16.516747+00:00
286,80.82807159423828,22.857142984867096,0.7247952000138217,2026-07-26T00:15:18.408697+00:00
287,55.42177200317383,15.714286267757416,0.6999764000024047,2026-07-26T00:15:28.581524+00:00
247,66.49700164794922,12.857143580913544,0.7527587571530603,2026-07-26T00:15:38.752491+00:00
288,55.96448516845703,14.28571492433548,0.7061325142525935,2026-07-26T00:15:38.928507+00:00
248,56.02227783203125,15.714286267757416,0.9230218000344134,2026-07-26T00:15:49.021154+00:00
289,44.91117858886719,14.28571492433548,0.6956338999901034,2026-07-26T00:15:49.254620+00:00
249,96.92935180664062,12.857143580913544,0.7208783285542657,2026-07-26T00:15:59.261357+00:00
290,91.13455963134766,15.714286267757416,0.6929419000308761,2026-07-26T00:16:11.228220+00:00
250,80.66079711914062,12.857143580913544,0.7305709142071595,2026-07-26T00:16:21.405838+00:00
291,90.40501403808594,14.28571492433548,0.731986485750115,2026-07-26T00:16:33.520722+00:00
251,43.641048431396484,17.142857611179352,0.740435014241874,2026-07-26T00:16:43.709193+00:00
292,69.9822998046875,15.714286267757416,0.7270745286535072,2026-07-26T00:16:44.155210+00:00
252,52.194217681884766,17.142857611179352,0.6905045857170731,2026-07-26T00:16:54.070158+00:00
293,54.87642288208008,12.857143580913544,0.753749528563016,2026-07-26T00:16:54.492227+00:00
253,84.6119155883789,17.142857611179352,0.7106566286113645,2026-07-26T00:17:15.951383+00:00
294,82.5517349243164,14.28571492433548,0.701888700028316,2026-07-26T00:17:16.466035+00:00
254,66.69296264648438,11.428571492433548,0.7246890856809581,2026-07-26T00:17:38.002724+00:00
295,50.31861877441406,11.428571492433548,0.7178259999948621,2026-07-26T00:17:38.705177+00:00
255,64.91849517822266,14.28571492433548,0.7459301428752951,2026-07-26T00:17:48.553230+00:00
296,78.38288116455078,11.428571492433548,0.7514779571335696,2026-07-26T00:17:49.072866+00:00
256,59.300838470458984,14.28571492433548,0.8038194571521932,2026-07-26T00:18:10.717031+00:00
297,80.67554473876953,10.000000149011612,0.6898986857517488,2026-07-26T00:18:11.125761+00:00
257,85.40249633789062,12.857143580913544,0.7226889999791247,2026-07-26T00:18:21.106380+00:00
258,102.76287841796875,14.28571492433548,0.7361120857240167,2026-07-26T00:18:31.676144+00:00
298,71.7372055053711,11.428571492433548,0.7005722857554376,2026-07-26T00:18:33.249012+00:00
299,55.40797805786133,17.142857611179352,0.7114811571747331,2026-07-26T00:18:43.742447+00:00
259,71.61953735351562,15.714286267757416,0.707008271378332,2026-07-26T00:18:53.915020+00:00
260,57.601402282714844,15.714286267757416,0.8655639142879019,2026-07-26T00:19:04.060760+00:00
300,58.34086608886719,14.28571492433548,0.7555951285342287,2026-07-26T00:19:06.104943+00:00
301,77.9797134399414,15.714286267757416,0.6966186142692874,2026-07-26T00:19:16.438056+00:00
261,107.9866943359375,17.142857611179352,0.704397500002025,2026-07-26T00:19:25.962849+00:00
302,56.517127990722656,15.714286267757416,0.7050466142702914,2026-07-26T00:19:26.705711+00:00
262,67.64220428466797,14.28571492433548,0.8037751285883132,2026-07-26T00:19:36.124253+00:00
303,68.20426940917969,12.857143580913544,0.7299000143705467,2026-07-26T00:19:48.998528+00:00
263,53.33563232421875,17.142857611179352,0.6952457999951939,2026-07-26T00:19:57.846321+00:00
304,83.44288635253906,17.142857611179352,0.7251647571268092,2026-07-26T00:19:59.255311+00:00
264,51.13928985595703,18.571428954601288,0.7252050000326042,2026-07-26T00:20:19.590989+00:00
305,70.15734100341797,20.000000298023224,0.7260306714410295,2026-07-26T00:20:21.135164+00:00
265,33.7227897644043,17.142857611179352,0.7287441142709993,2026-07-26T00:20:29.830645+00:00
306,64.32077026367188,17.142857611179352,0.6991398284818777,2026-07-26T00:20:31.401624+00:00
266,84.77977752685547,18.571428954601288,0.7177748286007305,2026-07-26T00:20:40.147972+00:00
267,79.22576141357422,17.142857611179352,0.7236418142773411,2026-07-26T00:20:50.779984+00:00
307,54.548274993896484,20.000000298023224,0.7045224571941487,2026-07-26T00:20:53.397090+00:00
268,55.75855255126953,15.714286267757416,0.7308346143482984,2026-07-26T00:21:12.951423+00:00
308,82.16991424560547,10.000000149011612,0.6938104285966672,2026-07-26T00:21:15.463376+00:00
309,63.738616943359375,11.428571492433548,0.7067484427742393,2026-07-26T00:21:25.942100+00:00
269,45.96459197998047,15.714286267757416,0.753193814203509,2026-07-26T00:21:35.182024+00:00
310,110.54695129394531,17.142857611179352,0.7535785000072792,2026-07-26T00:21:36.370321+00:00
311,75.9207992553711,12.857143580913544,0.7125453286529851,2026-07-26T00:21:46.868646+00:00
270,50.59333038330078,11.428571492433548,0.8222002999640868,2026-07-26T00:21:57.734281+00:00
271,70.72782897949219,15.714286267757416,0.7170909714269719,2026-07-26T00:22:08.104441+00:00
312,59.4124870300293,12.857143580913544,2.4017310999624897,2026-07-26T00:22:09.293080+00:00
272,103.0909194946289,14.28571492433548,0.710087957122596,2026-07-26T00:22:18.467234+00:00
273,57.743839263916016,14.28571492433548,0.7147239428637217,2026-07-26T00:22:28.744614+00:00
313,70.34098815917969,12.857143580913544,2.3341465428529773,2026-07-26T00:22:31.347678+00:00
274,65.3840560913086,11.428571492433548,0.7331026142180365,2026-07-26T00:22:39.099434+00:00
275,80.59535217285156,15.714286267757416,0.7293611285734057,2026-07-26T00:22:49.522779+00:00
314,96.20870208740234,14.28571492433548,0.6876230999686024,2026-07-26T00:22:53.638593+00:00
315,75.2930679321289,11.428571492433548,0.796043442824157,2026-07-26T00:23:04.009232+00:00
276,77.08922576904297,18.571428954601288,0.7207155142428486,2026-07-26T00:23:11.580715+00:00
316,96.85800170898438,12.857143580913544,0.7139904285265531,2026-07-26T00:23:14.342381+00:00
277,71.29935455322266,14.28571492433548,0.7283162999166441,2026-07-26T00:23:21.767626+00:00
317,94.72062683105469,18.571428954601288,0.8621391857949285,2026-07-26T00:23:24.594640+00:00
278,54.36696243286133,14.28571492433548,0.687456871466046,2026-07-26T00:23:32.000990+00:00
318,44.363853454589844,10.000000149011612,0.7245768571530269,2026-07-26T00:23:34.879069+00:00
279,62.443206787109375,17.142857611179352,0.711065085696256,2026-07-26T00:23:42.263185+00:00
319,77.33828735351562,14.28571492433548,0.7157906714253061,2026-07-26T00:23:45.306950+00:00
280,76.77043914794922,14.28571492433548,0.7146834713889152,2026-07-26T00:23:52.739549+00:00
320,49.46163558959961,12.857143580913544,0.7247752713738009,2026-07-26T00:24:07.648934+00:00
281,75.18048858642578,14.28571492433548,0.6865449286124203,2026-07-26T00:24:14.460123+00:00
321,71.10857391357422,15.714286267757416,0.6883628142531961,2026-07-26T00:24:17.953142+00:00
282,56.12937545776367,17.142857611179352,0.7222289714263752,2026-07-26T00:24:24.611326+00:00
322,27.450225830078125,11.428571492433548,0.7264161714244568,2026-07-26T00:24:28.503791+00:00
323,43.19243240356445,15.714286267757416,0.7150602714058809,2026-07-26T00:24:38.885627+00:00
283,87.05902099609375,11.428571492433548,0.7487639428291004,2026-07-26T00:24:46.466317+00:00
324,57.06731414794922,17.142857611179352,0.7199154714596391,2026-07-26T00:24:49.259616+00:00
284,71.43014526367188,17.142857611179352,0.7086943999248824,2026-07-26T00:25:08.326882+00:00
325,44.3337287902832,12.857143580913544,0.7078256999583183,2026-07-26T00:25:11.135084+00:00
326,94.58700561523438,15.714286267757416,0.7156959714068631,2026-07-26T00:25:21.581833+00:00
285,75.0801010131836,20.000000298023224,0.7238968570683417,2026-07-26T00:25:30.125719+00:00
327,93.91793823242188,14.28571492433548,0.6936115714779589,2026-07-26T00:25:43.819247+00:00
286,63.55812072753906,5.714285746216774,0.7102075571310706,2026-07-26T00:25:51.967813+00:00
287,66.13040924072266,15.714286267757416,0.7277043285804601,2026-07-26T00:26:02.222131+00:00
328,34.00957107543945,17.142857611179352,0.7083925714791154,2026-07-26T00:26:05.615452+00:00
288,79.2347412109375,12.857143580913544,0.7003963429139861,2026-07-26T00:26:12.391922+00:00
289,96.01020050048828,12.857143580913544,0.7231881857608512,2026-07-26T00:26:22.669320+00:00
329,69.08987426757812,14.28571492433548,2.3313413999858312,2026-07-26T00:26:27.885791+00:00
290,60.18436813354492,12.857143580913544,0.7432180858034242,2026-07-26T00:26:32.886087+00:00
291,67.65008544921875,17.142857611179352,0.7053948999133094,2026-07-26T00:26:43.427631+00:00
330,44.86041259765625,21.42857164144516,0.7352239428395738,2026-07-26T00:26:50.167814+00:00
292,93.75715637207031,14.28571492433548,0.6890382000295046,2026-07-26T00:26:53.916105+00:00
331,61.82648468017578,15.714286267757416,0.716747142931646,2026-07-26T00:27:00.640721+00:00
293,57.51244354248047,18.571428954601288,0.6981123999659239,2026-07-26T00:27:04.157983+00:00
332,57.1631965637207,14.28571492433548,0.736002585784133,2026-07-26T00:27:10.927104+00:00
333,90.51915740966797,18.571428954601288,0.7136374857509509,2026-07-26T00:27:21.245407+00:00
294,66.82622528076172,14.28571492433548,0.7107947571577304,2026-07-26T00:27:26.446458+00:00
334,51.79200744628906,12.857143580913544,0.6921452714388059,2026-07-26T00:27:31.685482+00:00
295,69.78942108154297,15.714286267757416,0.7218456571406153,2026-07-26T00:27:36.805904+00:00
335,39.919124603271484,17.142857611179352,0.6997772713865352,2026-07-26T00:27:41.806497+00:00
296,93.91378784179688,14.28571492433548,0.7074003857269417,2026-07-26T00:27:47.050632+00:00
336,64.75289154052734,11.428571492433548,0.7259125284950382,2026-07-26T00:27:52.122363+00:00
297,55.43963623046875,12.857143580913544,0.7111060143090852,2026-07-26T00:27:57.370605+00:00
337,49.39082717895508,12.857143580913544,0.6972908285596142,2026-07-26T00:28:02.617779+00:00
298,32.39400863647461,17.142857611179352,0.705178028562971,2026-07-26T00:28:19.925155+00:00
338,57.67877960205078,15.714286267757416,0.7189703286193045,2026-07-26T00:28:24.690784+00:00
299,67.86763763427734,11.428571492433548,0.7031583427825743,2026-07-26T00:28:30.131597+00:00
339,63.99974060058594,17.142857611179352,0.7133148000450871,2026-07-26T00:28:35.038858+00:00
300,65.00056457519531,12.857143580913544,0.748535014281515,2026-07-26T00:28:40.696141+00:00
340,65.8289794921875,14.28571492433548,0.709111171454424,2026-07-26T00:28:45.181175+00:00
301,63.89055633544922,17.142857611179352,0.7207221285040889,2026-07-26T00:28:51.020147+00:00
341,44.73154830932617,14.28571492433548,0.698148314300592,2026-07-26T00:28:55.475607+00:00
302,81.6309814453125,15.714286267757416,0.7119955714318037,2026-07-26T00:29:01.455382+00:00
342,50.058685302734375,14.28571492433548,0.6785882571421098,2026-07-26T00:29:17.678326+00:00
303,101.81149291992188,14.28571492433548,0.6980730857841471,2026-07-26T00:29:24.037258+00:00
343,39.77598190307617,10.000000149011612,0.6968701000524951,2026-07-26T00:29:27.995626+00:00
344,70.17362213134766,11.428571492433548,0.6741293142632847,2026-07-26T00:29:38.184237+00:00
304,90.47917175292969,11.428571492433548,0.7306919427979405,2026-07-26T00:29:45.796640+00:00
345,71.93893432617188,15.714286267757416,0.7065044571520828,2026-07-26T00:29:48.394781+00:00
346,45.010841369628906,17.142857611179352,0.7015217285827801,2026-07-26T00:29:59.072766+00:00
305,49.691650390625,17.142857611179352,0.7106648856798919,2026-07-26T00:30:08.220838+00:00
306,67.1119384765625,18.571428954601288,0.7212032428859467,2026-07-26T00:30:18.415370+00:00
347,53.6976432800293,12.857143580913544,0.6858395571595922,2026-07-26T00:30:21.680100+00:00
307,71.7042465209961,14.28571492433548,0.7072855856677052,2026-07-26T00:30:28.627008+00:00
348,78.68970489501953,15.714286267757416,0.7340153572191151,2026-07-26T00:30:43.672733+00:00
308,55.405914306640625,14.28571492433548,0.7317994429156117,2026-07-26T00:30:50.431546+00:00
349,44.78342056274414,15.714286267757416,0.702895600053515,2026-07-26T00:31:05.703192+00:00
309,67.05620574951172,15.714286267757416,0.7252826857438777,2026-07-26T00:31:12.730085+00:00
350,50.1706657409668,15.714286267757416,0.698141685695321,2026-07-26T00:31:16.183181+00:00
310,63.25994873046875,14.28571492433548,0.7198614571409832,2026-07-26T00:31:22.881941+00:00
351,45.68373489379883,12.857143580913544,0.7198474143349033,2026-07-26T00:31:26.445549+00:00
311,94.43053436279297,15.714286267757416,0.7080446857019393,2026-07-26T00:31:44.866982+00:00
352,30.36007308959961,18.571428954601288,0.6864027427842043,2026-07-26T00:31:48.478384+00:00
312,86.06428527832031,12.857143580913544,0.7233736142682444,2026-07-26T00:31:55.396228+00:00
313,65.0288314819336,15.714286267757416,0.7377561428126813,2026-07-26T00:32:05.870641+00:00
353,63.492313385009766,18.571428954601288,0.7311253429049559,2026-07-26T00:32:10.623523+00:00
314,55.314884185791016,14.28571492433548,0.7943020857055672,2026-07-26T00:32:16.213603+00:00
354,58.5706672668457,14.28571492433548,0.7159610286180396,2026-07-26T00:32:20.873094+00:00
315,44.64341354370117,12.857143580913544,0.7057481142900153,2026-07-26T00:32:38.203078+00:00
355,56.67873001098633,12.857143580913544,0.6912613285489247,2026-07-26T00:32:43.310142+00:00
316,80.2201919555664,8.571428805589676,0.6968284428044821,2026-07-26T00:32:48.270881+00:00
356,66.527099609375,17.142857611179352,0.7026257714772198,2026-07-26T00:32:53.775788+00:00
317,50.73612594604492,7.14285746216774,0.7080143571199317,2026-07-26T00:32:58.763793+00:00
357,82.56271362304688,14.28571492433548,0.7147031714599247,2026-07-26T00:33:04.190806+00:00
318,126.8145523071289,14.28571492433548,0.7273714713976784,2026-07-26T00:33:09.133330+00:00
358,80.00555419921875,14.28571492433548,0.7317385857667043,2026-07-26T00:33:14.536770+00:00
319,95.01708221435547,12.857143580913544,0.7063666857512934,2026-07-26T00:33:31.234096+00:00
359,68.83060455322266,12.857143580913544,0.706869971431193,2026-07-26T00:33:36.689531+00:00
320,32.35034942626953,14.28571492433548,0.7207919000523232,2026-07-26T00:33:41.487182+00:00
360,57.55493927001953,10.000000149011612,0.6925707999991053,2026-07-26T00:33:46.989626+00:00
361,72.1407699584961,12.857143580913544,0.7053789428027812,2026-07-26T00:33:57.346770+00:00
321,79.04597473144531,14.28571492433548,0.721894799997764,2026-07-26T00:34:03.357751+00:00
362,55.10158920288086,14.28571492433548,0.7259611857339874,2026-07-26T00:34:07.627375+00:00
322,54.0947265625,12.857143580913544,0.8426971429019302,2026-07-26T00:34:25.540276+00:00
363,94.36149597167969,11.428571492433548,0.7475055714686667,2026-07-26T00:34:29.958993+00:00
323,37.60257339477539,15.714286267757416,0.6958617142767513,2026-07-26T00:34:35.836472+00:00
364,36.467926025390625,15.714286267757416,0.6912402999919972,2026-07-26T00:34:40.162175+00:00
324,58.64015197753906,15.714286267757416,0.6941247142094653,2026-07-26T00:34:46.130694+00:00
325,70.5176010131836,12.857143580913544,0.7320948571889728,2026-07-26T00:34:56.369844+00:00
365,47.624595642089844,17.142857611179352,0.6964327571040485,2026-07-26T00:35:02.369561+00:00
326,46.61794662475586,15.714286267757416,0.72213332865171,2026-07-26T00:35:06.636325+00:00
327,56.495269775390625,18.571428954601288,0.728003385717914,2026-07-26T00:35:16.858464+00:00
366,34.50303268432617,17.142857611179352,0.7307319571347242,2026-07-26T00:35:24.562636+00:00
328,54.08088302612305,15.714286267757416,0.7183864857194878,2026-07-26T00:35:27.117934+00:00
367,52.32785415649414,12.857143580913544,0.710785057162866,2026-07-26T00:35:34.752929+00:00
329,48.48100662231445,17.142857611179352,0.7363117999505319,2026-07-26T00:35:37.415420+00:00
368,40.51360321044922,14.28571492433548,0.7145388999820821,2026-07-26T00:35:45.074535+00:00
369,41.44921875,14.28571492433548,0.7136909571792265,2026-07-26T00:35:55.317340+00:00
330,60.67308807373047,12.857143580913544,0.6916278572004688,2026-07-26T00:35:59.740545+00:00
370,49.28947448730469,15.714286267757416,0.7285985571797937,2026-07-26T00:36:05.773598+00:00
331,87.10317993164062,15.714286267757416,0.7269001571070735,2026-07-26T00:36:09.770882+00:00
371,44.36551284790039,17.142857611179352,0.6845543857447669,2026-07-26T00:36:15.986551+00:00
332,59.70830154418945,14.28571492433548,0.724128099994102,2026-07-26T00:36:20.104894+00:00
372,59.30252456665039,14.28571492433548,0.6924436571093143,2026-07-26T00:36:26.431816+00:00
373,44.47555923461914,14.28571492433548,0.7176823856882818,2026-07-26T00:36:36.753145+00:00
333,91.2190170288086,12.857143580913544,0.7419594142577678,2026-07-26T00:36:42.185450+00:00
334,71.02727508544922,15.714286267757416,0.6999691714424574,2026-07-26T00:36:52.466447+00:00
374,79.59613800048828,12.857143580913544,0.7591657428877495,2026-07-26T00:36:59.533300+00:00
335,55.50648880004883,14.28571492433548,0.6945141571382659,2026-07-26T00:37:02.688530+00:00
375,22.556591033935547,15.714286267757416,0.7168863428107995,2026-07-26T00:37:09.676235+00:00
376,51.10515213012695,14.28571492433548,0.7002012571319938,2026-07-26T00:37:19.973583+00:00
336,57.879783630371094,15.714286267757416,0.7202036714131412,2026-07-26T00:37:24.885125+00:00
337,44.685935974121094,12.857143580913544,0.7069435713804393,2026-07-26T00:37:35.162833+00:00
377,48.153812408447266,21.42857164144516,0.7185619285987092,2026-07-26T00:37:42.083830+00:00
338,61.98974609375,8.571428805589676,0.7177385142962781,2026-07-26T00:37:45.262268+00:00
378,81.95640563964844,12.857143580913544,0.7043352286148418,2026-07-26T00:37:52.349987+00:00
379,49.3287467956543,15.714286267757416,0.716761285730172,2026-07-26T00:38:02.554128+00:00
339,52.50205612182617,15.714286267757416,2.322563300029807,2026-07-26T00:38:07.202211+00:00
340,80.30079650878906,12.857143580913544,0.6927906285065026,2026-07-26T00:38:17.478145+00:00
380,85.2021484375,15.714286267757416,0.7305609429230182,2026-07-26T00:38:24.998398+00:00
341,48.131404876708984,17.142857611179352,0.7692546714679338,2026-07-26T00:38:27.771144+00:00
381,46.48604202270508,17.142857611179352,0.7031568285518526,2026-07-26T00:38:35.352769+00:00
382,84.96639251708984,12.857143580913544,0.7339255857264756,2026-07-26T00:38:45.519202+00:00
342,80.7264404296875,11.428571492433548,0.7085299000859128,2026-07-26T00:38:50.117165+00:00
383,76.71073150634766,15.714286267757416,0.6933042857521546,2026-07-26T00:39:07.466655+00:00
343,61.533634185791016,15.714286267757416,0.7069248000334483,2026-07-26T00:39:12.915960+00:00
384,44.31745910644531,18.571428954601288,0.70207575720685,2026-07-26T00:39:17.777112+00:00
344,23.161672592163086,11.428571492433548,0.7209678143096556,2026-07-26T00:39:23.216677+00:00
385,82.86280059814453,12.857143580913544,0.8174308857373295,2026-07-26T00:39:28.261868+00:00
345,50.82689666748047,12.857143580913544,0.7713366714597214,2026-07-26T00:39:33.643234+00:00
386,56.350990295410156,15.714286267757416,0.6901552714615329,2026-07-26T00:39:50.491481+00:00
346,64.5350341796875,15.714286267757416,0.7546669714169444,2026-07-26T00:39:55.515514+00:00
347,66.02193450927734,12.857143580913544,0.7082128142688556,2026-07-26T00:40:05.877567+00:00
387,57.40003967285156,14.28571492433548,0.6887969571315418,2026-07-26T00:40:12.857076+00:00
348,58.002891540527344,14.28571492433548,0.7054098142751692,2026-07-26T00:40:15.986094+00:00
388,63.05417251586914,5.714285746216774,0.6952352142044609,2026-07-26T00:40:23.266959+00:00
389,41.17388916015625,14.28571492433548,0.7130445571549769,2026-07-26T00:40:33.654353+00:00
349,76.24706268310547,15.714286267757416,0.7609300572117458,2026-07-26T00:40:38.137459+00:00
350,58.45124053955078,14.28571492433548,0.7312864856170823,2026-07-26T00:40:48.553122+00:00
390,60.474273681640625,12.857143580913544,0.7166934570705052,2026-07-26T00:40:55.714567+00:00
391,40.1109733581543,12.857143580913544,0.7148776427909199,2026-07-26T00:41:05.989796+00:00
351,75.13050079345703,15.714286267757416,0.7000961715155947,2026-07-26T00:41:10.364029+00:00
392,44.23341751098633,15.714286267757416,0.6981295428496586,2026-07-26T00:41:16.335774+00:00
352,54.2943115234375,10.000000149011612,0.7207832000858616,2026-07-26T00:41:32.389930+00:00
393,22.981443405151367,15.714286267757416,0.7223550714635556,2026-07-26T00:41:38.603355+00:00
353,64.21147155761719,12.857143580913544,2.4620742714822494,2026-07-26T00:41:42.590531+00:00
394,84.8589859008789,14.28571492433548,0.719269085675478,2026-07-26T00:41:48.946886+00:00
354,69.84288787841797,14.28571492433548,0.7505365285656548,2026-07-26T00:42:04.554926+00:00
395,46.752750396728516,12.857143580913544,0.7028114999619512,2026-07-26T00:42:10.931151+00:00
355,96.57917022705078,12.857143580913544,0.7004447000716547,2026-07-26T00:42:26.562691+00:00
396,53.669532775878906,15.714286267757416,0.7121647999156266,2026-07-26T00:42:33.003238+00:00
356,79.68997192382812,14.28571492433548,0.6937053857005334,2026-07-26T00:42:36.794956+00:00
397,39.53272247314453,14.28571492433548,0.7001541570519163,2026-07-26T00:42:43.199250+00:00
357,38.014495849609375,10.000000149011612,0.6928126857798945,2026-07-26T00:42:46.995720+00:00
358,34.64144515991211,14.28571492433548,0.7302473857375195,2026-07-26T00:42:57.214239+00:00
398,37.23286819458008,17.142857611179352,0.7203655142802745,2026-07-26T00:43:05.417892+00:00
359,54.20037078857422,12.857143580913544,0.7011909571052196,2026-07-26T00:43:07.349017+00:00
399,63.23387908935547,12.857143580913544,0.7295265571363936,2026-07-26T00:43:27.561374+00:00
360,40.388526916503906,14.28571492433548,0.7147441143128422,2026-07-26T00:43:29.291764+00:00
400,42.96926498413086,18.571428954601288,0.6950214142437159,2026-07-26T00:43:38.123295+00:00
401,59.608970642089844,15.714286267757416,0.691819185677949,2026-07-26T00:43:48.373438+00:00
361,81.4209976196289,14.28571492433548,0.6942882000917703,2026-07-26T00:43:51.070608+00:00
402,51.69858932495117,12.857143580913544,0.7291280142713471,2026-07-26T00:43:58.766887+00:00
362,47.290260314941406,10.000000149011612,0.7147412999724371,2026-07-26T00:44:01.237627+00:00
403,47.56111526489258,14.28571492433548,0.710190342839009,2026-07-26T00:44:08.941790+00:00
363,54.619544982910156,12.857143580913544,0.7008904285612516,2026-07-26T00:44:22.973404+00:00
404,40.94795608520508,18.571428954601288,0.7143029856836489,2026-07-26T00:44:30.838582+00:00
364,64.54015350341797,14.28571492433548,0.702721385771708,2026-07-26T00:44:33.176429+00:00
365,48.97182083129883,12.857143580913544,0.7052481571528396,2026-07-26T00:44:43.114699+00:00
405,58.91283416748047,15.714286267757416,0.7906387143261132,2026-07-26T00:44:52.524386+00:00
406,77.02249908447266,11.428571492433548,0.6934938856699904,2026-07-26T00:45:02.850296+00:00
366,67.23464965820312,11.428571492433548,0.7092676571379083,2026-07-26T00:45:04.878794+00:00
367,55.16985321044922,17.142857611179352,0.7126803286415192,2026-07-26T00:45:15.061598+00:00
407,22.706649780273438,17.142857611179352,0.7717390428297222,2026-07-26T00:45:24.547522+00:00
368,41.8863410949707,12.857143580913544,0.6954234857403208,2026-07-26T00:45:25.336068+00:00
408,59.88511276245117,14.28571492433548,0.7230028285578425,2026-07-26T00:45:34.933945+00:00
369,34.41279220581055,17.142857611179352,0.7112122714586023,2026-07-26T00:45:35.647955+00:00
409,36.42163848876953,12.857143580913544,0.7224907856393007,2026-07-26T00:45:45.273761+00:00
370,45.39947509765625,14.28571492433548,0.7361564714561349,2026-07-26T00:45:45.863718+00:00
410,40.921592712402344,12.857143580913544,0.7053422428725753,2026-07-26T00:46:07.177936+00:00
371,62.069419860839844,12.857143580913544,0.7650144714196877,2026-07-26T00:46:07.497352+00:00
411,47.25797653198242,11.428571492433548,0.7261994999550682,2026-07-26T00:46:17.398845+00:00
412,30.712688446044922,7.14285746216774,0.7185991428351762,2026-07-26T00:46:27.804201+00:00
372,37.752986907958984,12.857143580913544,0.7081655714760667,2026-07-26T00:46:29.331470+00:00
413,36.40190887451172,14.28571492433548,0.8224953571958136,2026-07-26T00:46:38.242931+00:00
414,55.45611572265625,11.428571492433548,0.7091839285359518,2026-07-26T00:46:48.672346+00:00
373,81.73082733154297,7.14285746216774,0.7033756427907585,2026-07-26T00:46:51.438305+00:00
374,40.84653091430664,20.000000298023224,0.7291625000237089,2026-07-26T00:47:01.670257+00:00
415,56.48793411254883,17.142857611179352,2.447179814355747,2026-07-26T00:47:10.773561+00:00
375,61.14787292480469,14.28571492433548,0.7056699142724808,2026-07-26T00:47:11.964167+00:00
376,40.69241714477539,14.28571492433548,0.7158395428892359,2026-07-26T00:47:22.201175+00:00
416,52.572906494140625,15.714286267757416,0.7009494999822762,2026-07-26T00:47:32.853318+00:00
377,36.40138626098633,14.28571492433548,0.7101010999966613,2026-07-26T00:47:44.249113+00:00
378,66.39801788330078,17.142857611179352,0.7730698428141686,2026-07-26T00:47:54.624165+00:00
417,49.2662353515625,14.28571492433548,0.7237851857748215,2026-07-26T00:47:54.988378+00:00
379,39.358097076416016,17.142857611179352,0.7142527143254743,2026-07-26T00:48:05.048704+00:00
418,25.819517135620117,12.857143580913544,0.6945461000473838,2026-07-26T00:48:05.406247+00:00
419,27.925390243530273,14.28571492433548,0.707376342844717,2026-07-26T00:48:15.750770+00:00
420,46.53319549560547,15.714286267757416,0.6953269714098756,2026-07-26T00:48:26.475934+00:00
380,51.45503616333008,14.28571492433548,0.7315064142208679,2026-07-26T00:48:27.549369+00:00
421,76.80640411376953,17.142857611179352,0.7571041857383014,2026-07-26T00:48:49.153692+00:00
381,39.69752502441406,8.571428805589676,0.7499788285973149,2026-07-26T00:48:49.885383+00:00
422,27.70165252685547,14.28571492433548,0.7181052285886835,2026-07-26T00:48:59.668752+00:00
382,24.9845027923584,12.857143580913544,0.7371786285407974,2026-07-26T00:49:00.306141+00:00
423,58.55271911621094,12.857143580913544,0.7234103571266003,2026-07-26T00:49:10.196947+00:00
383,47.17237091064453,17.142857611179352,0.7453157000002517,2026-07-26T00:49:10.554334+00:00
384,42.968406677246094,11.428571492433548,0.7315029285174595,2026-07-26T00:49:20.841546+00:00
424,47.49013137817383,14.28571492433548,0.7432304285300363,2026-07-26T00:49:32.866060+00:00
385,28.633235931396484,14.28571492433548,0.7145735285510975,2026-07-26T00:49:42.969579+00:00
386,34.53152084350586,12.857143580913544,0.7338740714268559,2026-07-26T00:49:53.488157+00:00
425,32.9456787109375,15.714286267757416,0.7420771000657364,2026-07-26T00:49:55.469297+00:00
426,32.54998779296875,11.428571492433548,0.7211129428469576,2026-07-26T00:50:05.802025+00:00
387,60.5750617980957,14.28571492433548,0.718362885631255,2026-07-26T00:50:15.881069+00:00
427,50.590476989746094,15.714286267757416,0.7198968000011519,2026-07-26T00:50:16.315407+00:00
388,46.11640548706055,15.714286267757416,0.7511118713799598,2026-07-26T00:50:26.268383+00:00
428,40.86061096191406,12.857143580913544,0.7140163999533148,2026-07-26T00:50:26.580229+00:00
389,49.905818939208984,12.857143580913544,0.7399865143400217,2026-07-26T00:50:36.641693+00:00
429,71.98784637451172,12.857143580913544,0.7250199857350837,2026-07-26T00:50:48.668896+00:00
390,35.46877670288086,18.571428954601288,0.8214137570965769,2026-07-26T00:50:59.234775+00:00
430,49.309913635253906,14.28571492433548,0.7376862999600624,2026-07-26T00:50:59.347481+00:00
391,44.85211181640625,15.714286267757416,0.7143070142774377,2026-07-26T00:51:21.284392+00:00
431,30.979848861694336,12.857143580913544,0.7412913857219142,2026-07-26T00:51:21.509402+00:00
392,38.41164779663086,14.28571492433548,0.6956527999136597,2026-07-26T00:51:31.644955+00:00
432,38.75217819213867,15.714286267757416,0.7382078428885765,2026-07-26T00:51:32.088328+00:00
393,71.98543548583984,14.28571492433548,0.7260933857261469,2026-07-26T00:51:41.953325+00:00
433,52.112388610839844,14.28571492433548,0.7082287143150876,2026-07-26T00:51:42.562463+00:00
394,31.936649322509766,11.428571492433548,0.7898787000158336,2026-07-26T00:51:52.522480+00:00
395,35.52466583251953,12.857143580913544,0.7336567715226141,2026-07-26T00:52:02.834821+00:00
434,14.795040130615234,18.571428954601288,0.7117036428618511,2026-07-26T00:52:05.158245+00:00
396,27.13218116760254,17.142857611179352,0.7331089428459694,2026-07-26T00:52:13.143075+00:00
435,37.2577018737793,17.142857611179352,0.7056339000493088,2026-07-26T00:52:27.673144+00:00
397,29.524749755859375,14.28571492433548,0.7331724714146861,2026-07-26T00:52:35.075536+00:00
436,23.857789993286133,14.28571492433548,0.7265737000644938,2026-07-26T00:52:38.303968+00:00
398,66.12300872802734,12.857143580913544,0.7872369715187233,2026-07-26T00:52:45.499881+00:00
437,51.52220916748047,14.28571492433548,0.7359489286110537,2026-07-26T00:52:48.965287+00:00
399,56.94519805908203,14.28571492433548,0.7357840571785346,2026-07-26T00:52:55.904131+00:00
438,46.17472839355469,14.28571492433548,0.7033608571094061,2026-07-26T00:52:59.613335+00:00
400,52.617156982421875,14.28571492433548,0.7183721857602775,2026-07-26T00:53:06.440169+00:00
439,57.851688385009766,15.714286267757416,0.7352607000419604,2026-07-26T00:53:09.949755+00:00
401,62.830135345458984,15.714286267757416,0.7607273427960795,2026-07-26T00:53:16.661207+00:00
440,34.73466873168945,11.428571492433548,0.7170170715003873,2026-07-26T00:53:20.258668+00:00
402,74.10840606689453,15.714286267757416,0.7360021857104065,2026-07-26T00:53:39.165999+00:00
441,47.84208297729492,14.28571492433548,0.7936480142234359,2026-07-26T00:53:42.537964+00:00
442,54.21995544433594,15.714286267757416,0.7358626856460303,2026-07-26T00:53:53.161108+00:00
403,62.27827835083008,14.28571492433548,0.7555095571400929,2026-07-26T00:54:01.563805+00:00
443,46.20437240600586,14.28571492433548,0.7331115713376286,2026-07-26T00:54:03.720089+00:00
404,18.243663787841797,14.28571492433548,0.7334182285246372,2026-07-26T00:54:11.970980+00:00
444,31.614675521850586,17.142857611179352,0.7278760284992001,2026-07-26T00:54:14.436829+00:00
405,66.3276596069336,12.857143580913544,0.6923820142609267,2026-07-26T00:54:22.299855+00:00
445,29.06519317626953,20.000000298023224,0.6913280570838002,2026-07-26T00:54:24.770716+00:00
406,58.90071105957031,12.857143580913544,0.7148932428598138,2026-07-26T00:54:32.720705+00:00
407,30.309263229370117,12.857143580913544,0.6740798856688863,2026-07-26T00:54:43.021295+00:00
446,35.37725067138672,12.857143580913544,0.6915101285682925,2026-07-26T00:54:47.478103+00:00
408,33.105743408203125,15.714286267757416,0.7193675713746676,2026-07-26T00:54:53.260522+00:00
409,26.112571716308594,18.571428954601288,0.7294503570717228,2026-07-26T00:55:03.686073+00:00
447,34.15249252319336,14.28571492433548,0.7433850285971337,2026-07-26T00:55:09.543110+00:00
448,41.17335891723633,17.142857611179352,0.7389496714625109,2026-07-26T00:55:20.134582+00:00
410,23.223560333251953,14.28571492433548,0.7090659428545873,2026-07-26T00:55:26.087196+00:00
449,47.01375198364258,21.42857164144516,0.7071705571433995,2026-07-26T00:55:30.710740+00:00
411,36.33576965332031,14.28571492433548,0.7033109857210157,2026-07-26T00:55:36.419742+00:00
450,47.75323486328125,15.714286267757416,0.7515670285751443,2026-07-26T00:55:41.491178+00:00
451,45.2960319519043,15.714286267757416,0.7164213571481274,2026-07-26T00:55:52.160665+00:00
412,55.3258056640625,14.28571492433548,0.6963896142094329,2026-07-26T00:55:59.016882+00:00
452,27.639986038208008,5.714285746216774,0.7956981428183748,2026-07-26T00:56:02.530552+00:00
413,59.00192642211914,10.000000149011612,0.7078676856638465,2026-07-26T00:56:09.233919+00:00
453,41.15562057495117,14.28571492433548,0.666683900012036,2026-07-26T00:56:12.955578+00:00
414,55.823646545410156,12.857143580913544,0.7362774857028853,2026-07-26T00:56:31.391155+00:00
454,30.693603515625,14.28571492433548,0.6966089000343345,2026-07-26T00:56:35.265376+00:00
415,38.011627197265625,12.857143580913544,0.7519990285800304,2026-07-26T00:56:41.812553+00:00
455,54.98267364501953,12.857143580913544,0.7177380285741363,2026-07-26T00:56:45.811385+00:00
416,61.85085678100586,14.28571492433548,0.6699639713458184,2026-07-26T00:56:52.288000+00:00
456,27.767484664916992,14.28571492433548,0.799450271421977,2026-07-26T00:57:08.375888+00:00
417,52.748390197753906,20.000000298023224,0.7069743000361736,2026-07-26T00:57:14.417631+00:00
457,42.21074295043945,12.857143580913544,0.715260614275134,2026-07-26T00:57:18.762294+00:00
418,43.48807144165039,15.714286267757416,0.7346893571333826,2026-07-26T00:57:36.767736+00:00
458,38.255615234375,15.714286267757416,0.6986686142876611,2026-07-26T00:57:41.394419+00:00
419,31.760990142822266,20.000000298023224,0.7366017285676207,2026-07-26T00:57:47.033813+00:00
459,39.65423583984375,17.142857611179352,0.7203307713747822,2026-07-26T00:57:52.034154+00:00
420,53.745338439941406,15.714286267757416,0.6955036714706304,2026-07-26T00:57:57.437417+00:00
460,52.073211669921875,15.714286267757416,0.7002678714343347,2026-07-26T00:58:02.623504+00:00
421,45.23427200317383,14.28571492433548,2.353315214298034,2026-07-26T00:58:07.825896+00:00
422,44.81159210205078,12.857143580913544,0.7139371428430812,2026-07-26T00:58:17.986288+00:00
461,32.708919525146484,17.142857611179352,0.6921340571092774,2026-07-26T00:58:24.827463+00:00
423,56.08034133911133,14.28571492433548,0.6984699571538451,2026-07-26T00:58:28.277761+00:00
424,31.03923988342285,10.000000149011612,0.732756371456032,2026-07-26T00:58:38.449041+00:00
462,15.806503295898438,17.142857611179352,0.714813685772242,2026-07-26T00:58:47.338246+00:00
425,60.64093017578125,14.28571492433548,0.7209962142431843,2026-07-26T00:58:48.648969+00:00
463,45.91933822631836,14.28571492433548,0.7693390000245667,2026-07-26T00:58:58.001537+00:00
426,42.594871520996094,15.714286267757416,0.7471181143565835,2026-07-26T00:58:59.260851+00:00
464,22.257686614990234,14.28571492433548,0.6953190713829827,2026-07-26T00:59:08.464166+00:00
465,38.47816848754883,18.571428954601288,2.408516142895678,2026-07-26T00:59:19.088765+00:00
427,53.482666015625,14.28571492433548,0.7243233857609863,2026-07-26T00:59:21.331943+00:00
466,38.062782287597656,17.142857611179352,0.7072677856610555,2026-07-26T00:59:29.576488+00:00
428,62.611976623535156,11.428571492433548,0.7242962857292566,2026-07-26T00:59:31.712071+00:00
467,31.018348693847656,12.857143580913544,0.7523069714287495,2026-07-26T00:59:40.097033+00:00
429,53.186954498291016,12.857143580913544,0.7424213856990848,2026-07-26T00:59:42.072891+00:00
468,33.84273147583008,17.142857611179352,0.7130582285753917,2026-07-26T00:59:50.563393+00:00
430,49.26442337036133,12.857143580913544,0.7220294856649292,2026-07-26T00:59:52.360234+00:00
469,42.59805679321289,12.857143580913544,0.7336152714352856,2026-07-26T01:00:00.944795+00:00
470,31.08861541748047,11.428571492433548,0.7228786284810798,2026-07-26T01:00:11.204170+00:00
431,37.38372802734375,18.571428954601288,0.7234070571679954,2026-07-26T01:00:14.083087+00:00
432,33.986412048339844,14.28571492433548,0.7086638142936863,2026-07-26T01:00:24.367031+00:00
471,37.5452995300293,12.857143580913544,0.7133484571698189,2026-07-26T01:00:33.327011+00:00
472,24.77080535888672,15.714286267757416,0.7475425857202417,2026-07-26T01:00:43.613034+00:00
433,35.02064895629883,12.857143580913544,0.69656465711887,2026-07-26T01:00:46.655192+00:00
473,61.01411056518555,14.28571492433548,0.7084327571127298,2026-07-26T01:00:54.149014+00:00
434,29.83719253540039,15.714286267757416,0.7062740856781602,2026-07-26T01:00:57.081865+00:00
474,41.5579833984375,14.28571492433548,0.7390461285207753,2026-07-26T01:01:04.650384+00:00
435,51.96015548706055,18.571428954601288,0.7169989571723687,2026-07-26T01:01:07.483821+00:00
475,49.30731201171875,17.142857611179352,0.7339747856479205,2026-07-26T01:01:26.591191+00:00
436,27.548120498657227,18.571428954601288,0.7350911000685301,2026-07-26T01:01:29.738915+00:00
476,32.66912078857422,14.28571492433548,0.7266201285736835,2026-07-26T01:01:36.930517+00:00
437,26.282175064086914,11.428571492433548,0.7273194427917977,2026-07-26T01:01:40.129880+00:00
438,29.233579635620117,17.142857611179352,0.7259528429131024,2026-07-26T01:01:50.720375+00:00
477,31.532846450805664,15.714286267757416,0.7521273000747897,2026-07-26T01:01:59.753320+00:00
478,32.3681640625,17.142857611179352,0.7197230714414867,2026-07-26T01:02:10.167272+00:00
439,63.128074645996094,15.714286267757416,0.686556714312506,2026-07-26T01:02:13.014681+00:00
479,28.834814071655273,14.28571492433548,0.6969223572273872,2026-07-26T01:02:20.672587+00:00
440,49.80763626098633,15.714286267757416,0.6942039143593449,2026-07-26T01:02:35.346592+00:00
480,15.414899826049805,17.142857611179352,0.6993525571098351,2026-07-26T01:02:42.767850+00:00
441,25.531476974487305,18.571428954601288,0.7493442000330626,2026-07-26T01:02:45.554253+00:00
481,26.392650604248047,12.857143580913544,0.7086329429252406,2026-07-26T01:02:53.169823+00:00
442,42.57015609741211,12.857143580913544,0.7244683143133963,2026-07-26T01:02:55.788226+00:00
482,34.35496139526367,14.28571492433548,0.8537396285516609,2026-07-26T01:03:03.584485+00:00
443,46.78669738769531,14.28571492433548,0.7055583427635221,2026-07-26T01:03:17.767078+00:00
483,39.049720764160156,15.714286267757416,0.7083919142522582,2026-07-26T01:03:25.658875+00:00
444,40.96122360229492,15.714286267757416,0.7113410857397997,2026-07-26T01:03:28.044843+00:00
445,28.68149185180664,14.28571492433548,0.7226582571872443,2026-07-26T01:03:38.384842+00:00
484,39.796260833740234,18.571428954601288,0.7290507571139772,2026-07-26T01:03:48.004603+00:00
446,41.348758697509766,12.857143580913544,0.7082144714201734,2026-07-26T01:03:48.572374+00:00
485,35.46884536743164,17.142857611179352,0.7339015429481931,2026-07-26T01:03:58.334609+00:00
447,38.976478576660156,15.714286267757416,0.7602610858157277,2026-07-26T01:03:58.946209+00:00
486,30.471792221069336,12.857143580913544,0.7100564571114123,2026-07-26T01:04:08.817167+00:00
448,46.11867904663086,12.857143580913544,0.7903055429259049,2026-07-26T01:04:09.530196+00:00
449,29.634347915649414,15.714286267757416,0.6955913143298987,2026-07-26T01:04:19.783421+00:00
450,74.04395294189453,12.857143580913544,0.7309274858146507,2026-07-26T01:04:30.114461+00:00
487,61.45588684082031,12.857143580913544,0.704767999975177,2026-07-26T01:04:31.159446+00:00
488,16.72821044921875,10.000000149011612,0.7114013000058809,2026-07-26T01:04:41.419266+00:00
489,46.23446273803711,12.857143580913544,0.8692223857256717,2026-07-26T01:04:52.038647+00:00
451,44.669105529785156,14.28571492433548,0.7741734999789125,2026-07-26T01:04:52.123420+00:00
490,45.51858901977539,14.28571492433548,0.758952228560312,2026-07-26T01:05:02.510858+00:00
491,66.78628540039062,15.714286267757416,0.7234266857267357,2026-07-26T01:05:12.844370+00:00
452,24.685274124145508,15.714286267757416,0.7349665714303099,2026-07-26T01:05:14.350944+00:00
492,27.01314926147461,14.28571492433548,0.6899440571682395,2026-07-26T01:05:23.420517+00:00
453,49.19388198852539,12.857143580913544,0.7024905999839706,2026-07-26T01:05:24.615233+00:00
493,80.53211975097656,14.28571492433548,0.7234474714745633,2026-07-26T01:05:33.805438+00:00
494,73.43081665039062,12.857143580913544,0.7644352571722786,2026-07-26T01:05:44.325223+00:00
454,38.12771987915039,17.142857611179352,0.7243863714393228,2026-07-26T01:05:46.792676+00:00
495,37.76625442504883,14.28571492433548,0.784300400014867,2026-07-26T01:06:06.820979+00:00
455,33.7047233581543,10.000000149011612,0.7170407142049433,2026-07-26T01:06:08.924544+00:00
496,34.14134216308594,17.142857611179352,0.7083229856756847,2026-07-26T01:06:29.058281+00:00
456,20.01682472229004,14.28571492433548,0.7271268713728725,2026-07-26T01:06:31.157649+00:00
497,54.880489349365234,14.28571492433548,0.7499512714275625,2026-07-26T01:06:39.668493+00:00
457,59.53592300415039,11.428571492433548,0.7522450000189045,2026-07-26T01:06:41.704340+00:00
498,28.676921844482422,17.142857611179352,0.7381061857034054,2026-07-26T01:07:02.105955+00:00
458,38.7530403137207,15.714286267757416,0.7337436571625793,2026-07-26T01:07:03.873981+00:00
459,29.762527465820312,15.714286267757416,0.7296867143720323,2026-07-26T01:07:14.334606+00:00
499,45.027400970458984,12.857143580913544,0.6911902000345955,2026-07-26T01:07:24.394937+00:00
460,67.18146514892578,15.714286267757416,0.7049741143418942,2026-07-26T01:07:24.744432+00:00
500,45.52296447753906,15.714286267757416,0.7348075999678778,2026-07-26T01:07:46.860907+00:00
461,47.79460906982422,14.28571492433548,0.861841242918412,2026-07-26T01:07:46.900159+00:00
501,27.955001831054688,18.571428954601288,0.707081714270836,2026-07-26T01:07:57.322592+00:00
462,26.296875,11.428571492433548,0.8282805999832427,2026-07-26T01:07:57.395704+00:00
463,53.25308609008789,12.857143580913544,0.7260181286255829,2026-07-26T01:08:07.747117+00:00
464,51.55735778808594,11.428571492433548,0.739628971392189,2026-07-26T01:08:18.059920+00:00
502,28.940168380737305,12.857143580913544,0.6934158429170826,2026-07-26T01:08:20.118206+00:00
465,52.06301498413086,17.142857611179352,0.726528742857876,2026-07-26T01:08:28.380992+00:00
503,47.101993560791016,11.428571492433548,0.7071254000558318,2026-07-26T01:08:30.556384+00:00
504,23.277475357055664,17.142857611179352,0.7099965715107308,2026-07-26T01:08:40.724487+00:00
466,41.44803237915039,12.857143580913544,0.7317181285803339,2026-07-26T01:08:50.319996+00:00
467,30.658355712890625,17.142857611179352,0.7479285286016031,2026-07-26T01:09:00.545248+00:00
505,36.37725830078125,17.142857611179352,0.6998253429108965,2026-07-26T01:09:02.930823+00:00
468,39.73875427246094,14.28571492433548,0.7463953428668901,2026-07-26T01:09:10.789432+00:00
506,48.63909912109375,14.28571492433548,0.7547461857029703,2026-07-26T01:09:13.303522+00:00
469,57.71242904663086,12.857143580913544,0.7274155857365777,2026-07-26T01:09:21.185134+00:00
507,26.351314544677734,14.28571492433548,0.7370589713640844,2026-07-26T01:09:24.303880+00:00
470,39.30094909667969,10.000000149011612,0.7445793714266203,2026-07-26T01:09:31.606173+00:00
508,46.21604537963867,15.714286267757416,0.7113392856678858,2026-07-26T01:09:34.696809+00:00
471,46.20949172973633,14.28571492433548,0.7102707285542107,2026-07-26T01:09:41.756554+00:00
509,32.473175048828125,14.28571492433548,0.7341515858050636,2026-07-26T01:09:45.112187+00:00
472,28.232337951660156,18.571428954601288,0.7440124428415272,2026-07-26T01:10:04.219359+00:00
510,41.278533935546875,14.28571492433548,0.7059373142380667,2026-07-26T01:10:07.306450+00:00
473,54.21395492553711,15.714286267757416,0.7321913857595064,2026-07-26T01:10:14.697443+00:00
511,18.29867172241211,15.714286267757416,0.7287107000593096,2026-07-26T01:10:17.528296+00:00
512,63.926185607910156,15.714286267757416,0.7193214570829046,2026-07-26T01:10:27.879185+00:00
474,42.11296844482422,15.714286267757416,0.7253997857333161,2026-07-26T01:10:37.032932+00:00
513,17.133695602416992,12.857143580913544,0.7378124284774198,2026-07-26T01:10:38.253526+00:00
514,22.40099334716797,15.714286267757416,0.6998685571098966,2026-07-26T01:10:48.715715+00:00
515,37.91043472290039,15.714286267757416,0.7607754857287675,2026-07-26T01:10:58.978362+00:00
475,57.07027053833008,12.857143580913544,0.7377862143455007,2026-07-26T01:10:59.571870+00:00
476,31.208343505859375,14.28571492433548,0.7600912285852246,2026-07-26T01:11:09.755590+00:00
477,42.86314010620117,8.571428805589676,0.7136212285591422,2026-07-26T01:11:20.171827+00:00
516,35.03615951538086,11.428571492433548,0.7284848571414062,2026-07-26T01:11:21.326471+00:00
517,18.328149795532227,17.142857611179352,0.6784580142786061,2026-07-26T01:11:31.708627+00:00
478,39.226173400878906,15.714286267757416,0.7190519999962166,2026-07-26T01:11:42.228248+00:00
518,34.34522247314453,14.28571492433548,0.7280985142902604,2026-07-26T01:11:53.928739+00:00
479,45.75373840332031,14.28571492433548,0.7252910857330009,2026-07-26T01:12:04.324735+00:00
480,46.76945114135742,12.857143580913544,0.7550725000328384,2026-07-26T01:12:14.844531+00:00
519,17.536630630493164,17.142857611179352,0.6857820285534086,2026-07-26T01:12:16.303900+00:00
481,38.223052978515625,17.142857611179352,0.7058656284893264,2026-07-26T01:12:25.320986+00:00
520,22.895404815673828,12.857143580913544,0.7386818000148716,2026-07-26T01:12:26.656199+00:00
482,25.93069839477539,17.142857611179352,0.7186698571396326,2026-07-26T01:12:35.753307+00:00
521,18.107666015625,15.714286267757416,0.7338783142456252,2026-07-26T01:12:36.999074+00:00
483,19.642131805419922,15.714286267757416,0.7249755284906964,2026-07-26T01:12:46.164835+00:00
484,68.00485229492188,15.714286267757416,0.7310456857209958,2026-07-26T01:12:56.538999+00:00
522,24.89112091064453,8.571428805589676,0.7111753856796506,2026-07-26T01:12:59.134153+00:00
485,26.143150329589844,8.571428805589676,0.7191727143695711,2026-07-26T01:13:06.892281+00:00
486,73.19985961914062,14.28571492433548,0.7289103857017055,2026-07-26T01:13:17.110698+00:00
523,19.10780906677246,11.428571492433548,0.7000924285551134,2026-07-26T01:13:21.124737+00:00
487,54.31380844116211,15.714286267757416,0.7149691714273234,2026-07-26T01:13:27.683575+00:00
524,29.05091667175293,14.28571492433548,0.7291479428074257,2026-07-26T01:13:31.607290+00:00
488,40.72428894042969,17.142857611179352,0.7255746999622456,2026-07-26T01:13:38.150084+00:00
525,27.560749053955078,12.857143580913544,0.7481285713895757,2026-07-26T01:13:41.889504+00:00
489,55.18546676635742,15.714286267757416,0.8076624857494608,2026-07-26T01:13:48.699536+00:00
526,30.227825164794922,15.714286267757416,0.7324905285453757,2026-07-26T01:13:52.600065+00:00
490,62.55615234375,12.857143580913544,0.7273280285257248,2026-07-26T01:13:59.343621+00:00
527,14.540926933288574,10.000000149011612,0.7328574714067925,2026-07-26T01:14:03.111401+00:00
528,26.022287368774414,14.28571492433548,0.6818986428178114,2026-07-26T01:14:13.389348+00:00
491,63.264984130859375,17.142857611179352,0.750537242856808,2026-07-26T01:14:21.888661+00:00
529,24.22043800354004,10.000000149011612,0.7087000000215734,2026-07-26T01:14:23.712268+00:00
530,22.059717178344727,11.428571492433548,0.7131879143084267,2026-07-26T01:14:34.112817+00:00
492,22.556251525878906,11.428571492433548,0.7362667142712911,2026-07-26T01:14:44.189355+00:00
531,44.45998001098633,15.714286267757416,0.6890357284906453,2026-07-26T01:14:44.667293+00:00
493,39.9620246887207,17.142857611179352,0.7321213428180532,2026-07-26T01:14:54.511373+00:00
532,17.925642013549805,12.857143580913544,0.6877842999529094,2026-07-26T01:14:55.013683+00:00
494,36.211761474609375,15.714286267757416,0.7228555857312001,2026-07-26T01:15:04.992268+00:00
533,38.15641784667969,12.857143580913544,0.6984955571949416,2026-07-26T01:15:05.419997+00:00
495,26.92131233215332,12.857143580913544,0.700937557121506,2026-07-26T01:15:15.381073+00:00
534,25.760345458984375,12.857143580913544,0.7063005285869751,2026-07-26T01:15:15.868920+00:00
496,39.95508575439453,14.28571492433548,0.7346304142889234,2026-07-26T01:15:25.707047+00:00
535,20.542081832885742,14.28571492433548,0.6911278286549661,2026-07-26T01:15:38.325263+00:00
497,25.349924087524414,20.000000298023224,0.7425227999712141,2026-07-26T01:15:48.114460+00:00
498,24.312406539916992,14.28571492433548,0.7408467285651048,2026-07-26T01:15:58.719544+00:00
536,15.931665420532227,11.428571492433548,0.7170749143239975,2026-07-26T01:16:00.592485+00:00
499,18.81433868408203,21.42857164144516,0.6950387142881352,2026-07-26T01:16:09.003466+00:00
537,14.002955436706543,14.28571492433548,0.6907001428771764,2026-07-26T01:16:10.854333+00:00
538,14.342884063720703,12.857143580913544,0.6971255285731915,2026-07-26T01:16:21.344317+00:00
500,32.65026092529297,15.714286267757416,0.7452666999597568,2026-07-26T01:16:31.308390+00:00
539,29.900827407836914,14.28571492433548,0.6932108714993644,2026-07-26T01:16:31.763848+00:00
501,33.41358947753906,12.857143580913544,0.7126426714031757,2026-07-26T01:16:41.808115+00:00
540,34.258480072021484,12.857143580913544,0.7298512857232708,2026-07-26T01:16:42.339115+00:00
502,45.52604675292969,14.28571492433548,0.7044557999636579,2026-07-26T01:16:52.181979+00:00
503,31.14234161376953,15.714286267757416,0.7071141999663919,2026-07-26T01:17:02.834376+00:00
541,30.015819549560547,14.28571492433548,0.7074148142627175,2026-07-26T01:17:04.901059+00:00
504,26.60621452331543,12.857143580913544,0.6876715141905672,2026-07-26T01:17:13.270510+00:00
542,26.62769889831543,14.28571492433548,0.6981408428276024,2026-07-26T01:17:15.258566+00:00
543,25.124231338500977,14.28571492433548,0.7026844000003101,2026-07-26T01:17:25.650243+00:00
505,27.81874656677246,15.714286267757416,0.7145471571545515,2026-07-26T01:17:35.644710+00:00
506,30.715381622314453,14.28571492433548,0.7648164570647558,2026-07-26T01:17:45.995369+00:00
544,21.70383644104004,15.714286267757416,0.7001701000262983,2026-07-26T01:17:47.834992+00:00
545,20.47597885131836,12.857143580913544,0.7225227142043877,2026-07-26T01:17:58.192437+00:00
507,34.32912826538086,17.142857611179352,0.706772599992941,2026-07-26T01:18:08.004420+00:00
546,15.348605155944824,14.28571492433548,0.6967775285634811,2026-07-26T01:18:08.521103+00:00
547,28.150781631469727,12.857143580913544,0.6890062286402099,2026-07-26T01:18:18.936508+00:00
548,21.647024154663086,15.714286267757416,0.7170442000122941,2026-07-26T01:18:29.351348+00:00
508,16.8419189453125,22.857142984867096,0.7045937142850432,2026-07-26T01:18:30.134523+00:00
509,47.69139862060547,15.714286267757416,0.7266786714483584,2026-07-26T01:18:40.274494+00:00
549,86.0694580078125,12.857143580913544,0.734683057089569,2026-07-26T01:18:51.856386+00:00
550,18.901723861694336,12.857143580913544,0.8589374286072727,2026-07-26T01:19:02.398320+00:00
510,42.921180725097656,11.428571492433548,0.7314895285942059,2026-07-26T01:19:02.622688+00:00
511,28.694692611694336,14.28571492433548,0.7211605999535615,2026-07-26T01:19:12.877114+00:00
512,21.98354148864746,14.28571492433548,0.7050188571156468,2026-07-26T01:19:23.191365+00:00
551,23.957796096801758,18.571428954601288,0.6951485143092992,2026-07-26T01:19:24.368278+00:00
513,39.489013671875,12.857143580913544,0.7216769142749918,2026-07-26T01:19:33.474437+00:00
514,30.509836196899414,14.28571492433548,0.725577642879216,2026-07-26T01:19:43.873802+00:00
552,20.00708770751953,15.714286267757416,0.7189651142523092,2026-07-26T01:19:46.466074+00:00
515,43.62577819824219,12.857143580913544,0.7161911714190085,2026-07-26T01:19:54.238870+00:00
553,41.66495132446289,14.28571492433548,0.6891623000098791,2026-07-26T01:19:56.793265+00:00
516,35.734561920166016,12.857143580913544,0.7114971286292919,2026-07-26T01:20:04.423040+00:00
554,20.435626983642578,14.28571492433548,0.7709484999525428,2026-07-26T01:20:18.568985+00:00
517,30.542428970336914,14.28571492433548,0.7265709714764463,2026-07-26T01:20:26.595701+00:00
555,16.404659271240234,12.857143580913544,0.6976115999610296,2026-07-26T01:20:28.907682+00:00
518,58.01506805419922,12.857143580913544,0.720796985738811,2026-07-26T01:20:36.907864+00:00
556,27.437175750732422,12.857143580913544,0.7124457429329465,2026-07-26T01:20:39.304781+00:00
519,47.80146026611328,15.714286267757416,0.7029643000610771,2026-07-26T01:20:47.111530+00:00
557,31.428668975830078,14.28571492433548,0.7497530857757998,2026-07-26T01:20:49.700511+00:00
520,69.62435913085938,12.857143580913544,0.7240152570635213,2026-07-26T01:20:57.517360+00:00
558,24.009119033813477,15.714286267757416,0.6905374857264437,2026-07-26T01:21:00.039457+00:00
521,52.33119583129883,14.28571492433548,0.724722128610925,2026-07-26T01:21:07.765761+00:00
559,23.796424865722656,11.428571492433548,0.7037297428593905,2026-07-26T01:21:10.255995+00:00
522,48.78460693359375,14.28571492433548,0.6915576714423619,2026-07-26T01:21:17.964830+00:00
560,20.964679718017578,14.28571492433548,0.6871596857048904,2026-07-26T01:21:20.600564+00:00
523,35.04273223876953,17.142857611179352,0.7365125143093922,2026-07-26T01:21:28.168234+00:00
561,18.171770095825195,14.28571492433548,0.6985873285365024,2026-07-26T01:21:42.796933+00:00
524,44.40641403198242,14.28571492433548,0.6952770570933353,2026-07-26T01:21:50.067429+00:00
562,22.272655487060547,14.28571492433548,0.7123401571464326,2026-07-26T01:21:53.273848+00:00
525,31.93617057800293,10.000000149011612,0.7060780285558264,2026-07-26T01:22:00.330240+00:00
563,13.161823272705078,12.857143580913544,0.7149129571709117,2026-07-26T01:22:03.680975+00:00
526,33.435401916503906,15.714286267757416,0.7033648857031949,2026-07-26T01:22:10.470838+00:00
564,12.738125801086426,12.857143580913544,0.723538300059902,2026-07-26T01:22:13.919040+00:00
527,49.161773681640625,20.000000298023224,0.6979790572326497,2026-07-26T01:22:20.610275+00:00
565,14.384329795837402,14.28571492433548,0.7236683285944829,2026-07-26T01:22:24.220248+00:00
528,67.16840362548828,15.714286267757416,0.7129310856856006,2026-07-26T01:22:30.736754+00:00
566,8.60522747039795,11.428571492433548,0.7320463286305312,2026-07-26T01:22:34.594361+00:00
529,50.14381790161133,14.28571492433548,0.7371270000086432,2026-07-26T01:22:40.878154+00:00
567,11.202886581420898,14.28571492433548,0.7239860571904241,2026-07-26T01:22:44.984895+00:00
530,65.49418640136719,12.857143580913544,0.6988827429138057,2026-07-26T01:23:03.320207+00:00
568,9.163186073303223,17.142857611179352,0.7054595428469058,2026-07-26T01:23:07.331072+00:00
531,30.534175872802734,14.28571492433548,0.7120535142478599,2026-07-26T01:23:13.473088+00:00
569,22.260173797607422,20.000000298023224,0.7460363286164855,2026-07-26T01:23:17.610778+00:00
532,70.5146713256836,12.857143580913544,0.8396189285641802,2026-07-26T01:23:23.550268+00:00
570,16.61371421813965,12.857143580913544,0.7078010286412402,2026-07-26T01:23:27.826236+00:00
533,36.54009246826172,15.714286267757416,0.7213055571940329,2026-07-26T01:23:33.859871+00:00
571,10.746971130371094,14.28571492433548,0.7114449856869344,2026-07-26T01:23:38.017380+00:00
572,14.127267837524414,12.857143580913544,0.7354035000649414,2026-07-26T01:23:48.311386+00:00
534,45.51076126098633,14.28571492433548,0.7068626572228303,2026-07-26T01:23:55.799562+00:00
573,13.744519233703613,14.28571492433548,0.7396182143046254,2026-07-26T01:23:58.626853+00:00
535,37.48249435424805,14.28571492433548,0.6957058000677664,2026-07-26T01:24:05.926391+00:00
536,29.20501708984375,12.857143580913544,0.7009812999707979,2026-07-26T01:24:16.077439+00:00
574,13.553048133850098,12.857143580913544,0.6965627143342447,2026-07-26T01:24:20.847524+00:00
575,31.514976501464844,14.28571492433548,0.6833463429107464,2026-07-26T01:24:31.011029+00:00
537,43.76493453979492,14.28571492433548,0.6989166286075488,2026-07-26T01:24:37.669899+00:00
576,22.84417152404785,15.714286267757416,0.7221811713991754,2026-07-26T01:24:41.246133+00:00
577,18.983972549438477,14.28571492433548,0.7291048856651676,2026-07-26T01:24:51.687357+00:00
538,39.21286392211914,14.28571492433548,0.6952197856402823,2026-07-26T01:25:00.017158+00:00
539,44.05356979370117,14.28571492433548,0.7134912000245613,2026-07-26T01:25:10.065906+00:00
578,14.900674819946289,11.428571492433548,0.7026468570984434,2026-07-26T01:25:13.639206+00:00
540,33.36476516723633,14.28571492433548,0.7109200143271924,2026-07-26T01:25:20.270485+00:00
579,18.707876205444336,17.142857611179352,0.7174063143403535,2026-07-26T01:25:23.846225+00:00
541,34.08264923095703,12.857143580913544,0.9636552428543966,2026-07-26T01:25:30.550813+00:00
580,53.24835968017578,14.28571492433548,0.6847513285590269,2026-07-26T01:25:34.203545+00:00
542,35.84480285644531,8.571428805589676,0.7044025572083358,2026-07-26T01:25:40.778016+00:00
543,35.77992630004883,15.714286267757416,0.702532542865291,2026-07-26T01:25:50.972797+00:00
581,12.823022842407227,15.714286267757416,0.7020048999817975,2026-07-26T01:25:55.929802+00:00
544,25.049259185791016,14.28571492433548,0.7339457571755962,2026-07-26T01:26:01.416649+00:00
582,39.68622589111328,14.28571492433548,0.7255069571588787,2026-07-26T01:26:18.163819+00:00
545,31.662078857421875,17.142857611179352,0.7448113000594145,2026-07-26T01:26:23.758878+00:00
583,16.377918243408203,11.428571492433548,0.7023812714448598,2026-07-26T01:26:28.586575+00:00
546,11.874539375305176,14.28571492433548,0.7250067142844533,2026-07-26T01:26:34.099055+00:00
584,10.505999565124512,14.28571492433548,0.8052678857763697,2026-07-26T01:26:39.072527+00:00
547,29.208232879638672,11.428571492433548,0.7042908427787811,2026-07-26T01:26:44.628462+00:00
585,8.317273139953613,11.428571492433548,0.7082835571574313,2026-07-26T01:26:49.563187+00:00
548,52.11439895629883,15.714286267757416,0.7403149428552881,2026-07-26T01:26:54.802943+00:00
586,6.078986167907715,20.000000298023224,0.6843046714493539,2026-07-26T01:26:59.969011+00:00
549,27.041507720947266,14.28571492433548,0.679131214253305,2026-07-26T01:27:05.028406+00:00
587,17.091190338134766,15.714286267757416,0.8623198428332606,2026-07-26T01:27:10.127260+00:00
550,30.02317237854004,11.428571492433548,0.7926792713988107,2026-07-26T01:27:15.552441+00:00
588,11.201088905334473,11.428571492433548,0.715865285746986,2026-07-26T01:27:20.277636+00:00
551,43.75373077392578,12.857143580913544,0.694131114245725,2026-07-26T01:27:25.700244+00:00
589,23.812911987304688,14.28571492433548,0.6728424714570533,2026-07-26T01:27:42.238575+00:00
552,51.142250061035156,15.714286267757416,0.7137542284908704,2026-07-26T01:27:47.430720+00:00
590,20.225099563598633,11.428571492433548,0.7135766286020433,2026-07-26T01:27:52.505803+00:00
553,24.868234634399414,15.714286267757416,0.7307523714968869,2026-07-26T01:27:57.892754+00:00
591,30.705078125,15.714286267757416,0.7177637571917981,2026-07-26T01:28:02.745551+00:00
554,41.29057312011719,8.571428805589676,0.7079169570975604,2026-07-26T01:28:08.142575+00:00
592,15.745161056518555,17.142857611179352,0.7270376428745554,2026-07-26T01:28:13.044313+00:00
555,31.388504028320312,15.714286267757416,0.7206319285614882,2026-07-26T01:28:18.299350+00:00
593,9.06834888458252,12.857143580913544,0.7235363570673924,2026-07-26T01:28:23.226849+00:00
594,11.9887056350708,15.714286267757416,0.7403353571135085,2026-07-26T01:28:33.530314+00:00
556,38.11373519897461,14.28571492433548,0.9812489857722538,2026-07-26T01:28:40.570990+00:00
595,7.9986572265625,17.142857611179352,0.711470414327258,2026-07-26T01:28:43.878442+00:00
557,37.0159912109375,17.142857611179352,0.7063177142949176,2026-07-26T01:29:02.735563+00:00
596,10.705427169799805,15.714286267757416,0.7138029571381465,2026-07-26T01:29:05.870909+00:00
597,14.60189151763916,14.28571492433548,0.7335195713884397,2026-07-26T01:29:16.277036+00:00
558,29.896236419677734,14.28571492433548,0.7629593857148264,2026-07-26T01:29:24.516560+00:00
598,23.983022689819336,12.857143580913544,0.7327984571540063,2026-07-26T01:29:26.482567+00:00
559,49.17010498046875,11.428571492433548,0.7400799143527236,2026-07-26T01:29:34.575451+00:00
599,31.561376571655273,15.714286267757416,0.7030383713884346,2026-07-26T01:29:36.717601+00:00
560,53.67002868652344,12.857143580913544,0.7223776285952356,2026-07-26T01:29:44.721755+00:00
561,35.15818405151367,14.28571492433548,0.7186475571610832,2026-07-26T01:29:55.246196+00:00
600,10.072444915771484,12.857143580913544,0.684037885678533,2026-07-26T01:29:59.653410+00:00
562,23.219451904296875,14.28571492433548,0.7212742570637991,2026-07-26T01:30:17.203938+00:00
601,10.634180068969727,14.28571492433548,0.7178287570630866,2026-07-26T01:30:21.928656+00:00
563,41.654117584228516,14.28571492433548,0.6904322428454179,2026-07-26T01:30:27.435791+00:00
602,11.756766319274902,12.857143580913544,0.7624706142191177,2026-07-26T01:30:44.169417+00:00
564,25.178499221801758,15.714286267757416,0.7115081999342823,2026-07-26T01:30:49.692408+00:00
603,7.174249172210693,14.28571492433548,0.8101875999792745,2026-07-26T01:30:54.547037+00:00
565,34.56599044799805,17.142857611179352,0.6994327856643524,2026-07-26T01:30:59.940571+00:00
604,10.671545028686523,15.714286267757416,0.6930617714325698,2026-07-26T01:31:04.847401+00:00
605,27.703584671020508,11.428571492433548,0.8350290858028789,2026-07-26T01:31:15.156567+00:00
566,27.059499740600586,12.857143580913544,0.7150508429081778,2026-07-26T01:31:21.663213+00:00
567,34.680965423583984,15.714286267757416,0.6889389142868043,2026-07-26T01:31:31.952067+00:00
606,17.540788650512695,14.28571492433548,0.7277265285665635,2026-07-26T01:31:37.552069+00:00
607,9.271113395690918,14.28571492433548,0.7587633999979257,2026-07-26T01:31:47.954211+00:00
568,28.144514083862305,11.428571492433548,0.7451961429199271,2026-07-26T01:31:54.050405+00:00
569,46.146141052246094,12.857143580913544,0.7203238285520847,2026-07-26T01:32:04.092859+00:00
608,8.5730562210083,12.857143580913544,0.6993812143004366,2026-07-26T01:32:10.362299+00:00
570,35.79311752319336,10.000000149011612,0.7192370428778564,2026-07-26T01:32:14.331640+00:00
609,72.04926300048828,15.714286267757416,0.702096285697605,2026-07-26T01:32:20.757465+00:00
571,31.367494583129883,11.428571492433548,0.7450314571282693,2026-07-26T01:32:24.565865+00:00
610,38.172584533691406,12.857143580913544,0.7074352714490877,2026-07-26T01:32:42.727708+00:00
572,27.826478958129883,20.000000298023224,0.7118085714215081,2026-07-26T01:32:46.190525+00:00
611,21.787200927734375,14.28571492433548,0.6922357000543603,2026-07-26T01:32:53.087629+00:00
573,31.65532875061035,10.000000149011612,0.7167840856709518,2026-07-26T01:32:56.375998+00:00
574,35.1014518737793,12.857143580913544,0.7914297285814038,2026-07-26T01:33:06.527990+00:00
612,11.854853630065918,12.857143580913544,0.6843279142880678,2026-07-26T01:33:15.259718+00:00
575,30.77688980102539,12.857143580913544,0.7325141856979046,2026-07-26T01:33:16.756356+00:00
613,41.017459869384766,14.28571492433548,0.7416734285860521,2026-07-26T01:33:25.573018+00:00
576,44.177940368652344,15.714286267757416,0.7458962000133138,2026-07-26T01:33:26.902705+00:00
614,17.074901580810547,17.142857611179352,0.716800142773926,2026-07-26T01:33:36.085094+00:00
615,10.080037117004395,14.28571492433548,0.7070376999243828,2026-07-26T01:33:46.355647+00:00
577,26.286792755126953,15.714286267757416,0.6998956285575072,2026-07-26T01:33:48.744961+00:00
616,9.239572525024414,14.28571492433548,0.6944871286188053,2026-07-26T01:34:08.505427+00:00
578,32.44883728027344,14.28571492433548,0.7053187428807308,2026-07-26T01:34:10.673743+00:00
617,7.245626449584961,12.857143580913544,0.7114811285906139,2026-07-26T01:34:18.823455+00:00
579,26.666088104248047,14.28571492433548,0.7093802143312392,2026-07-26T01:34:20.940298+00:00
618,7.444504261016846,18.571428954601288,0.6944416713460149,2026-07-26T01:34:29.281007+00:00
580,24.002954483032227,11.428571492433548,0.6994492000168455,2026-07-26T01:34:31.115629+00:00
619,7.314492225646973,14.28571492433548,0.6773975285925969,2026-07-26T01:34:39.722968+00:00
581,16.960649490356445,18.571428954601288,0.7215610285389371,2026-07-26T01:34:41.276193+00:00
620,10.233614921569824,14.28571492433548,0.7086604285827239,2026-07-26T01:34:50.093416+00:00
582,29.088050842285156,14.28571492433548,2.2964792856198204,2026-07-26T01:35:03.458877+00:00
621,7.793845176696777,12.857143580913544,0.7381885571313822,2026-07-26T01:35:12.551791+00:00
583,20.837175369262695,21.42857164144516,0.7074274857586715,2026-07-26T01:35:13.657390+00:00
584,50.625,12.857143580913544,0.6789829143339635,2026-07-26T01:35:23.827314+00:00
622,6.183172225952148,14.28571492433548,0.68512072851133,2026-07-26T01:35:34.899310+00:00
623,6.5418291091918945,14.28571492433548,0.7093560571125377,2026-07-26T01:35:45.172963+00:00
585,33.48759078979492,12.857143580913544,0.7417037143438522,2026-07-26T01:35:45.510775+00:00
624,7.291243076324463,14.28571492433548,1.1068597714516466,2026-07-26T01:35:55.596163+00:00
586,33.156063079833984,17.142857611179352,0.7053992856526747,2026-07-26T01:35:55.741815+00:00
587,22.620769500732422,12.857143580913544,0.7130247570915215,2026-07-26T01:36:06.099226+00:00
625,6.400913715362549,14.28571492433548,0.6830313713830296,2026-07-26T01:36:06.167464+00:00
588,33.12677001953125,14.28571492433548,0.7380198714339973,2026-07-26T01:36:28.114642+00:00
626,4.4643049240112305,12.857143580913544,0.7021238285233267,2026-07-26T01:36:28.610593+00:00
589,30.995075225830078,17.142857611179352,0.8095738285711767,2026-07-26T01:36:38.511642+00:00
627,6.111446380615234,14.28571492433548,0.6983194713289517,2026-07-26T01:36:39.198827+00:00
590,20.451881408691406,15.714286267757416,0.7210767999432781,2026-07-26T01:36:49.134301+00:00
628,5.716588973999023,15.714286267757416,0.7100560571416281,2026-07-26T01:36:49.766282+00:00
591,25.52971649169922,17.142857611179352,0.7240143571315067,2026-07-26T01:36:59.465597+00:00
592,18.58635139465332,18.571428954601288,0.6854091714818163,2026-07-26T01:37:09.826872+00:00
629,4.9371562004089355,11.428571492433548,0.7214309142519986,2026-07-26T01:37:11.912940+00:00
630,5.04590368270874,17.142857611179352,0.7024082999643205,2026-07-26T01:37:22.379602+00:00
593,22.130359649658203,15.714286267757416,0.7360474857185701,2026-07-26T01:37:31.552935+00:00
631,6.500351905822754,12.857143580913544,0.7041884428222798,2026-07-26T01:37:32.646816+00:00
594,38.617427825927734,15.714286267757416,0.7302533142917257,2026-07-26T01:37:41.744281+00:00
632,5.238043785095215,15.714286267757416,0.7420520857392278,2026-07-26T01:37:55.002604+00:00
595,29.14617347717285,15.714286267757416,0.6869599143101368,2026-07-26T01:38:03.960530+00:00
633,5.5824761390686035,15.714286267757416,0.6938328714958126,2026-07-26T01:38:05.423690+00:00
634,5.369563102722168,12.857143580913544,0.7309772857947142,2026-07-26T01:38:15.785853+00:00
596,24.876985549926758,14.28571492433548,0.7530371714632825,2026-07-26T01:38:26.036989+00:00
635,6.0372490882873535,11.428571492433548,0.7104220427988496,2026-07-26T01:38:26.184311+00:00
636,5.617135524749756,14.28571492433548,0.7538778428819829,2026-07-26T01:38:36.504955+00:00
597,33.16496276855469,15.714286267757416,0.7466217429152623,2026-07-26T01:38:47.902447+00:00
637,5.777810096740723,14.28571492433548,0.7344996428790702,2026-07-26T01:38:58.488434+00:00
638,5.629175186157227,12.857143580913544,0.7099456284777261,2026-07-26T01:39:08.816933+00:00
598,22.82118797302246,17.142857611179352,0.7179271142896531,2026-07-26T01:39:09.607096+00:00
599,33.51667785644531,11.428571492433548,0.7183561143132725,2026-07-26T01:39:19.825760+00:00
600,44.58448791503906,12.857143580913544,0.7504536571754475,2026-07-26T01:39:30.317193+00:00
639,5.63384485244751,10.000000149011612,0.6961512000998482,2026-07-26T01:39:30.927560+00:00
601,25.86757469177246,14.28571492433548,0.6990526999288704,2026-07-26T01:39:40.656891+00:00
640,9.804011344909668,15.714286267757416,0.6925528714158904,2026-07-26T01:39:52.988121+00:00
602,46.474769592285156,11.428571492433548,0.6944488286015778,2026-07-26T01:40:03.239976+00:00
603,26.967769622802734,12.857143580913544,0.7824330857796927,2026-07-26T01:40:13.509546+00:00
641,7.083678722381592,10.000000149011612,0.721372571466158,2026-07-26T01:40:15.341692+00:00
604,16.370912551879883,15.714286267757416,0.7029567285956415,2026-07-26T01:40:24.047366+00:00
605,21.822885513305664,15.714286267757416,0.7302276714264215,2026-07-26T01:40:34.363115+00:00
642,5.9336113929748535,15.714286267757416,0.6960533285954236,2026-07-26T01:40:37.319772+00:00
643,5.609023094177246,17.142857611179352,0.7124684714653995,2026-07-26T01:40:47.695305+00:00
606,13.41788387298584,18.571428954601288,0.7085564000590239,2026-07-26T01:40:56.487162+00:00
644,6.75531005859375,11.428571492433548,0.7096954714922634,2026-07-26T01:40:57.998064+00:00
607,29.83447265625,17.142857611179352,0.7169702713976481,2026-07-26T01:41:06.602548+00:00
645,30.665325164794922,14.28571492433548,0.7091000714613723,2026-07-26T01:41:08.279110+00:00
608,15.286861419677734,11.428571492433548,0.6981062714268254,2026-07-26T01:41:16.759943+00:00
609,34.80744171142578,12.857143580913544,0.7296473285740441,2026-07-26T01:41:26.900353+00:00
646,5.019493103027344,15.714286267757416,0.6844621999854488,2026-07-26T01:41:30.958415+00:00
610,24.944738388061523,12.857143580913544,0.74836025721327,2026-07-26T01:41:37.245620+00:00
647,5.317200660705566,15.714286267757416,0.7541650571511127,2026-07-26T01:41:41.287397+00:00
648,4.2585954666137695,14.28571492433548,0.716942571411242,2026-07-26T01:41:51.703444+00:00
611,46.345584869384766,12.857143580913544,0.7222440856691849,2026-07-26T01:41:59.000080+00:00
649,5.159553527832031,14.28571492433548,0.7110044285322407,2026-07-26T01:42:02.036623+00:00
612,30.813257217407227,15.714286267757416,0.7066382428872332,2026-07-26T01:42:20.919448+00:00
650,4.901490211486816,12.857143580913544,0.7185922285965975,2026-07-26T01:42:24.064131+00:00
613,35.36857223510742,14.28571492433548,0.7135738714298765,2026-07-26T01:42:31.277039+00:00
651,5.318794250488281,14.28571492433548,0.6951205571697626,2026-07-26T01:42:34.236955+00:00
614,38.29692459106445,17.142857611179352,0.7475501286015579,2026-07-26T01:42:41.501660+00:00
652,4.633700370788574,12.857143580913544,0.7741290570785557,2026-07-26T01:42:44.520440+00:00
615,21.66195297241211,12.857143580913544,0.7313468428037595,2026-07-26T01:42:51.664199+00:00
653,5.148094177246094,14.28571492433548,0.672991899981363,2026-07-26T01:42:54.710732+00:00
654,4.456077575683594,14.28571492433548,0.6956943285851074,2026-07-26T01:43:04.986987+00:00
616,29.3505859375,14.28571492433548,0.6957351714455788,2026-07-26T01:43:13.833027+00:00
655,4.936957836151123,12.857143580913544,0.743583571394473,2026-07-26T01:43:26.591711+00:00
617,21.822193145751953,10.000000149011612,0.6886053428128694,2026-07-26T01:43:35.952081+00:00
618,41.008060455322266,12.857143580913544,0.8297817142322726,2026-07-26T01:43:46.124794+00:00
656,4.965789794921875,12.857143580913544,0.7176541143313183,2026-07-26T01:43:48.660919+00:00
657,4.222015380859375,15.714286267757416,0.6978871428665505,2026-07-26T01:43:59.070190+00:00
619,49.506595611572266,14.28571492433548,0.7799380285307832,2026-07-26T01:44:08.353835+00:00
658,4.739579200744629,14.28571492433548,0.6968060857616365,2026-07-26T01:44:09.432353+00:00
620,16.54612159729004,15.714286267757416,0.7219802713994535,2026-07-26T01:44:18.635522+00:00
659,4.149086952209473,14.28571492433548,0.6963488999255267,2026-07-26T01:44:19.847231+00:00
621,32.89591598510742,14.28571492433548,0.7535605714240643,2026-07-26T01:44:40.310689+00:00
660,4.735299110412598,14.28571492433548,0.7088137427802265,2026-07-26T01:44:42.256495+00:00
622,14.673291206359863,15.714286267757416,0.707929957154972,2026-07-26T01:45:02.941593+00:00
661,19.133773803710938,14.28571492433548,0.7085872143631735,2026-07-26T01:45:04.289300+00:00
662,4.120817184448242,12.857143580913544,0.7232542571728118,2026-07-26T01:45:14.603549+00:00
623,13.966395378112793,15.714286267757416,0.7137086142652801,2026-07-26T01:45:24.854146+00:00
624,18.588285446166992,11.428571492433548,0.7478376286079376,2026-07-26T01:45:35.428807+00:00
663,4.422338008880615,11.428571492433548,0.7434375714053333,2026-07-26T01:45:36.507764+00:00
625,16.336286544799805,12.857143580913544,0.6974193713436502,2026-07-26T01:45:46.015452+00:00
664,4.636090278625488,15.714286267757416,0.733024871442467,2026-07-26T01:45:46.901807+00:00
626,21.430747985839844,17.142857611179352,0.7479992143219404,2026-07-26T01:45:56.494737+00:00
627,23.45383644104004,15.714286267757416,0.7259640427946579,2026-07-26T01:46:06.650687+00:00
665,4.670280456542969,14.28571492433548,0.7060471714274691,2026-07-26T01:46:08.648730+00:00
628,13.756975173950195,14.28571492433548,0.7043291285559202,2026-07-26T01:46:28.256074+00:00
666,4.363901138305664,14.28571492433548,0.7670632000164395,2026-07-26T01:46:31.007112+00:00
629,19.7989501953125,12.857143580913544,1.0123265285593723,2026-07-26T01:46:38.648457+00:00
630,22.76832389831543,17.142857611179352,0.7297431428534245,2026-07-26T01:46:49.294080+00:00
667,4.544493675231934,15.714286267757416,0.6966852000914514,2026-07-26T01:46:53.175000+00:00
668,4.0835700035095215,11.428571492433548,0.7412441284811523,2026-07-26T01:47:03.543416+00:00
631,18.257265090942383,12.857143580913544,0.7133490285403761,2026-07-26T01:47:11.420902+00:00
669,25.695486068725586,14.28571492433548,0.7140135714767634,2026-07-26T01:47:13.808850+00:00
632,49.27666091918945,14.28571492433548,0.7172703713877127,2026-07-26T01:47:21.798617+00:00
670,4.370349407196045,12.857143580913544,0.7222037142907669,2026-07-26T01:47:24.108643+00:00
671,4.205395698547363,14.28571492433548,0.7083342285893325,2026-07-26T01:47:34.352890+00:00
633,29.12209129333496,14.28571492433548,0.7118083428524967,2026-07-26T01:47:44.164761+00:00
634,25.852670669555664,15.714286267757416,0.7220791714124581,2026-07-26T01:47:54.477862+00:00
672,5.693961143493652,12.857143580913544,0.6990884000385579,2026-07-26T01:47:56.419329+00:00
635,19.01819610595703,15.714286267757416,0.7097928714106924,2026-07-26T01:48:04.956660+00:00
673,4.738596439361572,12.857143580913544,0.7076684429193847,2026-07-26T01:48:06.654286+00:00
636,19.54537582397461,12.857143580913544,0.7141051428334322,2026-07-26T01:48:15.117311+00:00
674,4.139046669006348,14.28571492433548,0.7076220857145797,2026-07-26T01:48:16.794756+00:00
637,26.895212173461914,12.857143580913544,0.7058186143694911,2026-07-26T01:48:37.317247+00:00
675,4.365838050842285,15.714286267757416,0.7310759714787959,2026-07-26T01:48:38.430438+00:00
676,4.466212749481201,11.428571492433548,0.71636901432482,2026-07-26T01:48:48.920297+00:00
638,21.549800872802734,11.428571492433548,0.7570125856935712,2026-07-26T01:48:59.585625+00:00
639,25.668134689331055,15.714286267757416,0.6888520858150774,2026-07-26T01:49:09.799543+00:00
677,4.169669151306152,14.28571492433548,0.7112814286041872,2026-07-26T01:49:11.119511+00:00
640,22.957029342651367,15.714286267757416,0.7203580285671966,2026-07-26T01:49:20.137550+00:00
678,4.664381504058838,11.428571492433548,0.7104923857176411,2026-07-26T01:49:21.378893+00:00
641,26.255352020263672,18.571428954601288,0.7411707142767097,2026-07-26T01:49:30.378652+00:00
679,4.222056865692139,12.857143580913544,0.7004900286639375,2026-07-26T01:49:31.613249+00:00
642,23.075870513916016,14.28571492433548,0.7509296429426675,2026-07-26T01:49:40.513932+00:00
680,4.569498062133789,14.28571492433548,0.7030534142229173,2026-07-26T01:49:41.789234+00:00
643,28.73147201538086,15.714286267757416,0.7019088144131405,2026-07-26T01:50:02.756774+00:00
681,4.298490047454834,12.857143580913544,0.7207713572175375,2026-07-26T01:50:04.201807+00:00
644,29.503494262695312,11.428571492433548,0.7071465571893246,2026-07-26T01:50:13.012997+00:00
645,34.67140197753906,14.28571492433548,0.7245007856649214,2026-07-26T01:50:23.268351+00:00
682,3.684234619140625,15.714286267757416,0.701143271622381,2026-07-26T01:50:26.423923+00:00
646,34.45721435546875,14.28571492433548,0.7563459570519626,2026-07-26T01:50:33.502989+00:00
683,3.7848806381225586,12.857143580913544,0.6968052714780372,2026-07-26T01:50:36.960976+00:00
647,19.868736267089844,14.28571492433548,0.7317932998245981,2026-07-26T01:50:43.705162+00:00
684,3.773148775100708,15.714286267757416,0.696172214312745,2026-07-26T01:50:47.381145+00:00
648,23.968067169189453,18.571428954601288,0.718348942713679,2026-07-26T01:50:53.991180+00:00
685,3.776214122772217,15.714286267757416,0.7466173570719548,2026-07-26T01:50:57.829907+00:00
686,3.984205961227417,12.857143580913544,0.7106314999483793,2026-07-26T01:51:08.144445+00:00
649,25.176395416259766,14.28571492433548,0.6852226142655127,2026-07-26T01:51:16.191639+00:00
650,20.64503288269043,17.142857611179352,0.7450086428434588,2026-07-26T01:51:26.669485+00:00
687,4.040743350982666,12.857143580913544,0.7108265286660753,2026-07-26T01:51:30.148826+00:00
651,20.079137802124023,15.714286267757416,0.716673185732881,2026-07-26T01:51:36.975848+00:00
688,3.5968475341796875,15.714286267757416,0.7065146571091775,2026-07-26T01:51:40.257692+00:00
689,3.988821029663086,11.428571492433548,0.729511100092038,2026-07-26T01:51:50.689211+00:00
652,36.44186019897461,15.714286267757416,0.7020316427640084,2026-07-26T01:51:59.184307+00:00
690,3.7720537185668945,14.28571492433548,0.7202599284937605,2026-07-26T01:52:00.970874+00:00
653,23.136503219604492,14.28571492433548,0.6946970428024153,2026-07-26T01:52:09.320422+00:00
691,3.5064404010772705,14.28571492433548,0.7217630427995962,2026-07-26T01:52:11.153390+00:00
654,20.609281539916992,14.28571492433548,0.7510754857711228,2026-07-26T01:52:19.538403+00:00
692,3.260150671005249,14.28571492433548,0.701667214369601,2026-07-26T01:52:21.441019+00:00
655,28.789335250854492,14.28571492433548,0.7123617141457673,2026-07-26T01:52:42.118017+00:00
693,4.340806484222412,12.857143580913544,0.71249652849344,2026-07-26T01:52:43.562043+00:00
656,24.861188888549805,15.714286267757416,0.7022869715001434,2026-07-26T01:52:52.276454+00:00
694,3.3371822834014893,17.142857611179352,0.6976150857683803,2026-07-26T01:52:53.903223+00:00
695,3.2082300186157227,14.28571492433548,0.698744942824955,2026-07-26T01:53:04.194537+00:00
657,36.95977783203125,15.714286267757416,0.8078019571257755,2026-07-26T01:53:14.508602+00:00
658,24.321243286132812,14.28571492433548,0.7333967285895986,2026-07-26T01:53:24.942158+00:00
696,3.7011823654174805,15.714286267757416,0.7447149143055347,2026-07-26T01:53:26.497661+00:00
659,27.945072174072266,17.142857611179352,0.6891742284226764,2026-07-26T01:53:35.159972+00:00
697,3.414933919906616,14.28571492433548,0.694863785715175,2026-07-26T01:53:36.795548+00:00
698,3.4773268699645996,12.857143580913544,0.7229395998625218,2026-07-26T01:53:47.015515+00:00
660,17.431324005126953,14.28571492433548,0.7306015570065938,2026-07-26T01:53:57.130614+00:00
661,16.975854873657227,11.428571492433548,0.6990503999986686,2026-07-26T01:54:07.302290+00:00
699,3.2388901710510254,15.714286267757416,0.7095356856422897,2026-07-26T01:54:09.776855+00:00
662,33.959754943847656,12.857143580913544,0.7627238143218814,2026-07-26T01:54:17.519902+00:00
700,8.746315002441406,14.28571492433548,0.7114381286165943,2026-07-26T01:54:20.247137+00:00
663,20.37313461303711,15.714286267757416,0.7300265000334808,2026-07-26T01:54:27.910426+00:00
701,3.332268238067627,15.714286267757416,0.689923385549004,2026-07-26T01:54:42.627631+00:00
664,23.63134002685547,12.857143580913544,0.6960785999711203,2026-07-26T01:54:50.116412+00:00
702,3.8701508045196533,11.428571492433548,0.7095760141965002,2026-07-26T01:54:52.920603+00:00
703,5.27449369430542,15.714286267757416,0.7060269714981716,2026-07-26T01:55:03.341967+00:00
665,26.18124008178711,12.857143580913544,0.7062308286549523,2026-07-26T01:55:12.281950+00:00
704,4.12990665435791,15.714286267757416,0.6860674857827169,2026-07-26T01:55:25.161774+00:00
666,28.15035057067871,15.714286267757416,0.7121699571143836,2026-07-26T01:55:34.394910+00:00
705,4.00463342666626,17.142857611179352,0.7070220285511044,2026-07-26T01:55:35.288475+00:00
667,25.163400650024414,20.000000298023224,0.7416168285999447,2026-07-26T01:55:44.661869+00:00
706,3.436079502105713,17.142857611179352,0.690050342901876,2026-07-26T01:55:45.470633+00:00
668,19.867456436157227,14.28571492433548,0.6853994570389789,2026-07-26T01:55:55.037287+00:00
707,3.473576307296753,15.714286267757416,0.7141478713102904,2026-07-26T01:55:56.009872+00:00
669,19.169483184814453,17.142857611179352,0.7002807714993,2026-07-26T01:56:05.299843+00:00
670,19.39873504638672,12.857143580913544,0.6953844141597594,2026-07-26T01:56:15.426873+00:00
708,3.04878830909729,15.714286267757416,0.7125842141769162,2026-07-26T01:56:18.031338+00:00
671,20.416006088256836,14.28571492433548,0.7133202429810939,2026-07-26T01:56:25.591702+00:00
709,3.0287044048309326,17.142857611179352,0.7318080571297157,2026-07-26T01:56:40.264731+00:00
672,25.529212951660156,15.714286267757416,0.7091464857304735,2026-07-26T01:56:47.687192+00:00
673,23.703115463256836,15.714286267757416,0.6912617856869474,2026-07-26T01:56:57.790190+00:00
710,3.679734468460083,17.142857611179352,0.6978783284596699,2026-07-26T01:57:02.732231+00:00
674,22.692424774169922,8.571428805589676,0.7022475713581245,2026-07-26T01:57:08.023658+00:00
711,3.932460308074951,14.28571492433548,0.7029210572779577,2026-07-26T01:57:13.055602+00:00
675,33.9864387512207,15.714286267757416,0.7231755857771662,2026-07-26T01:57:18.227627+00:00
712,4.124332904815674,15.714286267757416,0.6977082714521593,2026-07-26T01:57:23.475271+00:00
676,22.883527755737305,17.142857611179352,0.7133442428312264,2026-07-26T01:57:28.454879+00:00
713,3.4318020343780518,15.714286267757416,0.7314265998762234,2026-07-26T01:57:33.665505+00:00
677,15.97179126739502,14.28571492433548,0.6996586143421675,2026-07-26T01:57:38.719335+00:00
714,3.7682883739471436,11.428571492433548,0.7235992427532828,2026-07-26T01:57:43.990403+00:00
678,42.49510955810547,14.28571492433548,0.7205381571631213,2026-07-26T01:57:49.023159+00:00
715,3.342611074447632,14.28571492433548,0.7331445141712071,2026-07-26T01:57:54.293366+00:00
679,32.82156753540039,15.714286267757416,0.6950032714355204,2026-07-26T01:58:11.232313+00:00
716,3.6913905143737793,15.714286267757416,2.3456875715055503,2026-07-26T01:58:16.157304+00:00
717,3.5194449424743652,14.28571492433548,0.7041399714320765,2026-07-26T01:58:26.329540+00:00
680,19.819429397583008,14.28571492433548,0.7221318571412537,2026-07-26T01:58:33.225908+00:00
718,3.009164571762085,14.28571492433548,0.7293508999282494,2026-07-26T01:58:36.557684+00:00
681,28.759384155273438,14.28571492433548,0.7010716001137293,2026-07-26T01:58:43.398825+00:00
719,3.0297176837921143,15.714286267757416,0.7010085000989161,2026-07-26T01:58:46.761244+00:00
682,23.104434967041016,14.28571492433548,0.7091868427648608,2026-07-26T01:58:53.645217+00:00
720,3.556853771209717,12.857143580913544,0.7311704285841968,2026-07-26T01:58:57.119285+00:00
721,3.3911495208740234,15.714286267757416,0.7365466715002965,2026-07-26T01:59:07.361490+00:00
683,20.400909423828125,10.000000149011612,0.6887588427551756,2026-07-26T01:59:15.814793+00:00
722,3.5270566940307617,15.714286267757416,0.7321965570944096,2026-07-26T01:59:17.551069+00:00
684,13.090968132019043,11.428571492433548,0.6910443572061402,2026-07-26T01:59:26.067124+00:00
685,38.36600112915039,14.28571492433548,0.6879114286026119,2026-07-26T01:59:36.177247+00:00
723,12.102313041687012,15.714286267757416,0.7094420999887266,2026-07-26T01:59:39.900180+00:00
686,26.282251358032227,12.857143580913544,0.7153479286768873,2026-07-26T01:59:58.300114+00:00
724,3.5690243244171143,14.28571492433548,0.7732102857387092,2026-07-26T02:00:02.069777+00:00
725,5.984535217285156,14.28571492433548,0.6868240571098536,2026-07-26T02:00:12.228291+00:00
687,29.449016571044922,20.000000298023224,0.7057594428520783,2026-07-26T02:00:20.641012+00:00
726,3.3927741050720215,17.142857611179352,0.7064062858782044,2026-07-26T02:00:22.468029+00:00
688,22.56854820251465,14.28571492433548,0.7016944713541307,2026-07-26T02:00:30.737420+00:00
727,8.844282150268555,15.714286267757416,0.720902300132106,2026-07-26T02:00:44.617876+00:00
689,23.064823150634766,12.857143580913544,0.7060918857210449,2026-07-26T02:00:53.070187+00:00
728,3.977163314819336,11.428571492433548,0.6996186427256491,2026-07-26T02:00:54.953959+00:00
690,22.67131233215332,17.142857611179352,0.7057737856354963,2026-07-26T02:01:03.446163+00:00
729,2.908132791519165,14.28571492433548,2.334500514345044,2026-07-26T02:01:05.379578+00:00
691,19.490909576416016,18.571428954601288,0.7256647856723119,2026-07-26T02:01:13.771618+00:00
692,16.510772705078125,17.142857611179352,0.7124880998162553,2026-07-26T02:01:24.148529+00:00
730,2.8788185119628906,15.714286267757416,0.7028099143229025,2026-07-26T02:01:27.613151+00:00
693,20.278533935546875,11.428571492433548,0.7910308999791076,2026-07-26T02:01:46.086087+00:00
731,3.59759521484375,14.28571492433548,0.7351419429012042,2026-07-26T02:01:50.009620+00:00
694,21.169469833374023,15.714286267757416,0.7012436141459537,2026-07-26T02:01:56.459231+00:00
732,3.4829680919647217,14.28571492433548,0.7231639284457613,2026-07-26T02:02:00.393757+00:00
695,17.68758773803711,14.28571492433548,0.7043936285689207,2026-07-26T02:02:18.303774+00:00
733,3.1110661029815674,15.714286267757416,0.6962456000370107,2026-07-26T02:02:22.758954+00:00
696,27.86465835571289,14.28571492433548,0.7483674001248021,2026-07-26T02:02:28.543968+00:00
734,3.055091142654419,15.714286267757416,0.7268062857162606,2026-07-26T02:02:33.223129+00:00
697,22.579635620117188,14.28571492433548,0.6959457428560459,2026-07-26T02:02:39.023672+00:00
735,2.9501543045043945,15.714286267757416,0.7346050000965728,2026-07-26T02:02:43.600282+00:00
698,25.004444122314453,15.714286267757416,0.6890860001606468,2026-07-26T02:02:49.324571+00:00
736,3.250622034072876,15.714286267757416,0.6929751572897658,2026-07-26T02:02:53.984330+00:00
699,15.515682220458984,12.857143580913544,0.7349370427878706,2026-07-26T02:02:59.795760+00:00
737,3.5355710983276367,14.28571492433548,0.7212851001116047,2026-07-26T02:03:16.371208+00:00
700,21.860212326049805,17.142857611179352,0.7217125141843489,2026-07-26T02:03:21.698473+00:00
738,2.870290756225586,17.142857611179352,0.7487217427946494,2026-07-26T02:03:26.600016+00:00
701,12.244611740112305,11.428571492433548,0.6968652143508994,2026-07-26T02:03:43.630589+00:00
739,3.2888283729553223,15.714286267757416,0.6923977715944472,2026-07-26T02:03:48.550071+00:00
740,3.200648784637451,14.28571492433548,0.6892672571536552,2026-07-26T02:03:58.758896+00:00
702,21.079591751098633,15.714286267757416,0.7484212286986544,2026-07-26T02:04:05.917253+00:00
741,3.2675106525421143,14.28571492433548,0.7037815143121406,2026-07-26T02:04:09.250278+00:00
703,16.308500289916992,18.571428954601288,0.6959678000254955,2026-07-26T02:04:16.003126+00:00
742,3.5996127128601074,14.28571492433548,0.7125626571775814,2026-07-26T02:04:19.509342+00:00
743,3.732351303100586,15.714286267757416,0.6965673287465637,2026-07-26T02:04:29.874752+00:00
704,16.103757858276367,14.28571492433548,0.7161721285748561,2026-07-26T02:04:38.018039+00:00
744,3.4639928340911865,17.142857611179352,0.7401651856655788,2026-07-26T02:04:51.892219+00:00
705,12.648576736450195,15.714286267757416,0.7086142142985149,2026-07-26T02:05:00.124875+00:00
706,11.359981536865234,14.28571492433548,0.701972228541438,2026-07-26T02:05:10.339299+00:00
745,3.2251155376434326,14.28571492433548,0.7035026572079265,2026-07-26T02:05:13.791152+00:00
707,20.10441780090332,12.857143580913544,0.6831076000318198,2026-07-26T02:05:32.436811+00:00
746,4.126785755157471,14.28571492433548,0.7012794000079988,2026-07-26T02:05:36.051042+00:00
708,9.104061126708984,12.857143580913544,0.7428090570361486,2026-07-26T02:05:42.622369+00:00
747,3.2248053550720215,14.28571492433548,0.7028466427332855,2026-07-26T02:05:46.280766+00:00
709,20.45018768310547,14.28571492433548,0.7080767143634148,2026-07-26T02:05:52.720742+00:00
710,21.6284122467041,12.857143580913544,0.7134377715244358,2026-07-26T02:06:02.969779+00:00
748,3.2104203701019287,14.28571492433548,0.7155666285793164,2026-07-26T02:06:08.390724+00:00
711,24.130413055419922,12.857143580913544,0.7075259285297112,2026-07-26T02:06:13.279197+00:00
712,12.626646995544434,11.428571492433548,0.7390537286742723,2026-07-26T02:06:23.754797+00:00
749,3.4610838890075684,12.857143580913544,0.74129011419635,2026-07-26T02:06:30.599041+00:00
713,23.86958122253418,11.428571492433548,0.7061120428261347,2026-07-26T02:06:34.053139+00:00
750,3.7707672119140625,11.428571492433548,0.6844768142660281,2026-07-26T02:06:41.262181+00:00
714,15.818127632141113,14.28571492433548,0.705971428500821,2026-07-26T02:06:44.607110+00:00
715,10.372628211975098,11.428571492433548,0.7339193570909888,2026-07-26T02:06:55.090313+00:00
751,3.2731127738952637,14.28571492433548,0.7063854142740768,2026-07-26T02:07:03.850410+00:00
716,22.68329620361328,15.714286267757416,0.7471341858035885,2026-07-26T02:07:05.346041+00:00
752,5.521130561828613,14.28571492433548,0.7212583572254516,2026-07-26T02:07:14.051655+00:00
717,24.154109954833984,12.857143580913544,0.6857409428838375,2026-07-26T02:07:15.587024+00:00
753,3.263031482696533,12.857143580913544,0.731081042821253,2026-07-26T02:07:24.289950+00:00
718,24.697566986083984,14.28571492433548,0.6974548143002072,2026-07-26T02:07:25.746239+00:00
754,3.9646127223968506,14.28571492433548,0.7009975857467258,2026-07-26T02:07:34.603158+00:00
719,33.84968566894531,12.857143580913544,0.7224213429643506,2026-07-26T02:07:35.912055+00:00
755,3.8849902153015137,12.857143580913544,0.6929629999961305,2026-07-26T02:07:44.996651+00:00
720,36.69487380981445,12.857143580913544,0.7059164000176159,2026-07-26T02:07:46.274021+00:00
756,4.2382941246032715,11.428571492433548,0.7173886857344769,2026-07-26T02:07:55.340177+00:00
721,37.56401443481445,12.857143580913544,0.7260312571556174,2026-07-26T02:07:56.578464+00:00
757,4.463119983673096,12.857143580913544,0.6868441713907356,2026-07-26T02:08:05.695276+00:00
722,8.52920913696289,15.714286267757416,0.6822498427936807,2026-07-26T02:08:06.697318+00:00
758,6.959014892578125,11.428571492433548,0.7041014142617185,2026-07-26T02:08:15.966835+00:00
723,21.297412872314453,14.28571492433548,0.7328496713723456,2026-07-26T02:08:16.883529+00:00
759,3.6266515254974365,14.28571492433548,0.708966314310341,2026-07-26T02:08:26.243321+00:00
724,12.799412727355957,12.857143580913544,0.7189569285921087,2026-07-26T02:08:27.156129+00:00
760,4.332246780395508,11.428571492433548,0.7111912713818518,2026-07-26T02:08:36.415100+00:00
725,13.858480453491211,15.714286267757416,0.7021278571171155,2026-07-26T02:08:37.258193+00:00
761,4.085574626922607,14.28571492433548,0.7243735572306573,2026-07-26T02:08:46.806759+00:00
762,4.114002227783203,14.28571492433548,0.7082702429865354,2026-07-26T02:08:57.224067+00:00
726,22.48349380493164,17.142857611179352,0.7425611000923839,2026-07-26T02:08:59.141720+00:00
763,2.862135648727417,14.28571492433548,0.7072176713596232,2026-07-26T02:09:07.458960+00:00
727,23.491674423217773,12.857143580913544,0.7303695285892381,2026-07-26T02:09:09.314382+00:00
764,3.3276307582855225,14.28571492433548,0.6710139857854561,2026-07-26T02:09:17.944239+00:00
728,5.488532543182373,12.857143580913544,0.7194795001331451,2026-07-26T02:09:19.562387+00:00
765,3.3698065280914307,17.142857611179352,0.6961358856642619,2026-07-26T02:09:28.304194+00:00
729,16.417232513427734,15.714286267757416,0.7180200999885398,2026-07-26T02:09:29.643858+00:00
766,3.2076168060302734,15.714286267757416,0.7146335429362287,2026-07-26T02:09:38.575518+00:00
730,16.27854347229004,15.714286267757416,0.7303861572706539,2026-07-26T02:09:39.768143+00:00
767,3.1146798133850098,14.28571492433548,0.702838300120285,2026-07-26T02:09:48.960481+00:00
768,3.0927412509918213,14.28571492433548,0.717046442982142,2026-07-26T02:09:59.468431+00:00
731,21.6586971282959,14.28571492433548,0.6877002998537917,2026-07-26T02:10:01.623975+00:00
769,6.956929683685303,12.857143580913544,0.7205090572824702,2026-07-26T02:10:09.872220+00:00
732,25.159032821655273,11.428571492433548,0.6995124000241049,2026-07-26T02:10:12.008872+00:00
770,3.548377513885498,15.714286267757416,0.6937111141659054,2026-07-26T02:10:31.912859+00:00
733,18.332345962524414,12.857143580913544,0.7168322857718782,2026-07-26T02:10:34.129038+00:00
771,3.670637845993042,15.714286267757416,0.7239849714096636,2026-07-26T02:10:42.281326+00:00
734,33.09929656982422,14.28571492433548,0.7207126572861202,2026-07-26T02:10:44.360608+00:00
772,2.9604218006134033,15.714286267757416,0.6841034142001132,2026-07-26T02:10:52.662075+00:00
735,28.079164505004883,12.857143580913544,0.7416496714410772,2026-07-26T02:10:54.658553+00:00
773,3.164238691329956,11.428571492433548,0.7135816286401158,2026-07-26T02:11:02.907587+00:00
736,22.540164947509766,15.714286267757416,0.7171215000978138,2026-07-26T02:11:04.897329+00:00
774,3.3553597927093506,8.571428805589676,0.726103328426169,2026-07-26T02:11:13.227722+00:00
737,30.575599670410156,18.571428954601288,0.7149503427042094,2026-07-26T02:11:15.051198+00:00
738,25.10491371154785,12.857143580913544,0.6996512999259201,2026-07-26T02:11:25.281268+00:00
775,8.785796165466309,15.714286267757416,0.7289937857422046,2026-07-26T02:11:35.201128+00:00
776,2.8373711109161377,15.714286267757416,0.7789976000952136,2026-07-26T02:11:45.695473+00:00
739,22.547698974609375,14.28571492433548,0.7398850284516811,2026-07-26T02:11:47.138446+00:00
740,24.085063934326172,17.142857611179352,0.6955926716078206,2026-07-26T02:11:57.455426+00:00
741,8.659248352050781,18.571428954601288,0.7099908714215936,2026-07-26T02:12:07.776269+00:00
777,3.1476356983184814,15.714286267757416,0.7163149142538064,2026-07-26T02:12:08.125276+00:00
742,13.686884880065918,15.714286267757416,0.7055547714116983,2026-07-26T02:12:17.902517+00:00
778,3.1928646564483643,14.28571492433548,0.7225239713859212,2026-07-26T02:12:18.386038+00:00
743,17.453704833984375,14.28571492433548,0.685019900057731,2026-07-26T02:12:28.007555+00:00
779,2.893465757369995,18.571428954601288,0.7153000000731221,2026-07-26T02:12:28.651223+00:00
780,3.082383394241333,15.714286267757416,0.7073422143418742,2026-07-26T02:12:39.201240+00:00
781,2.8180017471313477,14.28571492433548,0.7820393428638843,2026-07-26T02:12:49.690732+00:00
744,14.125787734985352,18.571428954601288,0.7042619857072298,2026-07-26T02:12:49.787008+00:00
782,3.4960811138153076,14.28571492433548,0.6902750142866613,2026-07-26T02:13:00.256898+00:00
745,14.876628875732422,17.142857611179352,0.7240331428225285,2026-07-26T02:13:00.339959+00:00
746,7.720989227294922,17.142857611179352,0.7488422856632886,2026-07-26T02:13:10.546360+00:00
747,21.501035690307617,15.714286267757416,0.7238995998964778,2026-07-26T02:13:20.777701+00:00
783,3.024637222290039,15.714286267757416,0.7089301715106038,2026-07-26T02:13:22.215315+00:00
748,29.717660903930664,12.857143580913544,0.7483137856719883,2026-07-26T02:13:31.095238+00:00
784,3.6307332515716553,12.857143580913544,0.7468299572272892,2026-07-26T02:13:32.592687+00:00
749,14.33828067779541,15.714286267757416,0.7199171286109569,2026-07-26T02:13:41.463295+00:00
785,4.2423553466796875,12.857143580913544,0.7151790285466372,2026-07-26T02:13:42.918816+00:00
750,19.829387664794922,14.28571492433548,0.7595338284902807,2026-07-26T02:13:52.126124+00:00
786,3.6007895469665527,11.428571492433548,0.7007711286340574,2026-07-26T02:13:53.255842+00:00
751,4.396152019500732,17.142857611179352,2.4893764998913475,2026-07-26T02:14:02.626046+00:00
787,3.0893938541412354,18.571428954601288,0.6827058856807915,2026-07-26T02:14:03.640069+00:00
752,27.713794708251953,14.28571492433548,0.7095960999972053,2026-07-26T02:14:13.104517+00:00
788,40.147830963134766,14.28571492433548,0.7581068714249081,2026-07-26T02:14:25.519800+00:00
753,15.41375732421875,18.571428954601288,0.7311664999828541,2026-07-26T02:14:35.401149+00:00
789,3.230567455291748,17.142857611179352,0.7081592571921647,2026-07-26T02:14:35.814818+00:00
790,3.0470733642578125,15.714286267757416,0.6901258286753936,2026-07-26T02:14:46.179987+00:00
791,3.561617851257324,14.28571492433548,0.7250206998183525,2026-07-26T02:14:56.458991+00:00
754,21.720787048339844,11.428571492433548,0.7940317857511608,2026-07-26T02:14:58.215326+00:00
792,3.0405232906341553,12.857143580913544,0.6914183857069084,2026-07-26T02:15:06.797855+00:00
755,11.84095287322998,15.714286267757416,0.728724071398444,2026-07-26T02:15:08.363814+00:00
793,3.0507442951202393,14.28571492433548,0.7308434713715022,2026-07-26T02:15:17.094953+00:00
756,14.449549674987793,12.857143580913544,0.7100847429163488,2026-07-26T02:15:18.655564+00:00
794,3.233597755432129,15.714286267757416,0.7223707000126264,2026-07-26T02:15:27.375559+00:00
757,19.042142868041992,14.28571492433548,0.6974733856623061,2026-07-26T02:15:28.768015+00:00
795,3.2557265758514404,14.28571492433548,0.6687475428667052,2026-07-26T02:15:37.755340+00:00
758,10.943869590759277,11.428571492433548,0.7102045999740118,2026-07-26T02:15:39.052763+00:00
796,2.9643890857696533,12.857143580913544,0.6984019001330515,2026-07-26T02:15:47.929931+00:00
759,11.455082893371582,10.000000149011612,0.6987862569595953,2026-07-26T02:15:49.405810+00:00
760,25.098142623901367,15.714286267757416,0.6832961857851063,2026-07-26T02:15:59.719067+00:00
761,17.418813705444336,14.28571492433548,0.712232628471351,2026-07-26T02:16:10.063445+00:00
797,2.9599266052246094,12.857143580913544,0.7220728144082906,2026-07-26T02:16:10.289093+00:00
762,13.987735748291016,14.28571492433548,0.7481664286128112,2026-07-26T02:16:20.423471+00:00
763,14.689697265625,15.714286267757416,0.7242049285975684,2026-07-26T02:16:30.812764+00:00
798,3.19598388671875,10.000000149011612,0.7478252570893217,2026-07-26T02:16:32.891080+00:00
764,16.721317291259766,12.857143580913544,0.7704826429419751,2026-07-26T02:16:41.506536+00:00
799,3.4059393405914307,15.714286267757416,0.7436735428720047,2026-07-26T02:16:43.630934+00:00
765,11.563149452209473,14.28571492433548,0.6895703573328709,2026-07-26T02:16:52.138367+00:00
800,3.3777384757995605,12.857143580913544,0.7478036857459561,2026-07-26T02:16:54.387554+00:00
801,2.637769937515259,15.714286267757416,0.6930605285950671,2026-07-26T02:17:04.694937+00:00
766,9.048782348632812,15.714286267757416,0.7153316714850786,2026-07-26T02:17:14.852910+00:00
802,3.0233254432678223,14.28571492433548,0.7012788143973531,2026-07-26T02:17:15.253764+00:00
803,3.532006025314331,17.142857611179352,0.7220087999095475,2026-07-26T02:17:25.617411+00:00
804,4.768991470336914,14.28571492433548,0.7338419427729346,2026-07-26T02:17:35.976432+00:00
767,13.016650199890137,17.142857611179352,0.7139638143209075,2026-07-26T02:17:37.227446+00:00
805,2.5839364528656006,15.714286267757416,0.7680170285831472,2026-07-26T02:17:46.505388+00:00
806,3.766004800796509,14.28571492433548,0.7426721571911392,2026-07-26T02:17:57.140791+00:00
768,11.454996109008789,12.857143580913544,0.7280965714016929,2026-07-26T02:17:59.761453+00:00
807,3.2147467136383057,14.28571492433548,0.7796698856899249,2026-07-26T02:18:07.539757+00:00
769,36.674869537353516,12.857143580913544,0.7198937571956776,2026-07-26T02:18:10.108874+00:00
808,3.2463908195495605,15.714286267757416,0.7101860570920897,2026-07-26T02:18:18.050835+00:00
770,19.348745346069336,14.28571492433548,0.7029787427329991,2026-07-26T02:18:20.439608+00:00
809,2.5974526405334473,15.714286267757416,0.6971694427193142,2026-07-26T02:18:28.468705+00:00
771,10.834529876708984,18.571428954601288,0.7042771999424855,2026-07-26T02:18:30.955857+00:00
772,9.294548988342285,11.428571492433548,0.8057885713891925,2026-07-26T02:18:41.526256+00:00
810,6.796024799346924,14.28571492433548,0.708507671411748,2026-07-26T02:18:50.913036+00:00
773,15.051187515258789,14.28571492433548,0.7840663570927323,2026-07-26T02:19:04.138885+00:00
811,2.8815481662750244,15.714286267757416,0.7852825142825688,2026-07-26T02:19:14.989917+00:00
774,17.048847198486328,12.857143580913544,0.815045128651296,2026-07-26T02:19:15.814326+00:00
812,3.14400315284729,12.857143580913544,2.3309467572419504,2026-07-26T02:19:39.043042+00:00
775,10.313945770263672,14.28571492433548,0.6900042569863477,2026-07-26T02:19:39.197638+00:00
813,2.778691291809082,14.28571492433548,0.7142417714931071,2026-07-26T02:19:49.654279+00:00
776,13.629096031188965,12.857143580913544,0.8495042285565952,2026-07-26T02:19:49.713716+00:00
777,11.196146965026855,14.28571492433548,0.7891169426979364,2026-07-26T02:20:00.007816+00:00
814,16.23158836364746,12.857143580913544,0.8777213000160243,2026-07-26T02:20:00.149805+00:00
815,2.6960763931274414,12.857143580913544,0.7187356143341667,2026-07-26T02:20:10.857274+00:00
816,98.89551544189453,14.28571492433548,0.7239998000191658,2026-07-26T02:20:21.477462+00:00
778,16.154661178588867,11.428571492433548,0.7014315714643868,2026-07-26T02:20:22.198120+00:00
779,8.538004875183105,15.714286267757416,0.7011026713631249,2026-07-26T02:20:32.628144+00:00
817,3.7699179649353027,14.28571492433548,0.7344544572073833,2026-07-26T02:20:43.973293+00:00
818,2.9780168533325195,14.28571492433548,0.7260082857101224,2026-07-26T02:20:54.371841+00:00
780,7.820498943328857,15.714286267757416,0.7309997427260637,2026-07-26T02:20:55.323144+00:00
781,6.73516845703125,14.28571492433548,0.6938934856277358,2026-07-26T02:21:05.825095+00:00
782,15.496969223022461,14.28571492433548,0.8082278000074439,2026-07-26T02:21:16.151284+00:00
819,2.536860466003418,15.714286267757416,0.7098494286765344,2026-07-26T02:21:16.274215+00:00
783,15.040185928344727,14.28571492433548,0.9431909141962284,2026-07-26T02:21:26.326168+00:00
820,2.603567123413086,14.28571492433548,0.7219921570919853,2026-07-26T02:21:26.527260+00:00
821,2.7075397968292236,12.857143580913544,0.7040685857646167,2026-07-26T02:21:36.624598+00:00
784,12.084306716918945,18.571428954601288,0.8348056144313887,2026-07-26T02:21:48.540555+00:00
785,12.844963073730469,15.714286267757416,0.7283157999544138,2026-07-26T02:21:59.019989+00:00
822,2.8119046688079834,15.714286267757416,0.7079226284986362,2026-07-26T02:21:59.313275+00:00
823,10.180624008178711,11.428571492433548,0.7234728142585871,2026-07-26T02:22:10.095672+00:00
786,8.003314971923828,21.42857164144516,0.7169644570759764,2026-07-26T02:22:21.383859+00:00
787,9.168829917907715,20.000000298023224,0.713349857168006,2026-07-26T02:22:31.642790+00:00
824,2.8578224182128906,11.428571492433548,0.726285985521307,2026-07-26T02:22:32.828557+00:00
825,3.1128640174865723,15.714286267757416,0.7115073285863869,2026-07-26T02:22:43.087846+00:00
826,2.604779005050659,14.28571492433548,0.7612593856590267,2026-07-26T02:22:53.543317+00:00
788,16.892465591430664,15.714286267757416,0.702942642965354,2026-07-26T02:22:53.863770+00:00
827,51.519405364990234,15.714286267757416,0.6928327570286845,2026-07-26T02:23:03.704399+00:00
789,15.970199584960938,15.714286267757416,0.7071733713798624,2026-07-26T02:23:04.038383+00:00
790,9.579143524169922,14.28571492433548,0.7278611284813711,2026-07-26T02:23:14.204711+00:00
828,2.995053768157959,15.714286267757416,0.6847074286529927,2026-07-26T02:23:25.653311+00:00
829,2.7364275455474854,14.28571492433548,0.7088923142873682,2026-07-26T02:23:36.118937+00:00
791,11.560346603393555,11.428571492433548,0.7246563429362141,2026-07-26T02:23:36.212312+00:00
792,16.167585372924805,12.857143580913544,0.7340589571478111,2026-07-26T02:23:46.388133+00:00
830,2.671480178833008,12.857143580913544,0.7644790000215705,2026-07-26T02:23:58.535839+00:00
793,8.338675498962402,12.857143580913544,0.9120311286616405,2026-07-26T02:24:08.542163+00:00
831,2.9401514530181885,15.714286267757416,0.6900635427362951,2026-07-26T02:24:08.894372+00:00
794,12.420780181884766,12.857143580913544,0.7149650143609115,2026-07-26T02:24:31.047722+00:00
832,3.4582302570343018,14.28571492433548,0.7165625429479405,2026-07-26T02:24:31.321656+00:00
833,3.320037841796875,14.28571492433548,0.7131264856850197,2026-07-26T02:24:41.584026+00:00
834,3.0411977767944336,14.28571492433548,0.6973681144050455,2026-07-26T02:24:51.987146+00:00
795,7.769432067871094,10.000000149011612,0.7572817429068631,2026-07-26T02:24:53.120022+00:00
796,9.545601844787598,15.714286267757416,0.7203340858853023,2026-07-26T02:25:03.372041+00:00
797,13.92139720916748,11.428571492433548,0.7598206143094492,2026-07-26T02:25:13.697341+00:00
835,3.0267388820648193,15.714286267757416,0.7129454286769032,2026-07-26T02:25:14.314649+00:00
798,15.683501243591309,12.857143580913544,0.6948289715052982,2026-07-26T02:25:24.052357+00:00
836,3.7730164527893066,14.28571492433548,0.716611285835305,2026-07-26T02:25:24.615557+00:00
799,27.630699157714844,15.714286267757416,0.7508518429988597,2026-07-26T02:25:34.531612+00:00
800,12.96098804473877,14.28571492433548,0.7068866001126091,2026-07-26T02:25:45.063955+00:00
837,4.013620376586914,12.857143580913544,0.7149609142548538,2026-07-26T02:25:46.902425+00:00
801,15.307674407958984,15.714286267757416,0.7443377712791386,2026-07-26T02:25:55.310462+00:00
802,8.541793823242188,14.28571492433548,0.7158777713941943,2026-07-26T02:26:05.655414+00:00
838,6.891857624053955,14.28571492433548,0.7267746571285117,2026-07-26T02:26:09.314257+00:00
803,7.311553478240967,14.28571492433548,0.7105080429547732,2026-07-26T02:26:16.025043+00:00
804,18.247968673706055,14.28571492433548,0.7219553428253026,2026-07-26T02:26:26.341798+00:00
839,4.260756015777588,14.28571492433548,0.7402545714285225,2026-07-26T02:26:31.781135+00:00
805,17.00618553161621,11.428571492433548,0.7237019285509763,2026-07-26T02:26:36.698346+00:00
840,3.6037826538085938,14.28571492433548,0.8022352714241217,2026-07-26T02:26:42.534549+00:00
806,6.757911682128906,17.142857611179352,0.7110672000895387,2026-07-26T02:26:47.401988+00:00
841,7.163837432861328,14.28571492433548,0.7125403856792089,2026-07-26T02:26:52.995078+00:00
842,3.9375672340393066,14.28571492433548,0.6999940856725776,2026-07-26T02:27:03.460724+00:00
807,11.406853675842285,14.28571492433548,0.6976037999265827,2026-07-26T02:27:09.613519+00:00
843,25.066158294677734,12.857143580913544,0.7133260999190888,2026-07-26T02:27:14.020069+00:00
808,4.55023193359375,12.857143580913544,0.7378116715699434,2026-07-26T02:27:20.157383+00:00
844,4.90216064453125,15.714286267757416,0.7302191856849407,2026-07-26T02:27:24.428818+00:00
809,7.828086853027344,15.714286267757416,0.7769600284518674,2026-07-26T02:27:30.367323+00:00
845,3.3066201210021973,15.714286267757416,0.6878711428726092,2026-07-26T02:27:34.877358+00:00
810,7.892024517059326,12.857143580913544,0.7696389856781545,2026-07-26T02:27:40.544235+00:00
846,4.617795467376709,14.28571492433548,0.7108597571329612,2026-07-26T02:27:45.126949+00:00
847,3.378242015838623,15.714286267757416,0.6965626002056524,2026-07-26T02:27:55.455083+00:00
811,8.714221954345703,15.714286267757416,0.7279132143594325,2026-07-26T02:28:02.746295+00:00
848,3.4343678951263428,15.714286267757416,0.7501668429800442,2026-07-26T02:28:05.772383+00:00
812,11.224037170410156,14.28571492433548,0.7252086999609934,2026-07-26T02:28:13.171218+00:00
849,69.30290222167969,14.28571492433548,0.7025554285584283,2026-07-26T02:28:16.091214+00:00
850,4.414239406585693,14.28571492433548,0.7500870714596073,2026-07-26T02:28:26.675445+00:00
813,12.27595043182373,14.28571492433548,0.7314708000714225,2026-07-26T02:28:35.259699+00:00
814,7.233299255371094,14.28571492433548,0.7545563284241195,2026-07-26T02:28:45.636539+00:00
851,5.966179370880127,12.857143580913544,0.7485882713808678,2026-07-26T02:28:48.932200+00:00
815,9.608922958374023,17.142857611179352,0.7141532713181472,2026-07-26T02:28:55.981194+00:00
852,3.6233255863189697,14.28571492433548,0.7044539714115672,2026-07-26T02:28:59.427970+00:00
816,14.787311553955078,12.857143580913544,0.7170134427724406,2026-07-26T02:29:06.472631+00:00
853,3.165738582611084,14.28571492433548,0.7066587572418419,2026-07-26T02:29:09.746227+00:00
817,10.237582206726074,14.28571492433548,0.7227756856341979,2026-07-26T02:29:16.788287+00:00
854,6.376470565795898,12.857143580913544,0.6962079856228749,2026-07-26T02:29:20.048624+00:00
818,6.512190341949463,14.28571492433548,0.75129374287956,2026-07-26T02:29:38.622980+00:00
855,3.1757137775421143,15.714286267757416,0.7958295287348197,2026-07-26T02:29:42.520626+00:00
819,12.635883331298828,17.142857611179352,0.7079264001471789,2026-07-26T02:29:49.064701+00:00
856,4.214446067810059,14.28571492433548,0.7214224570946369,2026-07-26T02:29:53.019082+00:00
820,6.204561233520508,11.428571492433548,0.7261088573224177,2026-07-26T02:30:11.272129+00:00
857,22.602569580078125,14.28571492433548,0.8089579142896193,2026-07-26T02:30:15.362255+00:00
821,13.294597625732422,12.857143580913544,0.6976739572045128,2026-07-26T02:30:21.719729+00:00
858,3.2208454608917236,14.28571492433548,0.711803142829532,2026-07-26T02:30:25.818036+00:00
859,4.343443393707275,14.28571492433548,0.7098788285345238,2026-07-26T02:30:35.998393+00:00
822,7.275883674621582,12.857143580913544,0.6930686144707059,2026-07-26T02:30:43.713912+00:00
860,4.12389612197876,15.714286267757416,0.6943805714919498,2026-07-26T02:30:46.427669+00:00
861,5.081436634063721,12.857143580913544,0.6935009716211685,2026-07-26T02:30:56.834602+00:00
823,11.957517623901367,15.714286267757416,0.7015397570544987,2026-07-26T02:31:05.416920+00:00
824,10.89073657989502,15.714286267757416,0.7273031001594583,2026-07-26T02:31:16.022718+00:00
862,4.428916931152344,12.857143580913544,0.7313267286268196,2026-07-26T02:31:18.857547+00:00
825,12.213943481445312,15.714286267757416,0.7459011142990286,2026-07-26T02:31:26.304136+00:00
863,4.760083198547363,18.571428954601288,0.7120127714837768,2026-07-26T02:31:29.211595+00:00
826,10.101223945617676,14.28571492433548,0.7114964714024349,2026-07-26T02:31:48.277534+00:00
864,3.764310121536255,15.714286267757416,0.7209239142996791,2026-07-26T02:31:51.230483+00:00
827,8.492209434509277,21.42857164144516,0.7172032286429645,2026-07-26T02:31:58.579297+00:00
865,4.094137191772461,12.857143580913544,0.7040263999702543,2026-07-26T02:32:01.612538+00:00
828,12.069568634033203,14.28571492433548,0.7097633572162262,2026-07-26T02:32:08.940810+00:00
829,5.34496545791626,12.857143580913544,0.6985948572816726,2026-07-26T02:32:19.261770+00:00
866,4.138453960418701,15.714286267757416,0.6984403429669328,2026-07-26T02:32:23.614267+00:00
830,7.189823150634766,15.714286267757416,0.7288251999333235,2026-07-26T02:32:29.411769+00:00
867,9.965890884399414,14.28571492433548,0.7124380857151534,2026-07-26T02:32:45.372298+00:00
831,7.6965765953063965,12.857143580913544,0.7225247143651359,2026-07-26T02:32:51.364954+00:00
868,4.049931049346924,12.857143580913544,0.6952587858125169,2026-07-26T02:32:55.762265+00:00
869,3.8461508750915527,14.28571492433548,0.6926418286249307,2026-07-26T02:33:06.036960+00:00
832,5.685142993927002,15.714286267757416,0.7050430572624984,2026-07-26T02:33:13.546584+00:00
833,6.806003093719482,11.428571492433548,0.7029390286853803,2026-07-26T02:33:23.800751+00:00
870,2.57962703704834,12.857143580913544,0.7105993285741923,2026-07-26T02:33:27.979272+00:00
871,3.674820899963379,12.857143580913544,0.7017435142188333,2026-07-26T02:33:38.137464+00:00
834,9.055657386779785,14.28571492433548,0.7637230714733181,2026-07-26T02:33:45.911284+00:00
872,3.6985979080200195,12.857143580913544,0.7170725713617035,2026-07-26T02:33:48.473697+00:00
835,6.721368312835693,15.714286267757416,0.7299926857480646,2026-07-26T02:33:56.320076+00:00
873,9.679927825927734,14.28571492433548,0.7166842715897863,2026-07-26T02:33:59.006381+00:00
836,11.425800323486328,15.714286267757416,0.718326999880706,2026-07-26T02:34:06.740584+00:00
874,4.447844505310059,12.857143580913544,0.7094935141919579,2026-07-26T02:34:09.347804+00:00
837,5.26951789855957,14.28571492433548,0.7097874714028356,2026-07-26T02:34:28.842664+00:00
875,4.217237949371338,12.857143580913544,0.7267450142535381,2026-07-26T02:34:31.311394+00:00
838,7.00554895401001,17.142857611179352,0.7356306286445553,2026-07-26T02:34:51.135119+00:00
876,3.8637168407440186,12.857143580913544,0.7409208142364929,2026-07-26T02:34:53.411048+00:00
839,6.626432418823242,12.857143580913544,0.6912206571931685,2026-07-26T02:35:01.635431+00:00
877,3.8963875770568848,15.714286267757416,0.7017716856872929,2026-07-26T02:35:03.795235+00:00
840,7.393277645111084,12.857143580913544,0.7327407286668729,2026-07-26T02:35:11.877273+00:00
841,8.990363121032715,20.000000298023224,0.7399068715000924,2026-07-26T02:35:21.994046+00:00
878,3.7216885089874268,14.28571492433548,0.699793199809002,2026-07-26T02:35:25.875662+00:00
879,2.9438316822052,15.714286267757416,0.7361865858131621,2026-07-26T02:35:36.198296+00:00
842,8.309547424316406,15.714286267757416,0.726914543026526,2026-07-26T02:35:44.415481+00:00
880,3.708199977874756,14.28571492433548,0.7316302998723196,2026-07-26T02:35:46.598299+00:00
843,6.843950271606445,15.714286267757416,0.9231409999691615,2026-07-26T02:36:06.414878+00:00
881,4.0697922706604,14.28571492433548,0.6988965999750819,2026-07-26T02:36:09.102389+00:00
844,8.021668434143066,17.142857611179352,0.6921985999464856,2026-07-26T02:36:16.587723+00:00
845,7.273284435272217,15.714286267757416,0.7553941857102991,2026-07-26T02:36:26.661351+00:00
882,3.457230806350708,12.857143580913544,0.7342904571227596,2026-07-26T02:36:30.778955+00:00
846,10.118721961975098,14.28571492433548,0.7026995286910928,2026-07-26T02:36:36.808699+00:00
883,2.8502328395843506,15.714286267757416,0.7124351570382714,2026-07-26T02:36:41.253651+00:00
884,3.02608585357666,15.714286267757416,0.6992280857437955,2026-07-26T02:36:51.492179+00:00
847,7.813385963439941,15.714286267757416,0.7417474715371749,2026-07-26T02:36:58.884121+00:00
885,3.7996888160705566,12.857143580913544,0.7165126573194617,2026-07-26T02:37:01.658216+00:00
848,9.908764839172363,15.714286267757416,0.6941732143916721,2026-07-26T02:37:09.017445+00:00
849,7.3120622634887695,14.28571492433548,0.736075614362822,2026-07-26T02:37:19.388990+00:00
886,3.508408784866333,15.714286267757416,0.7521430714405142,2026-07-26T02:37:24.250988+00:00
850,6.415380001068115,14.28571492433548,0.7567671000807812,2026-07-26T02:37:29.893092+00:00
851,6.5830159187316895,12.857143580913544,0.6923793428411175,2026-07-26T02:37:40.056371+00:00
887,3.6101715564727783,12.857143580913544,0.6852711713041313,2026-07-26T02:37:46.194375+00:00
852,6.105644702911377,12.857143580913544,0.6995489430015109,2026-07-26T02:37:50.250251+00:00
888,3.5631003379821777,14.28571492433548,2.3528255000461025,2026-07-26T02:37:56.361076+00:00
889,3.7502124309539795,14.28571492433548,0.6936807143834552,2026-07-26T02:38:06.565821+00:00
853,6.786550998687744,12.857143580913544,0.7116333714553288,2026-07-26T02:38:12.063773+00:00
890,3.2292935848236084,15.714286267757416,0.7350985143732812,2026-07-26T02:38:16.810232+00:00
854,4.379991054534912,14.28571492433548,0.6968654715040299,2026-07-26T02:38:33.761045+00:00
891,3.554562568664551,14.28571492433548,0.728030114467921,2026-07-26T02:38:38.694874+00:00
892,3.2014713287353516,12.857143580913544,0.6991374998636144,2026-07-26T02:38:49.133270+00:00
855,5.589504718780518,17.142857611179352,0.7438619142963684,2026-07-26T02:38:55.931254+00:00
893,3.391801595687866,12.857143580913544,0.7003706285364127,2026-07-26T02:38:59.437798+00:00
856,5.462251663208008,14.28571492433548,0.7080146855774468,2026-07-26T02:39:06.175395+00:00
894,3.2200405597686768,12.857143580913544,0.7059521856717765,2026-07-26T02:39:09.644155+00:00
857,6.6998419761657715,12.857143580913544,0.7242176715018493,2026-07-26T02:39:16.293655+00:00
895,2.9282214641571045,14.28571492433548,0.6849093714013829,2026-07-26T02:39:19.874609+00:00
858,5.648542881011963,15.714286267757416,0.7658432713859449,2026-07-26T02:39:26.532172+00:00
896,14.757805824279785,14.28571492433548,0.732406357045485,2026-07-26T02:39:30.117434+00:00
859,7.116825580596924,17.142857611179352,0.690050757215691,2026-07-26T02:39:36.729025+00:00
860,8.60759449005127,11.428571492433548,0.7009035286111092,2026-07-26T02:39:46.792970+00:00
897,3.415215015411377,12.857143580913544,0.6963584428636491,2026-07-26T02:39:51.750650+00:00
861,7.036745548248291,12.857143580913544,0.7127718858620418,2026-07-26T02:39:57.039043+00:00
862,5.4553704261779785,17.142857611179352,0.7187457572269653,2026-07-26T02:40:07.202137+00:00
898,32.82891845703125,14.28571492433548,0.7114114000744718,2026-07-26T02:40:13.570887+00:00
863,4.776730060577393,12.857143580913544,0.7218254000430794,2026-07-26T02:40:17.400740+00:00
864,7.322263717651367,10.000000149011612,0.7372390428957131,2026-07-26T02:40:27.620077+00:00
899,5.888485431671143,14.28571492433548,0.725505271527384,2026-07-26T02:40:35.737477+00:00
900,7.328929901123047,14.28571492433548,0.7102416285696174,2026-07-26T02:40:46.149804+00:00
865,6.775540351867676,15.714286267757416,0.7069784572065275,2026-07-26T02:40:49.611407+00:00
901,2.718372344970703,14.28571492433548,0.7153544855620046,2026-07-26T02:40:56.334841+00:00
866,44.78240966796875,17.142857611179352,0.7146399856927539,2026-07-26T02:40:59.750303+00:00
902,2.855464220046997,14.28571492433548,0.7222172427905856,2026-07-26T02:41:06.601605+00:00
903,2.7733869552612305,18.571428954601288,0.6644874287303537,2026-07-26T02:41:16.856862+00:00
867,7.10814905166626,8.571428805589676,0.6935491856503566,2026-07-26T02:41:21.843894+00:00
904,2.860386848449707,14.28571492433548,0.7003736856859177,2026-07-26T02:41:27.038751+00:00
868,5.774641513824463,17.142857611179352,0.7144850429280528,2026-07-26T02:41:31.995963+00:00
905,2.894639730453491,12.857143580913544,0.7107456141966395,2026-07-26T02:41:37.228621+00:00
906,2.705160617828369,11.428571492433548,0.7023555569633443,2026-07-26T02:41:47.463010+00:00
869,8.033682823181152,14.28571492433548,0.7142735570336559,2026-07-26T02:41:54.102984+00:00
907,2.608623743057251,14.28571492433548,0.6955699429714254,2026-07-26T02:41:57.733364+00:00
870,4.845433235168457,17.142857611179352,0.7289237571447821,2026-07-26T02:42:04.340864+00:00
908,2.6579511165618896,12.857143580913544,0.7067390569968015,2026-07-26T02:42:08.040902+00:00
871,20.342397689819336,15.714286267757416,0.7262177285156213,2026-07-26T02:42:14.564661+00:00
909,2.912928581237793,14.28571492433548,0.7138530287193134,2026-07-26T02:42:30.479018+00:00
872,6.372867584228516,17.142857611179352,0.7354171857254446,2026-07-26T02:42:36.874113+00:00
910,4.02689266204834,15.714286267757416,0.7225577715351912,2026-07-26T02:42:40.803903+00:00
873,5.196903705596924,12.857143580913544,0.7292823714254025,2026-07-26T02:42:47.272239+00:00
874,5.273841857910156,12.857143580913544,0.6901449999921689,2026-07-26T02:42:57.637529+00:00
911,2.557757616043091,14.28571492433548,0.7235309714035664,2026-07-26T02:43:03.242556+00:00
875,5.034742832183838,11.428571492433548,0.7239260999735312,2026-07-26T02:43:07.970109+00:00
912,2.5757153034210205,14.28571492433548,0.8055258571403101,2026-07-26T02:43:13.554074+00:00
876,5.480135917663574,14.28571492433548,0.7217639570756417,2026-07-26T02:43:18.407914+00:00
877,4.570767879486084,15.714286267757416,0.7011781284485811,2026-07-26T02:43:28.628313+00:00
913,2.4636077880859375,14.28571492433548,0.70332341440787,2026-07-26T02:43:35.733634+00:00
878,5.436746120452881,11.428571492433548,0.7284074427194096,2026-07-26T02:43:38.998469+00:00
914,2.6577370166778564,14.28571492433548,0.6946483714273199,2026-07-26T02:43:46.028667+00:00
879,5.493746757507324,15.714286267757416,0.6903152428484256,2026-07-26T02:43:49.311169+00:00
915,2.5194222927093506,15.714286267757416,0.6937387571919577,2026-07-26T02:43:56.358538+00:00
880,4.812989234924316,14.28571492433548,0.7209059144120796,2026-07-26T02:43:59.580249+00:00
881,4.384215354919434,15.714286267757416,0.7147778285018701,2026-07-26T02:44:09.843601+00:00
916,2.3953981399536133,17.142857611179352,0.7276382430323534,2026-07-26T02:44:18.470121+00:00
882,6.389614582061768,14.28571492433548,0.7268758571756604,2026-07-26T02:44:20.159151+00:00
917,2.7379581928253174,14.28571492433548,0.713973685716545,2026-07-26T02:44:28.762633+00:00
883,7.48876428604126,12.857143580913544,0.7248572429359359,2026-07-26T02:44:30.454435+00:00
918,2.76070237159729,14.28571492433548,0.7075728143848079,2026-07-26T02:44:39.179495+00:00
884,4.471697807312012,12.857143580913544,0.7041985000666631,2026-07-26T02:44:40.650956+00:00
919,3.3848330974578857,11.428571492433548,0.7316513714613393,2026-07-26T02:44:49.511070+00:00
920,2.4812533855438232,12.857143580913544,0.719113828589408,2026-07-26T02:44:59.878315+00:00
885,4.977710247039795,12.857143580913544,0.7195214144303463,2026-07-26T02:45:02.969925+00:00
921,2.656141996383667,15.714286267757416,0.7250851142868798,2026-07-26T02:45:10.312824+00:00
922,2.749441623687744,14.28571492433548,0.6954982571187429,2026-07-26T02:45:20.612959+00:00
886,4.655489444732666,15.714286267757416,0.719528271292802,2026-07-26T02:45:25.039079+00:00
923,2.498797655105591,11.428571492433548,0.6917616285915885,2026-07-26T02:45:31.102536+00:00
887,6.421037197113037,14.28571492433548,0.7131669713999145,2026-07-26T02:45:35.273558+00:00
924,4.351711273193359,15.714286267757416,0.697293585731781,2026-07-26T02:45:41.360171+00:00
888,4.820171356201172,14.28571492433548,0.754617185573027,2026-07-26T02:45:45.651872+00:00
925,2.5225095748901367,12.857143580913544,0.6947705713433346,2026-07-26T02:45:51.819847+00:00
926,2.4592082500457764,12.857143580913544,0.7539115858630143,2026-07-26T02:46:02.191804+00:00
889,5.164268970489502,15.714286267757416,0.7113029999475527,2026-07-26T02:46:07.478522+00:00
927,2.7234950065612793,14.28571492433548,0.6955083284992725,2026-07-26T02:46:12.565120+00:00
890,6.80808687210083,14.28571492433548,0.7193565285498542,2026-07-26T02:46:17.897285+00:00
928,2.5055019855499268,15.714286267757416,0.7376989428718974,2026-07-26T02:46:22.972572+00:00
891,5.683351516723633,12.857143580913544,0.7225830999751841,2026-07-26T02:46:28.058699+00:00
892,6.078864097595215,11.428571492433548,0.9479516142164357,2026-07-26T02:46:38.400475+00:00
929,2.4105560779571533,15.714286267757416,0.6979453570758258,2026-07-26T02:46:46.080252+00:00
893,6.831387042999268,14.28571492433548,0.6989141857567509,2026-07-26T02:47:01.115390+00:00
930,2.3769805431365967,14.28571492433548,0.72259732863001,2026-07-26T02:47:08.545343+00:00
931,2.2284951210021973,14.28571492433548,0.7255176429420577,2026-07-26T02:47:19.051881+00:00
894,5.294666767120361,15.714286267757416,0.7855112286051735,2026-07-26T02:47:23.543005+00:00
932,2.545966863632202,14.28571492433548,0.7486690000015577,2026-07-26T02:47:29.563824+00:00
895,3.610137939453125,14.28571492433548,0.7316458714610365,2026-07-26T02:47:33.898459+00:00
896,5.404406547546387,12.857143580913544,0.7251230286783539,2026-07-26T02:47:44.245340+00:00
933,2.5756452083587646,12.857143580913544,0.7217724142330033,2026-07-26T02:47:52.242255+00:00
897,3.4769043922424316,17.142857611179352,0.8121084856351704,2026-07-26T02:47:54.642929+00:00
934,2.336744546890259,15.714286267757416,0.7441055285328599,2026-07-26T02:48:02.725225+00:00
935,2.4311752319335938,15.714286267757416,0.7451281286193989,2026-07-26T02:48:13.104060+00:00
898,4.714327335357666,15.714286267757416,0.7097838427788312,2026-07-26T02:48:16.695369+00:00
936,2.5742149353027344,14.28571492433548,0.7056799999970411,2026-07-26T02:48:23.489511+00:00
899,4.497189044952393,12.857143580913544,0.7108086570432144,2026-07-26T02:48:27.198397+00:00
937,2.474876880645752,15.714286267757416,0.7101160858707902,2026-07-26T02:48:45.707086+00:00
900,3.81402850151062,15.714286267757416,0.6908954285401187,2026-07-26T02:48:49.720071+00:00
938,2.507237434387207,14.28571492433548,0.7100410428912645,2026-07-26T02:49:08.033105+00:00
901,4.085338592529297,12.857143580913544,0.7080380141685185,2026-07-26T02:49:11.767318+00:00
939,2.3984463214874268,14.28571492433548,0.7590043713987272,2026-07-26T02:49:18.346600+00:00
940,2.457962989807129,15.714286267757416,0.7005234858037771,2026-07-26T02:49:28.636230+00:00
902,5.429664134979248,11.428571492433548,0.7203928429849579,2026-07-26T02:49:33.991728+00:00
941,2.726966619491577,11.428571492433548,0.7005922714597546,2026-07-26T02:49:39.028340+00:00
903,3.692715883255005,14.28571492433548,0.7111609572478171,2026-07-26T02:49:44.224821+00:00
942,2.478464365005493,14.28571492433548,0.7363109857708747,2026-07-26T02:50:01.014167+00:00
904,4.356822490692139,14.28571492433548,0.7383364286007625,2026-07-26T02:50:06.589100+00:00
943,2.632516860961914,14.28571492433548,0.7458469857478381,2026-07-26T02:50:11.497277+00:00
905,4.758484840393066,14.28571492433548,0.73857088573277,2026-07-26T02:50:16.759569+00:00
944,2.490138530731201,12.857143580913544,0.7024978141998872,2026-07-26T02:50:33.726335+00:00
906,4.403378009796143,12.857143580913544,0.7821997856288883,2026-07-26T02:50:38.530984+00:00
907,3.8512589931488037,15.714286267757416,0.7207519000595701,2026-07-26T02:50:48.982553+00:00
945,2.4686546325683594,12.857143580913544,0.6852204429118761,2026-07-26T02:50:56.015454+00:00
908,5.266318321228027,14.28571492433548,0.7229866000540954,2026-07-26T02:51:11.287608+00:00
946,2.5234289169311523,14.28571492433548,0.715645428447585,2026-07-26T02:51:18.431618+00:00
909,4.34822416305542,11.428571492433548,0.7403658428562008,2026-07-26T02:51:21.529422+00:00
947,2.5196259021759033,14.28571492433548,0.7198885428286823,2026-07-26T02:51:28.773329+00:00
910,5.203965663909912,14.28571492433548,0.730695400021172,2026-07-26T02:51:43.801578+00:00
948,2.4401943683624268,14.28571492433548,0.7142438285102668,2026-07-26T02:51:51.178062+00:00
911,3.8903214931488037,12.857143580913544,0.7249870000772977,2026-07-26T02:51:53.989860+00:00
949,2.3083667755126953,14.28571492433548,0.7291907714846145,2026-07-26T02:52:01.591037+00:00
912,4.483463764190674,15.714286267757416,0.7272851570243282,2026-07-26T02:52:04.490859+00:00
913,3.908751964569092,17.142857611179352,0.737548699960046,2026-07-26T02:52:14.801616+00:00
950,2.5568606853485107,14.28571492433548,0.682595071391136,2026-07-26T02:52:23.996525+00:00
914,5.709073066711426,12.857143580913544,0.7280259287134478,2026-07-26T02:52:25.049100+00:00
951,2.476829767227173,14.28571492433548,0.8856746713198456,2026-07-26T02:52:34.518653+00:00
915,3.747541666030884,12.857143580913544,0.717610542778857,2026-07-26T02:52:35.463257+00:00
916,5.110607147216797,15.714286267757416,0.7532128286714267,2026-07-26T02:52:45.707713+00:00
917,4.982198715209961,12.857143580913544,0.7785307428483585,2026-07-26T02:52:56.053993+00:00
952,2.5446043014526367,14.28571492433548,0.7334450569552635,2026-07-26T02:52:56.801800+00:00
918,3.4779889583587646,17.142857611179352,0.7222846857205565,2026-07-26T02:53:06.335277+00:00
953,2.510550022125244,14.28571492433548,0.7019089428857634,2026-07-26T02:53:07.023154+00:00
919,4.775500297546387,12.857143580913544,0.735682542810017,2026-07-26T02:53:27.957263+00:00
954,2.4355685710906982,14.28571492433548,0.7267514856981248,2026-07-26T02:53:29.453541+00:00
955,2.458512544631958,14.28571492433548,0.7225067714378903,2026-07-26T02:53:39.637789+00:00
920,3.571775436401367,14.28571492433548,1.141178557216855,2026-07-26T02:53:49.963758+00:00
956,2.5756618976593018,11.428571492433548,0.8152390426922855,2026-07-26T02:53:50.060978+00:00
921,3.648932695388794,15.714286267757416,0.8194833285025587,2026-07-26T02:54:00.247249+00:00
957,2.4266178607940674,12.857143580913544,0.6931972430070996,2026-07-26T02:54:00.493314+00:00
922,3.7560486793518066,17.142857611179352,0.7177408570506876,2026-07-26T02:54:10.594642+00:00
958,2.4395809173583984,14.28571492433548,0.6939695141876915,2026-07-26T02:54:10.891043+00:00
923,4.255155563354492,18.571428954601288,0.7762617142621562,2026-07-26T02:54:21.007417+00:00
959,2.3844797611236572,12.857143580913544,0.6966344856274581,2026-07-26T02:54:21.163018+00:00
960,2.476874828338623,12.857143580913544,0.7714997856445345,2026-07-26T02:54:31.542747+00:00
961,2.312800407409668,14.28571492433548,0.7223038000769779,2026-07-26T02:54:41.903194+00:00
924,5.130760192871094,12.857143580913544,0.699348900109596,2026-07-26T02:54:43.108146+00:00
962,2.4009957313537598,12.857143580913544,0.6899096714083238,2026-07-26T02:54:52.282952+00:00
925,4.562681198120117,14.28571492433548,0.7143942001026257,2026-07-26T02:54:53.349168+00:00
926,4.269406795501709,17.142857611179352,0.7201619286206551,2026-07-26T02:55:03.821997+00:00
927,4.4600419998168945,14.28571492433548,0.7330051286511922,2026-07-26T02:55:14.242112+00:00
963,2.632171392440796,14.28571492433548,0.721554271461043,2026-07-26T02:55:14.411350+00:00
928,31.496051788330078,15.714286267757416,0.7309020000060887,2026-07-26T02:55:36.783124+00:00
964,2.3243186473846436,14.28571492433548,0.8553243285859935,2026-07-26T02:55:36.800146+00:00
965,2.3688628673553467,14.28571492433548,0.6857384141767398,2026-07-26T02:55:47.158965+00:00
966,2.4596471786499023,14.28571492433548,0.7180034856511547,2026-07-26T02:55:57.622658+00:00
929,5.030179977416992,14.28571492433548,0.7379630857030861,2026-07-26T02:55:59.365212+00:00
967,2.358781576156616,14.28571492433548,0.7047886143222318,2026-07-26T02:56:07.910289+00:00
930,4.828666687011719,14.28571492433548,0.6993328713828565,2026-07-26T02:56:09.861272+00:00
931,3.3929853439331055,15.714286267757416,0.7277159571198614,2026-07-26T02:56:20.277762+00:00
968,20.192941665649414,12.857143580913544,0.7002713998580085,2026-07-26T02:56:30.186710+00:00
932,2.954712390899658,17.142857611179352,0.7041878428676033,2026-07-26T02:56:30.737390+00:00
969,2.0903899669647217,17.142857611179352,0.8224085143800559,2026-07-26T02:56:40.603407+00:00
933,3.6192610263824463,14.28571492433548,0.7111020712597694,2026-07-26T02:56:41.190714+00:00
970,2.1070315837860107,15.714286267757416,0.7155952000175603,2026-07-26T02:56:51.149906+00:00
971,2.352985382080078,14.28571492433548,0.6867713571409695,2026-07-26T02:57:01.753665+00:00
934,3.3993608951568604,12.857143580913544,0.7020399712408627,2026-07-26T02:57:03.823228+00:00
935,3.136570930480957,20.000000298023224,0.6876932571425901,2026-07-26T02:57:14.165795+00:00
972,2.263561964035034,12.857143580913544,0.7177719856762061,2026-07-26T02:57:23.682364+00:00
936,4.901787281036377,12.857143580913544,0.7119006427404071,2026-07-26T02:57:36.368358+00:00
973,2.282444953918457,12.857143580913544,0.7143685143091716,2026-07-26T02:57:45.605909+00:00
937,3.523324966430664,15.714286267757416,0.733460028589304,2026-07-26T02:57:46.628188+00:00
974,2.169609308242798,12.857143580913544,0.7006441856252164,2026-07-26T02:57:55.739544+00:00
975,2.261857271194458,14.28571492433548,0.7053168715044325,2026-07-26T02:58:06.336475+00:00
938,4.591823101043701,14.28571492433548,0.7326461285369338,2026-07-26T02:58:09.208419+00:00
976,2.4688146114349365,14.28571492433548,0.7081590285192111,2026-07-26T02:58:16.613065+00:00
977,2.180742025375366,14.28571492433548,0.7041438285211501,2026-07-26T02:58:27.126492+00:00
939,3.7998151779174805,14.28571492433548,0.7187433287201982,2026-07-26T02:58:31.219054+00:00
978,2.2157135009765625,12.857143580913544,0.7236473715498245,2026-07-26T02:58:49.380187+00:00
940,14.401815414428711,14.28571492433548,0.6937508714535008,2026-07-26T02:58:54.247566+00:00
979,2.2936625480651855,11.428571492433548,0.7185369000321121,2026-07-26T02:58:59.866275+00:00
941,3.483565330505371,14.28571492433548,0.742102314377137,2026-07-26T02:59:04.623815+00:00
942,3.5489823818206787,12.857143580913544,0.7312667142416883,2026-07-26T02:59:15.064125+00:00
980,2.300370931625366,11.428571492433548,0.6906543712830171,2026-07-26T02:59:21.781616+00:00
943,2.653900384902954,15.714286267757416,0.6994365855851875,2026-07-26T02:59:25.300435+00:00
981,2.2344303131103516,15.714286267757416,0.6950700428985458,2026-07-26T02:59:32.032351+00:00
944,3.676297426223755,11.428571492433548,0.7967202714228603,2026-07-26T02:59:47.536663+00:00
982,2.107882499694824,15.714286267757416,0.7476716713946578,2026-07-26T02:59:54.474521+00:00
945,3.6657702922821045,12.857143580913544,0.6845762714095014,2026-07-26T03:00:09.891227+00:00
983,2.1451189517974854,14.28571492433548,0.687175799976103,2026-07-26T03:00:16.404154+00:00
946,2.9010813236236572,18.571428954601288,0.724734657186283,2026-07-26T03:00:20.210043+00:00
984,9.308377265930176,14.28571492433548,0.6836694999947213,2026-07-26T03:00:38.864158+00:00
947,13.558752059936523,12.857143580913544,0.6998945426728044,2026-07-26T03:00:42.216092+00:00
985,2.1870341300964355,14.28571492433548,0.7106358000393292,2026-07-26T03:00:49.144441+00:00
948,2.687413215637207,15.714286267757416,0.7666971998073028,2026-07-26T03:00:52.536115+00:00
986,2.276442766189575,12.857143580913544,0.7397147429791013,2026-07-26T03:00:59.437863+00:00
987,2.211817502975464,14.28571492433548,0.6921981286723167,2026-07-26T03:01:09.714938+00:00
949,3.986304998397827,12.857143580913544,0.7111790286476857,2026-07-26T03:01:14.651676+00:00
950,3.3754467964172363,14.28571492433548,0.7226061427250637,2026-07-26T03:01:25.296135+00:00
988,2.1953229904174805,14.28571492433548,0.7244437714689411,2026-07-26T03:01:31.859431+00:00
951,3.920424222946167,12.857143580913544,0.720250371419492,2026-07-26T03:01:35.405551+00:00
952,3.805396795272827,14.28571492433548,0.6976771143464637,2026-07-26T03:01:45.744062+00:00
989,2.21465802192688,14.28571492433548,0.7210142715069067,2026-07-26T03:01:53.748381+00:00
990,13.605045318603516,11.428571492433548,0.7083156141951414,2026-07-26T03:02:04.159117+00:00
953,3.50152850151062,14.28571492433548,0.7206469285717634,2026-07-26T03:02:08.315177+00:00
954,3.0141994953155518,14.28571492433548,0.7309334286089454,2026-07-26T03:02:18.758315+00:00
991,2.1440823078155518,14.28571492433548,2.336495171350959,2026-07-26T03:02:26.269858+00:00
955,3.3562638759613037,12.857143580913544,0.726004785558741,2026-07-26T03:02:28.956158+00:00
992,2.317185878753662,11.428571492433548,0.7118882713257335,2026-07-26T03:02:36.453571+00:00
956,3.1302146911621094,15.714286267757416,0.7388320427188384,2026-07-26T03:02:39.384620+00:00
957,2.8572933673858643,15.714286267757416,0.7187983856835802,2026-07-26T03:02:49.614840+00:00
993,2.185830593109131,15.714286267757416,0.7055447715434379,2026-07-26T03:02:58.610431+00:00
958,5.354094505310059,15.714286267757416,0.7404723857429677,2026-07-26T03:02:59.977036+00:00
994,2.031123638153076,14.28571492433548,0.7184436000118565,2026-07-26T03:03:08.885438+00:00
995,2.0927464962005615,15.714286267757416,0.676893485693394,2026-07-26T03:03:19.235221+00:00
959,3.1257858276367188,12.857143580913544,0.6937937285069243,2026-07-26T03:03:22.280402+00:00
996,2.228653907775879,14.28571492433548,0.6998388714107152,2026-07-26T03:03:29.464858+00:00
960,2.615727663040161,17.142857611179352,0.6931860858458094,2026-07-26T03:03:32.417115+00:00
997,2.3866453170776367,11.428571492433548,0.7209691998598697,2026-07-26T03:03:51.461122+00:00
961,2.9118878841400146,15.714286267757416,0.7147821572808816,2026-07-26T03:03:54.269655+00:00
998,2.1937224864959717,15.714286267757416,0.7147381285903975,2026-07-26T03:04:01.831780+00:00
962,3.7820491790771484,15.714286267757416,0.7142018998690349,2026-07-26T03:04:04.587806+00:00
999,2.3479034900665283,12.857143580913544,0.6922736429260112,2026-07-26T03:04:12.059166+00:00
963,3.2595434188842773,14.28571492433548,0.7225676572748594,2026-07-26T03:04:14.703004+00:00
964,4.089405536651611,12.857143580913544,0.7008773143752478,2026-07-26T03:04:24.865974+00:00
965,3.68506121635437,12.857143580913544,0.7468005712975615,2026-07-26T03:04:35.139657+00:00
966,3.3408751487731934,14.28571492433548,0.6924192857695743,2026-07-26T03:04:57.089266+00:00
967,2.449683427810669,14.28571492433548,0.7290305143604721,2026-07-26T03:05:19.564153+00:00
968,20.298171997070312,12.857143580913544,0.7438743428792804,2026-07-26T03:05:29.843690+00:00
969,3.2982935905456543,15.714286267757416,0.7225387000029774,2026-07-26T03:05:52.219459+00:00
970,3.796837568283081,14.28571492433548,0.7162229141353497,2026-07-26T03:06:02.586029+00:00
971,2.9629361629486084,14.28571492433548,0.7254099714503224,2026-07-26T03:06:24.295099+00:00
972,2.7620999813079834,15.714286267757416,0.9237090285751037,2026-07-26T03:06:46.641537+00:00
973,3.119194269180298,14.28571492433548,0.8637544715643994,2026-07-26T03:06:56.891456+00:00
974,2.7138516902923584,14.28571492433548,0.7325053998751433,2026-07-26T03:07:07.181577+00:00
975,3.360828399658203,12.857143580913544,0.7337999999955562,2026-07-26T03:07:29.317778+00:00
976,3.225585460662842,17.142857611179352,0.6869351285526396,2026-07-26T03:07:51.098372+00:00
977,2.906909227371216,12.857143580913544,0.7082038999734712,2026-07-26T03:08:01.569483+00:00
978,2.9395627975463867,12.857143580913544,0.6953709141401175,2026-07-26T03:08:11.692830+00:00
979,3.3395237922668457,12.857143580913544,0.9602969285749299,2026-07-26T03:08:33.819906+00:00
980,4.8788323402404785,12.857143580913544,0.6814131714885922,2026-07-26T03:08:44.048551+00:00
981,2.9654040336608887,14.28571492433548,0.7446570856180708,2026-07-26T03:08:54.575727+00:00
982,2.715641498565674,15.714286267757416,0.6927301429511448,2026-07-26T03:09:04.802906+00:00
983,3.3629238605499268,12.857143580913544,0.7831652000147317,2026-07-26T03:09:26.464278+00:00
984,3.3828396797180176,14.28571492433548,0.7095624572165045,2026-07-26T03:09:36.592876+00:00
985,2.806408643722534,12.857143580913544,0.7479819142775211,2026-07-26T03:09:46.785668+00:00
986,3.0758697986602783,15.714286267757416,0.7956827857664652,2026-07-26T03:09:57.007253+00:00
987,3.0462722778320312,14.28571492433548,0.7177207142896285,2026-07-26T03:10:19.314477+00:00
988,3.1466894149780273,12.857143580913544,0.7402213570977828,2026-07-26T03:10:29.398268+00:00
989,8.256253242492676,15.714286267757416,0.7228485285720255,2026-07-26T03:10:51.353744+00:00
990,3.7887485027313232,15.714286267757416,0.7010162714453015,2026-07-26T03:11:01.580600+00:00
991,2.670665979385376,15.714286267757416,0.7156755143244352,2026-07-26T03:11:11.741759+00:00
992,2.8971164226531982,17.142857611179352,0.7068930285251034,2026-07-26T03:11:22.066470+00:00
993,2.8166351318359375,12.857143580913544,0.7136256142985076,2026-07-26T03:11:32.357039+00:00
994,3.0409939289093018,12.857143580913544,0.7629445142811164,2026-07-26T03:11:42.650566+00:00
995,3.4178647994995117,17.142857611179352,0.686174257134553,2026-07-26T03:11:52.836868+00:00
996,3.1723146438598633,14.28571492433548,0.7168604000720994,2026-07-26T03:12:03.239015+00:00
997,19.387954711914062,15.714286267757416,0.7147881857235916,2026-07-26T03:12:13.378911+00:00
998,2.876582384109497,15.714286267757416,0.6990929714187846,2026-07-26T03:12:23.672299+00:00
999,2.970107078552246,15.714286267757416,0.7108688142449995,2026-07-26T03:12:45.862580+00:00
