episode,loss,acc,inf_ms,timestamp
0,6.0753960609436035,45.71428596973419,0.6751178000870693,2026-07-26T07:25:05.203842+00:00
1,7.296465873718262,44.285714626312256,0.703252771303856,2026-07-26T07:25:16.006982+00:00
2,8.731376647949219,31.42857253551483,0.6994214000379932,2026-07-26T07:25:38.337623+00:00
3,6.605128765106201,45.71428596973419,0.7035465428738722,2026-07-26T07:26:00.697838+00:00
4,8.219639778137207,48.571428656578064,0.7096415570621113,2026-07-26T07:26:11.121211+00:00
5,4.750818252563477,54.28571701049805,0.7276143427588977,2026-07-26T07:26:21.635978+00:00
6,7.713208198547363,44.285714626312256,2.6181606713050445,2026-07-26T07:26:32.396793+00:00
7,11.259710311889648,35.71428656578064,0.8537832285842991,2026-07-26T07:26:43.477077+00:00
8,10.179774284362793,47.14285731315613,0.7176785143591198,2026-07-26T07:27:06.060944+00:00
9,14.143911361694336,40.00000059604645,0.726413271331694,2026-07-26T07:27:16.789773+00:00
10,8.054556846618652,42.85714328289032,0.6927524855460174,2026-07-26T07:27:27.458267+00:00
11,12.665305137634277,32.85714387893677,0.7075161429903736,2026-07-26T07:27:38.083016+00:00
12,9.290108680725098,44.285714626312256,0.7327636570802757,2026-07-26T07:28:00.841806+00:00
13,14.943181037902832,37.142857909202576,0.6973884571509968,2026-07-26T07:28:11.320770+00:00
14,12.614336013793945,40.00000059604645,0.7208949857158586,2026-07-26T07:28:33.440207+00:00
15,7.82861328125,50.0,0.7505813000274688,2026-07-26T07:28:44.002125+00:00
16,2.581249952316284,71.42857313156128,0.7154678144226118,2026-07-26T07:28:54.520757+00:00
17,6.8773651123046875,44.285714626312256,0.7426552715644772,2026-07-26T07:29:05.361445+00:00
18,8.024439811706543,35.71428656578064,0.7049280141862775,2026-07-26T07:29:15.898254+00:00
19,4.086402893066406,50.0,0.7126664857163892,2026-07-26T07:29:38.105730+00:00
20,2.5021109580993652,58.571428060531616,0.7512099714533957,2026-07-26T07:30:00.429907+00:00
21,4.959854602813721,37.142857909202576,0.7332267570226187,2026-07-26T07:30:22.721820+00:00
22,6.72667121887207,12.857143580913544,2.3010916284485052,2026-07-26T07:30:33.415174+00:00
23,2.6385176181793213,45.71428596973419,0.7277403143234551,2026-07-26T07:30:44.007662+00:00
24,2.591841697692871,42.85714328289032,0.7030528857805101,2026-07-26T07:31:06.510273+00:00
25,3.3207027912139893,32.85714387893677,0.7376114856534904,2026-07-26T07:31:17.362744+00:00
26,5.293992519378662,25.714287161827087,0.7214897856881309,2026-07-26T07:31:40.272314+00:00
27,3.420041799545288,12.857143580913544,0.7360781713422122,2026-07-26T07:31:51.032840+00:00
28,3.6136372089385986,35.71428656578064,0.7079864141165412,2026-07-26T07:32:01.610704+00:00
0,6.5736403465271,55.714285373687744,0.7163512570384357,2026-07-26T07:32:20.488652+00:00
29,2.5249931812286377,25.714287161827087,0.7054414714470373,2026-07-26T07:32:24.742310+00:00
1,7.4615888595581055,37.142857909202576,0.7226467714644969,2026-07-26T07:32:31.178285+00:00
2,10.038084030151367,30.000001192092896,0.7093298284287032,2026-07-26T07:32:41.652574+00:00
30,1.5909887552261353,44.285714626312256,0.7369246714266151,2026-07-26T07:32:47.003736+00:00
31,2.2956995964050293,37.142857909202576,0.7104674285593708,2026-07-26T07:32:57.802547+00:00
3,12.326958656311035,27.142858505249023,0.720385614217126,2026-07-26T07:33:04.202245+00:00
32,2.751805305480957,25.714287161827087,0.7020404285867698,2026-07-26T07:33:08.406639+00:00
4,10.505574226379395,30.000001192092896,0.7080172714527829,2026-07-26T07:33:14.855401+00:00
5,9.44543743133545,28.57142984867096,0.6887708285440957,2026-07-26T07:33:25.220277+00:00
33,1.9787031412124634,37.142857909202576,0.6836782858174826,2026-07-26T07:33:30.723472+00:00
6,10.847737312316895,21.42857164144516,0.695978400056317,2026-07-26T07:33:35.737569+00:00
34,2.3295907974243164,31.42857253551483,0.7281936143824298,2026-07-26T07:33:41.365316+00:00
35,1.9891976118087769,17.142857611179352,0.6887273428479342,2026-07-26T07:33:52.056341+00:00
7,9.055917739868164,31.42857253551483,0.7025538286792913,2026-07-26T07:33:57.781249+00:00
36,2.0818493366241455,24.285714328289032,0.7284965141609844,2026-07-26T07:34:02.662030+00:00
8,8.122279167175293,25.714287161827087,0.7028381001353929,2026-07-26T07:34:08.292332+00:00
37,1.8987613916397095,38.57142925262451,0.7087685142843319,2026-07-26T07:34:24.976808+00:00
9,7.559874534606934,35.71428656578064,0.7163834142764764,2026-07-26T07:34:30.713520+00:00
10,7.072712421417236,20.000000298023224,0.7193102856815261,2026-07-26T07:34:41.213253+00:00
38,1.9261914491653442,28.57142984867096,0.6990601427137985,2026-07-26T07:34:47.386755+00:00
11,6.015546798706055,17.142857611179352,0.7197470570515309,2026-07-26T07:35:03.865822+00:00
39,1.8810958862304688,34.285715222358704,0.6891418570635974,2026-07-26T07:35:09.734734+00:00
40,1.6999931335449219,45.71428596973419,2.347372342982063,2026-07-26T07:35:20.358130+00:00
12,4.682781219482422,40.00000059604645,0.720336585696454,2026-07-26T07:35:26.451857+00:00
41,1.880163311958313,28.57142984867096,0.7126655714403438,2026-07-26T07:35:30.933055+00:00
13,5.484184741973877,10.000000149011612,2.438242142670788,2026-07-26T07:35:37.190347+00:00
42,1.8331621885299683,35.71428656578064,0.7447400286244894,2026-07-26T07:35:41.589053+00:00
14,5.631075859069824,22.857142984867096,0.7259961429684023,2026-07-26T07:35:47.829062+00:00
43,1.660509467124939,35.71428656578064,0.7055540429843988,2026-07-26T07:35:52.200571+00:00
44,2.2782065868377686,22.857142984867096,0.7288485570045721,2026-07-26T07:36:02.895830+00:00
15,7.624876976013184,20.000000298023224,0.6981592712691054,2026-07-26T07:36:10.023213+00:00
45,2.1377315521240234,24.285714328289032,0.6882872143510862,2026-07-26T07:36:13.618920+00:00
16,3.2918004989624023,10.000000149011612,0.7266682000980447,2026-07-26T07:36:20.715662+00:00
46,1.9768515825271606,34.285715222358704,0.6920966571280067,2026-07-26T07:36:24.286255+00:00
17,2.8159985542297363,34.285715222358704,0.7203345143352635,2026-07-26T07:36:31.245533+00:00
47,1.9742118120193481,11.428571492433548,0.7129125571477094,2026-07-26T07:36:34.838911+00:00
18,5.497714519500732,7.14285746216774,0.7302598572485814,2026-07-26T07:36:41.865887+00:00
48,1.6716868877410889,40.00000059604645,0.7257947999668042,2026-07-26T07:36:45.894583+00:00
49,1.939813256263733,20.000000298023224,0.7052895427997491,2026-07-26T07:36:56.624158+00:00
19,5.295548439025879,18.571428954601288,0.6944884712408697,2026-07-26T07:37:04.447516+00:00
20,2.7574691772460938,14.28571492433548,0.6989369713535001,2026-07-26T07:37:14.855766+00:00
50,2.000110387802124,25.714287161827087,0.702977085893508,2026-07-26T07:37:19.028084+00:00
21,1.9256473779678345,32.85714387893677,0.7258483572513796,2026-07-26T07:37:37.056054+00:00
51,1.9428318738937378,32.85714387893677,0.7346686144176472,2026-07-26T07:37:41.606103+00:00
22,2.1808223724365234,22.857142984867096,0.7322814143013342,2026-07-26T07:37:47.710682+00:00
52,1.8489972352981567,30.000001192092896,0.6975007000229587,2026-07-26T07:37:52.123058+00:00
53,1.930569052696228,18.571428954601288,0.7100970569548994,2026-07-26T07:38:02.782857+00:00
23,2.7499148845672607,15.714286267757416,0.6936037428593929,2026-07-26T07:38:10.065953+00:00
54,1.686476469039917,41.428571939468384,0.7055373429985983,2026-07-26T07:38:13.424205+00:00
55,1.9324101209640503,17.142857611179352,2.453809971380646,2026-07-26T07:38:24.182595+00:00
24,2.5630643367767334,15.714286267757416,0.7395334570901468,2026-07-26T07:38:32.075363+00:00
56,1.7595514059066772,42.85714328289032,0.7202183715500203,2026-07-26T07:38:34.866291+00:00
57,2.118435859680176,18.571428954601288,0.7275059287037168,2026-07-26T07:38:45.505512+00:00
25,2.3480451107025146,17.142857611179352,0.7024598287119131,2026-07-26T07:38:54.885574+00:00
58,1.7994192838668823,40.00000059604645,0.7420441715761885,2026-07-26T07:38:56.001359+00:00
59,1.8815512657165527,40.00000059604645,0.7113941429582026,2026-07-26T07:39:06.620533+00:00
26,2.8645219802856445,18.571428954601288,0.7243726714347889,2026-07-26T07:39:17.004693+00:00
27,4.098282337188721,7.14285746216774,0.6782618571638263,2026-07-26T07:39:27.776385+00:00
60,1.6869592666625977,31.42857253551483,0.7292639143997803,2026-07-26T07:39:29.159201+00:00
28,3.0433056354522705,30.000001192092896,0.7342994429304132,2026-07-26T07:39:49.748774+00:00
61,1.6693207025527954,41.428571939468384,2.4108578428110508,2026-07-26T07:39:51.633774+00:00
29,2.588456392288208,11.428571492433548,0.7219243000560839,2026-07-26T07:40:00.088444+00:00
62,1.7968904972076416,37.142857909202576,0.6995169429241547,2026-07-26T07:40:02.085365+00:00
63,1.7971937656402588,25.714287161827087,0.7688249712893074,2026-07-26T07:40:12.694304+00:00
30,2.374406576156616,8.571428805589676,0.7219679285688991,2026-07-26T07:40:22.121291+00:00
64,2.2823197841644287,22.857142984867096,0.6838442857510277,2026-07-26T07:40:23.481957+00:00
31,4.149242401123047,4.285714402794838,0.7352528428392751,2026-07-26T07:40:32.813346+00:00
65,1.486883521080017,40.00000059604645,0.7080287572794727,2026-07-26T07:40:34.101823+00:00
32,2.4906651973724365,22.857142984867096,0.7408547714086515,2026-07-26T07:40:43.195880+00:00
33,3.1408207416534424,15.714286267757416,0.8033880999261913,2026-07-26T07:40:53.574529+00:00
66,1.7552496194839478,32.85714387893677,0.7547917570004107,2026-07-26T07:40:56.447388+00:00
34,2.420179605484009,37.142857909202576,0.7331182714551687,2026-07-26T07:41:04.188410+00:00
67,2.419956922531128,17.142857611179352,0.7178652428722542,2026-07-26T07:41:06.971192+00:00
35,3.512165069580078,2.857142873108387,0.7301618143433839,2026-07-26T07:41:14.608109+00:00
68,2.4322876930236816,20.000000298023224,0.738950957020279,2026-07-26T07:41:17.502657+00:00
36,3.553520917892456,11.428571492433548,0.7029526143534376,2026-07-26T07:41:25.179824+00:00
69,2.1917593479156494,31.42857253551483,0.7004604142691407,2026-07-26T07:41:28.132015+00:00
37,2.118844985961914,10.000000149011612,0.7193017000515414,2026-07-26T07:41:35.665674+00:00
38,2.7837820053100586,12.857143580913544,0.7988094142222378,2026-07-26T07:41:46.069255+00:00
70,1.896634817123413,35.71428656578064,0.6839292855667216,2026-07-26T07:41:50.756935+00:00
71,1.988437294960022,30.000001192092896,0.7694695286253201,2026-07-26T07:42:01.369199+00:00
39,2.9277143478393555,2.857142873108387,0.7254129001272044,2026-07-26T07:42:08.591225+00:00
40,3.507568597793579,22.857142984867096,0.7161014713346958,2026-07-26T07:42:18.968136+00:00
72,2.2924184799194336,38.57142925262451,0.7958265428896993,2026-07-26T07:42:23.567072+00:00
41,2.33404541015625,15.714286267757416,0.7198766857202696,2026-07-26T07:42:29.338700+00:00
73,1.85919189453125,30.000001192092896,0.7138453143332819,2026-07-26T07:42:46.116435+00:00
42,2.70102596282959,7.14285746216774,2.385884414460244,2026-07-26T07:42:51.534780+00:00
74,1.7277952432632446,37.142857909202576,0.7026545287642095,2026-07-26T07:42:56.887970+00:00
43,2.3358588218688965,14.28571492433548,0.7770365428379071,2026-07-26T07:43:13.753359+00:00
75,2.3949544429779053,22.857142984867096,0.6992979287003566,2026-07-26T07:43:19.308031+00:00
44,2.2931973934173584,11.428571492433548,0.7163411856579063,2026-07-26T07:43:24.183628+00:00
76,1.9447261095046997,41.428571939468384,0.7187954713507289,2026-07-26T07:43:42.029952+00:00
45,2.6694772243499756,24.285714328289032,0.7266911285114475,2026-07-26T07:43:46.587651+00:00
77,1.5501877069473267,40.00000059604645,0.7063871428337215,2026-07-26T07:44:04.150158+00:00
46,2.106715679168701,30.000001192092896,0.7141941856908878,2026-07-26T07:44:08.627259+00:00
78,1.7225717306137085,37.142857909202576,0.6961150429560803,2026-07-26T07:44:14.622608+00:00
79,2.0606930255889893,24.285714328289032,0.729561471546601,2026-07-26T07:44:25.169600+00:00
47,2.261950731277466,15.714286267757416,0.6914303141197057,2026-07-26T07:44:30.736864+00:00
80,1.5440610647201538,45.71428596973419,0.7010665285633877,2026-07-26T07:44:35.798832+00:00
48,2.6951146125793457,20.000000298023224,0.7124961713478635,2026-07-26T07:44:41.264330+00:00
81,1.7996059656143188,31.42857253551483,0.7448746142992084,2026-07-26T07:44:46.544464+00:00
49,2.094273090362549,20.000000298023224,0.7219294713909871,2026-07-26T07:44:51.816208+00:00
82,1.4814926385879517,44.285714626312256,0.6805398715576823,2026-07-26T07:44:57.081820+00:00
50,2.2415213584899902,20.000000298023224,0.7192831713057655,2026-07-26T07:45:02.538046+00:00
51,2.0766141414642334,28.57142984867096,0.695521842862945,2026-07-26T07:45:12.878258+00:00
83,2.015516996383667,34.285715222358704,0.749208899963248,2026-07-26T07:45:19.385925+00:00
52,2.1163394451141357,25.714287161827087,0.7030946285729962,2026-07-26T07:45:23.487506+00:00
84,1.5009765625,48.571428656578064,0.6971817428296032,2026-07-26T07:45:29.788364+00:00
53,2.244826316833496,25.714287161827087,0.7120735714644459,2026-07-26T07:45:33.852359+00:00
85,1.5325064659118652,32.85714387893677,0.7131983856587405,2026-07-26T07:45:40.329316+00:00
86,1.4075677394866943,48.571428656578064,0.7112456429500266,2026-07-26T07:45:50.868624+00:00
54,2.239391565322876,7.14285746216774,0.731541942721898,2026-07-26T07:45:55.974193+00:00
87,1.649680256843567,34.285715222358704,0.7157312142745857,2026-07-26T07:46:01.316419+00:00
55,2.633612632751465,15.714286267757416,0.7022406714635768,2026-07-26T07:46:06.442154+00:00
56,2.4721148014068604,15.714286267757416,0.709122814337856,2026-07-26T07:46:17.074838+00:00
88,1.6393513679504395,37.142857909202576,0.7174462998851336,2026-07-26T07:46:23.862855+00:00
57,2.006869316101074,30.000001192092896,0.6766338570741937,2026-07-26T07:46:27.476819+00:00
58,2.584010601043701,18.571428954601288,0.7306154141718123,2026-07-26T07:46:38.089568+00:00
89,1.6651569604873657,40.00000059604645,0.7337901001197419,2026-07-26T07:46:46.943283+00:00
90,1.9505407810211182,38.57142925262451,0.7004064287424886,2026-07-26T07:46:57.622344+00:00
59,1.9645200967788696,32.85714387893677,0.7242090000155648,2026-07-26T07:47:02.021137+00:00
91,1.4563506841659546,54.28571701049805,0.7209955714643002,2026-07-26T07:47:08.181521+00:00
60,2.066100835800171,18.571428954601288,0.7196148570593712,2026-07-26T07:47:12.595326+00:00
61,2.2467098236083984,18.571428954601288,0.7209039715235122,2026-07-26T07:47:23.217780+00:00
92,1.7943154573440552,37.142857909202576,0.7611624000544128,2026-07-26T07:47:30.561860+00:00
62,2.2079241275787354,18.571428954601288,0.7112357428663277,2026-07-26T07:47:33.740913+00:00
93,2.001814603805542,28.57142984867096,0.6904744428798689,2026-07-26T07:47:41.300230+00:00
63,2.251842737197876,20.000000298023224,0.748076885689183,2026-07-26T07:47:44.166039+00:00
94,1.921785593032837,34.285715222358704,0.7265352427826396,2026-07-26T07:48:04.296279+00:00
64,2.050057888031006,21.42857164144516,0.6974228570470586,2026-07-26T07:48:07.084673+00:00
95,1.896904468536377,24.285714328289032,0.6758068856600272,2026-07-26T07:48:26.387102+00:00
65,2.277723550796509,17.142857611179352,0.7118768141871051,2026-07-26T07:48:29.392969+00:00
66,2.2348108291625977,20.000000298023224,0.713442700050239,2026-07-26T07:48:39.644588+00:00
96,1.405739426612854,64.28571343421936,0.7664918999320695,2026-07-26T07:48:48.904008+00:00
67,2.398491144180298,2.857142873108387,0.7296849713644146,2026-07-26T07:48:49.954080+00:00
97,1.1779409646987915,51.428574323654175,0.988063185858274,2026-07-26T07:49:11.286907+00:00
68,1.9438297748565674,30.000001192092896,0.6995556998715203,2026-07-26T07:49:11.850771+00:00
69,1.9354356527328491,35.71428656578064,0.6883694285144364,2026-07-26T07:49:22.178225+00:00
98,1.6154333353042603,42.85714328289032,0.7052571855768163,2026-07-26T07:49:33.337652+00:00
70,2.092773675918579,15.714286267757416,0.7115105144163992,2026-07-26T07:49:44.411788+00:00
99,1.8865543603897095,31.42857253551483,0.6849590429088234,2026-07-26T07:49:55.693549+00:00
71,2.122746467590332,24.285714328289032,0.7071177142539196,2026-07-26T07:50:06.279881+00:00
100,1.189977765083313,54.28571701049805,0.7173805000742765,2026-07-26T07:50:18.392006+00:00
72,1.931670069694519,31.42857253551483,0.8159935856903238,2026-07-26T07:50:28.850582+00:00
101,2.556013822555542,20.000000298023224,0.6952967286841678,2026-07-26T07:50:28.968948+00:00
73,2.1187455654144287,17.142857611179352,0.7032423714658113,2026-07-26T07:50:51.118267+00:00
102,1.8902443647384644,47.14285731315613,0.7072590287342402,2026-07-26T07:50:51.386170+00:00
74,2.4062843322753906,22.857142984867096,0.6971521142986603,2026-07-26T07:51:13.111967+00:00
103,0.984509289264679,75.71428418159485,2.3835389427923865,2026-07-26T07:51:13.574293+00:00
104,1.524329423904419,38.57142925262451,0.6969378714399812,2026-07-26T07:51:24.066535+00:00
105,1.1704083681106567,54.28571701049805,0.6994805427634024,2026-07-26T07:51:34.521342+00:00
75,2.087695360183716,17.142857611179352,0.7015082856274344,2026-07-26T07:51:35.455252+00:00
106,0.970154881477356,71.42857313156128,0.7204662428453698,2026-07-26T07:51:57.228499+00:00
76,2.3500428199768066,14.28571492433548,0.7025348571395236,2026-07-26T07:51:57.618357+00:00
107,0.9201110005378723,67.14285612106323,0.766461285612812,2026-07-26T07:52:07.745192+00:00
77,2.481635332107544,15.714286267757416,0.7011914428273615,2026-07-26T07:52:07.968012+00:00
78,2.5633838176727295,17.142857611179352,0.7158143285778351,2026-07-26T07:52:30.276318+00:00
108,1.803288459777832,34.285715222358704,0.7033629143344504,2026-07-26T07:52:30.735734+00:00
109,1.991632103919983,57.14285969734192,0.7094194713447776,2026-07-26T07:52:41.315622+00:00
110,1.982910394668579,52.85714268684387,0.7576928856516523,2026-07-26T07:52:51.889278+00:00
79,2.9213194847106934,11.428571492433548,0.7001131286545258,2026-07-26T07:52:52.494054+00:00
111,1.40853750705719,55.714285373687744,0.7624010287275139,2026-07-26T07:53:02.693761+00:00
80,2.458179473876953,7.14285746216774,0.7363383142676736,2026-07-26T07:53:02.888316+00:00
112,1.4575960636138916,44.285714626312256,0.7676084856419558,2026-07-26T07:53:13.445222+00:00
81,3.085838556289673,7.14285746216774,0.7096946572086641,2026-07-26T07:53:13.511922+00:00
113,1.811722993850708,51.428574323654175,0.7554792285580854,2026-07-26T07:53:24.340178+00:00
82,2.162294626235962,17.142857611179352,0.7206026429360333,2026-07-26T07:53:35.646343+00:00
83,2.310929536819458,12.857143580913544,0.7247894428603884,2026-07-26T07:53:45.935925+00:00
114,1.5820080041885376,45.71428596973419,0.6871434714412317,2026-07-26T07:53:47.072204+00:00
115,1.542275071144104,42.85714328289032,0.6953661427749986,2026-07-26T07:53:57.847553+00:00
84,2.5836944580078125,12.857143580913544,0.7183376142555582,2026-07-26T07:54:08.370424+00:00
85,2.031425714492798,14.28571492433548,0.6965622143720144,2026-07-26T07:54:18.735259+00:00
116,1.7537658214569092,44.285714626312256,0.7278412000492348,2026-07-26T07:54:20.038481+00:00
86,2.232393980026245,11.428571492433548,0.7207372144746061,2026-07-26T07:54:29.048123+00:00
117,1.6179249286651611,37.142857909202576,0.6956965571069824,2026-07-26T07:54:30.495578+00:00
87,2.1539289951324463,15.714286267757416,0.7054135429955619,2026-07-26T07:54:39.526249+00:00
88,2.522939443588257,2.857142873108387,0.7199998999047759,2026-07-26T07:54:49.893062+00:00
118,1.4087495803833008,51.428574323654175,0.7083864857642246,2026-07-26T07:54:53.197366+00:00
89,2.148955821990967,28.57142984867096,0.6879329142975621,2026-07-26T07:55:00.416893+00:00
119,1.597525715827942,32.85714387893677,0.6954731571438191,2026-07-26T07:55:03.709669+00:00
120,1.6329054832458496,40.00000059604645,0.7048021143418737,2026-07-26T07:55:14.251040+00:00
90,2.6078503131866455,17.142857611179352,0.7201608856641022,2026-07-26T07:55:22.730690+00:00
121,1.6752609014511108,44.285714626312256,0.6972215429414064,2026-07-26T07:55:24.798573+00:00
91,2.279510498046875,14.28571492433548,0.721846628584899,2026-07-26T07:55:33.185927+00:00
122,1.4819077253341675,61.42857074737549,0.6961209857503751,2026-07-26T07:55:35.478558+00:00
123,1.4757252931594849,52.85714268684387,0.7032678998906964,2026-07-26T07:55:45.894982+00:00
92,2.316021203994751,24.285714328289032,0.7298249285668135,2026-07-26T07:55:55.160475+00:00
124,1.4420216083526611,45.71428596973419,0.6993308143656967,2026-07-26T07:55:56.573311+00:00
93,2.3099966049194336,14.28571492433548,0.7303408286783711,2026-07-26T07:56:05.460170+00:00
125,1.7300565242767334,35.71428656578064,0.7141799142118543,2026-07-26T07:56:07.098446+00:00
94,2.371965169906616,8.571428805589676,0.7852485856606758,2026-07-26T07:56:27.358340+00:00
126,1.7175869941711426,37.142857909202576,0.6833340286643111,2026-07-26T07:56:29.212377+00:00
95,2.0135247707366943,20.000000298023224,0.7339394572357248,2026-07-26T07:56:37.658740+00:00
127,1.7924846410751343,41.428571939468384,0.7256511143558393,2026-07-26T07:56:39.949223+00:00
96,1.9780776500701904,18.571428954601288,0.720731271472427,2026-07-26T07:56:48.816083+00:00
128,1.1944515705108643,62.85714507102966,0.7266413713555917,2026-07-26T07:56:50.678666+00:00
97,2.0372955799102783,27.142858505249023,0.7100328428870333,2026-07-26T07:56:59.417003+00:00
98,2.3644065856933594,14.28571492433548,0.7198968000011519,2026-07-26T07:57:09.933297+00:00
129,1.2716152667999268,47.14285731315613,0.712586628547537,2026-07-26T07:57:13.460945+00:00
99,2.0346853733062744,11.428571492433548,0.722734942974057,2026-07-26T07:57:20.413132+00:00
100,1.910520076751709,18.571428954601288,0.7105402999773754,2026-07-26T07:57:31.066682+00:00
130,1.7509528398513794,34.285715222358704,0.7361336143471168,2026-07-26T07:57:35.866783+00:00
101,2.1258203983306885,18.571428954601288,0.7088482712528535,2026-07-26T07:57:41.760116+00:00
131,1.290135145187378,64.28571343421936,0.7308123142658068,2026-07-26T07:57:58.511281+00:00
102,2.103163003921509,28.57142984867096,0.6926810570543499,2026-07-26T07:58:03.895102+00:00
132,1.2512080669403076,52.85714268684387,0.7238742427684233,2026-07-26T07:58:09.021406+00:00
103,2.122542142868042,32.85714387893677,0.7861048856284469,2026-07-26T07:58:14.072467+00:00
133,1.4485565423965454,55.714285373687744,0.7060020999883169,2026-07-26T07:58:19.762550+00:00
104,2.12719988822937,14.28571492433548,0.7204343286243134,2026-07-26T07:58:24.604905+00:00
134,1.4071584939956665,67.14285612106323,0.7093430428150376,2026-07-26T07:58:30.339956+00:00
105,1.9745696783065796,32.85714387893677,0.703526614441736,2026-07-26T07:58:46.738858+00:00
135,1.0602869987487793,75.71428418159485,0.7251305143914318,2026-07-26T07:58:52.680386+00:00
106,2.22100567817688,15.714286267757416,0.7398235143877433,2026-07-26T07:59:08.977042+00:00
136,1.6623700857162476,47.14285731315613,0.704297042934091,2026-07-26T07:59:14.939161+00:00
137,1.1447111368179321,65.71428775787354,0.6896459285469194,2026-07-26T07:59:25.701453+00:00
107,2.1244027614593506,12.857143580913544,0.7220743571191893,2026-07-26T07:59:31.117255+00:00
138,1.0117053985595703,60.00000238418579,0.7059331284835935,2026-07-26T07:59:36.304614+00:00
108,2.144212484359741,11.428571492433548,0.7016139570623636,2026-07-26T07:59:41.448304+00:00
139,1.4079526662826538,47.14285731315613,0.7042852286498861,2026-07-26T07:59:46.884713+00:00
109,2.1841790676116943,15.714286267757416,0.7348730428410428,2026-07-26T07:59:51.861593+00:00
110,1.8069732189178467,38.57142925262451,0.7331463857553899,2026-07-26T08:00:02.305991+00:00
140,1.0049018859863281,69.9999988079071,0.6982852571776935,2026-07-26T08:00:09.769043+00:00
111,2.351776599884033,7.14285746216774,0.7093485571593711,2026-07-26T08:00:24.318973+00:00
141,1.2359668016433716,51.428574323654175,0.7136679285654931,2026-07-26T08:00:32.036232+00:00
142,1.136755347251892,60.00000238418579,0.6938366429364707,2026-07-26T08:00:42.661785+00:00
112,2.125558376312256,12.857143580913544,0.7177524287336773,2026-07-26T08:00:46.389747+00:00
113,1.892457127571106,28.57142984867096,0.7138465714108732,2026-07-26T08:00:56.798195+00:00
143,1.1369060277938843,61.42857074737549,0.6924472142210496,2026-07-26T08:01:05.317949+00:00
114,1.8698235750198364,40.00000059604645,0.7090202428766393,2026-07-26T08:01:07.454411+00:00
144,1.2586199045181274,42.85714328289032,0.7072420572512783,2026-07-26T08:01:15.974146+00:00
115,2.3775458335876465,12.857143580913544,0.7243870570424146,2026-07-26T08:01:17.998478+00:00
145,1.26102614402771,52.85714268684387,0.7193648715786236,2026-07-26T08:01:38.298626+00:00
116,2.2079522609710693,17.142857611179352,0.7118536855809258,2026-07-26T08:01:40.586523+00:00
146,1.3088483810424805,58.571428060531616,0.7295095856534317,2026-07-26T08:01:48.935929+00:00
147,1.4695897102355957,51.428574323654175,0.712479128560517,2026-07-26T08:01:59.673371+00:00
117,2.0290234088897705,14.28571492433548,0.7314691712963395,2026-07-26T08:02:02.772455+00:00
118,1.9187122583389282,24.285714328289032,0.702441985569229,2026-07-26T08:02:13.112640+00:00
148,0.7941713333129883,69.9999988079071,0.6882522284286097,2026-07-26T08:02:22.326560+00:00
119,2.383023500442505,18.571428954601288,0.7144648571349015,2026-07-26T08:02:35.473602+00:00
149,1.0844072103500366,68.57143044471741,0.6951559428541388,2026-07-26T08:02:44.351925+00:00
120,1.8744969367980957,21.42857164144516,0.7004196857451461,2026-07-26T08:02:45.845873+00:00
150,1.1894476413726807,60.00000238418579,0.7253882714264495,2026-07-26T08:02:55.325965+00:00
151,1.058382511138916,54.28571701049805,0.7115142284809346,2026-07-26T08:03:05.842450+00:00
121,1.9892957210540771,24.285714328289032,0.6931260855968243,2026-07-26T08:03:07.804979+00:00
152,1.183816909790039,55.714285373687744,0.6898881287530197,2026-07-26T08:03:16.372049+00:00
122,2.1668527126312256,14.28571492433548,0.7118935000367597,2026-07-26T08:03:18.438170+00:00
153,1.3743242025375366,42.85714328289032,0.6829309285551841,2026-07-26T08:03:27.043099+00:00
123,2.3648335933685303,8.571428805589676,0.6851940000030611,2026-07-26T08:03:28.989560+00:00
154,1.1604313850402832,60.00000238418579,0.766750771435909,2026-07-26T08:03:49.359442+00:00
124,2.0103187561035156,18.571428954601288,0.7237881428279382,2026-07-26T08:03:51.192714+00:00
155,1.3549976348876953,55.714285373687744,0.691558257260892,2026-07-26T08:04:11.237973+00:00
125,2.0029103755950928,21.42857164144516,0.7871517998864874,2026-07-26T08:04:13.195165+00:00
156,1.2671003341674805,55.714285373687744,0.7035111856696727,2026-07-26T08:04:21.842993+00:00
126,1.8832952976226807,27.142858505249023,0.7326043572642708,2026-07-26T08:04:23.585233+00:00
127,2.002687931060791,10.000000149011612,0.7241685571248777,2026-07-26T08:04:33.948758+00:00
128,2.112849235534668,12.857143580913544,0.733272371248209,2026-07-26T08:04:44.317703+00:00
157,1.1984256505966187,65.71428775787354,0.9638395285167332,2026-07-26T08:04:44.472949+00:00
129,1.955179214477539,24.285714328289032,0.9521094714208239,2026-07-26T08:04:55.037220+00:00
158,0.8962339162826538,64.28571343421936,0.7195513572826583,2026-07-26T08:04:55.202376+00:00
159,1.00240159034729,64.28571343421936,0.7130412715404029,2026-07-26T08:05:05.812739+00:00
160,1.3464142084121704,48.571428656578064,0.6978067856315257,2026-07-26T08:05:16.429105+00:00
130,1.9342982769012451,28.57142984867096,0.681873200145284,2026-07-26T08:05:17.199272+00:00
161,1.3867919445037842,50.0,0.7276204429217614,2026-07-26T08:05:26.978808+00:00
162,1.4404689073562622,45.71428596973419,0.7704740999283136,2026-07-26T08:05:37.656457+00:00
131,1.8254836797714233,40.00000059604645,0.7312470001384749,2026-07-26T08:05:39.123476+00:00
163,1.1067988872528076,55.714285373687744,0.730260628707973,2026-07-26T08:05:48.329624+00:00
132,2.7368085384368896,17.142857611179352,0.7063064000768853,2026-07-26T08:05:49.689732+00:00
164,1.3579624891281128,51.428574323654175,0.7307371999818965,2026-07-26T08:06:10.514526+00:00
133,2.2294540405273438,14.28571492433548,0.6883067428134382,2026-07-26T08:06:12.177335+00:00
165,1.2913970947265625,62.85714507102966,0.6960358713903199,2026-07-26T08:06:21.152906+00:00
134,2.1287219524383545,22.857142984867096,2.421752728696447,2026-07-26T08:06:22.539737+00:00
166,0.945647120475769,71.42857313156128,0.7071601143772048,2026-07-26T08:06:31.780278+00:00
135,2.266221761703491,11.428571492433548,0.7240211428974622,2026-07-26T08:06:33.038642+00:00
167,1.1908892393112183,68.57143044471741,0.7154798286917088,2026-07-26T08:06:42.794311+00:00
136,2.5641448497772217,2.857142873108387,0.7366747998665752,2026-07-26T08:06:43.785767+00:00
168,1.6779371500015259,51.428574323654175,0.7012714999811058,2026-07-26T08:06:53.525426+00:00
137,2.031456708908081,18.571428954601288,0.7029527000018528,2026-07-26T08:06:54.310459+00:00
138,2.2171261310577393,5.714285746216774,0.6943235572959695,2026-07-26T08:07:04.869007+00:00
139,2.95001220703125,18.571428954601288,0.7527199571736024,2026-07-26T08:07:15.385176+00:00
169,1.0437111854553223,60.00000238418579,0.6962592572173371,2026-07-26T08:07:15.998291+00:00
170,0.6502532362937927,78.57142686843872,0.7684279428628672,2026-07-26T08:07:26.547103+00:00
140,2.181532859802246,12.857143580913544,0.7347842570327754,2026-07-26T08:07:37.218726+00:00
141,2.36038875579834,22.857142984867096,0.7128566428686359,2026-07-26T08:07:47.638464+00:00
171,0.9475113153457642,62.85714507102966,0.7460681715331573,2026-07-26T08:07:48.871969+00:00
142,2.1166789531707764,15.714286267757416,0.795160314217875,2026-07-26T08:07:58.186369+00:00
143,2.3217406272888184,31.42857253551483,0.75107345723414,2026-07-26T08:08:08.578637+00:00
172,1.1883902549743652,55.714285373687744,0.7153164000815845,2026-07-26T08:08:11.847783+00:00
144,2.431361675262451,7.14285746216774,0.7088265999170419,2026-07-26T08:08:18.905536+00:00
173,1.2121394872665405,48.571428656578064,0.7620150998783564,2026-07-26T08:08:22.541968+00:00
145,2.077434539794922,15.714286267757416,0.7301564858477961,2026-07-26T08:08:40.930428+00:00
174,1.2440366744995117,58.571428060531616,0.6982855430188855,2026-07-26T08:08:45.474628+00:00
146,2.1590240001678467,12.857143580913544,0.7275325998697164,2026-07-26T08:08:51.544417+00:00
175,0.9636423587799072,69.9999988079071,0.7228408287379092,2026-07-26T08:09:08.036726+00:00
147,2.567455530166626,15.714286267757416,0.7013508569798432,2026-07-26T08:09:13.529343+00:00
176,1.3924760818481445,52.85714268684387,0.7322992572361338,2026-07-26T08:09:30.610839+00:00
148,2.2359166145324707,18.571428954601288,0.7491100142942742,2026-07-26T08:09:35.723083+00:00
177,1.3110700845718384,64.28571343421936,0.6923790569999255,2026-07-26T08:09:41.257934+00:00
149,2.618211507797241,15.714286267757416,0.735759999952279,2026-07-26T08:09:46.301366+00:00
178,1.634446620941162,60.00000238418579,0.711609042731912,2026-07-26T08:09:51.723442+00:00
179,1.2366033792495728,67.14285612106323,0.6843116142720516,2026-07-26T08:10:02.310876+00:00
150,2.2993202209472656,10.000000149011612,0.7039150715822221,2026-07-26T08:10:08.763019+00:00
180,1.4859107732772827,41.428571939468384,0.7208039000813318,2026-07-26T08:10:12.844990+00:00
181,1.0750973224639893,58.571428060531616,0.7381615428520101,2026-07-26T08:10:23.347079+00:00
151,2.010653495788574,21.42857164144516,0.6948476285158125,2026-07-26T08:10:31.093567+00:00
182,0.780639111995697,72.85714149475098,0.6959010857307086,2026-07-26T08:10:33.959946+00:00
152,2.1630449295043945,21.42857164144516,0.7165333428669588,2026-07-26T08:10:53.189250+00:00
183,1.2667315006256104,67.14285612106323,1.1051213713861734,2026-07-26T08:10:56.346251+00:00
153,2.8991494178771973,18.571428954601288,0.7320861858066304,2026-07-26T08:11:03.675464+00:00
154,2.568112373352051,15.714286267757416,0.6987791570801554,2026-07-26T08:11:14.076380+00:00
184,1.212795615196228,57.14285969734192,0.7184332858222271,2026-07-26T08:11:19.152520+00:00
155,2.317721128463745,15.714286267757416,0.7232713999526043,2026-07-26T08:11:24.446246+00:00
156,1.9751194715499878,22.857142984867096,0.7283351856001121,2026-07-26T08:11:34.892331+00:00
185,1.439298391342163,57.14285969734192,0.7155750572565012,2026-07-26T08:11:41.669117+00:00
157,2.1028811931610107,30.000001192092896,0.7321208428558228,2026-07-26T08:11:45.431766+00:00
158,2.325841188430786,20.000000298023224,0.713890857046603,2026-07-26T08:11:55.953019+00:00
186,1.7388286590576172,48.571428656578064,0.7185192144658816,2026-07-26T08:12:04.243107+00:00
187,1.0885894298553467,62.85714507102966,0.7155020715020198,2026-07-26T08:12:14.874398+00:00
159,2.6835830211639404,14.28571492433548,0.6976530142960006,2026-07-26T08:12:17.945382+00:00
188,1.476918339729309,61.42857074737549,0.7069080286393209,2026-07-26T08:12:25.678298+00:00
189,0.9887288808822632,67.14285612106323,0.7129521570667358,2026-07-26T08:12:36.222462+00:00
160,2.461625814437866,17.142857611179352,0.7136377285600507,2026-07-26T08:12:40.424935+00:00
190,1.1723124980926514,51.428574323654175,0.6794214427437899,2026-07-26T08:12:46.748863+00:00
161,2.152834892272949,12.857143580913544,2.3926186714171696,2026-07-26T08:13:02.740436+00:00
191,0.986266016960144,68.57143044471741,0.7265254285552406,2026-07-26T08:13:09.158603+00:00
162,2.210169792175293,22.857142984867096,0.7098689571388864,2026-07-26T08:13:25.054615+00:00
192,0.884976327419281,71.42857313156128,0.7278950571032641,2026-07-26T08:13:31.776573+00:00
163,2.4101572036743164,15.714286267757416,0.7164452426617831,2026-07-26T08:13:35.418270+00:00
164,2.897921562194824,10.000000149011612,0.7313370569525952,2026-07-26T08:13:45.958873+00:00
193,1.2843894958496094,58.571428060531616,0.7071892999062713,2026-07-26T08:13:54.870863+00:00
165,2.7165908813476562,28.57142984867096,0.729585842886341,2026-07-26T08:13:56.505239+00:00
166,2.823362112045288,20.000000298023224,0.7040014428119841,2026-07-26T08:14:06.903635+00:00
194,1.091519832611084,61.42857074737549,0.7110431143831063,2026-07-26T08:14:17.101570+00:00
167,2.9592220783233643,14.28571492433548,0.7224638141841362,2026-07-26T08:14:28.981658+00:00
195,0.7774885296821594,74.28571581840515,0.7039316570236613,2026-07-26T08:14:39.758928+00:00
168,3.175495147705078,1.4285714365541935,0.7146816284927938,2026-07-26T08:14:50.873291+00:00
196,1.1425726413726807,75.71428418159485,0.7282456141963068,2026-07-26T08:15:02.352889+00:00
197,1.559413194656372,51.428574323654175,0.7694385999846938,2026-07-26T08:15:12.947845+00:00
169,2.423041343688965,22.857142984867096,0.7147166287593011,2026-07-26T08:15:13.610842+00:00
198,0.9211929440498352,72.85714149475098,0.8013644286880403,2026-07-26T08:15:35.867010+00:00
170,2.5452375411987305,2.857142873108387,0.7017478999581986,2026-07-26T08:15:35.869939+00:00
199,1.37289297580719,51.428574323654175,0.7199656428253677,2026-07-26T08:15:46.271469+00:00
200,1.2855676412582397,61.42857074737549,0.7075596428226812,2026-07-26T08:15:57.133617+00:00
171,2.783099412918091,24.285714328289032,0.712365185816972,2026-07-26T08:15:58.166668+00:00
201,1.1659425497055054,64.28571343421936,0.7133192000245409,2026-07-26T08:16:07.866861+00:00
202,1.21694016456604,54.28571701049805,0.7041601570173432,2026-07-26T08:16:18.352530+00:00
172,2.8832132816314697,14.28571492433548,0.7168657570478639,2026-07-26T08:16:20.697301+00:00
203,1.1478490829467773,58.571428060531616,0.7009105571861645,2026-07-26T08:16:28.858631+00:00
173,2.75313663482666,15.714286267757416,0.7169892142493544,2026-07-26T08:16:31.273840+00:00
204,1.1560685634613037,62.85714507102966,0.7396493714103209,2026-07-26T08:16:53.002154+00:00
174,2.467406749725342,11.428571492433548,0.715755414317495,2026-07-26T08:16:54.092542+00:00
175,1.9611324071884155,12.857143580913544,0.7070854285432557,2026-07-26T08:17:04.798264+00:00
176,2.4522151947021484,8.571428805589676,0.6972808430353844,2026-07-26T08:17:15.241132+00:00
205,0.4713236093521118,78.57142686843872,0.707157128739969,2026-07-26T08:17:15.571193+00:00
177,2.4160120487213135,21.42857164144516,0.6975089143712206,2026-07-26T08:17:25.943319+00:00
178,2.8818376064300537,14.28571492433548,0.6937868570925535,2026-07-26T08:17:36.367825+00:00
206,0.8287197947502136,69.9999988079071,0.7388242998526299,2026-07-26T08:17:37.782764+00:00
179,2.2791597843170166,4.285714402794838,0.6912672285190118,2026-07-26T08:17:46.977277+00:00
207,0.7942177653312683,69.9999988079071,0.7148003286731961,2026-07-26T08:18:00.483399+00:00
180,2.3428854942321777,1.4285714365541935,0.6827356857164497,2026-07-26T08:18:09.484323+00:00
208,0.7242109775543213,72.85714149475098,0.6932915714319928,2026-07-26T08:18:22.769644+00:00
181,3.036025047302246,17.142857611179352,2.433741785768819,2026-07-26T08:18:31.791547+00:00
209,0.7021569609642029,74.28571581840515,0.7377730285432855,2026-07-26T08:18:45.456927+00:00
182,2.232577085494995,32.85714387893677,0.7847143428599728,2026-07-26T08:18:53.603084+00:00
210,0.8037703633308411,67.14285612106323,0.7230222855079254,2026-07-26T08:19:07.906038+00:00
183,2.4746854305267334,14.28571492433548,0.7083357715081158,2026-07-26T08:19:15.995228+00:00
211,0.7118650078773499,74.28571581840515,0.7275515857535149,2026-07-26T08:19:30.258252+00:00
184,2.7426505088806152,4.285714402794838,0.7254420856562709,2026-07-26T08:19:38.284160+00:00
212,0.9665932655334473,62.85714507102966,0.715427971486601,2026-07-26T08:19:40.839913+00:00
185,2.701334238052368,8.571428805589676,0.6935043857083656,2026-07-26T08:20:00.730056+00:00
213,0.7581419944763184,78.57142686843872,0.7060164858038271,2026-07-26T08:20:03.167864+00:00
214,1.7054210901260376,44.285714626312256,0.7129540429949495,2026-07-26T08:20:13.794656+00:00
186,2.2417285442352295,15.714286267757416,0.7759592714137398,2026-07-26T08:20:22.572246+00:00
215,0.8976508378982544,64.28571343421936,0.6974007713974321,2026-07-26T08:20:24.384324+00:00
216,1.1540483236312866,57.14285969734192,0.72392822850296,2026-07-26T08:20:34.989460+00:00
187,2.0903799533843994,18.571428954601288,2.3492472142347003,2026-07-26T08:20:44.719113+00:00
217,0.8793299198150635,69.9999988079071,0.6958884858509659,2026-07-26T08:20:45.683725+00:00
188,2.167067289352417,12.857143580913544,0.6972385000803375,2026-07-26T08:20:55.094821+00:00
218,0.5646368861198425,82.85714387893677,0.7180958000909803,2026-07-26T08:20:56.075757+00:00
219,0.7017055749893188,74.28571581840515,0.6826253427009631,2026-07-26T08:21:06.737382+00:00
189,2.3713884353637695,4.285714402794838,0.7713029714068398,2026-07-26T08:21:17.151194+00:00
220,0.7408448457717896,77.14285850524902,0.7182790999650024,2026-07-26T08:21:17.386384+00:00
190,2.267972946166992,5.714285746216774,0.9255974143992977,2026-07-26T08:21:27.990861+00:00
221,1.1823683977127075,60.00000238418579,0.6863625855268245,2026-07-26T08:21:28.094605+00:00
191,2.0040130615234375,28.57142984867096,0.782600585703871,2026-07-26T08:21:38.710004+00:00
222,1.341160535812378,55.714285373687744,0.7434166142567327,2026-07-26T08:21:38.751107+00:00
192,2.282925844192505,11.428571492433548,0.7114545286250566,2026-07-26T08:21:49.469855+00:00
223,1.0841753482818604,55.714285373687744,0.8630900284125735,2026-07-26T08:21:49.523220+00:00
193,2.4303221702575684,7.14285746216774,0.7097084713417904,2026-07-26T08:21:59.890540+00:00
194,2.2023026943206787,15.714286267757416,0.7080476999232945,2026-07-26T08:22:10.328076+00:00
224,1.1284199953079224,60.00000238418579,0.6916933570339876,2026-07-26T08:22:11.768204+00:00
195,2.2761683464050293,17.142857611179352,0.7163005714703884,2026-07-26T08:22:20.717668+00:00
196,2.1072990894317627,7.14285746216774,0.7246739285099985,2026-07-26T08:22:31.072091+00:00
225,0.9656394124031067,64.28571343421936,0.7122188428184018,2026-07-26T08:22:34.287928+00:00
197,2.1899819374084473,8.571428805589676,0.7118310714888919,2026-07-26T08:22:41.632467+00:00
226,0.9117006063461304,67.14285612106323,0.707251685837816,2026-07-26T08:22:45.123042+00:00
198,2.2262589931488037,4.285714402794838,0.7254583143679026,2026-07-26T08:22:52.144272+00:00
199,2.3494956493377686,22.857142984867096,0.7486498856451362,2026-07-26T08:23:02.592720+00:00
227,1.2603068351745605,52.85714268684387,0.6886477000080049,2026-07-26T08:23:07.800401+00:00
228,1.1308053731918335,65.71428775787354,0.7013756571853134,2026-07-26T08:23:18.375789+00:00
200,2.272132635116577,12.857143580913544,0.708838771554708,2026-07-26T08:23:25.121117+00:00
229,1.1018134355545044,61.42857074737549,0.7183649714404186,2026-07-26T08:23:29.024869+00:00
230,0.783675491809845,78.57142686843872,0.7081858285736027,2026-07-26T08:23:39.455898+00:00
201,1.8958266973495483,25.714287161827087,0.70868998570534,2026-07-26T08:23:46.972560+00:00
202,2.208925247192383,11.428571492433548,0.717576071370526,2026-07-26T08:23:57.608278+00:00
231,0.9942831993103027,69.9999988079071,0.7145226858223656,2026-07-26T08:24:02.181806+00:00
232,1.093453049659729,67.14285612106323,0.7427075000513079,2026-07-26T08:24:12.931010+00:00
203,2.3184173107147217,14.28571492433548,0.7381636857254696,2026-07-26T08:24:19.974673+00:00
233,0.7486883401870728,67.14285612106323,0.713448328523165,2026-07-26T08:24:23.500540+00:00
204,2.2058753967285156,12.857143580913544,0.7272334143635817,2026-07-26T08:24:30.657426+00:00
205,2.3547964096069336,10.000000149011612,0.6934231143012377,2026-07-26T08:24:41.106586+00:00
234,1.0196293592453003,61.42857074737549,0.7395318000427714,2026-07-26T08:24:46.206779+00:00
206,1.9653745889663696,15.714286267757416,0.712449057235582,2026-07-26T08:24:51.609138+00:00
235,1.0046768188476562,62.85714507102966,0.7223796571322184,2026-07-26T08:24:56.817976+00:00
236,0.9556235074996948,67.14285612106323,0.7191158143021832,2026-07-26T08:25:07.508448+00:00
207,2.0299906730651855,18.571428954601288,0.727891557159767,2026-07-26T08:25:14.437632+00:00
237,0.9402689337730408,72.85714149475098,0.7077419142920657,2026-07-26T08:25:18.271824+00:00
208,2.207711935043335,10.000000149011612,0.7213133998448029,2026-07-26T08:25:25.173895+00:00
238,1.0285555124282837,67.14285612106323,0.6875927429064177,2026-07-26T08:25:28.751581+00:00
209,2.0542473793029785,24.285714328289032,0.7191572714613618,2026-07-26T08:25:35.797722+00:00
239,0.985716700553894,64.28571343421936,0.708055128468134,2026-07-26T08:25:51.278440+00:00
210,2.227391481399536,11.428571492433548,0.7197002144364107,2026-07-26T08:25:58.640930+00:00
240,0.8414360284805298,71.42857313156128,0.7788016855816491,2026-07-26T08:26:02.112663+00:00
211,2.267487049102783,8.571428805589676,0.7274681143046888,2026-07-26T08:26:09.506302+00:00
241,1.0828720331192017,62.85714507102966,0.6936486856180376,2026-07-26T08:26:12.902360+00:00
212,2.018202066421509,18.571428954601288,0.7364893999433011,2026-07-26T08:26:20.259945+00:00
213,2.1637930870056152,30.000001192092896,0.7506967285215589,2026-07-26T08:26:30.919103+00:00
242,0.4389212429523468,89.99999761581421,0.7375491001377148,2026-07-26T08:26:35.621168+00:00
214,2.016746997833252,20.000000298023224,0.9056373856895205,2026-07-26T08:26:41.839786+00:00
243,0.616287350654602,71.42857313156128,0.7061560143483803,2026-07-26T08:26:59.421356+00:00
215,2.2631232738494873,14.28571492433548,0.7233902286056296,2026-07-26T08:27:05.507548+00:00
244,0.9537061452865601,65.71428775787354,0.7332271143760798,2026-07-26T08:27:10.106544+00:00
216,2.318434238433838,14.28571492433548,0.7239429286398392,2026-07-26T08:27:16.061119+00:00
245,1.0271077156066895,65.71428775787354,0.7364523141794571,2026-07-26T08:27:20.725800+00:00
217,2.217503070831299,14.28571492433548,0.7225796569920411,2026-07-26T08:27:26.741379+00:00
246,0.7526162266731262,71.42857313156128,0.7238781285455583,2026-07-26T08:27:31.619362+00:00
247,1.1252670288085938,57.14285969734192,0.7206827713941624,2026-07-26T08:27:42.145808+00:00
218,2.1750898361206055,17.142857611179352,0.7340720998139919,2026-07-26T08:27:49.397476+00:00
248,0.674885094165802,80.0000011920929,0.721920957065387,2026-07-26T08:28:04.903416+00:00
219,2.304424524307251,21.42857164144516,0.7300266713303115,2026-07-26T08:28:11.860630+00:00
249,0.5370098948478699,89.99999761581421,0.7468327285356022,2026-07-26T08:28:15.622970+00:00
220,2.0708439350128174,12.857143580913544,0.7108000857572604,2026-07-26T08:28:22.599167+00:00
221,1.9925665855407715,20.000000298023224,0.7251615715046812,2026-07-26T08:28:33.105293+00:00
250,0.7291580438613892,72.85714149475098,0.7227445572165639,2026-07-26T08:28:38.273246+00:00
222,2.354719400405884,17.142857611179352,0.740959657248043,2026-07-26T08:28:43.741554+00:00
223,2.07855486869812,24.285714328289032,0.7452386857559239,2026-07-26T08:28:54.218349+00:00
251,1.0489920377731323,61.42857074737549,0.6899440856484164,2026-07-26T08:29:01.083888+00:00
252,0.5338547825813293,80.0000011920929,0.732962171397438,2026-07-26T08:29:11.847775+00:00
224,2.1267974376678467,30.000001192092896,0.7336159571423195,2026-07-26T08:29:16.805439+00:00
253,0.6044660806655884,77.14285850524902,0.7270209142006934,2026-07-26T08:29:22.723759+00:00
225,2.2109122276306152,11.428571492433548,0.7106803713083666,2026-07-26T08:29:27.438448+00:00
254,0.48260051012039185,87.14285492897034,0.7129369999997185,2026-07-26T08:29:33.395804+00:00
255,0.7733811736106873,74.28571581840515,0.7524008856437701,2026-07-26T08:29:44.066332+00:00
226,2.0411124229431152,11.428571492433548,0.7598573570638629,2026-07-26T08:29:49.791181+00:00
256,0.7835526466369629,77.14285850524902,0.7162427999511627,2026-07-26T08:29:54.841811+00:00
257,0.7322407364845276,71.42857313156128,0.7171159572733035,2026-07-26T08:30:05.512109+00:00
227,2.1091549396514893,18.571428954601288,0.7135107429348864,2026-07-26T08:30:12.391666+00:00
228,3.9339895248413086,12.857143580913544,0.7380531285889447,2026-07-26T08:30:22.971090+00:00
258,0.739307701587677,75.71428418159485,0.6995221142590577,2026-07-26T08:30:28.324383+00:00
229,2.18343186378479,14.28571492433548,0.7439486572236222,2026-07-26T08:30:33.556721+00:00
259,0.9544028043746948,65.71428775787354,0.7308842857517966,2026-07-26T08:30:38.826616+00:00
230,2.112959384918213,17.142857611179352,0.7678472285208825,2026-07-26T08:30:44.034186+00:00
231,2.1725239753723145,8.571428805589676,0.7281034999843021,2026-07-26T08:30:54.497086+00:00
260,0.8871278166770935,67.14285612106323,0.6903574856031419,2026-07-26T08:31:01.209744+00:00
232,2.1708216667175293,5.714285746216774,0.7176645569935708,2026-07-26T08:31:05.177705+00:00
261,0.8619383573532104,67.14285612106323,0.7127735000852097,2026-07-26T08:31:11.875661+00:00
233,1.9440639019012451,20.000000298023224,0.729779214348777,2026-07-26T08:31:15.578074+00:00
262,0.6831499338150024,75.71428418159485,0.7134451713812139,2026-07-26T08:31:33.904628+00:00
234,1.967428207397461,21.42857164144516,0.7248528000283321,2026-07-26T08:31:37.739017+00:00
263,0.8979944586753845,74.28571581840515,0.7593508714178044,2026-07-26T08:31:44.543571+00:00
235,2.1392247676849365,10.000000149011612,0.7576999716028305,2026-07-26T08:31:48.180269+00:00
264,1.1448192596435547,67.14285612106323,0.7008136570220813,2026-07-26T08:31:55.217884+00:00
265,0.5670118927955627,82.85714387893677,0.7002628998764391,2026-07-26T08:32:05.884025+00:00
236,2.0220911502838135,17.142857611179352,0.7197378286426621,2026-07-26T08:32:10.078189+00:00
266,0.7190866470336914,77.14285850524902,0.7107358427934481,2026-07-26T08:32:16.670186+00:00
237,1.9701459407806396,25.714287161827087,0.7115931713737415,2026-07-26T08:32:20.402615+00:00
267,0.8509305715560913,62.85714507102966,0.6914617429304468,2026-07-26T08:32:27.164041+00:00
268,0.6177419424057007,72.85714149475098,0.7313088000436048,2026-07-26T08:32:37.732851+00:00
238,2.1517579555511475,2.857142873108387,0.7166496856370941,2026-07-26T08:32:42.362090+00:00
269,1.1166578531265259,75.71428418159485,0.7195531143224798,2026-07-26T08:32:48.434193+00:00
239,1.8948512077331543,2.857142873108387,0.7043773570330814,2026-07-26T08:32:53.007824+00:00
240,2.128563165664673,14.28571492433548,0.7205168284209711,2026-07-26T08:33:03.448698+00:00
270,0.3823757469654083,85.71428656578064,0.7415993999789602,2026-07-26T08:33:10.965396+00:00
241,2.189514398574829,17.142857611179352,0.7065060286549851,2026-07-26T08:33:14.067792+00:00
271,0.5111557245254517,78.57142686843872,0.6791734001516098,2026-07-26T08:33:21.717425+00:00
242,2.1622989177703857,7.14285746216774,0.7052477287028783,2026-07-26T08:33:24.526615+00:00
272,0.731952965259552,71.42857313156128,0.6855663429762769,2026-07-26T08:33:32.353600+00:00
243,1.938079833984375,30.000001192092896,0.7234279571483576,2026-07-26T08:33:34.949454+00:00
244,2.0493762493133545,27.142858505249023,0.6831416001659818,2026-07-26T08:33:45.386146+00:00
273,0.9037691354751587,62.85714507102966,0.714748385819673,2026-07-26T08:33:54.877931+00:00
245,2.0650417804718018,12.857143580913544,0.7176323143149992,2026-07-26T08:33:56.014153+00:00
274,1.0076525211334229,64.28571343421936,0.7242543570880247,2026-07-26T08:34:05.608122+00:00
275,0.8880307078361511,58.571428060531616,0.7352478858332948,2026-07-26T08:34:16.298476+00:00
246,2.348385810852051,2.857142873108387,0.7573345570043395,2026-07-26T08:34:18.468777+00:00
276,0.7263990044593811,77.14285850524902,0.7098066285834648,2026-07-26T08:34:27.121247+00:00
247,2.1088624000549316,12.857143580913544,0.703682828628059,2026-07-26T08:34:29.309419+00:00
277,0.817441999912262,62.85714507102966,0.6897271286496627,2026-07-26T08:34:37.798265+00:00
248,1.9162697792053223,8.571428805589676,0.7312299284551824,2026-07-26T08:34:40.038668+00:00
278,0.7391576766967773,72.85714149475098,0.6967475427830192,2026-07-26T08:34:48.735010+00:00
279,0.8115978240966797,72.85714149475098,0.740785028652421,2026-07-26T08:34:59.366649+00:00
249,2.1291146278381348,2.857142873108387,0.7176917715696618,2026-07-26T08:35:02.386484+00:00
280,0.808368980884552,75.71428418159485,0.7190173001228166,2026-07-26T08:35:09.898105+00:00
250,2.2825706005096436,15.714286267757416,0.7125460715282574,2026-07-26T08:35:13.198464+00:00
281,0.8201441168785095,74.28571581840515,0.7435911713400856,2026-07-26T08:35:20.702980+00:00
251,2.0806055068969727,20.000000298023224,0.7315259142030429,2026-07-26T08:35:24.032421+00:00
252,2.1525683403015137,10.000000149011612,0.7281924570894002,2026-07-26T08:35:34.750165+00:00
282,0.9063540697097778,80.0000011920929,0.7252764143881254,2026-07-26T08:35:42.840125+00:00
253,2.13533353805542,0.0,0.7310224141942204,2026-07-26T08:35:45.401027+00:00
283,0.6776123046875,75.71428418159485,0.7397732570617725,2026-07-26T08:35:53.514145+00:00
254,2.1185925006866455,18.571428954601288,0.7266629144266646,2026-07-26T08:35:55.977838+00:00
284,0.5958057641983032,84.28571224212646,0.7064581572194584,2026-07-26T08:36:04.135323+00:00
255,2.1325466632843018,34.285715222358704,0.7197048429848759,2026-07-26T08:36:06.368576+00:00
285,0.5247159600257874,81.42856955528259,0.7315214999835007,2026-07-26T08:36:14.778242+00:00
256,2.1917998790740967,17.142857611179352,0.6935174857582231,2026-07-26T08:36:16.727350+00:00
257,2.284550189971924,20.000000298023224,0.6890508429413396,2026-07-26T08:36:27.221432+00:00
286,0.3215329945087433,88.57142925262451,0.7230142428722632,2026-07-26T08:36:37.437736+00:00
287,0.8982956409454346,67.14285612106323,1.1385813713007207,2026-07-26T08:36:50.174705+00:00
258,2.178325653076172,15.714286267757416,0.690953671333513,2026-07-26T08:36:52.699075+00:00
288,1.26934814453125,57.14285969734192,0.8333102714719385,2026-07-26T08:37:04.868270+00:00
259,2.03668475151062,17.142857611179352,0.8579757858699719,2026-07-26T08:37:04.900793+00:00
260,2.041940927505493,14.28571492433548,3.107661942859912,2026-07-26T08:37:16.388700+00:00
289,0.7027973532676697,75.71428418159485,0.7206565856384779,2026-07-26T08:37:16.508906+00:00
261,2.254687786102295,15.714286267757416,1.2909636427398905,2026-07-26T08:37:27.948962+00:00
290,0.7440928816795349,78.57142686843872,0.7304603142464268,2026-07-26T08:37:28.059112+00:00
262,2.076491117477417,22.857142984867096,0.7274772716170577,2026-07-26T08:37:50.261770+00:00
291,0.6760422587394714,77.14285850524902,0.6949238142364526,2026-07-26T08:37:50.600228+00:00
263,2.1446032524108887,18.571428954601288,0.7402487571068507,2026-07-26T08:38:02.170239+00:00
292,0.6671807169914246,75.71428418159485,0.711773314313697,2026-07-26T08:38:02.211525+00:00
264,2.0605640411376953,2.857142873108387,0.7274468714188386,2026-07-26T08:38:12.933816+00:00
293,0.6121485233306885,81.42856955528259,0.716199542927955,2026-07-26T08:38:13.010624+00:00
265,2.0792245864868164,28.57142984867096,0.7681316427936378,2026-07-26T08:38:23.546237+00:00
266,2.116013765335083,27.142858505249023,0.7900945572016228,2026-07-26T08:38:34.079522+00:00
294,0.5210367441177368,77.14285850524902,0.6911741430355636,2026-07-26T08:38:35.659924+00:00
295,0.697584331035614,75.71428418159485,0.7206561000202782,2026-07-26T08:38:46.514540+00:00
267,1.8785940408706665,17.142857611179352,0.7269409285592181,2026-07-26T08:38:58.319388+00:00
268,1.950989007949829,15.714286267757416,1.0887079572837268,2026-07-26T08:39:09.017168+00:00
296,0.6668722033500671,82.85714387893677,0.7698231428678679,2026-07-26T08:39:09.305680+00:00
269,2.203007221221924,0.0,0.7377325141403293,2026-07-26T08:39:21.854807+00:00
297,0.7088204622268677,80.0000011920929,0.7239184286195918,2026-07-26T08:39:34.077857+00:00
270,2.0162854194641113,10.000000149011612,0.9115567998378538,2026-07-26T08:39:45.216458+00:00
298,0.8147892951965332,71.42857313156128,0.7357401428245274,2026-07-26T08:39:45.638024+00:00
271,2.0214428901672363,21.42857164144516,0.8235122285051537,2026-07-26T08:39:56.723613+00:00
299,0.3823627531528473,89.99999761581421,0.8134874141043318,2026-07-26T08:39:56.757893+00:00
300,0.8607756495475769,77.14285850524902,0.7184760857074122,2026-07-26T08:40:08.433982+00:00
301,0.7641634941101074,82.85714387893677,0.7068832286417351,2026-07-26T08:40:19.161446+00:00
272,1.9465948343276978,20.000000298023224,0.7300366857504871,2026-07-26T08:40:19.871838+00:00
302,0.563310444355011,84.28571224212646,0.7257169856789655,2026-07-26T08:40:30.079229+00:00
303,0.5624319314956665,81.42856955528259,0.7185157714827386,2026-07-26T08:40:40.918395+00:00
273,2.120814323425293,12.857143580913544,0.730982371481202,2026-07-26T08:40:42.190956+00:00
304,0.5556764602661133,78.57142686843872,0.7237196286691219,2026-07-26T08:40:51.729856+00:00
274,1.9952632188796997,31.42857253551483,0.7060546286603702,2026-07-26T08:40:52.850655+00:00
305,0.5010790824890137,78.57142686843872,0.7209338856877626,2026-07-26T08:41:02.515450+00:00
275,2.2027416229248047,2.857142873108387,0.7317693430065577,2026-07-26T08:41:03.439025+00:00
276,1.9647064208984375,22.857142984867096,0.7256067713439863,2026-07-26T08:41:14.026298+00:00
277,2.0106239318847656,5.714285746216774,0.7272801571941403,2026-07-26T08:41:24.818836+00:00
306,0.4578510820865631,87.14285492897034,0.7266761286051147,2026-07-26T08:41:25.345302+00:00
278,1.9981015920639038,10.000000149011612,0.7458228143929903,2026-07-26T08:41:35.398742+00:00
307,0.7088006734848022,77.14285850524902,0.7225954857338884,2026-07-26T08:41:36.073214+00:00
279,2.007732391357422,14.28571492433548,0.7492941286597801,2026-07-26T08:41:47.122874+00:00
280,2.0461387634277344,11.428571492433548,0.7521935857117309,2026-07-26T08:41:57.937771+00:00
308,0.4658139944076538,88.57142925262451,0.8635421285621955,2026-07-26T08:41:58.965752+00:00
281,2.0033483505249023,14.28571492433548,0.8462778714601882,2026-07-26T08:42:09.810134+00:00
309,0.5463117361068726,82.85714387893677,0.738807071424422,2026-07-26T08:42:09.889329+00:00
310,0.4844995141029358,80.0000011920929,0.6996351714146191,2026-07-26T08:42:20.736660+00:00
282,2.005403757095337,14.28571492433548,0.7044683428830467,2026-07-26T08:42:32.614272+00:00
283,2.049556255340576,2.857142873108387,0.6966845857927442,2026-07-26T08:42:43.219798+00:00
311,0.69517582654953,77.14285850524902,0.7199722286064312,2026-07-26T08:42:43.705053+00:00
284,2.0302867889404297,2.857142873108387,0.7490497571000431,2026-07-26T08:43:05.609541+00:00
312,0.5077698826789856,82.85714387893677,0.7510957143884818,2026-07-26T08:43:06.792186+00:00
285,2.1029293537139893,15.714286267757416,0.753300085697057,2026-07-26T08:43:19.380295+00:00
313,0.33825889229774475,88.57142925262451,0.7492026715356457,2026-07-26T08:43:19.457576+00:00
314,0.5101211667060852,71.42857313156128,0.791855928712591,2026-07-26T08:43:31.411591+00:00
286,1.949666976928711,15.714286267757416,0.7993610428197176,2026-07-26T08:43:31.411658+00:00
315,0.5023170113563538,84.28571224212646,0.8443637285381556,2026-07-26T08:43:56.477685+00:00
287,1.8597004413604736,22.857142984867096,0.8661726001134542,2026-07-26T08:43:56.535929+00:00
288,1.9844015836715698,34.285715222358704,0.8918089143532728,2026-07-26T08:44:22.199335+00:00
316,0.44349774718284607,84.28571224212646,0.7171906142113065,2026-07-26T08:44:22.322618+00:00
289,1.9613673686981201,18.571428954601288,0.7905812428881681,2026-07-26T08:44:34.995902+00:00
317,0.7645438313484192,74.28571581840515,0.8674714855650174,2026-07-26T08:44:35.046625+00:00
290,1.9951943159103394,28.57142984867096,2.3038092715848637,2026-07-26T08:44:47.981173+00:00
318,0.6513168811798096,77.14285850524902,0.7068595713852639,2026-07-26T08:44:48.180812+00:00
291,1.948915958404541,24.285714328289032,1.1091048858361319,2026-07-26T08:45:15.036674+00:00
319,0.44160783290863037,87.14285492897034,0.6777408000613961,2026-07-26T08:45:15.682741+00:00
320,0.6376164555549622,84.28571224212646,0.7292348856156293,2026-07-26T08:45:27.947159+00:00
321,0.7235625982284546,75.71428418159485,0.727712942794564,2026-07-26T08:45:38.910338+00:00
292,1.9381637573242188,21.42857164144516,0.7083179572613777,2026-07-26T08:45:41.422321+00:00
293,2.018373966217041,12.857143580913544,0.7920263428656784,2026-07-26T08:45:52.911518+00:00
322,0.6152573823928833,78.57142686843872,0.6809161572683868,2026-07-26T08:45:53.024420+00:00
323,0.5212408900260925,77.14285850524902,0.8152901143018555,2026-07-26T08:46:05.221951+00:00
294,1.9191397428512573,21.42857164144516,0.7230781000024372,2026-07-26T08:46:05.246373+00:00
324,0.6288016438484192,84.28571224212646,0.7489065142830701,2026-07-26T08:46:19.116073+00:00
295,2.104583263397217,10.000000149011612,0.7557101285783574,2026-07-26T08:46:36.849734+00:00
325,0.39269208908081055,85.71428656578064,1.6477598286915704,2026-07-26T08:46:51.807904+00:00
296,1.867792010307312,24.285714328289032,0.7368614001149711,2026-07-26T08:46:52.905937+00:00
297,2.1784045696258545,15.714286267757416,1.0366162856891086,2026-07-26T08:47:08.073916+00:00
298,1.9486864805221558,18.571428954601288,0.8855306572513655,2026-07-26T08:47:20.677990+00:00
326,0.5246316194534302,85.71428656578064,2.38254134289621,2026-07-26T08:47:23.956026+00:00
299,1.9897465705871582,32.85714387893677,0.9956063428294979,2026-07-26T08:47:37.888305+00:00
327,0.7061010003089905,75.71428418159485,0.7210168143501505,2026-07-26T08:47:37.989461+00:00
300,2.012129545211792,17.142857611179352,0.8747534998942034,2026-07-26T08:47:52.618109+00:00
328,0.7052851319313049,68.57143044471741,0.8710565858304368,2026-07-26T08:47:52.618667+00:00
329,0.21901583671569824,91.42857193946838,1.1668231284212587,2026-07-26T08:48:08.325199+00:00
330,0.8230983018875122,78.57142686843872,0.965245057055394,2026-07-26T08:48:21.384571+00:00
301,2.1578123569488525,12.857143580913544,0.7441305856835763,2026-07-26T08:48:24.485953+00:00
331,0.8975281715393066,62.85714507102966,0.7046684285991691,2026-07-26T08:48:36.856421+00:00
332,0.8142280578613281,69.9999988079071,0.8821051856752352,2026-07-26T08:48:49.981360+00:00
302,1.9730143547058105,21.42857164144516,0.719537128419948,2026-07-26T08:48:52.906722+00:00
333,0.9964628219604492,67.14285612106323,0.8759629856545611,2026-07-26T08:49:05.772304+00:00
303,2.0819666385650635,18.571428954601288,0.8714321429059575,2026-07-26T08:49:05.772141+00:00
304,2.287181854248047,18.571428954601288,0.7015185856809174,2026-07-26T08:49:19.775763+00:00
305,1.950431227684021,24.285714328289032,0.7440546999402743,2026-07-26T08:49:32.233812+00:00
334,0.7283098697662354,75.71428418159485,0.7680608144645313,2026-07-26T08:49:35.536836+00:00
306,1.9826226234436035,8.571428805589676,0.7171987429111532,2026-07-26T08:49:46.752700+00:00
307,2.0715177059173584,18.571428954601288,0.7353761285360504,2026-07-26T08:49:59.397798+00:00
335,0.3806958794593811,85.71428656578064,0.7151563570784804,2026-07-26T08:50:02.516000+00:00
308,2.269244432449341,14.28571492433548,0.7973581427774792,2026-07-26T08:50:13.639670+00:00
336,0.4614897072315216,91.42857193946838,0.7259760143434896,2026-07-26T08:50:14.105376+00:00
309,1.9261256456375122,15.714286267757416,1.0276430858149461,2026-07-26T08:50:28.420208+00:00
337,0.3162223696708679,88.57142925262451,0.7191957573273352,2026-07-26T08:50:28.464029+00:00
338,0.47594761848449707,88.57142925262451,0.82264158554608,2026-07-26T08:50:43.740110+00:00
339,0.5464538335800171,84.28571224212646,0.8271652999350668,2026-07-26T08:50:56.968434+00:00
310,1.9114689826965332,15.714286267757416,0.743485228407995,2026-07-26T08:51:00.188768+00:00
311,2.0225777626037598,15.714286267757416,0.9819898141099007,2026-07-26T08:51:26.863298+00:00
340,0.8852295875549316,78.57142686843872,0.7312828570970201,2026-07-26T08:51:26.978130+00:00
312,2.0350725650787354,20.000000298023224,0.7361109570151062,2026-07-26T08:51:41.973917+00:00
313,2.020279884338379,4.285714402794838,0.8182182999527348,2026-07-26T08:51:55.086882+00:00
341,0.48024940490722656,80.0000011920929,0.7285210856935009,2026-07-26T08:51:58.717665+00:00
314,2.2835144996643066,1.4285714365541935,0.7211266000272839,2026-07-26T08:52:10.376056+00:00
315,1.9406670331954956,17.142857611179352,0.7128111571156686,2026-07-26T08:52:22.664588+00:00
342,0.27190351486206055,94.28571462631226,0.7009565715894237,2026-07-26T08:52:25.729600+00:00
343,0.8155706524848938,75.71428418159485,0.9622083143247957,2026-07-26T08:52:37.557466+00:00
344,0.6623290181159973,74.28571581840515,0.7533076144422272,2026-07-26T08:52:50.377934+00:00
316,1.9857417345046997,10.000000149011612,0.7421324572143411,2026-07-26T08:52:53.339649+00:00
345,0.5378148555755615,87.14285492897034,0.7907622857601382,2026-07-26T08:53:05.925529+00:00
317,2.102882146835327,11.428571492433548,0.7187325000164233,2026-07-26T08:53:22.697053+00:00
346,0.5908791422843933,71.42857313156128,0.7443633999043544,2026-07-26T08:53:35.061093+00:00
347,0.8196352124214172,72.85714149475098,0.9246251999034679,2026-07-26T08:53:49.006686+00:00
318,1.9453094005584717,15.714286267757416,0.6979660000069998,2026-07-26T08:53:52.116603+00:00
348,0.6698453426361084,77.14285850524902,0.9979902858114136,2026-07-26T08:54:03.777783+00:00
319,2.0796313285827637,10.000000149011612,1.0712546142583181,2026-07-26T08:54:04.215060+00:00
320,1.9228332042694092,22.857142984867096,0.7022590428407837,2026-07-26T08:54:18.914839+00:00
321,1.8266836404800415,21.42857164144516,0.7158294286844986,2026-07-26T08:54:31.478987+00:00
349,0.45864737033843994,82.85714387893677,0.8157850428168396,2026-07-26T08:54:35.178805+00:00
322,2.0606279373168945,8.571428805589676,0.8169794143343877,2026-07-26T08:55:01.128840+00:00
350,0.7007969617843628,78.57142686843872,0.8209764714203109,2026-07-26T08:55:01.136470+00:00
351,0.5081478953361511,87.14285492897034,0.9880152429104783,2026-07-26T08:55:15.271690+00:00
323,2.06795072555542,15.714286267757416,0.7537696429478404,2026-07-26T08:55:15.463950+00:00
324,1.943459153175354,30.000001192092896,1.115289342955553,2026-07-26T08:55:31.192577+00:00
352,0.762167751789093,74.28571581840515,1.11892587156035,2026-07-26T08:55:31.192592+00:00
353,0.7899382710456848,71.42857313156128,0.7470930001415711,2026-07-26T08:55:48.314567+00:00
354,0.2379692643880844,89.99999761581421,0.8736574427790142,2026-07-26T08:56:03.773186+00:00
325,2.2179176807403564,17.142857611179352,0.7263847427176577,2026-07-26T08:56:07.353859+00:00
326,2.058741569519043,17.142857611179352,1.0365845427648828,2026-07-26T08:56:33.484366+00:00
355,0.676547110080719,81.42856955528259,1.0696030427685141,2026-07-26T08:56:34.024243+00:00
327,2.0847699642181396,30.000001192092896,1.75957769991198,2026-07-26T08:56:53.226333+00:00
356,0.6799028515815735,78.57142686843872,1.755287314257917,2026-07-26T08:56:53.226316+00:00
328,1.9001556634902954,18.571428954601288,1.0081682000808152,2026-07-26T08:57:11.005722+00:00
329,2.244236946105957,1.4285714365541935,1.217219457196604,2026-07-26T08:57:23.816702+00:00
357,0.70803302526474,71.42857313156128,1.1757464572188576,2026-07-26T08:57:27.599770+00:00
330,2.0760436058044434,17.142857611179352,1.1564927283741002,2026-07-26T08:57:39.454667+00:00
358,0.5648136138916016,84.28571224212646,0.934249985896583,2026-07-26T08:57:41.525976+00:00
359,0.5177852511405945,81.42856955528259,1.5178277855738997,2026-07-26T08:57:57.930663+00:00
360,0.7643404006958008,75.71428418159485,1.1653770428633183,2026-07-26T08:58:12.908254+00:00
331,1.9092525243759155,30.000001192092896,0.7335257142715689,2026-07-26T08:58:16.203592+00:00
361,0.6875788569450378,80.0000011920929,1.0716184713861105,2026-07-26T08:58:29.883653+00:00
332,1.9618340730667114,20.000000298023224,2.681281514274555,2026-07-26T08:58:29.987613+00:00
362,0.7292373776435852,84.28571224212646,1.4573188999617872,2026-07-26T08:58:47.679919+00:00
333,3.5143306255340576,14.28571492433548,1.509211457076682,2026-07-26T08:59:07.497563+00:00
363,0.3835993707180023,82.85714387893677,1.3954156142842422,2026-07-26T08:59:21.008557+00:00
334,2.1410634517669678,2.857142873108387,0.8907381571978996,2026-07-26T08:59:22.596507+00:00
364,0.5745722055435181,78.57142686843872,1.3635426572623797,2026-07-26T08:59:39.490583+00:00
335,2.2127463817596436,0.0,1.367921614395787,2026-07-26T08:59:39.492465+00:00
365,0.36976155638694763,87.14285492897034,1.0647724571754225,2026-07-26T08:59:57.165220+00:00
336,2.1099352836608887,30.000001192092896,1.061432200159678,2026-07-26T08:59:57.169205+00:00
337,1.890477180480957,24.285714328289032,1.5516697000878463,2026-07-26T09:00:15.305034+00:00
366,0.5949894785881042,82.85714387893677,1.5476231714793747,2026-07-26T09:00:15.305221+00:00
338,2.241847515106201,27.142858505249023,1.347756057137823,2026-07-26T09:00:33.881986+00:00
367,0.713869035243988,69.9999988079071,1.3443910570848467,2026-07-26T09:00:33.881968+00:00
368,0.4960663914680481,84.28571224212646,1.6277982142388023,2026-07-26T09:00:51.749149+00:00
369,0.6610084772109985,82.85714387893677,1.3867951285127285,2026-07-26T09:01:07.084110+00:00
339,1.6575156450271606,32.85714387893677,1.1061751572664693,2026-07-26T09:01:09.794098+00:00
340,2.1763739585876465,27.142858505249023,1.4977138570559743,2026-07-26T09:01:25.303237+00:00
370,0.7013576030731201,74.28571581840515,1.5013044001534581,2026-07-26T09:01:25.303292+00:00
371,0.5197847485542297,82.85714387893677,1.3574386429224563,2026-07-26T09:01:43.644330+00:00
341,2.6353344917297363,10.000000149011612,1.3527617284645594,2026-07-26T09:01:43.644347+00:00
372,0.44576752185821533,82.85714387893677,1.373354671522975,2026-07-26T09:02:01.979993+00:00
342,1.7931712865829468,30.000001192092896,1.369497157117751,2026-07-26T09:02:01.979998+00:00
343,1.9696439504623413,8.571428805589676,1.0724031428773222,2026-07-26T09:02:20.147825+00:00
344,1.931799054145813,12.857143580913544,1.4139661284778933,2026-07-26T09:02:36.391099+00:00
373,0.6057896018028259,69.9999988079071,1.3822485857027849,2026-07-26T09:02:40.292582+00:00
345,2.0430781841278076,18.571428954601288,1.416221314242908,2026-07-26T09:02:56.021587+00:00
374,0.5744035840034485,84.28571224212646,1.412138542842253,2026-07-26T09:02:56.021592+00:00
375,0.3453444838523865,88.57142925262451,1.6004586284647562,2026-07-26T09:03:14.334734+00:00
346,2.0508244037628174,10.000000149011612,1.596450399873512,2026-07-26T09:03:14.334719+00:00
347,2.725029230117798,15.714286267757416,1.3392346572280593,2026-07-26T09:03:32.877750+00:00
376,0.46652424335479736,87.14285492897034,1.33662862852881,2026-07-26T09:03:32.877758+00:00
348,1.8857203722000122,20.000000298023224,1.5836320572166835,2026-07-26T09:03:52.285331+00:00
377,0.5369042754173279,78.57142686843872,1.5801236428420193,2026-07-26T09:03:52.285363+00:00
378,0.4732978940010071,87.14285492897034,1.3667063856181423,2026-07-26T09:04:10.941206+00:00
349,1.9510821104049683,10.000000149011612,1.590102142862244,2026-07-26T09:04:30.976884+00:00
379,0.41514718532562256,88.57142925262451,1.3987820142314635,2026-07-26T09:04:45.939298+00:00
350,2.050184965133667,21.42857164144516,1.0197553571612974,2026-07-26T09:04:48.643266+00:00
351,1.9253064393997192,20.000000298023224,1.349356314208957,2026-07-26T09:05:05.257502+00:00
380,0.7426719665527344,80.0000011920929,1.3530596857890487,2026-07-26T09:05:05.257469+00:00
352,2.013697624206543,28.57142984867096,1.5784454571465694,2026-07-26T09:05:23.313409+00:00
353,1.947580337524414,17.142857611179352,1.3169023572118022,2026-07-26T09:05:40.101567+00:00
381,0.809062123298645,80.0000011920929,1.342565214352882,2026-07-26T09:05:44.018790+00:00
354,1.9819636344909668,28.57142984867096,1.4407740140865954,2026-07-26T09:05:58.475533+00:00
382,0.5266939997673035,84.28571224212646,1.3075635142740794,2026-07-26T09:05:59.957789+00:00
355,2.031557321548462,21.42857164144516,1.4091743856884673,2026-07-26T09:06:36.153056+00:00
383,0.5286983847618103,87.14285492897034,1.4133432570296074,2026-07-26T09:06:36.153083+00:00
350,2.133026599884033,12.857143580913544,3.429433071428483,2026-07-26T15:35:44.095195+00:00
351,2.0068302154541016,21.42857164144516,0.7667897428567423,2026-07-26T15:35:54.871389+00:00
352,2.056461811065674,20.000000298023224,0.762822571428907,2026-07-26T15:36:05.499643+00:00
353,2.0030338764190674,1.4285714365541935,0.7698203714280031,2026-07-26T15:36:16.088480+00:00
354,2.0048017501831055,15.714286267757416,0.7515148428573022,2026-07-26T15:36:26.754368+00:00
355,2.1473641395568848,12.857143580913544,0.8439395999995928,2026-07-26T15:36:48.581147+00:00
356,1.9798028469085693,11.428571492433548,0.8220363285707728,2026-07-26T15:36:59.167054+00:00
357,1.9562451839447021,14.28571492433548,0.7489342285712804,2026-07-26T15:37:09.526206+00:00
358,2.0028083324432373,4.285714402794838,0.7123133428568249,2026-07-26T15:37:20.075181+00:00
359,1.9933197498321533,18.571428954601288,0.8280303285711658,2026-07-26T15:37:30.477099+00:00
360,1.9841727018356323,15.714286267757416,0.7330447714285323,2026-07-26T15:37:40.820016+00:00
361,2.0018606185913086,10.000000149011612,0.7642922285713537,2026-07-26T15:38:03.068317+00:00
362,1.9410415887832642,18.571428954601288,0.8547269857152578,2026-07-26T15:38:25.238890+00:00
363,2.072273015975952,25.714287161827087,0.7364134999988892,2026-07-26T15:38:46.858891+00:00
364,2.0329246520996094,12.857143580913544,0.7034680571434494,2026-07-26T15:38:57.320973+00:00
365,2.0168089866638184,4.285714402794838,0.7756099571435827,2026-07-26T15:39:19.415910+00:00
366,2.004110336303711,4.285714402794838,0.7012823428567572,2026-07-26T15:39:29.793071+00:00
367,1.9897648096084595,20.000000298023224,0.7647357857146225,2026-07-26T15:39:40.308884+00:00
368,1.9897421598434448,18.571428954601288,0.7589306285711115,2026-07-26T15:39:50.785760+00:00
369,2.0029497146606445,10.000000149011612,0.7962507000002006,2026-07-26T15:40:01.251266+00:00
370,1.972171425819397,18.571428954601288,0.759710157142633,2026-07-26T15:40:12.168721+00:00
371,1.9721393585205078,12.857143580913544,0.728735314286106,2026-07-26T15:40:34.395725+00:00
372,1.965635895729065,18.571428954601288,0.7659076714276125,2026-07-26T15:40:44.846085+00:00
373,1.9773404598236084,14.28571492433548,0.7358919142851457,2026-07-26T15:41:06.929405+00:00
374,1.9778237342834473,15.714286267757416,0.7065539714290026,2026-07-26T15:41:28.999217+00:00
375,2.0803890228271484,14.28571492433548,0.7495925714286906,2026-07-26T15:41:39.465792+00:00
376,1.9902541637420654,1.4285714365541935,0.7849063142852434,2026-07-26T15:42:01.643496+00:00
377,1.9532021284103394,15.714286267757416,0.8384528857147545,2026-07-26T15:42:23.878377+00:00
378,1.9926402568817139,25.714287161827087,0.8188632428560335,2026-07-26T15:42:34.357199+00:00
379,1.9537290334701538,12.857143580913544,0.8000964999999789,2026-07-26T15:42:44.784751+00:00
380,2.066545009613037,14.28571492433548,0.711514028570751,2026-07-26T15:42:55.275298+00:00
381,2.0388872623443604,17.142857611179352,0.8156334999999412,2026-07-26T15:43:17.640406+00:00
382,1.9644001722335815,2.857142873108387,0.8093516142853981,2026-07-26T15:43:39.901284+00:00
383,2.0793237686157227,0.0,0.8236850857136752,2026-07-26T15:44:02.227178+00:00
384,1.9351091384887695,15.714286267757416,0.7092632999989031,2026-07-26T15:44:12.661579+00:00
385,2.0292162895202637,15.714286267757416,0.8085642000001566,2026-07-26T15:44:23.230016+00:00
386,1.9356999397277832,15.714286267757416,0.8278133285703656,2026-07-26T15:44:33.520903+00:00
387,1.911742091178894,22.857142984867096,0.8220340714290485,2026-07-26T15:44:43.838551+00:00
388,1.982625961303711,15.714286267757416,0.8031306857138328,2026-07-26T15:44:54.190986+00:00
389,1.982271432876587,32.85714387893677,0.8473587000009632,2026-07-26T15:45:04.676477+00:00
390,2.0260379314422607,15.714286267757416,0.8392167142866518,2026-07-26T15:45:26.683054+00:00
391,2.028104543685913,20.000000298023224,2.3981734000001,2026-07-26T15:45:37.082306+00:00
392,2.0323448181152344,18.571428954601288,0.7666052428573623,2026-07-26T15:45:47.472955+00:00
393,2.0801327228546143,14.28571492433548,0.7989139571431483,2026-07-26T15:45:57.888417+00:00
394,1.982539176940918,0.0,0.7267343428566164,2026-07-26T15:46:19.789360+00:00
395,1.951409935951233,14.28571492433548,0.701215571429462,2026-07-26T15:46:42.001705+00:00
396,1.9350420236587524,15.714286267757416,0.7295703999992449,2026-07-26T15:46:52.427481+00:00
397,1.9910980463027954,15.714286267757416,0.7625136285696499,2026-07-26T15:47:02.820481+00:00
398,1.9569981098175049,20.000000298023224,0.7675114428561106,2026-07-26T15:47:13.269243+00:00
399,2.027559518814087,1.4285714365541935,0.7185140285693187,2026-07-26T15:47:35.615767+00:00
400,2.0074706077575684,8.571428805589676,0.7526827285703673,2026-07-26T15:47:46.295752+00:00
401,1.9726715087890625,24.285714328289032,0.7197863714281993,2026-07-26T15:48:08.419016+00:00
402,1.9839595556259155,11.428571492433548,0.7099527857137998,2026-07-26T15:48:18.787572+00:00
403,2.0035412311553955,2.857142873108387,0.8643492285727916,2026-07-26T15:48:29.265412+00:00
404,1.9492532014846802,24.285714328289032,0.7283625714308073,2026-07-26T15:48:51.267602+00:00
405,1.973180890083313,12.857143580913544,0.7680038714267668,2026-07-26T15:49:01.713995+00:00
406,1.991463303565979,27.142858505249023,0.7118318999995868,2026-07-26T15:49:12.075513+00:00
407,1.9687203168869019,15.714286267757416,0.7983385142844261,2026-07-26T15:49:34.235216+00:00
408,1.9309500455856323,10.000000149011612,0.7086460857148527,2026-07-26T15:49:56.115526+00:00
409,1.9488939046859741,4.285714402794838,0.9013638428574008,2026-07-26T15:50:06.841294+00:00
410,2.0376460552215576,0.0,0.7249598142867139,2026-07-26T15:50:17.393778+00:00
411,2.001166582107544,27.142858505249023,0.8094307857131103,2026-07-26T15:50:27.858135+00:00
412,1.9377881288528442,20.000000298023224,0.7162401714302697,2026-07-26T15:50:38.305847+00:00
413,2.01031494140625,2.857142873108387,0.738964971430635,2026-07-26T15:50:48.680728+00:00
414,1.888759732246399,31.42857253551483,0.7706273571427249,2026-07-26T15:50:59.110951+00:00
415,1.968835473060608,28.57142984867096,0.8131723428570174,2026-07-26T15:51:09.673869+00:00
416,1.9675527811050415,15.714286267757416,0.7372646571444161,2026-07-26T15:51:20.104755+00:00
417,1.9662772417068481,12.857143580913544,0.8628986142834297,2026-07-26T15:51:30.562534+00:00
418,1.9978798627853394,10.000000149011612,0.8191648285706573,2026-07-26T15:51:40.873699+00:00
419,1.953367829322815,15.714286267757416,0.8153265571438948,2026-07-26T15:51:51.318740+00:00
420,2.0066885948181152,21.42857164144516,0.7190956714274372,2026-07-26T15:52:13.411675+00:00
421,1.9711203575134277,15.714286267757416,0.7436097285725347,2026-07-26T15:52:35.551598+00:00
422,2.0091264247894287,17.142857611179352,0.8008532714289426,2026-07-26T15:52:57.976227+00:00
423,1.9841187000274658,2.857142873108387,0.7653170428576621,2026-07-26T15:53:08.394480+00:00
424,2.0246407985687256,18.571428954601288,0.8871556999987921,2026-07-26T15:53:18.657993+00:00
425,1.9524389505386353,27.142858505249023,0.7691977285698418,2026-07-26T15:53:29.003047+00:00
426,1.9545261859893799,20.000000298023224,0.7723121142849517,2026-07-26T15:53:39.516547+00:00
427,1.9774235486984253,14.28571492433548,0.6984186428586067,2026-07-26T15:53:49.902192+00:00
428,1.9369761943817139,12.857143580913544,0.8192671142848796,2026-07-26T15:54:00.230043+00:00
429,2.078718662261963,18.571428954601288,0.8370474857136807,2026-07-26T15:54:22.278128+00:00
430,1.9499564170837402,31.42857253551483,0.7414401857139247,2026-07-26T15:54:32.678388+00:00
431,1.9418798685073853,15.714286267757416,0.873934900001976,2026-07-26T15:54:54.651745+00:00
432,1.9957153797149658,24.285714328289032,0.7428817142876402,2026-07-26T15:55:05.018007+00:00
433,1.9664782285690308,14.28571492433548,0.8044513857157654,2026-07-26T15:55:26.822302+00:00
434,1.9234684705734253,14.28571492433548,0.7757416285715277,2026-07-26T15:55:37.299324+00:00
435,2.0075745582580566,5.714285746216774,0.7902525714273776,2026-07-26T15:55:47.553466+00:00
436,1.9692672491073608,15.714286267757416,0.7226189000026092,2026-07-26T15:55:57.887742+00:00
437,2.07230281829834,4.285714402794838,0.8409220428575281,2026-07-26T15:56:20.068225+00:00
438,1.9849011898040771,20.000000298023224,0.7472255714284464,2026-07-26T15:56:30.529472+00:00
439,1.9547330141067505,24.285714328289032,0.8036122999978293,2026-07-26T15:56:40.853100+00:00
440,1.896368145942688,14.28571492433548,0.7436261142856893,2026-07-26T15:56:51.069200+00:00
441,2.0012097358703613,0.0,0.7453648142830259,2026-07-26T15:57:01.362984+00:00
442,1.951696753501892,8.571428805589676,0.8183446000007929,2026-07-26T15:57:11.731259+00:00
443,1.9335969686508179,15.714286267757416,0.8377462285709824,2026-07-26T15:57:22.023050+00:00
444,2.037829637527466,14.28571492433548,0.8111130285702269,2026-07-26T15:57:32.431409+00:00
445,1.926401138305664,22.857142984867096,0.7949256428576388,2026-07-26T15:57:42.740856+00:00
446,1.919189214706421,14.28571492433548,0.839085842858367,2026-07-26T15:57:53.194977+00:00
447,2.0049943923950195,5.714285746216774,0.7745107714299593,2026-07-26T15:58:15.172860+00:00
448,2.0138919353485107,5.714285746216774,0.8393970857144138,2026-07-26T15:58:37.055910+00:00
449,1.9959616661071777,11.428571492433548,0.8126522285692772,2026-07-26T15:58:47.424515+00:00
450,1.9507777690887451,17.142857611179352,0.8727964428576992,2026-07-26T15:59:09.460748+00:00
451,1.968880295753479,17.142857611179352,0.8176939428559699,2026-07-26T15:59:19.925657+00:00
452,1.910764455795288,12.857143580913544,0.824036214287714,2026-07-26T15:59:41.760698+00:00
453,1.9796940088272095,14.28571492433548,0.7530033999988258,2026-07-26T15:59:52.093209+00:00
454,1.9682636260986328,4.285714402794838,0.8585824714275857,2026-07-26T16:00:02.402105+00:00
455,1.9591277837753296,15.714286267757416,0.8174501571407486,2026-07-26T16:00:13.049073+00:00
456,2.0353589057922363,14.28571492433548,0.8138003571437885,2026-07-26T16:00:23.405674+00:00
457,1.9537895917892456,24.285714328289032,0.7624412714286726,2026-07-26T16:00:45.362503+00:00
458,1.9150763750076294,32.85714387893677,0.817722042857635,2026-07-26T16:00:55.804578+00:00
459,1.9028793573379517,24.285714328289032,0.8058926999995362,2026-07-26T16:01:17.859557+00:00
460,1.973241925239563,28.57142984867096,0.8179981428578945,2026-07-26T16:01:28.647596+00:00
461,1.9093281030654907,27.142858505249023,0.8138444142852157,2026-07-26T16:01:39.024048+00:00
462,2.0515072345733643,7.14285746216774,0.7998418571397841,2026-07-26T16:01:49.483614+00:00
463,1.9610490798950195,4.285714402794838,0.7278232428559153,2026-07-26T16:02:11.693229+00:00
464,2.009721040725708,8.571428805589676,0.7660439714300082,2026-07-26T16:02:22.022272+00:00
465,1.9557521343231201,18.571428954601288,0.7909362428563327,2026-07-26T16:02:32.412483+00:00
466,2.180342674255371,8.571428805589676,0.8219453999994845,2026-07-26T16:02:42.763100+00:00
467,1.9806158542633057,15.714286267757416,0.790256528570613,2026-07-26T16:02:53.101214+00:00
468,1.9579265117645264,10.000000149011612,0.8420619142855555,2026-07-26T16:03:14.628781+00:00
469,1.9480684995651245,18.571428954601288,0.8033661857130677,2026-07-26T16:03:25.387896+00:00
470,2.01604962348938,0.0,0.8401067285701304,2026-07-26T16:03:35.641868+00:00
471,1.9299490451812744,15.714286267757416,0.8586230857125493,2026-07-26T16:03:46.041881+00:00
472,2.011059045791626,8.571428805589676,0.7471831142863397,2026-07-26T16:03:56.638897+00:00
473,1.9493926763534546,14.28571492433548,0.8237822571442979,2026-07-26T16:04:07.067432+00:00
474,1.9526811838150024,12.857143580913544,0.7123158285724327,2026-07-26T16:04:17.236578+00:00
475,1.9920538663864136,1.4285714365541935,0.8055974999998787,2026-07-26T16:04:27.972188+00:00
476,1.998010516166687,14.28571492433548,0.7769912571412922,2026-07-26T16:04:49.711415+00:00
477,1.9851793050765991,0.0,0.7387884428551063,2026-07-26T16:04:59.829202+00:00
478,1.9879703521728516,5.714285746216774,0.9343735142855232,2026-07-26T16:05:22.796101+00:00
479,1.9612674713134766,4.285714402794838,0.8225367000055225,2026-07-26T16:05:33.688901+00:00
480,1.943636417388916,15.714286267757416,0.7740542285708736,2026-07-26T16:05:43.909310+00:00
481,1.946921706199646,11.428571492433548,0.8453296000035543,2026-07-26T16:05:54.236377+00:00
482,1.9703019857406616,10.000000149011612,0.7589138857123804,2026-07-26T16:06:16.204708+00:00
483,1.9381948709487915,17.142857611179352,0.7362295857157213,2026-07-26T16:06:26.957701+00:00
484,1.9303122758865356,15.714286267757416,0.7669627285719928,2026-07-26T16:06:48.851332+00:00
485,1.9961050748825073,18.571428954601288,0.699648699998891,2026-07-26T16:06:59.251433+00:00
486,1.9468239545822144,27.142858505249023,0.8495657999966559,2026-07-26T16:07:09.674462+00:00
487,1.916386604309082,14.28571492433548,0.7090143142834547,2026-07-26T16:07:19.876558+00:00
488,2.009342670440674,15.714286267757416,0.7681120571435582,2026-07-26T16:07:30.725717+00:00
489,1.968819260597229,22.857142984867096,0.7122268142861036,2026-07-26T16:07:40.962337+00:00
490,1.9388877153396606,10.000000149011612,0.7439294285697022,2026-07-26T16:07:51.263485+00:00
491,1.9293149709701538,31.42857253551483,0.7228605714252418,2026-07-26T16:08:13.470892+00:00
492,1.9911059141159058,11.428571492433548,0.8259497999980729,2026-07-26T16:08:24.155858+00:00
493,1.9521650075912476,14.28571492433548,0.7169626571404868,2026-07-26T16:08:34.655754+00:00
494,1.9676731824874878,27.142858505249023,0.7217066428568484,2026-07-26T16:08:45.008560+00:00
495,1.9534541368484497,15.714286267757416,0.8162891714294217,2026-07-26T16:08:55.282718+00:00
496,1.9616725444793701,14.28571492433548,0.8100072571453764,2026-07-26T16:09:05.746220+00:00
497,1.9807897806167603,31.42857253551483,0.7739380571430438,2026-07-26T16:09:28.146579+00:00
498,1.9088666439056396,30.000001192092896,0.8429404857192172,2026-07-26T16:09:38.409925+00:00
499,1.9653178453445435,11.428571492433548,0.7237172714342575,2026-07-26T16:09:48.738507+00:00
500,1.9921700954437256,15.714286267757416,0.6972152000019248,2026-07-26T16:09:59.430668+00:00
501,2.012186050415039,11.428571492433548,0.8416648857096984,2026-07-26T16:10:10.577487+00:00
502,1.9598541259765625,20.000000298023224,0.793876785714279,2026-07-26T16:10:21.065493+00:00
503,1.9577802419662476,28.57142984867096,0.8647908999981675,2026-07-26T16:10:43.042465+00:00
504,1.9380563497543335,14.28571492433548,0.7319373000037948,2026-07-26T16:11:04.903813+00:00
505,1.9180537462234497,15.714286267757416,0.809518585713574,2026-07-26T16:11:15.251470+00:00
506,1.9944807291030884,15.714286267757416,0.8171107857184065,2026-07-26T16:11:25.652664+00:00
507,1.9732810258865356,1.4285714365541935,0.7218242857171779,2026-07-26T16:11:35.906835+00:00
508,1.9056683778762817,15.714286267757416,0.7460799999989831,2026-07-26T16:11:46.332981+00:00
509,1.931482195854187,21.42857164144516,0.7132607999990017,2026-07-26T16:11:56.660512+00:00
510,1.9340941905975342,22.857142984867096,0.7028623428595893,2026-07-26T16:12:06.941523+00:00
511,1.96511709690094,12.857143580913544,0.8534054428569756,2026-07-26T16:12:28.827643+00:00
512,1.9723855257034302,28.57142984867096,0.7184279142815544,2026-07-26T16:12:39.029982+00:00
513,1.9716731309890747,21.42857164144516,0.7203262285721783,2026-07-26T16:13:00.720887+00:00
514,1.9237195253372192,17.142857611179352,0.767896242853437,2026-07-26T16:13:11.096531+00:00
515,1.9947404861450195,1.4285714365541935,0.8783978285724255,2026-07-26T16:13:33.000838+00:00
516,1.9497191905975342,17.142857611179352,0.7287690571437062,2026-07-26T16:13:43.309458+00:00
517,1.962186574935913,11.428571492433548,0.7088205285721675,2026-07-26T16:13:53.535857+00:00
518,1.9891823530197144,15.714286267757416,0.8376341571420198,2026-07-26T16:14:03.758634+00:00
519,1.9830646514892578,12.857143580913544,0.7097566285730345,2026-07-26T16:14:14.008851+00:00
520,2.007772445678711,12.857143580913544,0.8020709571415604,2026-07-26T16:14:24.376249+00:00
521,1.9954838752746582,4.285714402794838,0.6812947142861958,2026-07-26T16:14:34.595878+00:00
522,1.911004900932312,20.000000298023224,0.8253754428551474,2026-07-26T16:14:56.495280+00:00
523,1.9841042757034302,12.857143580913544,0.7496064857150486,2026-07-26T16:15:18.984781+00:00
524,1.9487239122390747,22.857142984867096,0.7774297571424021,2026-07-26T16:15:40.998533+00:00
525,1.9401048421859741,28.57142984867096,0.755625714288856,2026-07-26T16:15:51.465881+00:00
526,1.9425969123840332,15.714286267757416,0.7049634714283975,2026-07-26T16:16:01.764471+00:00
527,1.9931309223175049,12.857143580913544,0.7273345285674233,2026-07-26T16:16:12.037712+00:00
528,1.947853922843933,32.85714387893677,0.6982171571442969,2026-07-26T16:16:34.377865+00:00
529,1.9904903173446655,12.857143580913544,0.7191752571413547,2026-07-26T16:16:44.698007+00:00
530,1.9437161684036255,15.714286267757416,0.8278120857149978,2026-07-26T16:16:55.029539+00:00
531,1.940948247909546,22.857142984867096,0.831652042857708,2026-07-26T16:17:16.953987+00:00
532,1.9883352518081665,15.714286267757416,0.783210242856772,2026-07-26T16:17:27.336989+00:00
533,1.919579029083252,22.857142984867096,0.8110901142897222,2026-07-26T16:17:37.556969+00:00
534,1.9455701112747192,30.000001192092896,0.7843918571390012,2026-07-26T16:17:47.905162+00:00
535,1.9658665657043457,15.714286267757416,0.7220735714262057,2026-07-26T16:18:09.646888+00:00
536,1.9777064323425293,8.571428805589676,0.7299142285709033,2026-07-26T16:18:19.903178+00:00
537,1.9040840864181519,27.142858505249023,0.7289382999975456,2026-07-26T16:18:30.161549+00:00
538,1.9506624937057495,18.571428954601288,0.7565259857139089,2026-07-26T16:18:40.433840+00:00
539,1.9714654684066772,14.28571492433548,0.7255756571404552,2026-07-26T16:18:50.731556+00:00
540,1.9429268836975098,15.714286267757416,0.7163479000025421,2026-07-26T16:19:01.068521+00:00
541,1.9623589515686035,1.4285714365541935,0.7363224714286584,2026-07-26T16:19:11.386426+00:00
542,1.9464246034622192,0.0,0.7579741571394801,2026-07-26T16:19:21.568216+00:00
543,1.9488520622253418,15.714286267757416,0.8055777285725136,2026-07-26T16:19:44.028846+00:00
544,1.9845507144927979,5.714285746216774,0.8427721857125497,2026-07-26T16:19:54.169728+00:00
545,1.981844186782837,14.28571492433548,0.7426637857146748,2026-07-26T16:20:16.586100+00:00
546,1.9342161417007446,15.714286267757416,0.7349034285717998,2026-07-26T16:20:38.223987+00:00
547,1.9292833805084229,10.000000149011612,0.6941208571463773,2026-07-26T16:20:59.971629+00:00
548,1.9502850770950317,10.000000149011612,0.7212284714244431,2026-07-26T16:21:10.386237+00:00
549,1.9719090461730957,18.571428954601288,0.8228048714305001,2026-07-26T16:21:32.288294+00:00
550,1.9518214464187622,17.142857611179352,0.7133033857111772,2026-07-26T16:21:42.822320+00:00
551,1.9174076318740845,20.000000298023224,0.7446041857097694,2026-07-26T16:21:53.416491+00:00
552,1.9532289505004883,7.14285746216774,0.738125285715796,2026-07-26T16:22:03.892196+00:00
553,1.9629490375518799,11.428571492433548,0.6958152428524045,2026-07-26T16:22:14.379344+00:00
554,1.960879921913147,27.142858505249023,0.715966142862661,2026-07-26T16:22:36.534773+00:00
555,1.9351141452789307,8.571428805589676,0.7177461857151815,2026-07-26T16:22:58.599446+00:00
556,1.9522120952606201,18.571428954601288,0.7359465000003443,2026-07-26T16:23:20.604690+00:00
557,1.9509093761444092,18.571428954601288,0.7084188999994824,2026-07-26T16:23:30.901705+00:00
558,1.976527214050293,15.714286267757416,0.717253099998873,2026-07-26T16:23:41.197408+00:00
559,1.9293988943099976,4.285714402794838,0.7416785285710961,2026-07-26T16:24:03.238037+00:00
560,1.9448246955871582,7.14285746216774,0.7583804571433055,2026-07-26T16:24:25.977349+00:00
561,2.003553628921509,14.28571492433548,0.7307535285755355,2026-07-26T16:24:36.613162+00:00
562,1.9525026082992554,17.142857611179352,0.7322588000014159,2026-07-26T16:24:46.965551+00:00
563,1.8935139179229736,15.714286267757416,0.7918100142822888,2026-07-26T16:25:09.371410+00:00
564,1.9668760299682617,14.28571492433548,0.6969078142901708,2026-07-26T16:25:19.669156+00:00
565,1.9710288047790527,15.714286267757416,0.7939103571451207,2026-07-26T16:25:41.549304+00:00
566,1.9495452642440796,15.714286267757416,0.8715280714308651,2026-07-26T16:26:03.412873+00:00
567,1.9344966411590576,27.142858505249023,0.7332525428539937,2026-07-26T16:26:25.186374+00:00
568,1.9474903345108032,14.28571492433548,0.8313856428555613,2026-07-26T16:26:35.712062+00:00
569,1.976012110710144,1.4285714365541935,0.8105751857133977,2026-07-26T16:26:46.073977+00:00
570,1.9255489110946655,15.714286267757416,0.7032766714278946,2026-07-26T16:26:56.284214+00:00
571,1.9567939043045044,12.857143580913544,0.7324050000014332,2026-07-26T16:27:18.154567+00:00
572,1.9875472784042358,1.4285714365541935,0.7541217142845978,2026-07-26T16:27:28.510856+00:00
573,1.945587396621704,4.285714402794838,0.7860228714304998,2026-07-26T16:27:38.762288+00:00
574,1.9649510383605957,15.714286267757416,0.706147771428992,2026-07-26T16:27:49.084151+00:00
575,1.932763695716858,17.142857611179352,0.7525175428587058,2026-07-26T16:28:11.241208+00:00
576,1.9662015438079834,1.4285714365541935,0.706872014286221,2026-07-26T16:28:21.545231+00:00
577,1.949239730834961,21.42857164144516,0.7759773142879567,2026-07-26T16:28:31.946884+00:00
578,1.959108829498291,20.000000298023224,0.721958799996563,2026-07-26T16:28:42.440437+00:00
579,1.98263680934906,30.000001192092896,0.810941728566052,2026-07-26T16:28:52.736553+00:00
580,1.9157696962356567,15.714286267757416,0.726682085710958,2026-07-26T16:29:02.962948+00:00
581,1.912117600440979,20.000000298023224,0.8192368571404326,2026-07-26T16:29:24.648630+00:00
582,1.9860416650772095,5.714285746216774,0.7389443999987374,2026-07-26T16:29:35.097866+00:00
583,2.0242104530334473,10.000000149011612,0.8071851142826095,2026-07-26T16:29:45.432573+00:00
584,1.957309365272522,22.857142984867096,0.7742644285761864,2026-07-26T16:30:07.967308+00:00
585,1.9788532257080078,14.28571492433548,0.8069032571451575,2026-07-26T16:30:18.450688+00:00
586,1.9585542678833008,20.000000298023224,0.7256491999994199,2026-07-26T16:30:28.750878+00:00
587,1.940122365951538,18.571428954601288,0.7071170857086274,2026-07-26T16:30:39.025877+00:00
588,1.956430435180664,1.4285714365541935,0.7659682714282618,2026-07-26T16:31:01.042868+00:00
589,1.9525953531265259,15.714286267757416,0.8201370571441657,2026-07-26T16:31:22.882108+00:00
590,1.9497824907302856,15.714286267757416,0.8386736142840944,2026-07-26T16:31:33.362783+00:00
591,1.9692821502685547,12.857143580913544,0.7453745142811385,2026-07-26T16:31:43.581067+00:00
592,1.9634207487106323,25.714287161827087,0.7330024857115599,2026-07-26T16:31:53.831906+00:00
593,1.9409127235412598,17.142857611179352,0.8597057142911321,2026-07-26T16:32:04.366160+00:00
594,1.9343305826187134,27.142858505249023,0.7507199428606067,2026-07-26T16:32:14.674192+00:00
595,1.9440547227859497,14.28571492433548,0.8261953571426212,2026-07-26T16:32:25.007359+00:00
596,1.942800521850586,14.28571492433548,0.8364591428614534,2026-07-26T16:32:35.366229+00:00
597,1.889441967010498,30.000001192092896,0.7958736285672785,2026-07-26T16:32:45.644743+00:00
598,1.9375402927398682,15.714286267757416,0.7418360571396728,2026-07-26T16:32:56.085845+00:00
599,1.9518556594848633,31.42857253551483,0.7652964142835117,2026-07-26T16:33:17.816953+00:00
600,1.9636027812957764,12.857143580913544,0.8287747714283406,2026-07-26T16:33:39.807110+00:00
601,1.9612629413604736,2.857142873108387,0.8661943000009029,2026-07-26T16:34:01.638906+00:00
602,1.9381763935089111,17.142857611179352,0.8233425142861961,2026-07-26T16:34:23.305476+00:00
603,1.8696880340576172,34.285715222358704,0.7166673142884454,2026-07-26T16:34:33.787888+00:00
604,1.9271717071533203,18.571428954601288,0.794032657144531,2026-07-26T16:34:55.640733+00:00
605,1.9416861534118652,5.714285746216774,0.7872387857137905,2026-07-26T16:35:06.168375+00:00
606,1.956779956817627,17.142857611179352,0.7766698999993032,2026-07-26T16:35:28.086299+00:00
607,1.9228687286376953,21.42857164144516,0.7537361571394285,2026-07-26T16:35:38.404674+00:00
608,1.9616267681121826,8.571428805589676,0.7989209142838912,2026-07-26T16:35:48.835453+00:00
609,1.9477407932281494,10.000000149011612,2.353017642852657,2026-07-26T16:35:59.366205+00:00
610,2.0216257572174072,1.4285714365541935,0.7759738428571187,2026-07-26T16:36:21.652163+00:00
611,1.9416216611862183,20.000000298023224,0.7652638285695242,2026-07-26T16:36:32.161489+00:00
612,1.9427484273910522,21.42857164144516,0.7953506142842214,2026-07-26T16:36:42.486516+00:00
613,1.9485163688659668,15.714286267757416,0.8789539714273685,2026-07-26T16:36:52.938268+00:00
614,1.9414933919906616,14.28571492433548,0.7299641428549616,2026-07-26T16:37:03.565458+00:00
615,1.9503610134124756,15.714286267757416,0.7944572857143481,2026-07-26T16:37:13.948579+00:00
616,1.9348031282424927,24.285714328289032,0.7169549428583974,2026-07-26T16:37:36.043356+00:00
617,2.0080490112304688,4.285714402794838,0.8033962999953863,2026-07-26T16:37:46.449570+00:00
618,1.916261911392212,24.285714328289032,0.8087911142865778,2026-07-26T16:37:56.791178+00:00
619,1.9279955625534058,22.857142984867096,0.8387773285643821,2026-07-26T16:38:07.213967+00:00
620,1.9669930934906006,4.285714402794838,0.7632597428580213,2026-07-26T16:38:29.201412+00:00
621,1.9684408903121948,8.571428805589676,0.7088562000067863,2026-07-26T16:38:39.674967+00:00
622,1.9642786979675293,7.14285746216774,0.8410868000022934,2026-07-26T16:38:50.019781+00:00
623,1.931052565574646,10.000000149011612,0.7154906857197472,2026-07-26T16:39:00.453954+00:00
624,1.9419224262237549,11.428571492433548,0.8548495142869277,2026-07-26T16:39:10.940302+00:00
625,1.9737858772277832,10.000000149011612,0.7627371285707341,2026-07-26T16:39:32.847969+00:00
626,1.9611506462097168,10.000000149011612,0.7257015857248916,2026-07-26T16:39:55.019470+00:00
627,1.8640512228012085,24.285714328289032,0.9012435428693217,2026-07-26T16:40:05.537592+00:00
628,1.9624223709106445,24.285714328289032,0.710101399999985,2026-07-26T16:40:28.271156+00:00
629,1.9256465435028076,17.142857611179352,0.7163265428581715,2026-07-26T16:40:50.521247+00:00
630,1.8874847888946533,24.285714328289032,0.7925960714211604,2026-07-26T16:41:00.815613+00:00
631,1.9392582178115845,27.142858505249023,0.874594242850435,2026-07-26T16:41:23.096206+00:00
632,1.9455466270446777,28.57142984867096,0.8664492285788583,2026-07-26T16:41:45.347804+00:00
633,1.934177041053772,14.28571492433548,0.7365768428566557,2026-07-26T16:41:55.889475+00:00
634,1.9173871278762817,18.571428954601288,0.7943961571332433,2026-07-26T16:42:06.378644+00:00
635,1.9628225564956665,14.28571492433548,0.8640001857202151,2026-07-26T16:42:16.826054+00:00
636,1.9615164995193481,11.428571492433548,0.8103933857065775,2026-07-26T16:42:39.006512+00:00
637,1.9613168239593506,12.857143580913544,0.7787801714325073,2026-07-26T16:43:01.108486+00:00
638,1.9179414510726929,10.000000149011612,0.863403942860584,2026-07-26T16:43:11.618411+00:00
639,1.9472355842590332,14.28571492433548,0.758594900006366,2026-07-26T16:43:22.079716+00:00
640,1.9544483423233032,15.714286267757416,0.7420723285706896,2026-07-26T16:43:32.609262+00:00
641,1.9592751264572144,4.285714402794838,0.7732352142868747,2026-07-26T16:43:54.685071+00:00
642,1.9471938610076904,14.28571492433548,0.8248608857164592,2026-07-26T16:44:05.141258+00:00
643,1.9499540328979492,5.714285746216774,0.7419163571414953,2026-07-26T16:44:26.970253+00:00
644,1.9457552433013916,27.142858505249023,0.8083835999968869,2026-07-26T16:44:37.558828+00:00
645,1.948449969291687,1.4285714365541935,0.7556360857051914,2026-07-26T16:44:47.823598+00:00
646,1.9451110363006592,18.571428954601288,0.7191249142904002,2026-07-26T16:45:09.903168+00:00
647,1.9468930959701538,14.28571492433548,0.834212914287491,2026-07-26T16:45:20.206711+00:00
648,1.9477970600128174,7.14285746216774,0.7202356000042138,2026-07-26T16:45:30.545960+00:00
649,1.9484292268753052,17.142857611179352,0.7555471428531746,2026-07-26T16:45:40.779323+00:00
650,1.9530770778656006,2.857142873108387,0.736409671428971,2026-07-26T16:45:51.458047+00:00
651,1.9268977642059326,14.28571492433548,0.7100078857157703,2026-07-26T16:46:13.604817+00:00
652,1.929437279701233,15.714286267757416,0.8010090857169416,2026-07-26T16:46:23.875205+00:00
653,1.9135842323303223,37.142857909202576,2.3264022428520548,2026-07-26T16:46:45.698617+00:00
654,1.9776556491851807,18.571428954601288,0.7619856285730618,2026-07-26T16:46:55.997067+00:00
655,2.005626678466797,17.142857611179352,0.7391573571502315,2026-07-26T16:47:17.986013+00:00
656,1.9425777196884155,15.714286267757416,0.8381591285667257,2026-07-26T16:47:39.711811+00:00
657,1.9564645290374756,11.428571492433548,0.7258291142924074,2026-07-26T16:48:01.892849+00:00
658,1.9680449962615967,18.571428954601288,0.7747145142924897,2026-07-26T16:48:12.238143+00:00
659,1.9486744403839111,14.28571492433548,0.7338365857192132,2026-07-26T16:48:22.683071+00:00
660,1.9514731168746948,14.28571492433548,0.7547971714302548,2026-07-26T16:48:32.997096+00:00
661,1.9287946224212646,25.714287161827087,0.8173201571480604,2026-07-26T16:48:43.400460+00:00
662,1.9368351697921753,17.142857611179352,0.7621682571360517,2026-07-26T16:48:53.735196+00:00
663,1.9492626190185547,15.714286267757416,0.7510499428592864,2026-07-26T16:49:04.125388+00:00
664,1.9457412958145142,17.142857611179352,0.765251785716308,2026-07-26T16:49:14.618479+00:00
665,1.9832364320755005,1.4285714365541935,0.7359200857146269,2026-07-26T16:49:24.968641+00:00
666,1.9796487092971802,1.4285714365541935,0.7121095000002242,2026-07-26T16:49:47.538023+00:00
667,1.9471616744995117,20.000000298023224,0.7709918857082293,2026-07-26T16:49:57.936871+00:00
668,1.9273873567581177,31.42857253551483,0.7299599714185335,2026-07-26T16:50:20.259405+00:00
669,1.9548039436340332,1.4285714365541935,0.8620298285807491,2026-07-26T16:50:30.802960+00:00
670,1.9388433694839478,15.714286267757416,0.6959913000043473,2026-07-26T16:50:41.221570+00:00
671,1.9526206254959106,15.714286267757416,0.7228574714385364,2026-07-26T16:51:03.318228+00:00
672,1.899440050125122,32.85714387893677,0.7326414571512682,2026-07-26T16:51:13.741299+00:00
673,1.9343980550765991,28.57142984867096,0.8044378999979277,2026-07-26T16:51:24.111031+00:00
674,1.9486820697784424,10.000000149011612,0.7794852857192122,2026-07-26T16:51:34.379244+00:00
675,1.8896510601043701,28.57142984867096,0.8389530428498152,2026-07-26T16:51:56.125945+00:00
676,1.9398446083068848,20.000000298023224,0.766840871425042,2026-07-26T16:52:18.465611+00:00
677,1.936002254486084,15.714286267757416,0.8301960285799787,2026-07-26T16:52:28.797482+00:00
678,1.948302149772644,7.14285746216774,0.8271711000036573,2026-07-26T16:52:39.177700+00:00
679,1.9634517431259155,17.142857611179352,0.7094076714305889,2026-07-26T16:52:49.529005+00:00
680,1.9459996223449707,14.28571492433548,0.779625057137829,2026-07-26T16:52:59.912563+00:00
681,1.9457263946533203,2.857142873108387,0.7388806571465726,2026-07-26T16:53:10.203685+00:00
682,1.9583038091659546,2.857142873108387,0.7209602999994655,2026-07-26T16:53:20.444966+00:00
683,1.9411590099334717,17.142857611179352,0.8563957714354079,2026-07-26T16:53:30.680187+00:00
684,1.9222488403320312,15.714286267757416,0.7515783571502003,2026-07-26T16:53:52.526943+00:00
685,1.9504644870758057,20.000000298023224,0.8595525428583122,2026-07-26T16:54:03.032344+00:00
686,1.9466060400009155,15.714286267757416,0.7308439857167416,2026-07-26T16:54:13.409994+00:00
687,1.9429460763931274,31.42857253551483,0.8142756857133853,2026-07-26T16:54:23.847169+00:00
688,2.0163559913635254,7.14285746216774,0.8126581999931659,2026-07-26T16:54:34.155223+00:00
689,1.9623831510543823,2.857142873108387,0.840167857144739,2026-07-26T16:54:56.120758+00:00
690,1.9370596408843994,15.714286267757416,0.8247608714295244,2026-07-26T16:55:06.345239+00:00
691,1.9585281610488892,2.857142873108387,0.794895857143274,2026-07-26T16:55:16.591301+00:00
692,2.0931386947631836,4.285714402794838,0.8320992571368281,2026-07-26T16:55:38.807707+00:00
693,1.9408695697784424,12.857143580913544,0.8573697857173102,2026-07-26T16:55:49.136461+00:00
694,1.9535719156265259,8.571428805589676,0.8388982285656051,2026-07-26T16:56:11.192301+00:00
695,1.9659863710403442,8.571428805589676,0.7763020999975977,2026-07-26T16:56:32.938219+00:00
696,1.942602515220642,15.714286267757416,0.778463071427333,2026-07-26T16:56:43.316355+00:00
697,1.9890609979629517,15.714286267757416,0.7411518571383827,2026-07-26T16:56:53.653857+00:00
698,1.9298501014709473,15.714286267757416,0.7405054285689923,2026-07-26T16:57:03.889018+00:00
699,1.9452093839645386,10.000000149011612,0.7093675428482779,2026-07-26T16:57:26.208633+00:00
700,1.9232927560806274,15.714286267757416,0.7012293285697524,2026-07-26T16:57:36.739954+00:00
701,1.8653091192245483,21.42857164144516,0.706953414282907,2026-07-26T16:57:47.073322+00:00
702,1.9376388788223267,12.857143580913544,0.7179476714294911,2026-07-26T16:58:08.972309+00:00
703,1.8990358114242554,14.28571492433548,0.7364867714386492,2026-07-26T16:58:19.203884+00:00
704,1.9638375043869019,1.4285714365541935,0.7589002428565956,2026-07-26T16:58:29.548739+00:00
705,1.9367555379867554,8.571428805589676,0.769535328566105,2026-07-26T16:58:51.407045+00:00
706,1.9479514360427856,10.000000149011612,0.7322113428667112,2026-07-26T16:59:01.713497+00:00
707,1.9379191398620605,30.000001192092896,0.7180958714213506,2026-07-26T16:59:12.089451+00:00
708,1.963622808456421,8.571428805589676,0.7350442857127096,2026-07-26T16:59:33.698257+00:00
709,1.9111567735671997,15.714286267757416,0.7812361285687075,2026-07-26T16:59:43.992632+00:00
710,1.9411298036575317,15.714286267757416,0.8011263142829453,2026-07-26T16:59:54.464854+00:00
711,1.9792380332946777,10.000000149011612,0.7616922428496764,2026-07-26T17:00:04.848543+00:00
712,1.9432275295257568,17.142857611179352,0.821694685717895,2026-07-26T17:00:15.448883+00:00
713,1.9491088390350342,12.857143580913544,0.8221210857170392,2026-07-26T17:00:25.841726+00:00
714,1.9036381244659424,30.000001192092896,0.723073400006667,2026-07-26T17:00:36.015169+00:00
715,1.9479790925979614,15.714286267757416,0.8737624428509402,2026-07-26T17:00:46.486378+00:00
716,2.021669626235962,2.857142873108387,0.7782323571388717,2026-07-26T17:01:08.359848+00:00
717,1.9462140798568726,12.857143580913544,0.7289834999937739,2026-07-26T17:01:18.664886+00:00
718,1.9333254098892212,22.857142984867096,0.7026956857121799,2026-07-26T17:01:40.942132+00:00
719,1.9463011026382446,11.428571492433548,0.7472005428488566,2026-07-26T17:02:02.813514+00:00
720,1.9399632215499878,20.000000298023224,0.7144930857066356,2026-07-26T17:02:13.094726+00:00
721,1.9434007406234741,17.142857611179352,0.7743981857077286,2026-07-26T17:02:34.875024+00:00
722,1.9918243885040283,17.142857611179352,0.7030082000060897,2026-07-26T17:02:45.177450+00:00
723,1.9742553234100342,12.857143580913544,0.7295879714287626,2026-07-26T17:02:55.569501+00:00
724,1.9483592510223389,7.14285746216774,0.7548531285725143,2026-07-26T17:03:05.957657+00:00
725,1.947580337524414,22.857142984867096,0.7596885000046832,2026-07-26T17:03:16.212902+00:00
726,1.9475994110107422,15.714286267757416,0.7516749857131799,2026-07-26T17:03:26.601108+00:00
727,1.9377386569976807,15.714286267757416,0.7801318857153612,2026-07-26T17:03:36.914487+00:00
728,1.9522836208343506,10.000000149011612,0.745064999994481,2026-07-26T17:03:58.332264+00:00
729,1.9133771657943726,24.285714328289032,0.7519608714314278,2026-07-26T17:04:08.685356+00:00
730,1.9468796253204346,20.000000298023224,0.6909445857153125,2026-07-26T17:04:30.525267+00:00
731,1.9221932888031006,30.000001192092896,0.7941831857091789,2026-07-26T17:04:40.702843+00:00
732,1.9207608699798584,30.000001192092896,0.8396526714282768,2026-07-26T17:04:50.942497+00:00
733,1.949826955795288,14.28571492433548,2.438835857148141,2026-07-26T17:05:01.286636+00:00
734,1.9735639095306396,2.857142873108387,0.8568841714285165,2026-07-26T17:05:11.648411+00:00
735,1.945888638496399,20.000000298023224,0.7721331428651216,2026-07-26T17:05:33.573688+00:00
736,1.9586552381515503,10.000000149011612,0.8332427571336406,2026-07-26T17:05:43.619589+00:00
737,1.9253287315368652,18.571428954601288,0.7144167714354158,2026-07-26T17:05:54.158333+00:00
738,1.9554122686386108,2.857142873108387,0.8371450142866317,2026-07-26T17:06:04.566076+00:00
739,1.9417108297348022,17.142857611179352,0.8293953285699119,2026-07-26T17:06:14.868388+00:00
740,1.9463527202606201,14.28571492433548,0.7238124571423603,2026-07-26T17:06:25.274218+00:00
741,1.949637770652771,4.285714402794838,0.68522428570889,2026-07-26T17:06:46.959053+00:00
742,2.2179713249206543,12.857143580913544,0.7398883714293853,2026-07-26T17:06:57.224415+00:00
743,1.9508564472198486,15.714286267757416,0.8336947571349032,2026-07-26T17:07:07.504907+00:00
744,1.9544612169265747,12.857143580913544,0.8032111857184127,2026-07-26T17:07:17.678291+00:00
745,1.9258954524993896,24.285714328289032,0.8147305571453347,2026-07-26T17:07:28.104957+00:00
746,1.9514310359954834,18.571428954601288,0.7725781428624552,2026-07-26T17:07:49.701041+00:00
747,2.0083882808685303,22.857142984867096,0.7936512571307374,2026-07-26T17:07:59.931844+00:00
748,1.924192190170288,28.57142984867096,0.74534202857259,2026-07-26T17:08:10.331933+00:00
749,1.9473145008087158,11.428571492433548,0.7163420285775958,2026-07-26T17:08:20.690746+00:00
750,2.123558521270752,17.142857611179352,0.7344612571484633,2026-07-26T17:08:42.675949+00:00
751,1.935603141784668,21.42857164144516,0.8223061714228866,2026-07-26T17:09:04.256446+00:00
752,1.948703408241272,15.714286267757416,0.8163087428589019,2026-07-26T17:09:25.852695+00:00
753,1.9778002500534058,17.142857611179352,0.7021528142883783,2026-07-26T17:09:36.243307+00:00
754,1.9553571939468384,17.142857611179352,0.74066390000423,2026-07-26T17:09:46.558460+00:00
755,2.1256649494171143,1.4285714365541935,0.7603936428625144,2026-07-26T17:09:56.893808+00:00
756,1.943333625793457,17.142857611179352,2.3362815000057577,2026-07-26T17:10:19.043511+00:00
757,1.9539681673049927,2.857142873108387,0.7011191285658113,2026-07-26T17:10:40.910225+00:00
758,1.9519226551055908,14.28571492433548,0.7187268714265623,2026-07-26T17:11:02.563305+00:00
759,2.0009522438049316,1.4285714365541935,0.7693955000052354,2026-07-26T17:11:12.898750+00:00
760,1.9711135625839233,4.285714402794838,0.698693314279808,2026-07-26T17:11:34.646723+00:00
761,1.9416006803512573,14.28571492433548,0.7311373428560077,2026-07-26T17:11:44.685799+00:00
762,1.930929183959961,25.714287161827087,0.7309972999922009,2026-07-26T17:11:55.145394+00:00
763,1.9469988346099854,12.857143580913544,0.8107631857066215,2026-07-26T17:12:17.004458+00:00
764,1.9560657739639282,1.4285714365541935,0.7171032857123854,2026-07-26T17:12:27.339399+00:00
765,1.9455060958862305,15.714286267757416,0.7151966142893278,2026-07-26T17:12:37.540677+00:00
766,1.9431425333023071,15.714286267757416,0.8378471285660842,2026-07-26T17:12:59.043975+00:00
767,1.9671977758407593,7.14285746216774,0.730753928564809,2026-07-26T17:13:09.448446+00:00
768,1.9335702657699585,20.000000298023224,0.8330543285670241,2026-07-26T17:13:31.623945+00:00
769,1.9698486328125,14.28571492433548,0.7192530857147565,2026-07-26T17:13:53.592286+00:00
770,1.9210937023162842,28.57142984867096,0.7227630857154769,2026-07-26T17:14:04.055599+00:00
771,1.9458107948303223,12.857143580913544,0.8298964999994496,2026-07-26T17:14:14.475686+00:00
772,1.9387623071670532,14.28571492433548,0.7866431285687473,2026-07-26T17:14:25.265561+00:00
773,1.9468791484832764,11.428571492433548,0.7899946571472225,2026-07-26T17:14:35.636061+00:00
774,1.9336661100387573,21.42857164144516,0.7559414142893469,2026-07-26T17:14:46.025556+00:00
775,1.938206434249878,28.57142984867096,0.8498683571425708,2026-07-26T17:14:56.465960+00:00
776,1.9453412294387817,15.714286267757416,0.7344777285782453,2026-07-26T17:15:06.773792+00:00
777,1.9378530979156494,21.42857164144516,0.7282680571474234,2026-07-26T17:15:30.029246+00:00
778,1.9401295185089111,15.714286267757416,0.7431781142908481,2026-07-26T17:15:52.317519+00:00
779,1.9023289680480957,27.142858505249023,0.7392008428593857,2026-07-26T17:16:14.433508+00:00
780,1.9547005891799927,11.428571492433548,0.777210942851525,2026-07-26T17:16:37.087975+00:00
781,1.9626672267913818,2.857142873108387,0.8451761571450334,2026-07-26T17:16:59.439709+00:00
782,1.941353440284729,24.285714328289032,0.7969348857191757,2026-07-26T17:17:09.741815+00:00
783,1.9401648044586182,14.28571492433548,0.7717107571417209,2026-07-26T17:17:32.021843+00:00
784,1.98080575466156,25.714287161827087,0.8812652571448,2026-07-26T17:17:42.474832+00:00
785,1.9827667474746704,28.57142984867096,0.787690785715053,2026-07-26T17:18:04.542729+00:00
786,2.0530946254730225,2.857142873108387,0.718316257150166,2026-07-26T17:18:26.680454+00:00
787,2.012002468109131,17.142857611179352,0.8344636428513955,2026-07-26T17:18:48.715108+00:00
788,2.1426148414611816,14.28571492433548,0.7263942857077512,2026-07-26T17:18:59.241211+00:00
789,1.9628479480743408,20.000000298023224,0.7963158142956672,2026-07-26T17:19:09.538420+00:00
790,2.117257595062256,14.28571492433548,0.8457677571381542,2026-07-26T17:19:31.526031+00:00
791,1.9168059825897217,15.714286267757416,0.7528156000002387,2026-07-26T17:19:53.727275+00:00
792,2.0176453590393066,18.571428954601288,0.7512317714307366,2026-07-26T17:20:04.098673+00:00
793,2.1481776237487793,27.142858505249023,0.7268329714211827,2026-07-26T17:20:15.150411+00:00
794,2.083543300628662,12.857143580913544,0.7483875142887493,2026-07-26T17:20:25.602681+00:00
795,2.113534927368164,15.714286267757416,0.7669791142818991,2026-07-26T17:20:35.920687+00:00
796,2.0202460289001465,8.571428805589676,0.794914228572452,2026-07-26T17:20:57.996101+00:00
797,2.067533493041992,12.857143580913544,0.8082623285710204,2026-07-26T17:21:19.623056+00:00
798,2.1230862140655518,17.142857611179352,0.7274288142850439,2026-07-26T17:21:30.439997+00:00
799,2.0449650287628174,15.714286267757416,0.7869416999970522,2026-07-26T17:21:40.656920+00:00
800,2.0218915939331055,12.857143580913544,0.7250172000047833,2026-07-26T17:21:51.221153+00:00
801,2.039370536804199,8.571428805589676,0.7185058428538988,2026-07-26T17:22:01.436661+00:00
802,2.0189309120178223,15.714286267757416,0.78452190000462,2026-07-26T17:22:11.772556+00:00
803,2.1640167236328125,5.714285746216774,0.7743015571447489,2026-07-26T17:22:22.074798+00:00
804,2.156140089035034,5.714285746216774,0.7130168000003323,2026-07-26T17:22:44.310491+00:00
805,2.039919137954712,15.714286267757416,0.8153370000010389,2026-07-26T17:22:54.702836+00:00
806,1.9510035514831543,18.571428954601288,0.7878488714205949,2026-07-26T17:23:16.594484+00:00
807,1.994698166847229,12.857143580913544,0.8420969714279636,2026-07-26T17:23:38.306834+00:00
808,1.9762681722640991,27.142858505249023,0.816252171430928,2026-07-26T17:24:00.681986+00:00
809,2.0915658473968506,18.571428954601288,0.7506381857118478,2026-07-26T17:24:11.042581+00:00
810,2.0076186656951904,8.571428805589676,0.7008579999949558,2026-07-26T17:24:21.252335+00:00
811,1.9779118299484253,17.142857611179352,0.7990025571416481,2026-07-26T17:24:31.701685+00:00
812,2.0134944915771484,12.857143580913544,0.7466251142821939,2026-07-26T17:24:53.416268+00:00
813,2.0365476608276367,15.714286267757416,0.7975928428615069,2026-07-26T17:25:03.544024+00:00
814,2.0669898986816406,14.28571492433548,0.7210904714286568,2026-07-26T17:25:26.381940+00:00
815,1.969393014907837,14.28571492433548,0.7871096428451503,2026-07-26T17:25:47.916240+00:00
816,2.031198501586914,1.4285714365541935,0.7041277142759229,2026-07-26T17:25:58.159293+00:00
817,1.8713831901550293,18.571428954601288,0.8017871571350302,2026-07-26T17:26:08.499379+00:00
818,1.9315690994262695,21.42857164144516,0.706644342868198,2026-07-26T17:26:18.786890+00:00
819,2.073369026184082,11.428571492433548,0.696863342857666,2026-07-26T17:26:28.998210+00:00
820,1.978281021118164,27.142858505249023,0.7782032857254048,2026-07-26T17:26:50.817235+00:00
821,2.0747921466827393,2.857142873108387,0.7219778428537081,2026-07-26T17:27:01.129988+00:00
822,1.9565232992172241,27.142858505249023,0.7556001714224944,2026-07-26T17:27:11.452110+00:00
823,1.9696481227874756,25.714287161827087,0.7516318285784759,2026-07-26T17:27:21.664601+00:00
824,1.928222894668579,21.42857164144516,0.8137861999914873,2026-07-26T17:27:31.990919+00:00
825,2.0635976791381836,1.4285714365541935,0.7084329285654738,2026-07-26T17:27:42.380955+00:00
826,1.9829175472259521,15.714286267757416,0.7199532000023672,2026-07-26T17:27:52.610369+00:00
827,1.9269380569458008,15.714286267757416,0.8173619285766368,2026-07-26T17:28:02.889455+00:00
828,1.8534818887710571,32.85714387893677,0.8202576285709385,2026-07-26T17:28:13.227065+00:00
829,1.9905885457992554,24.285714328289032,0.8742849285616623,2026-07-26T17:28:23.573021+00:00
830,2.0872387886047363,31.42857253551483,0.7258024428535593,2026-07-26T17:28:33.755057+00:00
831,2.0148277282714844,11.428571492433548,0.7101415285693033,2026-07-26T17:28:55.349726+00:00
832,1.913858413696289,15.714286267757416,0.6949038999924336,2026-07-26T17:29:05.735711+00:00
833,1.9868308305740356,14.28571492433548,0.7425937142865483,2026-07-26T17:29:15.863615+00:00
834,2.036205291748047,11.428571492433548,0.7077377428556376,2026-07-26T17:29:37.919882+00:00
835,1.9258291721343994,14.28571492433548,0.7914197142781632,2026-07-26T17:29:48.172689+00:00
836,2.0346314907073975,12.857143580913544,0.76478367143084,2026-07-26T17:30:10.863030+00:00
837,2.032942056655884,1.4285714365541935,0.7872233285784854,2026-07-26T17:30:33.057087+00:00
838,1.9608420133590698,11.428571492433548,0.7747076428651261,2026-07-26T17:30:43.468712+00:00
839,2.051024913787842,8.571428805589676,0.7383905428598935,2026-07-26T17:31:05.430187+00:00
840,1.972160816192627,15.714286267757416,0.6992909571376263,2026-07-26T17:31:15.546176+00:00
841,2.0928306579589844,2.857142873108387,0.8139748857112343,2026-07-26T17:31:26.352339+00:00
842,2.003297805786133,4.285714402794838,0.7022372714215764,2026-07-26T17:31:37.178389+00:00
843,1.9287585020065308,24.285714328289032,0.709267471432083,2026-07-26T17:31:47.414193+00:00
844,2.0343501567840576,17.142857611179352,0.7779552571394431,2026-07-26T17:31:57.946250+00:00
845,2.0072126388549805,15.714286267757416,0.7515988714268522,2026-07-26T17:32:08.208786+00:00
846,1.9445652961730957,30.000001192092896,0.7006466428590231,2026-07-26T17:32:18.459826+00:00
847,1.9062665700912476,14.28571492433548,0.7642822142900383,2026-07-26T17:32:28.899304+00:00
848,2.071678876876831,15.714286267757416,0.8376823285808703,2026-07-26T17:32:50.691512+00:00
849,1.9345672130584717,30.000001192092896,0.7292926571478477,2026-07-26T17:33:00.853759+00:00
850,2.0645546913146973,1.4285714365541935,0.7134935857071208,2026-07-26T17:33:22.916735+00:00
851,1.9198808670043945,15.714286267757416,0.7246886428609807,2026-07-26T17:33:45.089992+00:00
852,1.9508509635925293,15.714286267757416,0.7699863999992627,2026-07-26T17:33:55.428845+00:00
853,1.9788469076156616,15.714286267757416,0.8446260571482915,2026-07-26T17:34:05.840762+00:00
854,1.9843515157699585,15.714286267757416,0.7319027571481586,2026-07-26T17:34:28.303161+00:00
855,1.9709982872009277,17.142857611179352,0.7855570428676271,2026-07-26T17:34:38.600938+00:00
856,1.9153494834899902,20.000000298023224,0.7084514142791575,2026-07-26T17:34:49.069953+00:00
857,1.980918288230896,0.0,0.7986054714300346,2026-07-26T17:34:59.410089+00:00
858,1.9797258377075195,15.714286267757416,0.8473243142881464,2026-07-26T17:35:09.819702+00:00
859,2.033064842224121,15.714286267757416,0.7060886714238481,2026-07-26T17:35:32.086350+00:00
860,2.0035011768341064,4.285714402794838,0.8044482428496329,2026-07-26T17:35:42.364707+00:00
861,2.065117835998535,0.0,0.7685317285644747,2026-07-26T17:35:52.717448+00:00
862,1.997214674949646,1.4285714365541935,0.7288277999967768,2026-07-26T17:36:02.919523+00:00
863,2.0198452472686768,11.428571492433548,0.7434278142812089,2026-07-26T17:36:24.878197+00:00
864,1.903597116470337,28.57142984867096,0.7251671142772206,2026-07-26T17:36:35.304326+00:00
865,2.0232574939727783,10.000000149011612,0.7101687999888132,2026-07-26T17:36:45.529586+00:00
866,1.93875253200531,32.85714387893677,0.730440385723341,2026-07-26T17:36:55.894390+00:00
867,2.0228002071380615,10.000000149011612,0.7631351857136387,2026-07-26T17:37:17.970466+00:00
868,1.9761302471160889,15.714286267757416,0.8380085428533286,2026-07-26T17:37:28.870251+00:00
869,2.00268292427063,15.714286267757416,0.8612954714278332,2026-07-26T17:37:39.123489+00:00
870,2.033565044403076,15.714286267757416,0.8285277571433523,2026-07-26T17:37:49.332729+00:00
871,2.0051891803741455,24.285714328289032,0.845624171428686,2026-07-26T17:37:59.707173+00:00
872,1.9643572568893433,17.142857611179352,0.7905498428564377,2026-07-26T17:38:10.054762+00:00
873,2.0123355388641357,18.571428954601288,0.7138461857201557,2026-07-26T17:38:20.249573+00:00
874,2.001112699508667,14.28571492433548,0.7302341571370822,2026-07-26T17:38:30.900656+00:00
875,1.9668965339660645,18.571428954601288,0.7155170999924719,2026-07-26T17:38:41.324332+00:00
876,2.0116543769836426,10.000000149011612,0.7256082000042495,2026-07-26T17:39:03.316702+00:00
877,1.9064514636993408,28.57142984867096,0.7137705428509175,2026-07-26T17:39:13.597345+00:00
878,1.9802494049072266,12.857143580913544,0.7223838428607061,2026-07-26T17:39:36.157934+00:00
879,2.014467716217041,15.714286267757416,0.7133996285769432,2026-07-26T17:39:46.418773+00:00
880,1.942403793334961,12.857143580913544,0.7135223714353093,2026-07-26T17:39:56.643370+00:00
881,2.1640195846557617,14.28571492433548,0.7394079142873774,2026-07-26T17:40:07.321955+00:00
882,2.0204150676727295,12.857143580913544,0.7838803285656988,2026-07-26T17:40:17.814688+00:00
883,2.4322457313537598,14.28571492433548,0.7510709428580802,2026-07-26T17:40:28.173024+00:00
884,2.1930673122406006,11.428571492433548,0.7080479285702626,2026-07-26T17:40:50.118542+00:00
885,2.103379964828491,24.285714328289032,0.7241008714247853,2026-07-26T17:41:12.142747+00:00
886,2.1425232887268066,15.714286267757416,0.7186512285703169,2026-07-26T17:41:34.056489+00:00
887,2.129361391067505,17.142857611179352,0.7132262142866759,2026-07-26T17:41:56.206096+00:00
888,2.257006883621216,12.857143580913544,0.7744800428554299,2026-07-26T17:42:18.024900+00:00
889,2.0858633518218994,11.428571492433548,0.7203290428671087,2026-07-26T17:42:39.987908+00:00
890,2.300107002258301,17.142857611179352,0.7265767428569753,2026-07-26T17:42:50.262426+00:00
891,2.098050355911255,14.28571492433548,0.7139796999971233,2026-07-26T17:43:00.574858+00:00
892,2.134641408920288,20.000000298023224,0.7283107571441049,2026-07-26T17:43:11.076218+00:00
893,2.193603515625,18.571428954601288,0.7614052428574982,2026-07-26T17:43:21.452844+00:00
894,2.0828189849853516,20.000000298023224,0.7203780857188187,2026-07-26T17:43:43.448210+00:00
895,2.217090606689453,15.714286267757416,0.7234693285811643,2026-07-26T17:44:05.634873+00:00
896,2.1855404376983643,14.28571492433548,0.7028803142800046,2026-07-26T17:44:15.931500+00:00
897,2.108309030532837,2.857142873108387,0.7064317714269106,2026-07-26T17:44:26.279815+00:00
898,2.0851078033447266,5.714285746216774,0.7376581428486263,2026-07-26T17:44:48.225751+00:00
899,2.079294204711914,15.714286267757416,0.7594004428548422,2026-07-26T17:44:58.502017+00:00
900,2.139122724533081,15.714286267757416,0.743069171429462,2026-07-26T17:45:09.013415+00:00
901,2.054680585861206,1.4285714365541935,0.6955978428517742,2026-07-26T17:45:19.799037+00:00
902,1.9117006063461304,12.857143580913544,0.758074857133449,2026-07-26T17:45:30.474366+00:00
903,2.164762020111084,15.714286267757416,0.7486619142842497,2026-07-26T17:45:40.784498+00:00
904,2.0510096549987793,18.571428954601288,0.7225266999999544,2026-07-26T17:45:51.057676+00:00
905,2.078993082046509,15.714286267757416,2.3435423142862937,2026-07-26T17:46:01.491885+00:00
906,2.024272918701172,8.571428805589676,0.7378113857027658,2026-07-26T17:46:23.398057+00:00
907,2.1019604206085205,18.571428954601288,0.7196969428540407,2026-07-26T17:46:33.715993+00:00
908,2.065876007080078,14.28571492433548,0.728296657143801,2026-07-26T17:46:55.430395+00:00
909,2.084988832473755,18.571428954601288,0.6950436428659097,2026-07-26T17:47:05.753190+00:00
910,2.2388877868652344,20.000000298023224,0.6984931999925591,2026-07-26T17:47:16.100021+00:00
911,2.191300392150879,27.142858505249023,0.713462971413849,2026-07-26T17:47:26.469682+00:00
912,2.034806966781616,15.714286267757416,0.7170805285828205,2026-07-26T17:47:36.747577+00:00
913,2.052157402038574,7.14285746216774,0.7172348143025634,2026-07-26T17:47:58.262390+00:00
914,2.195483446121216,17.142857611179352,0.6835426714262992,2026-07-26T17:48:20.147623+00:00
915,1.9242008924484253,17.142857611179352,0.7467057857086599,2026-07-26T17:48:30.506983+00:00
916,2.1539907455444336,21.42857164144516,0.7217028714356795,2026-07-26T17:48:40.874644+00:00
917,1.8768473863601685,27.142858505249023,0.7026901143035502,2026-07-26T17:48:51.116714+00:00
918,2.1115729808807373,11.428571492433548,2.3352551000113766,2026-07-26T17:49:01.539305+00:00
919,2.183250904083252,11.428571492433548,0.7147771714309265,2026-07-26T17:49:11.776989+00:00
920,2.2066149711608887,14.28571492433548,0.7186702428693285,2026-07-26T17:49:33.714051+00:00
921,1.9765424728393555,10.000000149011612,0.7105822428586959,2026-07-26T17:49:43.984028+00:00
922,2.2475650310516357,5.714285746216774,0.7571785714389989,2026-07-26T17:50:06.253176+00:00
923,2.2183127403259277,12.857143580913544,0.7866031857182472,2026-07-26T17:50:16.813927+00:00
924,2.1164824962615967,15.714286267757416,0.7178886571377265,2026-07-26T17:50:27.276102+00:00
925,1.9710301160812378,17.142857611179352,0.6966882571370141,2026-07-26T17:50:37.553552+00:00
926,2.0642151832580566,1.4285714365541935,0.7020855428501298,2026-07-26T17:50:47.746517+00:00
927,2.088495969772339,15.714286267757416,0.6996599714381904,2026-07-26T17:50:58.042208+00:00
928,2.0715768337249756,12.857143580913544,0.7395767571454469,2026-07-26T17:51:08.382580+00:00
929,2.029991388320923,28.57142984867096,0.7436662428517593,2026-07-26T17:51:18.731916+00:00
930,1.9625341892242432,15.714286267757416,0.7223362714285031,2026-07-26T17:51:40.689155+00:00
931,1.979525089263916,28.57142984867096,0.7353347857133485,2026-07-26T17:51:51.080975+00:00
932,2.017909049987793,24.285714328289032,0.7205362285666135,2026-07-26T17:52:01.282472+00:00
933,2.0248985290527344,25.714287161827087,0.7424595714318067,2026-07-26T17:52:11.694559+00:00
934,2.016852378845215,12.857143580913544,0.7225432857272348,2026-07-26T17:52:21.812816+00:00
935,2.100546360015869,11.428571492433548,0.695108642867126,2026-07-26T17:52:32.072743+00:00
936,2.0465683937072754,17.142857611179352,0.7098138428513526,2026-07-26T17:52:54.203338+00:00
937,1.9510416984558105,14.28571492433548,0.7203038285816936,2026-07-26T17:53:04.663990+00:00
938,2.002582311630249,21.42857164144516,0.7126544714213066,2026-07-26T17:53:14.916529+00:00
939,2.048780918121338,7.14285746216774,0.7136214000118863,2026-07-26T17:53:36.544828+00:00
940,2.0154786109924316,8.571428805589676,0.7262768571308698,2026-07-26T17:53:46.733270+00:00
941,2.1061131954193115,10.000000149011612,0.7220829142949827,2026-07-26T17:54:08.421380+00:00
942,2.0337936878204346,25.714287161827087,0.7256497428638145,2026-07-26T17:54:18.708304+00:00
943,2.036059617996216,14.28571492433548,0.7302242714233996,2026-07-26T17:54:40.734451+00:00
944,2.118877410888672,8.571428805589676,0.7386403857058862,2026-07-26T17:55:02.403975+00:00
945,1.9679099321365356,17.142857611179352,0.7307837714376677,2026-07-26T17:55:12.795589+00:00
946,1.979158878326416,14.28571492433548,0.7118745285749485,2026-07-26T17:55:35.244860+00:00
947,1.936549186706543,18.571428954601288,0.7198548428537574,2026-07-26T17:55:45.449886+00:00
948,2.0741350650787354,7.14285746216774,0.7211645714310829,2026-07-26T17:56:07.346357+00:00
949,1.9625651836395264,21.42857164144516,0.7188644142973187,2026-07-26T17:56:17.732461+00:00
950,1.9424190521240234,14.28571492433548,0.7195061999872061,2026-07-26T17:56:39.953301+00:00
951,1.949398398399353,14.28571492433548,0.7026261857130781,2026-07-26T17:57:01.873057+00:00
952,2.0441854000091553,14.28571492433548,0.7176507714445636,2026-07-26T17:57:12.126295+00:00
953,1.8065084218978882,30.000001192092896,0.7493640285766949,2026-07-26T17:57:34.709855+00:00
954,2.122076988220215,12.857143580913544,0.7032640714377132,2026-07-26T17:57:44.816828+00:00
955,1.984500527381897,12.857143580913544,0.709839785693995,2026-07-26T17:57:55.243205+00:00
956,2.0557336807250977,17.142857611179352,0.742500957156673,2026-07-26T17:58:05.511135+00:00
957,2.0059120655059814,11.428571492433548,0.7250761714333618,2026-07-26T17:58:15.938197+00:00
958,2.286299467086792,1.4285714365541935,0.7111012428660095,2026-07-26T17:58:26.197740+00:00
959,1.8789259195327759,14.28571492433548,0.6914604999890018,2026-07-26T17:58:36.425926+00:00
960,2.0386433601379395,8.571428805589676,0.7484843999918667,2026-07-26T17:58:46.581735+00:00
961,2.0906283855438232,15.714286267757416,0.720094271439718,2026-07-26T17:59:08.620480+00:00
962,2.3609085083007812,12.857143580913544,0.731622542869965,2026-07-26T17:59:18.854169+00:00
963,2.061021566390991,4.285714402794838,0.692176185709416,2026-07-26T17:59:40.832239+00:00
964,1.8812958002090454,15.714286267757416,0.7170528142783692,2026-07-26T18:00:02.538037+00:00
965,2.0354814529418945,15.714286267757416,0.7179252428613836,2026-07-26T18:00:13.203643+00:00
966,2.0109920501708984,14.28571492433548,0.8234473142822805,2026-07-26T18:00:23.593754+00:00
967,2.0158421993255615,5.714285746216774,0.7098108999863533,2026-07-26T18:00:45.999193+00:00
968,1.930511713027954,17.142857611179352,0.7169229571445612,2026-07-26T18:00:56.309936+00:00
969,1.9502158164978027,14.28571492433548,0.7325731714185427,2026-07-26T18:01:18.404008+00:00
970,1.9857251644134521,12.857143580913544,0.7258036714379809,2026-07-26T18:01:28.665492+00:00
971,1.9602587223052979,12.857143580913544,0.7209765285941623,2026-07-26T18:01:38.992963+00:00
972,1.958609700202942,10.000000149011612,0.7331509857197359,2026-07-26T18:01:49.307265+00:00
973,1.9654649496078491,17.142857611179352,0.725235600007831,2026-07-26T18:01:59.658778+00:00
974,1.957881212234497,7.14285746216774,0.7224160428709833,2026-07-26T18:02:21.541968+00:00
975,1.9319778680801392,18.571428954601288,0.7424475428446645,2026-07-26T18:02:31.875087+00:00
976,1.9466177225112915,18.571428954601288,0.7768821714177777,2026-07-26T18:02:42.244083+00:00
977,1.9356787204742432,15.714286267757416,0.7043214428579502,2026-07-26T18:03:04.082358+00:00
978,1.9310873746871948,22.857142984867096,0.8064096857197001,2026-07-26T18:03:14.479295+00:00
979,1.9141701459884644,17.142857611179352,0.7226093428731214,2026-07-26T18:03:35.936596+00:00
980,1.987729787826538,1.4285714365541935,0.718894871429906,2026-07-26T18:03:58.178918+00:00
981,1.9328186511993408,17.142857611179352,0.724918728571668,2026-07-26T18:04:20.375635+00:00
982,1.9339983463287354,14.28571492433548,0.7173934000093141,2026-07-26T18:04:42.065330+00:00
983,1.9438023567199707,27.142858505249023,0.7195003428413267,2026-07-26T18:05:03.988836+00:00
984,1.9277496337890625,18.571428954601288,0.7581529285744182,2026-07-26T18:05:25.787936+00:00
985,1.9447461366653442,25.714287161827087,0.7084050428602495,2026-07-26T18:05:36.181646+00:00
986,1.9937139749526978,11.428571492433548,0.7366045571481143,2026-07-26T18:05:46.443825+00:00
987,1.9095367193222046,18.571428954601288,0.8626938142697327,2026-07-26T18:05:56.918195+00:00
988,1.953221321105957,5.714285746216774,0.7216280857132266,2026-07-26T18:06:07.441708+00:00
989,1.9320094585418701,18.571428954601288,0.6822639857221344,2026-07-26T18:06:17.777474+00:00
990,1.992958664894104,11.428571492433548,0.7250801857091055,2026-07-26T18:06:28.233922+00:00
991,1.9340872764587402,27.142858505249023,0.6915040999956545,2026-07-26T18:06:38.590011+00:00
992,1.9487409591674805,22.857142984867096,0.7038041857283263,2026-07-26T18:07:00.837862+00:00
993,1.972116470336914,0.0,0.7394844000113413,2026-07-26T18:07:22.563484+00:00
994,1.9469012022018433,14.28571492433548,0.7307190285635963,2026-07-26T18:07:32.840743+00:00
995,1.9513850212097168,17.142857611179352,0.7258457714280147,2026-07-26T18:07:43.061531+00:00
996,1.9312673807144165,28.57142984867096,0.7195895428594667,2026-07-26T18:07:53.426784+00:00
997,1.976867437362671,4.285714402794838,0.7287932857122671,2026-07-26T18:08:03.772028+00:00
998,1.9486533403396606,25.714287161827087,0.7251695000117512,2026-07-26T18:08:14.135789+00:00
999,1.953281044960022,22.857142984867096,0.7142839428654822,2026-07-26T18:08:35.961357+00:00
