episode,loss,acc,inf_ms,timestamp
0,13.193321228027344,24.285714328289032,0.7406689856517394,2026-07-26T03:13:59.890537+00:00
1,10.567912101745605,35.71428656578064,0.6999256715062074,2026-07-26T03:14:10.173585+00:00
2,13.658470153808594,34.285715222358704,0.7115483001273658,2026-07-26T03:14:20.496383+00:00
3,14.826958656311035,24.285714328289032,0.7020771858930988,2026-07-26T03:14:31.156439+00:00
4,14.756612777709961,31.42857253551483,0.7050422571150453,2026-07-26T03:14:53.283992+00:00
5,12.055079460144043,38.57142925262451,0.693673757320669,2026-07-26T03:15:15.629939+00:00
6,24.302099227905273,25.714287161827087,0.7208881999499032,2026-07-26T03:15:26.026151+00:00
7,13.100762367248535,42.85714328289032,0.6842754286481068,2026-07-26T03:15:36.476471+00:00
8,16.41956901550293,25.714287161827087,0.7015148714084977,2026-07-26T03:15:46.784591+00:00
9,16.27596664428711,35.71428656578064,0.7142266426983821,2026-07-26T03:15:57.153242+00:00
10,16.026262283325195,47.14285731315613,0.7257388715515845,2026-07-26T03:16:07.611523+00:00
11,12.672642707824707,40.00000059604645,0.7216639858337918,2026-07-26T03:16:29.661584+00:00
12,16.919113159179688,35.71428656578064,0.7383566713542677,2026-07-26T03:16:40.256267+00:00
13,18.233774185180664,35.71428656578064,0.7107332143017889,2026-07-26T03:16:50.718067+00:00
14,16.430667877197266,47.14285731315613,0.7090802142296785,2026-07-26T03:17:01.219011+00:00
15,11.646178245544434,42.85714328289032,0.7091174712903532,2026-07-26T03:17:11.576153+00:00
16,11.277762413024902,37.142857909202576,0.6890751286326642,2026-07-26T03:17:22.041939+00:00
17,10.090668678283691,44.285714626312256,0.7377574856426301,2026-07-26T03:17:32.421339+00:00
18,14.435521125793457,18.571428954601288,0.7032516570429185,2026-07-26T03:17:42.755475+00:00
19,10.93789291381836,27.142858505249023,0.7052789714569891,2026-07-26T03:17:53.404955+00:00
20,9.223043441772461,38.57142925262451,0.7674378143357379,2026-07-26T03:18:03.852269+00:00
21,4.723808765411377,35.71428656578064,0.6893620572684865,2026-07-26T03:18:14.331995+00:00
22,8.813018798828125,30.000001192092896,0.7708420286819871,2026-07-26T03:18:36.587458+00:00
23,10.09761905670166,24.285714328289032,0.9884249285927842,2026-07-26T03:18:46.901069+00:00
24,4.23696756362915,20.000000298023224,0.6841701000147233,2026-07-26T03:19:09.320783+00:00
25,5.584005832672119,18.571428954601288,0.8532063856754186,2026-07-26T03:19:31.390111+00:00
26,4.611140727996826,21.42857164144516,0.7010186427838303,2026-07-26T03:19:53.482023+00:00
27,7.698854446411133,17.142857611179352,0.713794657037527,2026-07-26T03:20:03.864393+00:00
28,4.195732593536377,21.42857164144516,0.6935568287320036,2026-07-26T03:20:14.355666+00:00
29,2.8984596729278564,28.57142984867096,0.7492164856687721,2026-07-26T03:20:24.636173+00:00
30,6.571420669555664,17.142857611179352,0.6889466285688937,2026-07-26T03:20:34.887268+00:00
31,4.269577503204346,10.000000149011612,0.7174686285517444,2026-07-26T03:20:45.172091+00:00
32,8.145895957946777,15.714286267757416,0.6831670855587747,2026-07-26T03:20:55.617150+00:00
33,8.467544555664062,24.285714328289032,0.6709216713456303,2026-07-26T03:21:05.982972+00:00
34,2.646042823791504,21.42857164144516,0.6904471569993933,2026-07-26T03:21:16.340868+00:00
35,3.46049427986145,25.714287161827087,0.7000599285155269,2026-07-26T03:21:26.744140+00:00
36,3.1703975200653076,2.857142873108387,0.7297365714163919,2026-07-26T03:21:37.222023+00:00
37,2.0084002017974854,21.42857164144516,0.7353448857819396,2026-07-26T03:21:47.517263+00:00
38,3.5667152404785156,18.571428954601288,0.7036216856379593,2026-07-26T03:21:57.926348+00:00
39,2.342575788497925,8.571428805589676,0.7110431858953753,2026-07-26T03:22:08.129996+00:00
40,5.571901321411133,11.428571492433548,0.7303958286813992,2026-07-26T03:22:18.513755+00:00
41,13.392348289489746,15.714286267757416,0.6988030428016958,2026-07-26T03:22:28.813144+00:00
0,10.002511024475098,32.85714387893677,0.7161010426768502,2026-07-26T03:22:33.472223+00:00
42,2.9108781814575195,14.28571492433548,0.7077553427994385,2026-07-26T03:22:50.959997+00:00
1,11.893190383911133,34.285715222358704,0.7099297714635863,2026-07-26T03:22:55.382246+00:00
43,2.4277102947235107,25.714287161827087,0.6886306998369817,2026-07-26T03:23:01.350478+00:00
2,11.878013610839844,34.285715222358704,0.7169421570974269,2026-07-26T03:23:05.660684+00:00
44,2.9960474967956543,21.42857164144516,0.7023561286457282,2026-07-26T03:23:23.390038+00:00
3,14.049355506896973,30.000001192092896,0.7300802142708562,2026-07-26T03:23:27.797998+00:00
45,4.077629089355469,14.28571492433548,0.6864563570291335,2026-07-26T03:23:33.780313+00:00
4,12.244772911071777,45.71428596973419,0.7134376000197205,2026-07-26T03:23:38.261627+00:00
46,3.7464869022369385,12.857143580913544,0.7680868571956775,2026-07-26T03:23:43.990457+00:00
5,15.825647354125977,30.000001192092896,0.7672998143659372,2026-07-26T03:23:48.526178+00:00
6,22.089555740356445,24.285714328289032,0.7190491000073962,2026-07-26T03:23:58.892971+00:00
47,7.554420471191406,5.714285746216774,2.3552567143009844,2026-07-26T03:24:06.037831+00:00
7,13.1099271774292,32.85714387893677,0.6933887570214989,2026-07-26T03:24:09.251154+00:00
8,20.774179458618164,32.85714387893677,0.7271364000709062,2026-07-26T03:24:19.592932+00:00
48,2.1888208389282227,28.57142984867096,0.7383468856070456,2026-07-26T03:24:28.554450+00:00
49,2.754431962966919,15.714286267757416,0.7344580571433263,2026-07-26T03:24:38.870564+00:00
9,9.29029369354248,47.14285731315613,0.6871928571074801,2026-07-26T03:24:41.754720+00:00
50,3.343799591064453,21.42857164144516,0.6957621571408319,2026-07-26T03:24:49.459807+00:00
10,15.927347183227539,32.85714387893677,0.7120511428053891,2026-07-26T03:24:52.110618+00:00
51,2.2209951877593994,5.714285746216774,0.7052516714403673,2026-07-26T03:24:59.833092+00:00
11,10.401342391967773,40.00000059604645,0.6977822571311013,2026-07-26T03:25:13.867763+00:00
52,2.0240631103515625,20.000000298023224,0.7336623143471246,2026-07-26T03:25:21.867545+00:00
53,2.9773457050323486,2.857142873108387,0.6995776142243163,2026-07-26T03:25:32.020746+00:00
12,17.13482093811035,31.42857253551483,0.7153148571628012,2026-07-26T03:25:36.155239+00:00
54,2.390746593475342,15.714286267757416,0.6827834286793535,2026-07-26T03:25:42.447203+00:00
13,6.549450874328613,57.14285969734192,0.7301597573262241,2026-07-26T03:25:58.599081+00:00
55,1.9943329095840454,17.142857611179352,0.7194821999291889,2026-07-26T03:26:04.549955+00:00
14,8.055810928344727,35.71428656578064,0.7445943284048033,2026-07-26T03:26:20.760352+00:00
56,2.696120500564575,17.142857611179352,0.6987179143054943,2026-07-26T03:26:26.447988+00:00
15,13.453384399414062,32.85714387893677,0.7373564284145167,2026-07-26T03:26:42.994444+00:00
57,2.241516590118408,21.42857164144516,0.7130902426849519,2026-07-26T03:26:48.911097+00:00
16,12.491067886352539,35.71428656578064,0.7177595001329402,2026-07-26T03:26:53.436271+00:00
17,3.9851911067962646,55.714285373687744,0.7023567142563739,2026-07-26T03:27:03.837133+00:00
58,2.0351791381835938,18.571428954601288,0.7659270712922859,2026-07-26T03:27:10.860597+00:00
18,17.72739601135254,28.57142984867096,0.7540931000091534,2026-07-26T03:27:14.232199+00:00
19,8.901494026184082,41.428571939468384,0.6936678571426974,2026-07-26T03:27:24.632350+00:00
59,3.1731202602386475,5.714285746216774,0.7106249141673159,2026-07-26T03:27:33.136387+00:00
20,5.915063381195068,35.71428656578064,0.7118053856954377,2026-07-26T03:27:35.113280+00:00
60,2.3120601177215576,12.857143580913544,0.7008435427061548,2026-07-26T03:27:43.391598+00:00
61,2.1782875061035156,15.714286267757416,0.7264615855612127,2026-07-26T03:27:53.802747+00:00
21,8.774002075195312,20.000000298023224,0.6914003571312476,2026-07-26T03:27:57.311772+00:00
62,2.1013081073760986,17.142857611179352,0.7057391285863039,2026-07-26T03:28:04.046974+00:00
22,6.128521919250488,25.714287161827087,0.7037636000729566,2026-07-26T03:28:19.281880+00:00
63,1.8756498098373413,27.142858505249023,0.7024460713312562,2026-07-26T03:28:26.057896+00:00
23,1.983763575553894,50.0,0.7340169000339561,2026-07-26T03:28:29.676074+00:00
64,2.233308792114258,15.714286267757416,0.6937149571188327,2026-07-26T03:28:36.127099+00:00
65,1.9250991344451904,15.714286267757416,0.7013378143061085,2026-07-26T03:28:46.590109+00:00
24,9.302289009094238,21.42857164144516,0.7180034713071239,2026-07-26T03:28:52.175721+00:00
66,2.144411325454712,20.000000298023224,0.7271115570412283,2026-07-26T03:28:56.786721+00:00
67,2.232555389404297,18.571428954601288,0.7340298857473369,2026-07-26T03:29:07.304014+00:00
25,4.826905250549316,15.714286267757416,0.7173783569929324,2026-07-26T03:29:14.459334+00:00
26,4.218563079833984,25.714287161827087,0.712357042980979,2026-07-26T03:29:24.846048+00:00
68,2.092074155807495,12.857143580913544,0.6924918287300638,2026-07-26T03:29:29.291053+00:00
27,2.720130681991577,24.285714328289032,0.7050988713412413,2026-07-26T03:29:35.296107+00:00
69,2.1794700622558594,11.428571492433548,0.7022876142790275,2026-07-26T03:29:39.598013+00:00
28,7.776705265045166,28.57142984867096,0.7132531428526688,2026-07-26T03:29:45.670854+00:00
29,2.5308542251586914,14.28571492433548,0.7272774000219735,2026-07-26T03:29:55.959202+00:00
70,1.9348087310791016,21.42857164144516,0.721128614220236,2026-07-26T03:30:01.776509+00:00
71,2.345477819442749,14.28571492433548,0.7482778428571433,2026-07-26T03:30:12.040535+00:00
30,5.539011001586914,21.42857164144516,0.7398411286495892,2026-07-26T03:30:17.958346+00:00
72,2.1689274311065674,10.000000149011612,0.7074913999531418,2026-07-26T03:30:22.469334+00:00
31,3.384873628616333,22.857142984867096,0.7363542143139057,2026-07-26T03:30:28.279054+00:00
32,4.201630592346191,17.142857611179352,0.7215175428427756,2026-07-26T03:30:38.794323+00:00
73,2.374366521835327,17.142857611179352,0.6870190286593112,2026-07-26T03:30:44.711283+00:00
74,2.7963650226593018,14.28571492433548,0.7065255858053985,2026-07-26T03:30:55.175619+00:00
33,3.026658296585083,22.857142984867096,0.7043423569744586,2026-07-26T03:31:01.182833+00:00
75,2.81034517288208,24.285714328289032,0.7221771857335366,2026-07-26T03:31:17.293242+00:00
34,2.9259395599365234,24.285714328289032,0.7277664285668703,2026-07-26T03:31:23.450595+00:00
76,3.6147611141204834,14.28571492433548,0.7437519001541659,2026-07-26T03:31:27.682257+00:00
35,3.772782564163208,15.714286267757416,0.7204610430302897,2026-07-26T03:31:33.836716+00:00
77,2.148162603378296,18.571428954601288,0.7573440858063155,2026-07-26T03:31:49.857603+00:00
36,3.688732147216797,18.571428954601288,0.7579289000464736,2026-07-26T03:31:56.538623+00:00
78,2.2334089279174805,15.714286267757416,0.711075342717647,2026-07-26T03:32:12.967667+00:00
37,2.292997360229492,35.71428656578064,0.7147757856208565,2026-07-26T03:32:18.623427+00:00
38,2.904881238937378,14.28571492433548,0.764680457151761,2026-07-26T03:32:29.016474+00:00
79,2.068208932876587,8.571428805589676,2.381881528708618,2026-07-26T03:32:35.276084+00:00
39,2.2486000061035156,20.000000298023224,0.7159101142730964,2026-07-26T03:32:51.273113+00:00
80,2.2698285579681396,21.42857164144516,0.7037625427723728,2026-07-26T03:32:57.433682+00:00
81,1.9812966585159302,14.28571492433548,0.7267221858325814,2026-07-26T03:33:07.976309+00:00
40,2.216176748275757,32.85714387893677,0.7666546429391019,2026-07-26T03:33:13.656106+00:00
82,1.9480059146881104,15.714286267757416,0.6988398998925861,2026-07-26T03:33:18.398360+00:00
41,3.107588529586792,18.571428954601288,0.6953198427384321,2026-07-26T03:33:23.988904+00:00
83,1.9430829286575317,25.714287161827087,0.729451685661583,2026-07-26T03:33:28.866531+00:00
84,1.9615980386734009,14.28571492433548,0.7154323000577278,2026-07-26T03:33:39.493900+00:00
42,2.960301637649536,15.714286267757416,0.7057648856841426,2026-07-26T03:33:46.158705+00:00
43,2.228870153427124,18.571428954601288,0.6968357142925794,2026-07-26T03:33:56.438827+00:00
85,1.947698950767517,12.857143580913544,0.7026714285270178,2026-07-26T03:34:01.660721+00:00
86,2.0819475650787354,15.714286267757416,0.7018231285785856,2026-07-26T03:34:12.104356+00:00
44,2.2669107913970947,12.857143580913544,0.7324282857423116,2026-07-26T03:34:18.685453+00:00
87,2.262730598449707,15.714286267757416,0.732289457144881,2026-07-26T03:34:22.597175+00:00
88,2.2096595764160156,12.857143580913544,0.7155843715216699,2026-07-26T03:34:32.930186+00:00
45,2.8996269702911377,21.42857164144516,0.7013690427161886,2026-07-26T03:34:40.728871+00:00
89,2.3547213077545166,18.571428954601288,0.7145751999425037,2026-07-26T03:34:43.313656+00:00
46,2.3049569129943848,20.000000298023224,0.7143766571451644,2026-07-26T03:35:03.031565+00:00
90,2.0410866737365723,17.142857611179352,0.6933768999130864,2026-07-26T03:35:05.625160+00:00
47,3.153864860534668,14.28571492433548,0.7035752143045622,2026-07-26T03:35:13.471411+00:00
48,2.1929283142089844,24.285714328289032,0.7151241857042936,2026-07-26T03:35:23.689198+00:00
91,2.268345832824707,18.571428954601288,0.7449706428035695,2026-07-26T03:35:27.909735+00:00
49,3.0775537490844727,11.428571492433548,0.7121258284314536,2026-07-26T03:35:34.084881+00:00
50,2.3107082843780518,11.428571492433548,0.7045771573237809,2026-07-26T03:35:44.636795+00:00
92,2.714278221130371,8.571428805589676,0.7107171714389031,2026-07-26T03:35:50.086527+00:00
51,2.5840539932250977,8.571428805589676,0.7663373714811833,2026-07-26T03:35:54.921947+00:00
93,2.278576135635376,14.28571492433548,0.7429052713892556,2026-07-26T03:36:00.521431+00:00
52,2.7263896465301514,17.142857611179352,0.7329333143258867,2026-07-26T03:36:05.375859+00:00
94,2.8525443077087402,11.428571492433548,0.7276928856819204,2026-07-26T03:36:10.815440+00:00
53,2.1161510944366455,27.142858505249023,0.6944165714750332,2026-07-26T03:36:15.872273+00:00
95,2.2777421474456787,14.28571492433548,0.7089923142172796,2026-07-26T03:36:21.179000+00:00
54,2.2538623809814453,14.28571492433548,0.7222661143584577,2026-07-26T03:36:26.441354+00:00
96,2.359605312347412,14.28571492433548,0.7487796714745595,2026-07-26T03:36:31.557320+00:00
55,2.214317560195923,11.428571492433548,0.7053844000828187,2026-07-26T03:36:36.896119+00:00
56,2.196507453918457,12.857143580913544,0.7336135714597601,2026-07-26T03:36:47.838934+00:00
97,2.2773797512054443,11.428571492433548,0.700434843020048,2026-07-26T03:36:54.163767+00:00
98,2.5071988105773926,10.000000149011612,0.7157890857862574,2026-07-26T03:37:04.635208+00:00
57,2.945605516433716,21.42857164144516,0.7069415572914295,2026-07-26T03:37:09.799003+00:00
58,2.2190308570861816,11.428571492433548,0.8266992000114572,2026-07-26T03:37:20.081082+00:00
99,2.336254358291626,20.000000298023224,0.7430083143325257,2026-07-26T03:37:27.081800+00:00
59,2.153237819671631,15.714286267757416,0.7121240857356627,2026-07-26T03:37:42.056524+00:00
100,2.3254880905151367,12.857143580913544,0.7231443999834093,2026-07-26T03:37:49.357637+00:00
60,2.293489694595337,12.857143580913544,0.7198423856087695,2026-07-26T03:37:52.510842+00:00
101,2.498797655105591,14.28571492433548,0.7055161142488942,2026-07-26T03:37:59.907837+00:00
102,2.2528703212738037,20.000000298023224,0.7026952570803198,2026-07-26T03:38:10.244841+00:00
61,2.1717472076416016,22.857142984867096,0.6968058429525367,2026-07-26T03:38:14.583867+00:00
62,2.072580575942993,11.428571492433548,0.7009590714005753,2026-07-26T03:38:24.879823+00:00
103,2.408863067626953,17.142857611179352,0.6849040429057953,2026-07-26T03:38:32.397875+00:00
63,2.2363216876983643,15.714286267757416,0.7047015998978168,2026-07-26T03:38:35.288115+00:00
104,2.511889696121216,20.000000298023224,0.7130802999849298,2026-07-26T03:38:42.747934+00:00
64,2.2010536193847656,14.28571492433548,0.7057699998508075,2026-07-26T03:38:57.115877+00:00
105,2.423259735107422,5.714285746216774,0.7134929284802638,2026-07-26T03:39:04.658147+00:00
65,2.3291831016540527,17.142857611179352,0.6919033856580167,2026-07-26T03:39:07.372535+00:00
106,3.1588213443756104,11.428571492433548,0.729002600045143,2026-07-26T03:39:15.039756+00:00
66,2.0060460567474365,14.28571492433548,0.7315124000472549,2026-07-26T03:39:17.774708+00:00
107,2.1573410034179688,17.142857611179352,0.7206163570767136,2026-07-26T03:39:37.331351+00:00
67,2.065098285675049,12.857143580913544,0.7401199716176571,2026-07-26T03:39:40.524667+00:00
108,2.4345054626464844,12.857143580913544,0.6978281000296452,2026-07-26T03:39:47.874876+00:00
109,2.467388868331909,12.857143580913544,0.7606601571231815,2026-07-26T03:39:58.409689+00:00
68,2.205479621887207,5.714285746216774,0.7153459427562276,2026-07-26T03:40:02.723269+00:00
69,2.05853271484375,31.42857253551483,0.7405258856514203,2026-07-26T03:40:12.929593+00:00
110,2.48393177986145,30.000001192092896,0.7633586141829645,2026-07-26T03:40:20.822905+00:00
70,1.9526563882827759,10.000000149011612,0.843868000083603,2026-07-26T03:40:35.561052+00:00
111,2.4938318729400635,12.857143580913544,0.6716555144521408,2026-07-26T03:40:43.070782+00:00
71,2.289534330368042,7.14285746216774,0.7237199284385757,2026-07-26T03:40:57.617505+00:00
112,2.445646286010742,24.285714328289032,0.8926614141923243,2026-07-26T03:41:05.581433+00:00
72,2.2768898010253906,11.428571492433548,0.6841715714212374,2026-07-26T03:41:07.989076+00:00
113,1.9510529041290283,24.285714328289032,0.7244015141623095,2026-07-26T03:41:15.914743+00:00
73,3.3381850719451904,10.000000149011612,0.7466855284292251,2026-07-26T03:41:18.410166+00:00
74,2.392415761947632,18.571428954601288,0.7093227998536479,2026-07-26T03:41:28.800203+00:00
114,2.3632254600524902,1.4285714365541935,0.7086929998227528,2026-07-26T03:41:38.347568+00:00
75,2.151569366455078,12.857143580913544,0.7059206144601505,2026-07-26T03:41:39.149372+00:00
115,2.444953680038452,15.714286267757416,0.7354925286823085,2026-07-26T03:41:48.798468+00:00
116,2.241413116455078,17.142857611179352,0.7128190143183538,2026-07-26T03:41:59.220013+00:00
76,2.388314723968506,17.142857611179352,0.7588747857620806,2026-07-26T03:42:01.593964+00:00
117,2.308199167251587,14.28571492433548,0.6843942286130706,2026-07-26T03:42:21.498284+00:00
77,2.0858218669891357,17.142857611179352,0.7168927714311784,2026-07-26T03:42:24.290092+00:00
118,2.201231002807617,18.571428954601288,0.7038397286253583,2026-07-26T03:42:31.825051+00:00
78,2.6347386837005615,15.714286267757416,0.7264890857706113,2026-07-26T03:42:34.883300+00:00
119,2.3487579822540283,11.428571492433548,0.6843317285529338,2026-07-26T03:42:42.460020+00:00
79,2.173656702041626,27.142858505249023,0.704982657043729,2026-07-26T03:42:57.247808+00:00
120,2.2210075855255127,15.714286267757416,0.7129975571712878,2026-07-26T03:43:04.778207+00:00
80,2.166383743286133,10.000000149011612,0.8671089857151466,2026-07-26T03:43:07.530875+00:00
121,2.5535590648651123,7.14285746216774,0.765182042752193,2026-07-26T03:43:27.537251+00:00
81,2.019761323928833,17.142857611179352,0.7037105999188498,2026-07-26T03:43:29.695833+00:00
122,2.2225420475006104,15.714286267757416,0.7046094999947984,2026-07-26T03:43:38.282382+00:00
82,2.034701347351074,18.571428954601288,0.7074552714974354,2026-07-26T03:43:52.126986+00:00
123,2.1582190990448,15.714286267757416,0.7201753999522355,2026-07-26T03:44:01.174815+00:00
83,2.3117170333862305,5.714285746216774,0.7336002714250104,2026-07-26T03:44:02.592834+00:00
84,2.1593306064605713,37.142857909202576,0.702729142878005,2026-07-26T03:44:12.978197+00:00
124,2.3809967041015625,17.142857611179352,0.6974855286119106,2026-07-26T03:44:23.716311+00:00
125,2.217083692550659,12.857143580913544,0.7009332571344982,2026-07-26T03:44:34.231981+00:00
85,7.20058012008667,14.28571492433548,0.6994765143774981,2026-07-26T03:44:35.966976+00:00
126,2.246140480041504,12.857143580913544,0.732953728584107,2026-07-26T03:44:56.791127+00:00
86,2.1718332767486572,20.000000298023224,0.7213867286087147,2026-07-26T03:44:58.388661+00:00
127,2.4554760456085205,14.28571492433548,0.7235107858182995,2026-07-26T03:45:07.273740+00:00
128,2.260894298553467,15.714286267757416,0.7081678571661801,2026-07-26T03:45:17.808818+00:00
87,2.3157801628112793,7.14285746216774,0.713755314271631,2026-07-26T03:45:20.935599+00:00
88,2.167217254638672,21.42857164144516,0.7048610999065984,2026-07-26T03:45:31.213914+00:00
129,2.3883321285247803,25.714287161827087,0.7099813428275021,2026-07-26T03:45:40.613860+00:00
89,2.8413734436035156,2.857142873108387,0.6824493285551269,2026-07-26T03:45:41.581888+00:00
130,2.215770959854126,5.714285746216774,0.7217551429805878,2026-07-26T03:45:51.213264+00:00
90,2.1658706665039062,7.14285746216774,0.6978468428964594,2026-07-26T03:45:51.993126+00:00
131,2.3894336223602295,15.714286267757416,0.7024185856737728,2026-07-26T03:46:01.957234+00:00
91,2.1659557819366455,14.28571492433548,1.0178195857276606,2026-07-26T03:46:02.569443+00:00
92,2.2346315383911133,5.714285746216774,0.7189559856280019,2026-07-26T03:46:12.797406+00:00
93,2.1973345279693604,17.142857611179352,0.7242979999448704,2026-07-26T03:46:23.284970+00:00
132,2.4456138610839844,14.28571492433548,0.6955668143096513,2026-07-26T03:46:24.801405+00:00
133,2.2068488597869873,15.714286267757416,0.7050086141264598,2026-07-26T03:46:35.249794+00:00
134,2.426220417022705,15.714286267757416,0.8217137427501646,2026-07-26T03:46:46.099097+00:00
94,4.129483699798584,11.428571492433548,0.788738699962518,2026-07-26T03:46:46.150813+00:00
135,1.977376937866211,15.714286267757416,0.7416566715359555,2026-07-26T03:46:56.595658+00:00
95,2.3057384490966797,14.28571492433548,0.7731314000141408,2026-07-26T03:47:08.280637+00:00
96,2.0619757175445557,21.42857164144516,0.9577169715027724,2026-07-26T03:47:18.786005+00:00
136,2.2014365196228027,15.714286267757416,0.746772442861194,2026-07-26T03:47:18.865802+00:00
97,2.1623635292053223,14.28571492433548,0.7050390001885326,2026-07-26T03:47:29.283605+00:00
137,1.999873399734497,15.714286267757416,0.9107877144872742,2026-07-26T03:47:40.890950+00:00
138,2.204082489013672,14.28571492433548,0.7071234570633221,2026-07-26T03:47:51.255195+00:00
98,2.2200000286102295,15.714286267757416,0.7332419858097897,2026-07-26T03:47:51.916536+00:00
99,2.2257633209228516,14.28571492433548,0.7411904142437769,2026-07-26T03:48:02.609412+00:00
100,2.058479070663452,15.714286267757416,0.8756531572933974,2026-07-26T03:48:13.294279+00:00
139,2.4221954345703125,14.28571492433548,0.7418190287093499,2026-07-26T03:48:13.493985+00:00
101,2.0272347927093506,11.428571492433548,0.7115647142719744,2026-07-26T03:48:23.737217+00:00
102,2.1833438873291016,20.000000298023224,0.724014500156045,2026-07-26T03:48:34.096583+00:00
140,2.4390523433685303,12.857143580913544,0.7234473571380867,2026-07-26T03:48:36.143139+00:00
103,2.086078405380249,11.428571492433548,0.7139347570565795,2026-07-26T03:48:44.415891+00:00
104,2.0914368629455566,10.000000149011612,0.7346356142079458,2026-07-26T03:48:54.905559+00:00
141,2.416128158569336,10.000000149011612,0.7478636142747875,2026-07-26T03:48:58.555443+00:00
142,2.3763458728790283,22.857142984867096,0.7261901856898996,2026-07-26T03:49:08.818771+00:00
105,2.50519061088562,10.000000149011612,0.7195518998612117,2026-07-26T03:49:17.415193+00:00
143,2.1964316368103027,14.28571492433548,0.7215915713459253,2026-07-26T03:49:19.322148+00:00
106,3.493483304977417,15.714286267757416,0.7334606572320419,2026-07-26T03:49:39.391137+00:00
144,2.192784309387207,10.000000149011612,0.7270700285776651,2026-07-26T03:49:41.416188+00:00
107,2.0371158123016357,14.28571492433548,2.322255114268046,2026-07-26T03:49:50.144071+00:00
145,2.4112465381622314,10.000000149011612,0.7217584998995465,2026-07-26T03:49:51.979320+00:00
108,2.2828967571258545,17.142857611179352,0.7159716998493033,2026-07-26T03:50:00.778107+00:00
109,2.190037250518799,14.28571492433548,0.7127814429363103,2026-07-26T03:50:11.089985+00:00
146,2.402827262878418,11.428571492433548,0.7133719856418403,2026-07-26T03:50:14.166867+00:00
147,2.3830814361572266,25.714287161827087,0.7442324428536397,2026-07-26T03:50:24.571415+00:00
110,2.233833074569702,12.857143580913544,0.7333506857061626,2026-07-26T03:50:33.491342+00:00
111,2.1579651832580566,15.714286267757416,0.7340742142072746,2026-07-26T03:50:43.882418+00:00
148,2.4231619834899902,15.714286267757416,0.7364565286219918,2026-07-26T03:50:46.522791+00:00
149,2.427396059036255,12.857143580913544,0.6956394570547023,2026-07-26T03:50:56.850563+00:00
112,2.1768882274627686,21.42857164144516,0.6963560858691511,2026-07-26T03:51:05.875922+00:00
113,2.2121670246124268,4.285714402794838,0.7062457713930469,2026-07-26T03:51:16.477155+00:00
150,2.3980212211608887,12.857143580913544,0.7151191428420134,2026-07-26T03:51:19.430125+00:00
151,2.2325174808502197,4.285714402794838,0.7062495856579127,2026-07-26T03:51:29.849974+00:00
114,2.1817548274993896,14.28571492433548,0.7119889142424134,2026-07-26T03:51:38.491777+00:00
152,2.1779415607452393,15.714286267757416,0.7123091713375678,2026-07-26T03:51:40.258525+00:00
115,2.1752703189849854,11.428571492433548,0.6852385143117447,2026-07-26T03:51:48.939821+00:00
153,1.9676421880722046,15.714286267757416,0.694468042846503,2026-07-26T03:51:50.604042+00:00
154,3.0267956256866455,11.428571492433548,2.3883297571696205,2026-07-26T03:52:01.330628+00:00
116,2.1401350498199463,14.28571492433548,0.6948240999398487,2026-07-26T03:52:11.186276+00:00
155,2.456833839416504,14.28571492433548,0.7304906857565843,2026-07-26T03:52:11.831897+00:00
117,1.935854196548462,31.42857253551483,0.7311491000499311,2026-07-26T03:52:21.489004+00:00
156,2.7527472972869873,14.28571492433548,0.7024002856009507,2026-07-26T03:52:22.139517+00:00
118,6.1258931159973145,14.28571492433548,0.7221854998663599,2026-07-26T03:52:31.883216+00:00
157,2.351611852645874,10.000000149011612,0.7104116857850127,2026-07-26T03:52:32.547241+00:00
119,2.062213897705078,10.000000149011612,0.7256750285575565,2026-07-26T03:52:42.142126+00:00
158,2.376188278198242,14.28571492433548,0.7176168142385515,2026-07-26T03:52:42.819690+00:00
120,2.0388357639312744,12.857143580913544,0.7226398428818877,2026-07-26T03:52:52.475225+00:00
159,2.3881170749664307,15.714286267757416,0.6903298571290049,2026-07-26T03:52:53.240599+00:00
121,2.148165702819824,18.571428954601288,0.7317652998608537,2026-07-26T03:53:03.034207+00:00
160,2.7616376876831055,11.428571492433548,0.68885518578879,2026-07-26T03:53:03.589099+00:00
122,2.0753402709960938,24.285714328289032,0.8920060285683056,2026-07-26T03:53:13.684896+00:00
161,2.2169437408447266,18.571428954601288,0.7245959570614754,2026-07-26T03:53:13.880658+00:00
123,2.1291134357452393,15.714286267757416,0.7243934143584089,2026-07-26T03:53:24.032355+00:00
162,1.9640692472457886,15.714286267757416,0.6947065285722991,2026-07-26T03:53:24.408290+00:00
124,2.135326385498047,14.28571492433548,0.7195290570962243,2026-07-26T03:53:34.378042+00:00
163,2.366847276687622,18.571428954601288,0.690687685606203,2026-07-26T03:53:34.827386+00:00
125,2.0332558155059814,17.142857611179352,0.7249446142980429,2026-07-26T03:53:44.746824+00:00
164,2.3605451583862305,14.28571492433548,0.6868027570557648,2026-07-26T03:53:45.235730+00:00
126,2.051710844039917,14.28571492433548,0.9172402000071348,2026-07-26T03:53:55.509687+00:00
165,2.2791454792022705,14.28571492433548,0.7170127856495259,2026-07-26T03:53:55.621227+00:00
127,2.024336814880371,17.142857611179352,0.7072106143043909,2026-07-26T03:54:05.775125+00:00
128,2.128814697265625,14.28571492433548,0.8684403570701501,2026-07-26T03:54:16.148907+00:00
166,2.357081890106201,12.857143580913544,0.699896114279649,2026-07-26T03:54:18.052980+00:00
129,2.139054298400879,18.571428954601288,0.7151073715899007,2026-07-26T03:54:26.731659+00:00
130,2.069568634033203,25.714287161827087,0.7177452714781144,2026-07-26T03:54:37.053991+00:00
167,2.1017613410949707,14.28571492433548,0.7206199141884488,2026-07-26T03:54:40.448771+00:00
131,2.2696585655212402,15.714286267757416,0.7189525143725665,2026-07-26T03:54:47.596238+00:00
168,2.2317566871643066,15.714286267757416,0.7324900571672646,2026-07-26T03:54:51.118307+00:00
169,2.365461587905884,14.28571492433548,0.7181187000242062,2026-07-26T03:55:01.621739+00:00
132,2.505713701248169,14.28571492433548,0.7149848141125403,2026-07-26T03:55:09.940681+00:00
170,2.390333890914917,1.4285714365541935,0.6970565998926759,2026-07-26T03:55:12.006974+00:00
171,2.1531434059143066,15.714286267757416,0.7192881856878687,2026-07-26T03:55:22.287902+00:00
133,2.234567165374756,10.000000149011612,0.6893086428005647,2026-07-26T03:55:32.027131+00:00
134,2.6166927814483643,24.285714328289032,0.7358368141077726,2026-07-26T03:55:42.277685+00:00
172,2.269148826599121,15.714286267757416,0.7238496286195836,2026-07-26T03:55:44.743618+00:00
135,2.4081051349639893,17.142857611179352,0.7789497141077716,2026-07-26T03:55:52.527280+00:00
173,2.3773155212402344,14.28571492433548,0.7045224142659987,2026-07-26T03:55:55.085370+00:00
136,2.341968536376953,24.285714328289032,0.6845552571966047,2026-07-26T03:56:02.835970+00:00
174,2.398057222366333,11.428571492433548,0.7167306429307375,2026-07-26T03:56:05.445972+00:00
137,2.241860866546631,12.857143580913544,0.6884810999118989,2026-07-26T03:56:13.205089+00:00
175,2.1575491428375244,20.000000298023224,0.7051944000912563,2026-07-26T03:56:15.806925+00:00
176,2.3689873218536377,22.857142984867096,0.6687833572089273,2026-07-26T03:56:26.249433+00:00
138,2.093033790588379,14.28571492433548,0.7228974855804284,2026-07-26T03:56:35.355067+00:00
177,2.1662628650665283,14.28571492433548,0.7020906144004714,2026-07-26T03:56:36.618858+00:00
139,2.906773567199707,14.28571492433548,0.7311731572761866,2026-07-26T03:56:45.980732+00:00
140,2.232097864151001,15.714286267757416,0.7130596429176096,2026-07-26T03:56:56.252904+00:00
178,2.153531312942505,15.714286267757416,0.7187191856376428,2026-07-26T03:56:59.170470+00:00
141,1.9952235221862793,5.714285746216774,0.7158032285847835,2026-07-26T03:57:06.738381+00:00
179,2.3071224689483643,15.714286267757416,0.7369198142051963,2026-07-26T03:57:09.581285+00:00
142,2.0626120567321777,11.428571492433548,0.7229719429493083,2026-07-26T03:57:17.092856+00:00
180,1.9920270442962646,27.142858505249023,0.7000333427900581,2026-07-26T03:57:20.082959+00:00
143,2.1304595470428467,10.000000149011612,0.7637365571489292,2026-07-26T03:57:27.513284+00:00
181,2.2012176513671875,4.285714402794838,0.695549585673559,2026-07-26T03:57:30.414777+00:00
182,2.504457712173462,17.142857611179352,0.6985286001249084,2026-07-26T03:57:40.796643+00:00
144,2.149723768234253,8.571428805589676,0.747691371361725,2026-07-26T03:57:49.813847+00:00
183,2.042593002319336,17.142857611179352,0.7232778713971909,2026-07-26T03:57:51.300273+00:00
145,2.2646467685699463,14.28571492433548,0.7169119286118075,2026-07-26T03:58:00.082927+00:00
184,2.2368173599243164,14.28571492433548,0.7163788572402804,2026-07-26T03:58:01.820776+00:00
146,2.1539735794067383,18.571428954601288,0.7155564285182794,2026-07-26T03:58:10.602804+00:00
147,2.143070697784424,15.714286267757416,0.7415120714410607,2026-07-26T03:58:20.902098+00:00
185,2.1374309062957764,10.000000149011612,0.7116259713906662,2026-07-26T03:58:24.396574+00:00
148,2.018806219100952,15.714286267757416,0.713933156969558,2026-07-26T03:58:31.512084+00:00
149,2.034607172012329,11.428571492433548,0.6962250573061672,2026-07-26T03:58:41.870854+00:00
186,2.1599936485290527,31.42857253551483,0.726907214266248,2026-07-26T03:58:46.843515+00:00
150,1.9051495790481567,21.42857164144516,0.7270462998089248,2026-07-26T03:58:52.608804+00:00
187,2.446550130844116,15.714286267757416,0.712144400001437,2026-07-26T03:58:57.198327+00:00
188,2.3019561767578125,15.714286267757416,0.7329065857837642,2026-07-26T03:59:07.772109+00:00
151,2.1741061210632324,20.000000298023224,0.7321785572068101,2026-07-26T03:59:14.622676+00:00
189,4.322188854217529,17.142857611179352,0.7305387000087649,2026-07-26T03:59:18.408472+00:00
190,2.14229154586792,10.000000149011612,0.7665314572347727,2026-07-26T03:59:28.688665+00:00
152,2.0413308143615723,14.28571492433548,0.7201350570539944,2026-07-26T03:59:37.151893+00:00
191,2.299914836883545,14.28571492433548,0.6895615141339866,2026-07-26T03:59:39.069903+00:00
153,2.032092332839966,14.28571492433548,0.7512823715972315,2026-07-26T03:59:47.565675+00:00
192,2.343358039855957,24.285714328289032,0.7214167714534726,2026-07-26T03:59:49.403057+00:00
154,2.0127806663513184,1.4285714365541935,0.7166464143665507,2026-07-26T03:59:58.027330+00:00
193,2.307408332824707,14.28571492433548,0.743085628658134,2026-07-26T03:59:59.949495+00:00
155,2.1205122470855713,14.28571492433548,0.7321444714242327,2026-07-26T04:00:08.311175+00:00
194,2.343170642852783,14.28571492433548,0.7516353428530108,2026-07-26T04:00:10.730944+00:00
156,1.9134163856506348,14.28571492433548,0.7154581571480125,2026-07-26T04:00:18.705893+00:00
195,3.4308154582977295,14.28571492433548,0.7060152856865898,2026-07-26T04:00:21.169446+00:00
157,2.1461708545684814,14.28571492433548,0.8014174142902318,2026-07-26T04:00:29.092954+00:00
196,2.3765041828155518,14.28571492433548,0.7320873570279218,2026-07-26T04:00:31.656214+00:00
158,2.0065507888793945,18.571428954601288,0.7325979999482765,2026-07-26T04:00:39.366843+00:00
197,1.9917986392974854,17.142857611179352,0.6879807142208196,2026-07-26T04:00:41.903005+00:00
159,2.1372387409210205,11.428571492433548,0.8200823998777196,2026-07-26T04:00:49.910981+00:00
198,2.4616751670837402,15.714286267757416,0.7193278855993412,2026-07-26T04:00:52.509823+00:00
160,2.0267372131347656,15.714286267757416,0.6993930714088492,2026-07-26T04:01:00.292620+00:00
199,2.6247851848602295,14.28571492433548,0.7137153000387896,2026-07-26T04:01:03.010509+00:00
161,2.136701822280884,14.28571492433548,0.7244257998536341,2026-07-26T04:01:10.658474+00:00
162,2.4029245376586914,12.857143580913544,0.7176314713433385,2026-07-26T04:01:20.942313+00:00
200,2.403874158859253,14.28571492433548,2.4441239999889928,2026-07-26T04:01:25.596570+00:00
163,2.0160458087921143,18.571428954601288,0.7161845571577682,2026-07-26T04:01:31.271217+00:00
201,2.4361162185668945,14.28571492433548,0.7026994569709392,2026-07-26T04:01:35.953387+00:00
164,1.932991623878479,11.428571492433548,0.7227626855767864,2026-07-26T04:01:41.701256+00:00
202,2.3410065174102783,18.571428954601288,0.7301793714369914,2026-07-26T04:01:46.344844+00:00
165,2.0839333534240723,14.28571492433548,0.7643125714301797,2026-07-26T04:01:52.087963+00:00
203,2.5436203479766846,14.28571492433548,0.6900360283907503,2026-07-26T04:01:56.832087+00:00
204,2.254718542098999,14.28571492433548,0.7208882714621723,2026-07-26T04:02:07.345466+00:00
166,1.9204415082931519,12.857143580913544,0.7134627428188521,2026-07-26T04:02:14.226022+00:00
167,2.131105899810791,15.714286267757416,0.697527228580189,2026-07-26T04:02:24.432399+00:00
205,2.4965951442718506,15.714286267757416,0.6905853143377629,2026-07-26T04:02:29.693387+00:00
168,2.024688720703125,15.714286267757416,0.6850438570836559,2026-07-26T04:02:35.096134+00:00
169,2.149104356765747,8.571428805589676,0.7235273427795619,2026-07-26T04:02:45.352190+00:00
206,2.5455732345581055,12.857143580913544,0.6997269000359145,2026-07-26T04:02:51.925543+00:00
170,2.0294625759124756,14.28571492433548,0.7043244572871896,2026-07-26T04:02:55.671568+00:00
207,2.3174538612365723,17.142857611179352,0.7327989714602674,2026-07-26T04:03:02.402632+00:00
208,2.644183874130249,12.857143580913544,0.7006097998653007,2026-07-26T04:03:12.726187+00:00
171,2.1305227279663086,12.857143580913544,0.7349127142723383,2026-07-26T04:03:17.890404+00:00
209,2.3208189010620117,21.42857164144516,0.7127499571652152,2026-07-26T04:03:34.900215+00:00
172,2.034698247909546,14.28571492433548,0.7042468856005664,2026-07-26T04:03:39.951940+00:00
173,2.0841968059539795,12.857143580913544,0.7184947998861648,2026-07-26T04:03:50.339088+00:00
210,2.776282548904419,17.142857611179352,0.7202116286082726,2026-07-26T04:03:57.037545+00:00
174,2.129469633102417,11.428571492433548,0.7103671571322984,2026-07-26T04:04:00.715955+00:00
211,1.9452409744262695,15.714286267757416,0.7189178142912819,2026-07-26T04:04:07.477644+00:00
212,2.0898666381835938,15.714286267757416,0.7065189141680354,2026-07-26T04:04:17.970206+00:00
175,2.1246063709259033,17.142857611179352,0.6766205429032977,2026-07-26T04:04:22.740982+00:00
213,2.672564744949341,20.000000298023224,0.7105918285170836,2026-07-26T04:04:28.420369+00:00
176,2.426466226577759,14.28571492433548,0.7045730143935154,2026-07-26T04:04:44.594359+00:00
214,2.2168819904327393,12.857143580913544,0.7201805999752001,2026-07-26T04:04:50.450719+00:00
177,2.12876296043396,12.857143580913544,0.7048611285946598,2026-07-26T04:04:54.971148+00:00
215,2.389880895614624,18.571428954601288,0.6909715142683126,2026-07-26T04:05:00.692248+00:00
178,1.9899615049362183,25.714287161827087,0.7035320142417082,2026-07-26T04:05:05.389042+00:00
216,2.2698774337768555,15.714286267757416,0.7119014285438294,2026-07-26T04:05:11.322829+00:00
179,2.390392303466797,12.857143580913544,0.723268571476053,2026-07-26T04:05:15.662313+00:00
217,2.305826425552368,14.28571492433548,0.7410438571241684,2026-07-26T04:05:21.769110+00:00
180,2.0240108966827393,15.714286267757416,0.7123024714279121,2026-07-26T04:05:37.716606+00:00
218,2.3879940509796143,12.857143580913544,0.710211185755075,2026-07-26T04:05:44.086990+00:00
181,2.10128116607666,12.857143580913544,0.7339094428711438,2026-07-26T04:05:47.991289+00:00
219,2.140245199203491,24.285714328289032,0.7448001143140053,2026-07-26T04:05:54.209741+00:00
182,1.9518022537231445,5.714285746216774,0.7104383999831043,2026-07-26T04:05:58.352720+00:00
220,2.2009479999542236,8.571428805589676,0.6752283285355328,2026-07-26T04:06:04.749033+00:00
183,2.077849864959717,14.28571492433548,0.6938300428113767,2026-07-26T04:06:08.656890+00:00
221,2.249495267868042,31.42857253551483,0.718349614388509,2026-07-26T04:06:15.013220+00:00
222,2.132554292678833,15.714286267757416,0.710017085657455,2026-07-26T04:06:25.282252+00:00
184,2.121840238571167,14.28571492433548,0.7474537286075896,2026-07-26T04:06:30.516457+00:00
223,2.1248927116394043,10.000000149011612,0.9084273857297376,2026-07-26T04:06:35.747059+00:00
185,2.124372720718384,12.857143580913544,0.7543844856887257,2026-07-26T04:06:41.061991+00:00
224,2.0547778606414795,14.28571492433548,0.700221757246514,2026-07-26T04:06:46.362061+00:00
186,2.03210711479187,11.428571492433548,0.7064569142780134,2026-07-26T04:06:51.615077+00:00
187,2.1437673568725586,11.428571492433548,0.7136202855950354,2026-07-26T04:07:01.719840+00:00
225,2.1447460651397705,17.142857611179352,0.7129549001027563,2026-07-26T04:07:08.733812+00:00
188,2.0213778018951416,15.714286267757416,0.7026083000320276,2026-07-26T04:07:12.139880+00:00
189,2.207477569580078,11.428571492433548,0.7076529000187293,2026-07-26T04:07:22.368059+00:00
226,2.1712663173675537,11.428571492433548,0.7041303856697465,2026-07-26T04:07:30.900056+00:00
190,2.0144526958465576,11.428571492433548,0.6905855856270396,2026-07-26T04:07:32.594748+00:00
227,1.9129372835159302,14.28571492433548,0.6868776859066981,2026-07-26T04:07:41.093103+00:00
191,2.020890951156616,15.714286267757416,1.1492780571903236,2026-07-26T04:07:54.617175+00:00
228,2.2012088298797607,12.857143580913544,0.8163826286493401,2026-07-26T04:08:03.407584+00:00
192,2.290299654006958,14.28571492433548,0.6855458998221106,2026-07-26T04:08:16.807425+00:00
229,2.024714946746826,14.28571492433548,0.6971322858589701,2026-07-26T04:08:25.736198+00:00
193,2.074380874633789,17.142857611179352,0.716468685797216,2026-07-26T04:08:26.953296+00:00
230,1.9413988590240479,18.571428954601288,0.7020675429625303,2026-07-26T04:08:47.761193+00:00
194,2.1182849407196045,17.142857611179352,0.7046339715348691,2026-07-26T04:08:49.445919+00:00
231,2.151074171066284,14.28571492433548,0.6976197571410531,2026-07-26T04:08:58.144886+00:00
232,2.1276605129241943,14.28571492433548,0.7302176142859805,2026-07-26T04:09:08.444185+00:00
195,2.1178841590881348,17.142857611179352,0.7117733571379046,2026-07-26T04:09:11.585326+00:00
233,1.9584490060806274,17.142857611179352,0.6944795712895159,2026-07-26T04:09:18.826323+00:00
196,2.124451160430908,12.857143580913544,0.7469347715544115,2026-07-26T04:09:33.332271+00:00
234,2.140467405319214,14.28571492433548,0.7085128857787433,2026-07-26T04:09:40.985939+00:00
197,2.0015251636505127,15.714286267757416,0.7214509285404347,2026-07-26T04:09:43.938088+00:00
235,2.0192782878875732,15.714286267757416,0.6981314999783146,2026-07-26T04:09:51.415282+00:00
198,2.017045736312866,20.000000298023224,0.7403923285892233,2026-07-26T04:09:54.534131+00:00
199,2.1200218200683594,14.28571492433548,0.7190595715655945,2026-07-26T04:10:04.892784+00:00
236,2.0156912803649902,15.714286267757416,0.7468285286449827,2026-07-26T04:10:13.571222+00:00
200,2.1156344413757324,10.000000149011612,0.7085998284830046,2026-07-26T04:10:27.503774+00:00
237,1.9897284507751465,11.428571492433548,0.6940571285667829,2026-07-26T04:10:35.868729+00:00
201,2.1146798133850098,14.28571492433548,0.7148193143491101,2026-07-26T04:10:38.122703+00:00
238,2.163329601287842,1.4285714365541935,0.6908735000511764,2026-07-26T04:10:46.191581+00:00
239,2.1576895713806152,17.142857611179352,0.7185071999889001,2026-07-26T04:10:56.566026+00:00
202,2.1135895252227783,14.28571492433548,0.7137651428430607,2026-07-26T04:11:00.398386+00:00
240,1.9261714220046997,14.28571492433548,0.6909772572855997,2026-07-26T04:11:06.863309+00:00
203,2.1223666667938232,15.714286267757416,0.7020197999996267,2026-07-26T04:11:22.675226+00:00
241,3.063915491104126,15.714286267757416,0.726874328600908,2026-07-26T04:11:28.979540+00:00
204,2.1121087074279785,24.285714328289032,0.7050383998180872,2026-07-26T04:11:33.085582+00:00
205,2.098384380340576,12.857143580913544,0.7052217572761167,2026-07-26T04:11:43.236529+00:00
242,2.2385458946228027,12.857143580913544,0.7054212284856476,2026-07-26T04:11:51.177245+00:00
206,2.112870931625366,11.428571492433548,0.705238014260041,2026-07-26T04:11:53.627288+00:00
243,2.036979913711548,14.28571492433548,0.758897557014799,2026-07-26T04:12:01.526375+00:00
244,2.130932331085205,12.857143580913544,0.7215043856246797,2026-07-26T04:12:11.944310+00:00
207,1.987417221069336,15.714286267757416,0.7300661999449533,2026-07-26T04:12:16.115005+00:00
245,2.1097726821899414,15.714286267757416,0.7207555571637515,2026-07-26T04:12:22.336888+00:00
246,2.0112972259521484,14.28571492433548,0.6943621857707123,2026-07-26T04:12:32.570876+00:00
208,2.110537528991699,12.857143580913544,0.7272509999373661,2026-07-26T04:12:38.471468+00:00
247,2.1048359870910645,15.714286267757416,0.701493228552863,2026-07-26T04:12:42.931362+00:00
209,2.122335433959961,14.28571492433548,0.7037732999638787,2026-07-26T04:12:48.738238+00:00
248,1.9858884811401367,11.428571492433548,0.7016833287447557,2026-07-26T04:12:53.359629+00:00
210,2.119004011154175,22.857142984867096,0.6882317143858278,2026-07-26T04:12:59.282304+00:00
211,2.0107829570770264,17.142857611179352,0.7092043998584684,2026-07-26T04:13:09.718388+00:00
249,1.9196300506591797,15.714286267757416,0.6880613713292405,2026-07-26T04:13:15.666361+00:00
212,3.6754772663116455,11.428571492433548,0.735041156959986,2026-07-26T04:13:20.089836+00:00
250,1.9810594320297241,15.714286267757416,0.6902292287642402,2026-07-26T04:13:26.320454+00:00
213,2.1028687953948975,14.28571492433548,0.7846982286927023,2026-07-26T04:13:30.527943+00:00
251,2.106050729751587,17.142857611179352,0.8516478429165935,2026-07-26T04:13:36.572754+00:00
214,1.8904281854629517,12.857143580913544,0.7180667428266524,2026-07-26T04:13:40.917348+00:00
252,2.0724282264709473,20.000000298023224,0.7155994857644795,2026-07-26T04:13:59.418868+00:00
215,1.9860364198684692,17.142857611179352,0.7140666427273702,2026-07-26T04:14:02.941440+00:00
253,2.005258798599243,14.28571492433548,0.7182190427556634,2026-07-26T04:14:09.779434+00:00
216,2.1261508464813232,12.857143580913544,0.712201842855263,2026-07-26T04:14:13.247373+00:00
254,2.1266534328460693,2.857142873108387,0.6996851713795748,2026-07-26T04:14:20.152881+00:00
217,2.1212329864501953,14.28571492433548,0.7738977570884994,2026-07-26T04:14:23.566338+00:00
255,2.0663347244262695,18.571428954601288,0.7674602284428798,2026-07-26T04:14:30.512586+00:00
256,2.1026768684387207,17.142857611179352,0.6995857142361014,2026-07-26T04:14:40.742032+00:00
218,1.9847887754440308,15.714286267757416,0.7079698571552788,2026-07-26T04:14:45.881352+00:00
257,2.101858377456665,14.28571492433548,0.7054411858137297,2026-07-26T04:14:51.244128+00:00
219,2.1089487075805664,11.428571492433548,0.6840629286931029,2026-07-26T04:14:56.298350+00:00
258,2.23219895362854,12.857143580913544,0.7801259572650971,2026-07-26T04:15:01.545511+00:00
220,2.102787494659424,14.28571492433548,0.709460285725072,2026-07-26T04:15:06.678955+00:00
259,2.117731809616089,11.428571492433548,0.7319407999083134,2026-07-26T04:15:11.914680+00:00
221,2.007922649383545,17.142857611179352,0.6998085998930037,2026-07-26T04:15:16.875223+00:00
222,2.3354475498199463,14.28571492433548,0.7231149999175354,2026-07-26T04:15:27.130471+00:00
260,2.099768877029419,12.857143580913544,0.6931562429859437,2026-07-26T04:15:34.298583+00:00
223,2.0102438926696777,7.14285746216774,0.73785118563267,2026-07-26T04:15:37.508231+00:00
224,2.008620262145996,14.28571492433548,0.7114493714262997,2026-07-26T04:15:48.152811+00:00
261,2.056224822998047,17.142857611179352,0.7081892143885072,2026-07-26T04:15:56.627545+00:00
225,2.0008392333984375,20.000000298023224,0.706400657197394,2026-07-26T04:15:58.662558+00:00
262,2.09631085395813,12.857143580913544,0.6921736858203076,2026-07-26T04:16:07.045381+00:00
226,2.011585235595703,14.28571492433548,0.703641928599349,2026-07-26T04:16:20.854016+00:00
263,2.059246301651001,5.714285746216774,0.7299918856006116,2026-07-26T04:16:29.446876+00:00
264,2.0122876167297363,14.28571492433548,0.7061084713703686,2026-07-26T04:16:40.040022+00:00
227,2.3894715309143066,11.428571492433548,0.7620762287323096,2026-07-26T04:16:43.135659+00:00
265,2.0036585330963135,15.714286267757416,0.7302591570935744,2026-07-26T04:16:50.664512+00:00
228,2.0919926166534424,18.571428954601288,0.7532061142098557,2026-07-26T04:16:53.581814+00:00
266,2.109705924987793,8.571428805589676,0.7016603999155839,2026-07-26T04:17:12.815210+00:00
229,1.9252840280532837,17.142857611179352,0.7191580998811073,2026-07-26T04:17:16.090391+00:00
267,2.003870964050293,14.28571492433548,0.7236390856892936,2026-07-26T04:17:23.161249+00:00
230,2.153547525405884,12.857143580913544,0.7302477573310691,2026-07-26T04:17:26.469409+00:00
231,2.099393129348755,15.714286267757416,0.7106957570483375,2026-07-26T04:17:36.942536+00:00
268,2.0063486099243164,12.857143580913544,0.7178528858016111,2026-07-26T04:17:46.106237+00:00
269,2.0411739349365234,18.571428954601288,0.7069687427636901,2026-07-26T04:17:56.749000+00:00
232,1.9964625835418701,7.14285746216774,0.721255956990977,2026-07-26T04:17:59.214216+00:00
270,2.03647518157959,11.428571492433548,0.7041120284286859,2026-07-26T04:18:07.323050+00:00
233,2.0981101989746094,12.857143580913544,0.7050581428172465,2026-07-26T04:18:09.490662+00:00
271,2.148496627807617,12.857143580913544,0.724784642807208,2026-07-26T04:18:29.979574+00:00
234,2.112290382385254,7.14285746216774,0.7266555284981482,2026-07-26T04:18:32.168921+00:00
272,2.0942955017089844,12.857143580913544,0.7440455858678824,2026-07-26T04:18:40.481794+00:00
235,2.043903350830078,18.571428954601288,2.3766450571461712,2026-07-26T04:18:42.553312+00:00
236,2.0065863132476807,15.714286267757416,0.7486091001607876,2026-07-26T04:18:52.942367+00:00
273,1.961949348449707,17.142857611179352,0.6948275714031686,2026-07-26T04:19:03.164120+00:00
274,2.123483180999756,18.571428954601288,0.7315539141667873,2026-07-26T04:19:13.619021+00:00
237,2.0080008506774902,12.857143580913544,0.6997406000404486,2026-07-26T04:19:14.772646+00:00
275,2.0777499675750732,15.714286267757416,0.7403177001313972,2026-07-26T04:19:24.008990+00:00
238,2.092346668243408,12.857143580913544,0.7054576571265767,2026-07-26T04:19:25.080901+00:00
276,2.0654642581939697,12.857143580913544,0.6877211999380961,2026-07-26T04:19:34.308970+00:00
277,2.1233127117156982,12.857143580913544,0.7186252428385029,2026-07-26T04:19:44.816185+00:00
239,1.9921430349349976,14.28571492433548,0.7100627857393452,2026-07-26T04:19:47.148481+00:00
278,2.0845730304718018,14.28571492433548,0.6951081142428198,2026-07-26T04:19:55.391116+00:00
240,2.0967538356781006,14.28571492433548,0.7246987430594994,2026-07-26T04:19:57.611349+00:00
279,2.0050883293151855,11.428571492433548,0.7018232429150625,2026-07-26T04:20:05.941864+00:00
241,2.2304940223693848,14.28571492433548,0.7369285141716578,2026-07-26T04:20:07.920778+00:00
280,2.0628502368927,15.714286267757416,0.7101875284986039,2026-07-26T04:20:16.369218+00:00
242,2.1435084342956543,12.857143580913544,0.7118385572019698,2026-07-26T04:20:18.207836+00:00
243,2.104844808578491,14.28571492433548,0.6982702998876837,2026-07-26T04:20:28.717461+00:00
281,2.08565354347229,15.714286267757416,0.703155271392981,2026-07-26T04:20:38.607555+00:00
244,1.91415536403656,18.571428954601288,0.7136062143087786,2026-07-26T04:20:38.970701+00:00
282,2.0870518684387207,14.28571492433548,0.7300852427891057,2026-07-26T04:20:49.005133+00:00
245,2.0925076007843018,14.28571492433548,0.73673445710613,2026-07-26T04:20:49.369818+00:00
246,2.0055346488952637,14.28571492433548,0.7384010571903283,2026-07-26T04:20:59.848247+00:00
283,2.0233006477355957,22.857142984867096,0.7358065571419762,2026-07-26T04:21:11.253164+00:00
247,2.0690371990203857,24.285714328289032,0.7283179858599657,2026-07-26T04:21:21.886313+00:00
248,2.0044262409210205,7.14285746216774,0.722355028639348,2026-07-26T04:21:32.411269+00:00
284,2.0772082805633545,12.857143580913544,0.6952969999734445,2026-07-26T04:21:33.752404+00:00
285,2.087669610977173,14.28571492433548,0.7400926429129737,2026-07-26T04:21:44.303377+00:00
249,2.0044498443603516,12.857143580913544,0.7434943715842174,2026-07-26T04:21:54.219006+00:00
286,1.9983173608779907,11.428571492433548,0.7130943999592481,2026-07-26T04:21:54.773057+00:00
250,2.0813071727752686,14.28571492433548,0.7113090714223549,2026-07-26T04:22:16.691064+00:00
287,2.074413299560547,12.857143580913544,0.7220053143100813,2026-07-26T04:22:17.441476+00:00
251,1.9913864135742188,14.28571492433548,0.7261272715238322,2026-07-26T04:22:27.139949+00:00
288,1.99276602268219,24.285714328289032,0.695955528603268,2026-07-26T04:22:27.628081+00:00
252,2.002023220062256,15.714286267757416,0.7064491714118049,2026-07-26T04:22:37.439767+00:00
289,2.0466604232788086,15.714286267757416,0.9520890856427806,2026-07-26T04:22:49.994622+00:00
253,2.0904879570007324,14.28571492433548,0.7501075000618584,2026-07-26T04:22:59.728304+00:00
290,1.9977551698684692,15.714286267757416,0.6985079287135575,2026-07-26T04:23:00.467045+00:00
254,1.936708688735962,14.28571492433548,0.6929332429925645,2026-07-26T04:23:10.097331+00:00
291,2.3222317695617676,14.28571492433548,0.7435721571839946,2026-07-26T04:23:10.754335+00:00
292,2.3186326026916504,4.285714402794838,0.6960901571021948,2026-07-26T04:23:21.492980+00:00
293,2.1978142261505127,14.28571492433548,0.7093596858404843,2026-07-26T04:23:32.009847+00:00
255,2.1312849521636963,14.28571492433548,0.7023132429042431,2026-07-26T04:23:32.676692+00:00
294,2.3512253761291504,12.857143580913544,0.6904663713482607,2026-07-26T04:23:42.407886+00:00
256,2.0088207721710205,14.28571492433548,0.7160319000831805,2026-07-26T04:23:43.384951+00:00
295,2.4200503826141357,8.571428805589676,0.7243534570859212,2026-07-26T04:23:52.940481+00:00
257,2.0325682163238525,11.428571492433548,0.7130015999012228,2026-07-26T04:23:53.733567+00:00
258,2.0725576877593994,12.857143580913544,0.7000482000876218,2026-07-26T04:24:04.210254+00:00
259,2.088855266571045,2.857142873108387,0.7749774428832877,2026-07-26T04:24:14.576327+00:00
296,2.168640375137329,15.714286267757416,0.7754320287079152,2026-07-26T04:24:15.511338+00:00
260,2.001298666000366,15.714286267757416,0.6959140857881202,2026-07-26T04:24:24.911872+00:00
261,1.9526842832565308,15.714286267757416,0.9269960428355262,2026-07-26T04:24:35.268299+00:00
297,2.1865174770355225,15.714286267757416,0.6908230857724058,2026-07-26T04:24:37.685092+00:00
262,2.031231641769409,11.428571492433548,0.6895067571479427,2026-07-26T04:24:57.395331+00:00
298,2.52917742729187,12.857143580913544,0.724233071585851,2026-07-26T04:24:59.986589+00:00
299,2.9336469173431396,14.28571492433548,0.7137725285636926,2026-07-26T04:25:10.287293+00:00
263,2.000011444091797,14.28571492433548,0.7447352713955167,2026-07-26T04:25:19.185026+00:00
300,2.4867265224456787,20.000000298023224,0.714739314363604,2026-07-26T04:25:20.993608+00:00
264,2.0051369667053223,12.857143580913544,0.7022184284453813,2026-07-26T04:25:41.210707+00:00
301,2.6725986003875732,21.42857164144516,0.6960561856560942,2026-07-26T04:25:43.169895+00:00
265,2.0110843181610107,17.142857611179352,0.737221357121598,2026-07-26T04:25:51.516776+00:00
302,2.5071651935577393,14.28571492433548,0.6872638001888325,2026-07-26T04:25:53.599534+00:00
266,2.013472557067871,14.28571492433548,0.7516297000360541,2026-07-26T04:26:02.250431+00:00
303,2.805763006210327,7.14285746216774,0.6789552000035266,2026-07-26T04:26:04.160901+00:00
267,1.9876850843429565,15.714286267757416,0.7459675573045388,2026-07-26T04:26:25.074951+00:00
304,2.6917550563812256,14.28571492433548,0.7116819143578011,2026-07-26T04:26:26.914194+00:00
268,1.9155360460281372,15.714286267757416,0.7199726285762154,2026-07-26T04:26:35.660110+00:00
305,2.934638738632202,12.857143580913544,0.7076291429776964,2026-07-26T04:26:37.406386+00:00
269,2.1088802814483643,14.28571492433548,0.7265768571025026,2026-07-26T04:26:46.420307+00:00
306,2.8497352600097656,12.857143580913544,0.7238903143193706,2026-07-26T04:26:48.220895+00:00
307,2.6590311527252197,12.857143580913544,0.7188237143314576,2026-07-26T04:26:58.637066+00:00
270,2.0116448402404785,15.714286267757416,1.0792615713268918,2026-07-26T04:27:09.087320+00:00
308,2.6473519802093506,15.714286267757416,0.7040085285552777,2026-07-26T04:27:09.309221+00:00
271,1.9974778890609741,17.142857611179352,0.7479361715793078,2026-07-26T04:27:19.501977+00:00
309,2.688995838165283,14.28571492433548,0.7047702142569636,2026-07-26T04:27:19.781628+00:00
272,2.02809476852417,18.571428954601288,0.7946129857113452,2026-07-26T04:27:29.814840+00:00
310,2.370414972305298,14.28571492433548,0.8535670284930217,2026-07-26T04:27:30.113904+00:00
273,1.958488941192627,15.714286267757416,0.703367314209962,2026-07-26T04:27:40.296328+00:00
274,1.999959945678711,11.428571492433548,0.7223152428715756,2026-07-26T04:27:50.967213+00:00
311,2.300560712814331,4.285714402794838,0.8093081572691777,2026-07-26T04:27:52.543844+00:00
275,2.040038585662842,14.28571492433548,0.7297089427343703,2026-07-26T04:28:01.431705+00:00
312,2.672218084335327,14.28571492433548,0.7534299284868342,2026-07-26T04:28:02.992373+00:00
276,1.938958764076233,7.14285746216774,0.7025973569917758,2026-07-26T04:28:12.148986+00:00
313,2.593507766723633,18.571428954601288,0.6770297571035501,2026-07-26T04:28:25.689026+00:00
277,2.0965704917907715,15.714286267757416,0.7230315284687094,2026-07-26T04:28:34.215550+00:00
314,2.611698865890503,18.571428954601288,0.6967570857211416,2026-07-26T04:28:35.969992+00:00
278,1.9879729747772217,14.28571492433548,0.7395718573077049,2026-07-26T04:28:44.565670+00:00
315,2.3123743534088135,15.714286267757416,0.7376725001709669,2026-07-26T04:28:58.670422+00:00
279,1.9974486827850342,15.714286267757416,0.7323949285949182,2026-07-26T04:29:07.157204+00:00
316,2.316631317138672,15.714286267757416,0.7265364142118155,2026-07-26T04:29:09.203054+00:00
280,2.0605804920196533,14.28571492433548,0.7116400857090153,2026-07-26T04:29:17.668273+00:00
317,2.6415514945983887,14.28571492433548,0.6988700142496131,2026-07-26T04:29:19.693633+00:00
318,2.3358066082000732,12.857143580913544,0.7532094856807297,2026-07-26T04:29:30.098531+00:00
281,1.9421544075012207,17.142857611179352,0.7041991571895778,2026-07-26T04:29:40.112398+00:00
319,2.025414228439331,15.714286267757416,0.7208859999082051,2026-07-26T04:29:40.670889+00:00
282,1.9578704833984375,1.4285714365541935,0.7344925713758649,2026-07-26T04:29:50.860379+00:00
320,2.6208338737487793,12.857143580913544,0.7135243855632974,2026-07-26T04:29:51.306893+00:00
283,1.9836597442626953,15.714286267757416,0.7161338570378055,2026-07-26T04:30:01.343914+00:00
321,2.3154430389404297,17.142857611179352,0.7458620999906478,2026-07-26T04:30:02.085453+00:00
284,2.02654767036438,10.000000149011612,0.7392399144009687,2026-07-26T04:30:11.811044+00:00
285,1.9424062967300415,1.4285714365541935,0.7189365284700345,2026-07-26T04:30:22.225135+00:00
322,2.51564621925354,14.28571492433548,0.7277196285680735,2026-07-26T04:30:24.333681+00:00
286,2.086246967315674,14.28571492433548,0.7307908713950643,2026-07-26T04:30:32.711734+00:00
323,2.5651283264160156,12.857143580913544,0.6981852570398976,2026-07-26T04:30:34.756749+00:00
287,2.0831336975097656,5.714285746216774,0.7094751858468433,2026-07-26T04:30:43.220766+00:00
324,2.403688907623291,20.000000298023224,0.7400034858229837,2026-07-26T04:30:45.506655+00:00
325,2.5943491458892822,14.28571492433548,0.703946514321225,2026-07-26T04:30:56.076195+00:00
288,1.9248249530792236,5.714285746216774,0.6998542286705093,2026-07-26T04:31:05.490081+00:00
326,2.6631691455841064,17.142857611179352,0.7364246428811124,2026-07-26T04:31:06.639824+00:00
289,2.0427844524383545,14.28571492433548,0.71635232868305,2026-07-26T04:31:16.084732+00:00
327,2.3068490028381348,12.857143580913544,0.7033889285854197,2026-07-26T04:31:17.232756+00:00
290,1.986198902130127,15.714286267757416,0.7570350856570128,2026-07-26T04:31:26.537044+00:00
291,1.9713915586471558,12.857143580913544,0.703961685732273,2026-07-26T04:31:36.984762+00:00
328,3.4508728981018066,14.28571492433548,0.7468964428491225,2026-07-26T04:31:39.518350+00:00
292,1.9981859922409058,14.28571492433548,0.7342872856367778,2026-07-26T04:31:47.467213+00:00
293,2.0353775024414062,24.285714328289032,0.7021889714191534,2026-07-26T04:31:57.990507+00:00
329,2.193432092666626,12.857143580913544,0.7321171429274338,2026-07-26T04:32:02.195037+00:00
294,2.0758938789367676,15.714286267757416,0.7280287287098223,2026-07-26T04:32:20.177122+00:00
330,2.2069013118743896,31.42857253551483,0.7169721999421849,2026-07-26T04:32:25.024007+00:00
295,2.067448139190674,12.857143580913544,0.7162749141571112,2026-07-26T04:32:42.459950+00:00
331,2.562251329421997,14.28571492433548,0.730601914360055,2026-07-26T04:32:47.696351+00:00
332,2.7736053466796875,14.28571492433548,0.7439480142368536,2026-07-26T04:32:58.211352+00:00
296,2.0240530967712402,17.142857611179352,0.7169987856676536,2026-07-26T04:33:05.015639+00:00
333,2.382033109664917,21.42857164144516,0.7238867000393968,2026-07-26T04:33:08.596087+00:00
334,2.525669813156128,14.28571492433548,0.7236836286860385,2026-07-26T04:33:19.096526+00:00
297,1.9604829549789429,18.571428954601288,0.7051773142718177,2026-07-26T04:33:27.459746+00:00
335,2.3647167682647705,1.4285714365541935,0.7136903570166656,2026-07-26T04:33:29.492560+00:00
298,1.976104497909546,14.28571492433548,0.7115344142740858,2026-07-26T04:33:37.721649+00:00
336,2.240574836730957,4.285714402794838,0.7121676855604164,2026-07-26T04:33:40.106521+00:00
299,3.1709859371185303,14.28571492433548,0.686078699904361,2026-07-26T04:33:47.967131+00:00
300,2.0206093788146973,14.28571492433548,0.7373712713680496,2026-07-26T04:33:58.583154+00:00
337,2.4893453121185303,21.42857164144516,0.7276759572310506,2026-07-26T04:34:03.072157+00:00
301,1.9949820041656494,12.857143580913544,0.7279632999728034,2026-07-26T04:34:09.137510+00:00
338,2.1886379718780518,14.28571492433548,0.6890972286263215,2026-07-26T04:34:13.716121+00:00
302,2.0676779747009277,12.857143580913544,0.7296219856860782,2026-07-26T04:34:19.684707+00:00
339,2.5843069553375244,14.28571492433548,0.7044527284701222,2026-07-26T04:34:24.169419+00:00
303,1.91519033908844,15.714286267757416,0.6953079856300195,2026-07-26T04:34:42.342407+00:00
340,2.2998125553131104,20.000000298023224,0.7317807571130938,2026-07-26T04:34:46.808473+00:00
304,2.0726919174194336,15.714286267757416,0.7209833572103109,2026-07-26T04:34:52.697301+00:00
305,2.0720391273498535,14.28571492433548,0.7348111999038207,2026-07-26T04:35:03.244799+00:00
341,2.3604884147644043,14.28571492433548,0.7434084857647706,2026-07-26T04:35:09.347531+00:00
306,2.066710948944092,11.428571492433548,0.7152120715805463,2026-07-26T04:35:25.600990+00:00
342,2.5748722553253174,12.857143580913544,0.7103595142585358,2026-07-26T04:35:31.806816+00:00
343,2.4764504432678223,14.28571492433548,0.7127759429360075,2026-07-26T04:35:42.384584+00:00
307,1.9847475290298462,14.28571492433548,0.7525291428984409,2026-07-26T04:35:48.105001+00:00
344,2.000533103942871,15.714286267757416,0.74191627125921,2026-07-26T04:35:53.135407+00:00
345,2.213305711746216,17.142857611179352,0.728540271354307,2026-07-26T04:36:03.822580+00:00
308,2.0129966735839844,15.714286267757416,0.6940895427500695,2026-07-26T04:36:10.316556+00:00
309,2.0876307487487793,12.857143580913544,0.7490374000294,2026-07-26T04:36:20.744653+00:00
346,2.5203068256378174,2.857142873108387,0.7289832428796217,2026-07-26T04:36:26.593786+00:00
310,1.9909602403640747,14.28571492433548,0.7137295284857308,2026-07-26T04:36:31.395905+00:00
311,1.9795624017715454,18.571428954601288,0.7356982713515338,2026-07-26T04:36:42.038343+00:00
347,2.556804656982422,4.285714402794838,0.7022195427063187,2026-07-26T04:36:50.044118+00:00
348,2.475534200668335,14.28571492433548,0.7578661000089987,2026-07-26T04:37:00.490153+00:00
312,2.0114755630493164,11.428571492433548,0.7198079142004384,2026-07-26T04:37:04.365100+00:00
349,2.2446258068084717,14.28571492433548,0.7093767714520384,2026-07-26T04:37:11.063259+00:00
350,2.4841487407684326,14.28571492433548,0.7597526570732173,2026-07-26T04:37:21.955306+00:00
313,2.021942138671875,18.571428954601288,0.7455657284091493,2026-07-26T04:37:26.762155+00:00
314,2.013352394104004,15.714286267757416,0.7108244142727926,2026-07-26T04:37:37.081010+00:00
351,2.4408063888549805,11.428571492433548,0.7158686571139177,2026-07-26T04:37:44.479088+00:00
315,2.0579872131347656,14.28571492433548,0.7640060856439439,2026-07-26T04:37:47.559535+00:00
352,2.298199415206909,14.28571492433548,0.7325194857133154,2026-07-26T04:37:55.103056+00:00
316,2.1035892963409424,14.28571492433548,0.710011728473806,2026-07-26T04:37:58.170180+00:00
353,2.4137122631073,15.714286267757416,0.7197319430166057,2026-07-26T04:38:05.622067+00:00
354,2.2069997787475586,17.142857611179352,0.7305824856822645,2026-07-26T04:38:15.943460+00:00
317,2.0681607723236084,15.714286267757416,2.3771865428508527,2026-07-26T04:38:20.529109+00:00
355,2.5313045978546143,15.714286267757416,0.7121845855311091,2026-07-26T04:38:26.592625+00:00
318,2.0669617652893066,12.857143580913544,0.716183842866615,2026-07-26T04:38:31.022092+00:00
356,2.521778106689453,20.000000298023224,0.7012752285975564,2026-07-26T04:38:36.933689+00:00
319,2.042814016342163,17.142857611179352,0.7067323572950305,2026-07-26T04:38:41.235871+00:00
320,1.986794114112854,17.142857611179352,0.6986342000475685,2026-07-26T04:38:51.445994+00:00
357,2.567920446395874,15.714286267757416,0.7344982857050907,2026-07-26T04:38:59.271613+00:00
321,1.995943307876587,17.142857611179352,0.7285278712515719,2026-07-26T04:39:01.707766+00:00
358,2.2305386066436768,14.28571492433548,0.7241424000572547,2026-07-26T04:39:09.671418+00:00
322,2.002534866333008,17.142857611179352,0.7002135572422828,2026-07-26T04:39:11.874940+00:00
359,2.371238946914673,14.28571492433548,0.7212538428055787,2026-07-26T04:39:31.928607+00:00
323,1.9945892095565796,11.428571492433548,2.2791533857733675,2026-07-26T04:39:33.775918+00:00
324,1.9671783447265625,0.0,0.7986778143926391,2026-07-26T04:39:43.968815+00:00
360,2.2464590072631836,12.857143580913544,0.7084731428351785,2026-07-26T04:39:53.857605+00:00
361,2.22072434425354,10.000000149011612,0.7055089143770081,2026-07-26T04:40:04.235246+00:00
325,1.9478672742843628,14.28571492433548,0.6789187857066281,2026-07-26T04:40:06.096193+00:00
362,1.9803611040115356,15.714286267757416,0.7211875713047837,2026-07-26T04:40:14.721969+00:00
363,2.3698787689208984,5.714285746216774,0.701693599902293,2026-07-26T04:40:24.983469+00:00
326,1.944677710533142,25.714287161827087,0.6896236857366084,2026-07-26T04:40:27.925976+00:00
364,2.220381259918213,20.000000298023224,0.7622480571236727,2026-07-26T04:40:35.249234+00:00
327,1.946020483970642,14.28571492433548,0.694200342903579,2026-07-26T04:40:38.070932+00:00
328,1.9431315660476685,14.28571492433548,0.700991671432608,2026-07-26T04:40:48.278595+00:00
365,2.427175283432007,14.28571492433548,0.7337600144507762,2026-07-26T04:40:57.585975+00:00
329,1.9463459253311157,17.142857611179352,0.7548304141632148,2026-07-26T04:40:58.512064+00:00
366,2.429316997528076,12.857143580913544,0.7318486715251181,2026-07-26T04:41:07.795788+00:00
330,2.000549554824829,14.28571492433548,0.6938867144136955,2026-07-26T04:41:08.759840+00:00
367,2.451007127761841,14.28571492433548,0.7069231141940691,2026-07-26T04:41:30.163723+00:00
331,1.9456597566604614,14.28571492433548,0.7138528572145983,2026-07-26T04:41:30.829898+00:00
332,1.948449730873108,4.285714402794838,0.9374494857703601,2026-07-26T04:41:41.142041+00:00
368,2.382694721221924,24.285714328289032,0.7169959569832177,2026-07-26T04:41:52.613927+00:00
369,2.2589783668518066,14.28571492433548,0.7998045427874395,2026-07-26T04:42:03.272223+00:00
333,1.944851279258728,14.28571492433548,0.7032949999224262,2026-07-26T04:42:03.359549+00:00
370,2.238910675048828,1.4285714365541935,0.7329912284538814,2026-07-26T04:42:13.531200+00:00
371,2.199023723602295,14.28571492433548,0.6964527712885423,2026-07-26T04:42:24.108202+00:00
334,1.9444235563278198,21.42857164144516,0.7782218287632402,2026-07-26T04:42:25.517189+00:00
372,2.3535473346710205,14.28571492433548,0.7314653572393581,2026-07-26T04:42:34.602690+00:00
335,1.946539044380188,14.28571492433548,0.7235938714334874,2026-07-26T04:42:35.834310+00:00
373,2.4077799320220947,12.857143580913544,0.697463499922638,2026-07-26T04:42:45.092720+00:00
336,1.9534004926681519,8.571428805589676,0.7255009570924033,2026-07-26T04:42:46.057900+00:00
337,1.9437713623046875,12.857143580913544,0.7393072571306091,2026-07-26T04:42:56.582141+00:00
338,1.953984022140503,11.428571492433548,0.7148912286668616,2026-07-26T04:43:06.954417+00:00
374,2.2949366569519043,22.857142984867096,0.6804791141933362,2026-07-26T04:43:07.719250+00:00
339,1.948701024055481,2.857142873108387,0.7319651714559379,2026-07-26T04:43:17.301002+00:00
375,2.4065263271331787,27.142858505249023,0.7017183857637325,2026-07-26T04:43:18.106638+00:00
340,1.9553745985031128,11.428571492433548,0.7422172713891736,2026-07-26T04:43:39.227102+00:00
376,2.236168146133423,15.714286267757416,0.722382628633308,2026-07-26T04:43:40.537076+00:00
341,1.9528969526290894,14.28571492433548,0.7309102000103199,2026-07-26T04:43:49.578087+00:00
377,2.1828980445861816,15.714286267757416,0.7146548427824331,2026-07-26T04:44:02.999596+00:00
342,1.9436798095703125,15.714286267757416,0.7307430999519836,2026-07-26T04:44:11.633064+00:00
378,2.10610294342041,24.285714328289032,0.7216181285912171,2026-07-26T04:44:25.174414+00:00
343,1.9461477994918823,12.857143580913544,0.7492612284425246,2026-07-26T04:44:33.557602+00:00
379,2.2686479091644287,15.714286267757416,0.7283495429354454,2026-07-26T04:44:47.069395+00:00
344,1.952325463294983,12.857143580913544,0.7147426141143245,2026-07-26T04:44:55.301326+00:00
380,2.4128711223602295,12.857143580913544,0.7373579713332999,2026-07-26T04:44:57.587241+00:00
345,1.9447662830352783,15.714286267757416,0.722125314184398,2026-07-26T04:45:16.945887+00:00
381,2.4111838340759277,14.28571492433548,0.7249913858166629,2026-07-26T04:45:20.001036+00:00
346,1.9850080013275146,15.714286267757416,0.7482328285862293,2026-07-26T04:45:27.505559+00:00
382,2.2984962463378906,21.42857164144516,0.7996121858013794,2026-07-26T04:45:30.554760+00:00
347,1.9436650276184082,15.714286267757416,0.7818518715794198,2026-07-26T04:45:49.516393+00:00
383,2.417414665222168,17.142857611179352,0.7383074428487036,2026-07-26T04:45:52.981050+00:00
348,1.945951223373413,11.428571492433548,0.7012480142293498,2026-07-26T04:46:00.122013+00:00
384,2.3604800701141357,14.28571492433548,0.7350624428779287,2026-07-26T04:46:03.510061+00:00
385,2.4688501358032227,1.4285714365541935,0.7412385715204957,2026-07-26T04:46:13.900019+00:00
349,1.9429550170898438,14.28571492433548,0.7009338286089977,2026-07-26T04:46:22.033647+00:00
386,2.1401572227478027,14.28571492433548,0.7057614142208227,2026-07-26T04:46:24.136605+00:00
350,1.946506381034851,15.714286267757416,0.7037721428787336,2026-07-26T04:46:32.487997+00:00
387,2.3295886516571045,15.714286267757416,0.7692275142679657,2026-07-26T04:46:34.521678+00:00
351,1.9432560205459595,14.28571492433548,0.7523842571702387,2026-07-26T04:46:43.221294+00:00
352,1.9564653635025024,5.714285746216774,0.7362915570930844,2026-07-26T04:46:53.745390+00:00
388,2.8903260231018066,14.28571492433548,0.6998086001008883,2026-07-26T04:46:57.686849+00:00
353,1.9507193565368652,1.4285714365541935,0.7356971427465655,2026-07-26T04:47:04.404336+00:00
389,2.325739860534668,20.000000298023224,0.7320478571013413,2026-07-26T04:47:08.248058+00:00
354,2.001415491104126,14.28571492433548,0.6893425572863116,2026-07-26T04:47:26.882609+00:00
390,2.370469331741333,11.428571492433548,0.7523186284483278,2026-07-26T04:47:30.438867+00:00
355,1.9460514783859253,14.28571492433548,0.7391013570928148,2026-07-26T04:47:37.360643+00:00
391,2.359787940979004,14.28571492433548,0.7185960286213751,2026-07-26T04:47:40.738187+00:00
392,2.1663525104522705,15.714286267757416,0.6938595856939043,2026-07-26T04:47:51.254477+00:00
356,1.9495962858200073,12.857143580913544,0.7475738999866215,2026-07-26T04:47:59.761338+00:00
393,2.3600058555603027,8.571428805589676,0.7322417285260079,2026-07-26T04:48:01.876644+00:00
357,1.9459559917449951,14.28571492433548,0.6795435141871816,2026-07-26T04:48:10.244285+00:00
394,2.3657448291778564,22.857142984867096,0.7299651570584891,2026-07-26T04:48:12.243870+00:00
358,1.946405291557312,15.714286267757416,0.7134433141410617,2026-07-26T04:48:20.746661+00:00
395,2.2998008728027344,12.857143580913544,0.7223394716025463,2026-07-26T04:48:22.781850+00:00
359,1.9436538219451904,17.142857611179352,0.6999062858605092,2026-07-26T04:48:31.122058+00:00
360,1.9323194026947021,15.714286267757416,0.7199981570011005,2026-07-26T04:48:41.473835+00:00
396,2.3550398349761963,12.857143580913544,0.6973824571884636,2026-07-26T04:48:45.144403+00:00
361,1.946071982383728,14.28571492433548,0.7219143143239697,2026-07-26T04:48:52.053193+00:00
397,2.3596765995025635,12.857143580913544,0.7028469570546544,2026-07-26T04:49:07.771075+00:00
362,1.9444688558578491,15.714286267757416,0.7074414715004552,2026-07-26T04:49:14.326428+00:00
398,2.117485284805298,21.42857164144516,0.7523470857579793,2026-07-26T04:49:30.456812+00:00
363,1.9630526304244995,14.28571492433548,0.74179985718469,2026-07-26T04:49:36.693644+00:00
399,2.3765830993652344,17.142857611179352,0.8690818429126271,2026-07-26T04:49:52.976767+00:00
364,1.948480486869812,14.28571492433548,0.7171028572234458,2026-07-26T04:49:59.094612+00:00
400,2.3417763710021973,12.857143580913544,0.7139007284422405,2026-07-26T04:50:15.478334+00:00
365,1.9448144435882568,14.28571492433548,0.7116213715302625,2026-07-26T04:50:21.430050+00:00
401,2.3321220874786377,12.857143580913544,2.3272544858627953,2026-07-26T04:50:37.784522+00:00
366,1.9431073665618896,15.714286267757416,0.7186435429113252,2026-07-26T04:50:43.119350+00:00
402,2.1492419242858887,17.142857611179352,0.7129170857037285,2026-07-26T04:50:48.141719+00:00
403,2.3348166942596436,15.714286267757416,0.7455947285052389,2026-07-26T04:50:58.520037+00:00
367,1.9454504251480103,14.28571492433548,0.692966285818589,2026-07-26T04:51:05.200298+00:00
404,2.4126369953155518,11.428571492433548,0.6990339713021447,2026-07-26T04:51:08.852477+00:00
368,1.9472280740737915,14.28571492433548,0.7641410143280933,2026-07-26T04:51:15.558045+00:00
405,2.1155307292938232,22.857142984867096,0.7046419143859696,2026-07-26T04:51:19.138838+00:00
369,1.9415314197540283,25.714287161827087,0.7180077285738662,2026-07-26T04:51:25.938572+00:00
406,2.3282876014709473,14.28571492433548,0.7393119571913433,2026-07-26T04:51:29.708947+00:00
370,1.9460057020187378,12.857143580913544,0.71280002864244,2026-07-26T04:51:36.459279+00:00
407,2.3766732215881348,12.857143580913544,0.7123274998905669,2026-07-26T04:51:40.323944+00:00
371,1.946051001548767,12.857143580913544,0.7454286285792477,2026-07-26T04:51:46.628377+00:00
372,1.982783317565918,14.28571492433548,0.7010197285645907,2026-07-26T04:51:57.299956+00:00
408,2.1337244510650635,17.142857611179352,0.7194962855594765,2026-07-26T04:52:03.092398+00:00
373,1.9642146825790405,14.28571492433548,0.7377335857849435,2026-07-26T04:52:07.801601+00:00
409,2.1870365142822266,18.571428954601288,0.6875138000136108,2026-07-26T04:52:13.687243+00:00
374,1.952181100845337,15.714286267757416,0.6943234855758159,2026-07-26T04:52:29.755261+00:00
410,2.1238903999328613,14.28571492433548,0.7277970144059509,2026-07-26T04:52:35.897699+00:00
375,1.9471884965896606,12.857143580913544,0.7122449714058477,2026-07-26T04:52:40.249298+00:00
411,2.159318447113037,15.714286267757416,0.7274038713408767,2026-07-26T04:52:46.448421+00:00
412,2.0594146251678467,20.000000298023224,0.6911655285096329,2026-07-26T04:52:56.857746+00:00
376,1.8976261615753174,17.142857611179352,0.7030364427399556,2026-07-26T04:53:01.757363+00:00
413,2.1362996101379395,14.28571492433548,0.6928609284971442,2026-07-26T04:53:07.104146+00:00
377,1.9463067054748535,12.857143580913544,0.6778001571157282,2026-07-26T04:53:12.013119+00:00
414,2.1989128589630127,22.857142984867096,0.6709778573297497,2026-07-26T04:53:17.473691+00:00
378,1.948484182357788,8.571428805589676,0.7194587285214636,2026-07-26T04:53:22.271284+00:00
379,1.9458941221237183,14.28571492433548,0.7068793570007463,2026-07-26T04:53:32.468091+00:00
415,2.0981204509735107,25.714287161827087,0.7189985857361795,2026-07-26T04:53:39.822189+00:00
380,1.945797324180603,14.28571492433548,0.7235019000030921,2026-07-26T04:53:42.813193+00:00
416,2.144198179244995,12.857143580913544,0.7309512428556835,2026-07-26T04:54:01.629725+00:00
381,1.9460824728012085,12.857143580913544,0.7081584285645346,2026-07-26T04:54:04.971460+00:00
417,2.2898402214050293,15.714286267757416,0.6773014286799091,2026-07-26T04:54:23.813445+00:00
382,1.9399440288543701,14.28571492433548,0.7353822858671525,2026-07-26T04:54:26.509625+00:00
418,1.9494901895523071,17.142857611179352,0.6748844141839072,2026-07-26T04:54:34.440125+00:00
419,2.297672986984253,11.428571492433548,0.6966244570711361,2026-07-26T04:54:44.815109+00:00
383,1.944946050643921,4.285714402794838,0.7058836856491065,2026-07-26T04:54:48.420894+00:00
384,1.9760890007019043,14.28571492433548,0.7156205286654378,2026-07-26T04:54:58.870088+00:00
420,2.121291399002075,11.428571492433548,0.7103839142863373,2026-07-26T04:55:06.886467+00:00
385,1.9467132091522217,14.28571492433548,0.7068194428159457,2026-07-26T04:55:09.219868+00:00
421,2.4110805988311768,14.28571492433548,0.7279429144026445,2026-07-26T04:55:17.187569+00:00
386,1.9456884860992432,14.28571492433548,0.7005026141996495,2026-07-26T04:55:31.013869+00:00
422,2.1384201049804688,8.571428805589676,0.7042635714502207,2026-07-26T04:55:39.263042+00:00
387,1.9460488557815552,14.28571492433548,0.8814906857358956,2026-07-26T04:55:41.200571+00:00
423,2.8075246810913086,12.857143580913544,2.3343846285050467,2026-07-26T04:55:49.516526+00:00
388,1.9444406032562256,14.28571492433548,0.6934776713023894,2026-07-26T04:56:03.098302+00:00
424,2.1118950843811035,12.857143580913544,0.6794275857308613,2026-07-26T04:56:11.498854+00:00
389,1.9459376335144043,14.28571492433548,2.3690810429148508,2026-07-26T04:56:13.242231+00:00
425,2.1219840049743652,12.857143580913544,0.7116708287087802,2026-07-26T04:56:21.736869+00:00
426,2.186016321182251,15.714286267757416,0.7996045857518246,2026-07-26T04:56:32.093591+00:00
390,1.946016550064087,14.28571492433548,0.7070889715188449,2026-07-26T04:56:35.027999+00:00
427,2.1201939582824707,12.857143580913544,0.7474673286196776,2026-07-26T04:56:42.776628+00:00
391,1.9420126676559448,25.714287161827087,0.7541607429240165,2026-07-26T04:56:45.529907+00:00
392,1.9405064582824707,14.28571492433548,0.7203273999039084,2026-07-26T04:56:55.958740+00:00
428,2.114428758621216,15.714286267757416,0.6993279715451146,2026-07-26T04:57:05.302595+00:00
393,1.9672348499298096,14.28571492433548,0.7218388142064214,2026-07-26T04:57:06.444348+00:00
429,2.092350721359253,15.714286267757416,0.7237197858298065,2026-07-26T04:57:15.615402+00:00
430,2.095318078994751,1.4285714365541935,0.7089855571393855,2026-07-26T04:57:25.911198+00:00
394,1.950256586074829,12.857143580913544,0.7145736000633666,2026-07-26T04:57:28.594017+00:00
395,1.9494733810424805,17.142857611179352,0.691140842848524,2026-07-26T04:57:38.789704+00:00
431,2.015383243560791,15.714286267757416,0.693564728551012,2026-07-26T04:57:48.473351+00:00
396,2.036867618560791,17.142857611179352,0.7206449856831959,2026-07-26T04:57:48.991243+00:00
432,2.2940876483917236,15.714286267757416,0.7096103143080005,2026-07-26T04:57:58.792329+00:00
397,2.1826913356781006,18.571428954601288,0.6878004571522719,2026-07-26T04:58:11.175385+00:00
433,2.2879719734191895,11.428571492433548,0.7150056000682525,2026-07-26T04:58:20.685991+00:00
398,2.169437885284424,1.4285714365541935,0.7395669429180479,2026-07-26T04:58:21.468242+00:00
434,2.084815740585327,17.142857611179352,0.6884438000270166,2026-07-26T04:58:43.067673+00:00
399,2.178849935531616,14.28571492433548,0.7167532000624176,2026-07-26T04:58:43.253675+00:00
435,2.108501434326172,15.714286267757416,0.7063927713066472,2026-07-26T04:58:53.371030+00:00
400,1.9267889261245728,14.28571492433548,0.7027002286382152,2026-07-26T04:59:05.624564+00:00
436,2.275235652923584,12.857143580913544,0.7141189570705007,2026-07-26T04:59:15.455341+00:00
401,1.9283146858215332,15.714286267757416,0.720557285655689,2026-07-26T04:59:15.926060+00:00
437,2.110975980758667,14.28571492433548,0.7234923716168851,2026-07-26T04:59:25.784169+00:00
438,2.139212131500244,15.714286267757416,0.7110244143404998,2026-07-26T04:59:36.105206+00:00
402,2.1734683513641357,12.857143580913544,0.727143585806646,2026-07-26T04:59:38.068681+00:00
439,2.082026958465576,17.142857611179352,0.6945720428900262,2026-07-26T04:59:46.456713+00:00
403,1.9032527208328247,14.28571492433548,0.6824799856985919,2026-07-26T04:59:48.474966+00:00
404,2.2189605236053467,15.714286267757416,0.6819934856529082,2026-07-26T04:59:58.897461+00:00
440,2.2660000324249268,15.714286267757416,0.733331785678664,2026-07-26T05:00:08.580387+00:00
405,2.1683616638183594,12.857143580913544,0.7050979429290496,2026-07-26T05:00:09.290727+00:00
441,3.173427104949951,14.28571492433548,0.6819389286517565,2026-07-26T05:00:18.761479+00:00
442,2.2268598079681396,15.714286267757416,0.7165360856950949,2026-07-26T05:00:29.095050+00:00
406,2.086414098739624,10.000000149011612,0.6828736713422197,2026-07-26T05:00:31.219882+00:00
407,2.039965867996216,8.571428805589676,0.7245976427969124,2026-07-26T05:00:41.248113+00:00
443,2.2670745849609375,11.428571492433548,0.7715562570540767,2026-07-26T05:00:51.335406+00:00
408,2.1454083919525146,12.857143580913544,0.7731417713720086,2026-07-26T05:00:51.527885+00:00
444,2.0201003551483154,12.857143580913544,0.7162260286609775,2026-07-26T05:01:01.589479+00:00
445,2.226595640182495,12.857143580913544,0.6906087572653112,2026-07-26T05:01:12.078596+00:00
409,2.04013729095459,15.714286267757416,0.6824803000199609,2026-07-26T05:01:13.445358+00:00
410,2.049614667892456,14.28571492433548,0.7745884286123328,2026-07-26T05:01:23.944714+00:00
411,2.035163640975952,15.714286267757416,0.7606603712442197,2026-07-26T05:01:34.296972+00:00
446,2.2816250324249268,12.857143580913544,0.7010320856352337,2026-07-26T05:01:34.396268+00:00
447,2.233619451522827,14.28571492433548,0.703029714350123,2026-07-26T05:01:56.431056+00:00
412,2.0519893169403076,8.571428805589676,0.7103035999794624,2026-07-26T05:01:56.463258+00:00
448,2.1094093322753906,14.28571492433548,0.6762986285528834,2026-07-26T05:02:06.697618+00:00
449,2.200504779815674,14.28571492433548,0.7099149715421456,2026-07-26T05:02:17.028802+00:00
413,2.0153186321258545,15.714286267757416,0.7093056142496477,2026-07-26T05:02:18.374467+00:00
450,2.2431981563568115,14.28571492433548,0.7151372429299434,2026-07-26T05:02:27.517561+00:00
414,1.9918359518051147,15.714286267757416,0.7076467570316579,2026-07-26T05:02:28.719765+00:00
415,2.033069372177124,18.571428954601288,0.7334438857339721,2026-07-26T05:02:38.921559+00:00
416,2.1421053409576416,14.28571492433548,0.6929197571090688,2026-07-26T05:02:49.262240+00:00
451,2.273468255996704,7.14285746216774,0.7074985713448508,2026-07-26T05:02:49.828070+00:00
452,1.9557089805603027,14.28571492433548,0.7418385428276711,2026-07-26T05:03:00.403468+00:00
453,2.2466540336608887,17.142857611179352,0.7075883285974018,2026-07-26T05:03:10.783736+00:00
417,2.429732084274292,14.28571492433548,0.6998756000289826,2026-07-26T05:03:11.270456+00:00
454,2.239002227783203,17.142857611179352,0.7615937142483225,2026-07-26T05:03:21.241875+00:00
418,2.0334768295288086,14.28571492433548,0.726930500033112,2026-07-26T05:03:21.534546+00:00
455,2.201814651489258,1.4285714365541935,0.7071805284275408,2026-07-26T05:03:31.593644+00:00
419,2.423661470413208,17.142857611179352,0.7011191428838563,2026-07-26T05:03:31.954893+00:00
456,2.0981554985046387,10.000000149011612,0.947210928383616,2026-07-26T05:03:42.088958+00:00
420,2.134535551071167,11.428571492433548,0.689479371275021,2026-07-26T05:03:42.182036+00:00
421,2.132427930831909,12.857143580913544,1.0997858285138917,2026-07-26T05:03:52.574249+00:00
457,2.241091012954712,17.142857611179352,0.6978673286669488,2026-07-26T05:03:52.676184+00:00
422,2.089103937149048,4.285714402794838,0.6990768426995991,2026-07-26T05:04:02.757092+00:00
423,2.0227835178375244,14.28571492433548,0.7297381715034135,2026-07-26T05:04:13.170784+00:00
458,2.7688894271850586,14.28571492433548,2.4046863142367716,2026-07-26T05:04:14.949870+00:00
424,2.0245516300201416,12.857143580913544,0.7682270856873532,2026-07-26T05:04:35.192814+00:00
459,2.092402935028076,12.857143580913544,0.8001830859159652,2026-07-26T05:04:37.404039+00:00
425,2.020827293395996,15.714286267757416,0.7196013570397294,2026-07-26T05:04:57.097153+00:00
460,2.151116132736206,4.285714402794838,0.6819575000138554,2026-07-26T05:04:59.720998+00:00
461,2.125227928161621,12.857143580913544,0.7260301857188877,2026-07-26T05:05:09.976903+00:00
426,1.9202057123184204,15.714286267757416,0.7206303570585857,2026-07-26T05:05:19.143213+00:00
427,2.378992795944214,12.857143580913544,0.688472757091014,2026-07-26T05:05:29.348302+00:00
462,2.0693044662475586,17.142857611179352,0.6919932857272215,2026-07-26T05:05:32.099080+00:00
463,2.2042930126190186,7.14285746216774,0.707634028679292,2026-07-26T05:05:42.406314+00:00
428,2.1824793815612793,12.857143580913544,0.6907033856675427,2026-07-26T05:05:51.294333+00:00
464,1.9907768964767456,18.571428954601288,0.6980305570842964,2026-07-26T05:05:52.812603+00:00
429,2.0174806118011475,10.000000149011612,0.6920296143757046,2026-07-26T05:06:01.674703+00:00
430,2.1077470779418945,14.28571492433548,0.7175526286508621,2026-07-26T05:06:11.962700+00:00
465,2.2277486324310303,14.28571492433548,0.6870783428894356,2026-07-26T05:06:15.016341+00:00
466,2.080156087875366,14.28571492433548,0.7146245858166367,2026-07-26T05:06:25.407409+00:00
431,2.114494800567627,14.28571492433548,0.7054365142331724,2026-07-26T05:06:34.016441+00:00
467,2.069037675857544,17.142857611179352,0.6906253998749889,2026-07-26T05:06:35.661854+00:00
432,2.1235013008117676,12.857143580913544,0.893015628597433,2026-07-26T05:06:44.636065+00:00
468,2.2000977993011475,17.142857611179352,0.7122343144146726,2026-07-26T05:06:46.494830+00:00
433,2.1204538345336914,11.428571492433548,0.7252149714206878,2026-07-26T05:06:54.978879+00:00
469,2.2998085021972656,15.714286267757416,0.693117457142632,2026-07-26T05:06:57.069854+00:00
434,2.105046272277832,14.28571492433548,0.7184438999891947,2026-07-26T05:07:05.507337+00:00
470,2.2207605838775635,15.714286267757416,0.712537214193227,2026-07-26T05:07:07.648832+00:00
435,2.0145211219787598,12.857143580913544,0.736976442775423,2026-07-26T05:07:16.117643+00:00
471,2.2350311279296875,12.857143580913544,0.7263412713655271,2026-07-26T05:07:18.210844+00:00
436,2.1957409381866455,12.857143580913544,0.738384442852943,2026-07-26T05:07:26.574004+00:00
472,2.0792179107666016,14.28571492433548,0.7246974857740237,2026-07-26T05:07:28.666064+00:00
437,2.094761848449707,14.28571492433548,0.707613500084595,2026-07-26T05:07:36.945538+00:00
438,1.997321605682373,15.714286267757416,0.6928667858509081,2026-07-26T05:07:47.157249+00:00
473,2.1761670112609863,15.714286267757416,0.712329771444534,2026-07-26T05:07:51.268830+00:00
474,2.073558807373047,14.28571492433548,0.6959788285062781,2026-07-26T05:08:01.586309+00:00
439,2.1083338260650635,15.714286267757416,0.7164336427065011,2026-07-26T05:08:09.272026+00:00
475,2.220625638961792,12.857143580913544,0.7035390428167635,2026-07-26T05:08:11.836817+00:00
440,2.1026387214660645,15.714286267757416,0.78361639981657,2026-07-26T05:08:19.551378+00:00
476,2.071821928024292,11.428571492433548,0.701223942866948,2026-07-26T05:08:22.206722+00:00
441,2.0064759254455566,15.714286267757416,0.7131498427562681,2026-07-26T05:08:29.734030+00:00
477,2.0332999229431152,10.000000149011612,0.762462714296167,2026-07-26T05:08:32.539294+00:00
442,2.011385440826416,12.857143580913544,0.7341625143973424,2026-07-26T05:08:40.078689+00:00
478,2.181873321533203,14.28571492433548,0.7069423715750288,2026-07-26T05:08:42.986075+00:00
443,2.0095736980438232,12.857143580913544,0.7125287428997191,2026-07-26T05:08:50.609378+00:00
479,2.2477269172668457,14.28571492433548,0.6973155427009,2026-07-26T05:08:53.240760+00:00
444,2.0067837238311768,17.142857611179352,0.6915254857241442,2026-07-26T05:09:01.042282+00:00
445,1.9999858140945435,12.857143580913544,0.7319033143825696,2026-07-26T05:09:11.346938+00:00
480,2.016855239868164,27.142858505249023,0.7394342714438348,2026-07-26T05:09:15.751232+00:00
481,2.1620850563049316,22.857142984867096,0.7109995000064373,2026-07-26T05:09:26.262054+00:00
446,2.3046889305114746,12.857143580913544,0.6867508000660953,2026-07-26T05:09:33.423660+00:00
447,1.9994637966156006,15.714286267757416,0.7140720429431114,2026-07-26T05:09:43.633045+00:00
482,2.2032735347747803,14.28571492433548,0.724875699961558,2026-07-26T05:09:48.945898+00:00
483,2.1073238849639893,28.57142984867096,0.7153665428631939,2026-07-26T05:09:59.299016+00:00
448,2.1002769470214844,1.4285714365541935,0.697933642784067,2026-07-26T05:10:05.924402+00:00
484,1.9497698545455933,11.428571492433548,0.6895193285475086,2026-07-26T05:10:09.640747+00:00
449,2.003369092941284,14.28571492433548,0.7204741428722627,2026-07-26T05:10:16.223338+00:00
485,1.9773751497268677,17.142857611179352,0.7134159999882935,2026-07-26T05:10:19.937200+00:00
450,1.9159806966781616,15.714286267757416,0.69403444296248,2026-07-26T05:10:26.728407+00:00
486,2.1036787033081055,12.857143580913544,0.7518959285724642,2026-07-26T05:10:30.205318+00:00
451,2.086458444595337,14.28571492433548,0.7202430285230678,2026-07-26T05:10:37.145313+00:00
487,1.947790503501892,15.714286267757416,2.445265442864703,2026-07-26T05:10:40.945159+00:00
452,1.998724341392517,15.714286267757416,0.7040638287435286,2026-07-26T05:10:47.431544+00:00
488,2.297583818435669,12.857143580913544,0.699234042882121,2026-07-26T05:10:51.442356+00:00
453,2.0795226097106934,12.857143580913544,0.7056846570256832,2026-07-26T05:10:57.727893+00:00
489,2.201704740524292,15.714286267757416,0.7182955143174955,2026-07-26T05:11:01.900207+00:00
454,2.0814836025238037,12.857143580913544,0.6979745428127769,2026-07-26T05:11:08.064921+00:00
490,2.193601369857788,15.714286267757416,0.7296089286683127,2026-07-26T05:11:12.412617+00:00
455,1.9447152614593506,18.571428954601288,0.721594771312084,2026-07-26T05:11:18.358930+00:00
491,2.0106189250946045,12.857143580913544,0.7631901998787984,2026-07-26T05:11:22.833821+00:00
456,1.9878753423690796,20.000000298023224,0.7211810144196664,2026-07-26T05:11:28.701044+00:00
492,2.1771185398101807,10.000000149011612,0.7360751285367378,2026-07-26T05:11:33.255841+00:00
457,1.9991555213928223,14.28571492433548,0.7041722143185325,2026-07-26T05:11:39.022126+00:00
493,2.0578601360321045,17.142857611179352,2.338687885743899,2026-07-26T05:11:43.662869+00:00
458,2.078319549560547,12.857143580913544,0.691259885830472,2026-07-26T05:11:49.400702+00:00
459,2.077374219894409,14.28571492433548,0.7134433428291231,2026-07-26T05:11:59.679739+00:00
494,2.170208215713501,1.4285714365541935,0.6867063001014425,2026-07-26T05:12:05.797124+00:00
460,2.0765087604522705,14.28571492433548,0.7095594285471764,2026-07-26T05:12:21.681083+00:00
495,2.051643133163452,15.714286267757416,0.745347657149458,2026-07-26T05:12:28.436952+00:00
461,2.07458758354187,14.28571492433548,0.6908497714903206,2026-07-26T05:12:44.169511+00:00
496,2.172438621520996,14.28571492433548,0.6957504571931038,2026-07-26T05:12:50.967393+00:00
462,2.077090263366699,17.142857611179352,0.7333611285762994,2026-07-26T05:13:06.139535+00:00
497,2.160327196121216,7.14285746216774,0.7054798142884724,2026-07-26T05:13:13.649153+00:00
463,1.92657470703125,15.714286267757416,0.7263301713724755,2026-07-26T05:13:28.243037+00:00
498,2.059175491333008,14.28571492433548,2.4187901285975903,2026-07-26T05:13:36.173050+00:00
464,2.0845913887023926,10.000000149011612,0.7096279429138771,2026-07-26T05:13:50.531858+00:00
499,2.1962525844573975,20.000000298023224,0.7373417571735834,2026-07-26T05:13:58.422224+00:00
500,2.1015868186950684,7.14285746216774,0.7228222428238951,2026-07-26T05:14:08.778117+00:00
465,1.9946147203445435,14.28571492433548,0.7134601286712235,2026-07-26T05:14:12.345336+00:00
466,1.9145915508270264,15.714286267757416,0.7084461427958948,2026-07-26T05:14:22.732607+00:00
501,2.0986218452453613,18.571428954601288,0.7184915573036831,2026-07-26T05:14:31.250270+00:00
467,1.9937938451766968,14.28571492433548,0.724610014211586,2026-07-26T05:14:44.421509+00:00
502,2.1972134113311768,14.28571492433548,0.7113276999526924,2026-07-26T05:14:53.738833+00:00
468,1.991274118423462,14.28571492433548,0.7206111998779566,2026-07-26T05:15:06.323275+00:00
503,2.0407626628875732,12.857143580913544,0.7060100571834482,2026-07-26T05:15:16.687892+00:00
504,2.1983911991119385,12.857143580913544,0.7489771000109613,2026-07-26T05:15:27.096995+00:00
469,2.0021345615386963,7.14285746216774,0.7986518714460544,2026-07-26T05:15:29.078607+00:00
470,2.084981679916382,8.571428805589676,0.7140801570910428,2026-07-26T05:15:39.305180+00:00
505,2.0624020099639893,21.42857164144516,0.7222552571745058,2026-07-26T05:15:49.825952+00:00
506,2.0395469665527344,15.714286267757416,0.7069460286792101,2026-07-26T05:16:00.296532+00:00
471,1.922646164894104,0.0,0.7316008285020611,2026-07-26T05:16:01.832533+00:00
507,2.1672894954681396,17.142857611179352,0.7163231427382145,2026-07-26T05:16:10.758983+00:00
472,2.0691311359405518,17.142857611179352,0.6849147572730934,2026-07-26T05:16:12.186118+00:00
508,2.0492522716522217,17.142857611179352,0.7098884999452691,2026-07-26T05:16:21.179144+00:00
473,1.9323190450668335,20.000000298023224,0.7107009142470946,2026-07-26T05:16:22.645139+00:00
474,2.057849645614624,12.857143580913544,0.7019273286070009,2026-07-26T05:16:32.951112+00:00
509,2.048980712890625,14.28571492433548,0.7064694856775792,2026-07-26T05:16:43.835378+00:00
510,2.05950927734375,15.714286267757416,0.7123755286946627,2026-07-26T05:16:54.328032+00:00
475,2.027243137359619,17.142857611179352,0.7140462286770344,2026-07-26T05:16:55.424418+00:00
476,2.06327486038208,12.857143580913544,0.7222267000802925,2026-07-26T05:17:05.675696+00:00
511,2.031982898712158,15.714286267757416,0.6914444427820854,2026-07-26T05:17:16.878186+00:00
512,2.0507190227508545,12.857143580913544,0.6964220571847234,2026-07-26T05:17:27.394162+00:00
477,1.918673038482666,14.28571492433548,0.7120983142937932,2026-07-26T05:17:27.868218+00:00
513,2.0052599906921387,15.714286267757416,0.6863334143417887,2026-07-26T05:17:37.737974+00:00
478,1.987848162651062,10.000000149011612,0.7319687285676731,2026-07-26T05:17:38.223203+00:00
479,2.0096378326416016,11.428571492433548,0.7532694713777995,2026-07-26T05:17:48.780651+00:00
514,1.9718291759490967,17.142857611179352,0.6796331855834329,2026-07-26T05:18:00.253163+00:00
480,1.9817930459976196,17.142857611179352,0.726779228716623,2026-07-26T05:18:10.918559+00:00
515,2.492300510406494,12.857143580913544,0.7084827714217162,2026-07-26T05:18:22.812319+00:00
481,2.069138765335083,4.285714402794838,0.9114579856811491,2026-07-26T05:18:33.263954+00:00
516,1.8999757766723633,15.714286267757416,0.7066303571004288,2026-07-26T05:18:33.369148+00:00
482,2.05926251411438,14.28571492433548,0.8459512000886857,2026-07-26T05:18:43.552931+00:00
517,1.9250893592834473,15.714286267757416,0.7482196428879564,2026-07-26T05:18:43.766930+00:00
483,2.0585381984710693,14.28571492433548,1.080475100025069,2026-07-26T05:18:54.124119+00:00
518,2.434454917907715,12.857143580913544,0.6843408000090025,2026-07-26T05:18:54.228384+00:00
484,2.0545878410339355,14.28571492433548,0.8869095572403498,2026-07-26T05:19:04.558787+00:00
519,2.0651113986968994,14.28571492433548,0.718210442781648,2026-07-26T05:19:04.686811+00:00
485,1.986946702003479,14.28571492433548,0.7290063286615935,2026-07-26T05:19:15.066040+00:00
520,2.1474788188934326,25.714287161827087,2.5174997428881136,2026-07-26T05:19:15.179377+00:00
521,2.0232653617858887,15.714286267757416,0.7042566287314652,2026-07-26T05:19:25.674767+00:00
486,1.9858533143997192,12.857143580913544,0.7183158857515082,2026-07-26T05:19:25.733154+00:00
487,2.0554304122924805,14.28571492433548,0.7109313143051362,2026-07-26T05:19:35.925910+00:00
522,1.9914590120315552,15.714286267757416,0.7007545714649106,2026-07-26T05:19:48.054409+00:00
488,2.0547497272491455,17.142857611179352,0.8436149713816121,2026-07-26T05:19:58.096598+00:00
523,1.9217768907546997,15.714286267757416,0.7379018857526327,2026-07-26T05:19:58.403967+00:00
489,1.9850786924362183,12.857143580913544,0.7630597143101373,2026-07-26T05:20:08.538288+00:00
524,2.0437989234924316,14.28571492433548,0.6867876999811935,2026-07-26T05:20:20.767384+00:00
490,2.0639898777008057,0.0,0.7203170000658637,2026-07-26T05:20:30.897271+00:00
525,2.1625330448150635,14.28571492433548,0.7069360572911267,2026-07-26T05:20:31.207523+00:00
491,1.9611763954162598,11.428571492433548,0.7311917858065239,2026-07-26T05:20:41.149076+00:00
526,2.0371899604797363,17.142857611179352,0.7301558856852353,2026-07-26T05:20:53.601589+00:00
492,2.0583837032318115,30.000001192092896,0.7078842428329933,2026-07-26T05:21:03.858650+00:00
527,2.163515567779541,0.0,0.7169345000875182,2026-07-26T05:21:15.997179+00:00
528,2.039698600769043,12.857143580913544,0.693359414331748,2026-07-26T05:21:26.228631+00:00
493,1.984445571899414,11.428571492433548,0.6940178286250946,2026-07-26T05:21:26.422223+00:00
529,1.9260543584823608,14.28571492433548,0.680957199905866,2026-07-26T05:21:36.651946+00:00
494,2.0507240295410156,12.857143580913544,0.7091947001754306,2026-07-26T05:21:36.974805+00:00
530,2.1550660133361816,14.28571492433548,1.024779157264025,2026-07-26T05:21:47.072624+00:00
495,2.0498647689819336,14.28571492433548,0.7262202285346575,2026-07-26T05:21:47.316365+00:00
496,2.0399906635284424,14.28571492433548,0.716001028402908,2026-07-26T05:21:57.777878+00:00
531,2.1559479236602783,12.857143580913544,0.7162566858044426,2026-07-26T05:22:09.810579+00:00
532,2.0445966720581055,17.142857611179352,0.7101379858795553,2026-07-26T05:22:20.280605+00:00
497,1.9798473119735718,15.714286267757416,0.6966562143393925,2026-07-26T05:22:20.445665+00:00
533,2.1526920795440674,14.28571492433548,1.0015779715364,2026-07-26T05:22:30.603386+00:00
498,1.980069875717163,14.28571492433548,0.7347415714840672,2026-07-26T05:22:30.822205+00:00
534,2.1620187759399414,1.4285714365541935,0.7697739856666885,2026-07-26T05:22:40.845950+00:00
499,1.9813764095306396,14.28571492433548,0.7094598857552877,2026-07-26T05:22:41.117221+00:00
535,1.923436164855957,15.714286267757416,0.819835128744931,2026-07-26T05:22:51.264665+00:00
500,1.9811038970947266,14.28571492433548,0.7398361286115167,2026-07-26T05:22:51.553358+00:00
501,1.9129801988601685,15.714286267757416,0.6947578856072921,2026-07-26T05:23:01.975644+00:00
536,2.1503031253814697,15.714286267757416,0.7078698000571292,2026-07-26T05:23:13.617167+00:00
537,2.408527135848999,12.857143580913544,0.6825388999589319,2026-07-26T05:23:24.025191+00:00
502,1.9717891216278076,15.714286267757416,0.679405071423389,2026-07-26T05:23:24.172377+00:00
538,2.147993803024292,15.714286267757416,0.7042612144557227,2026-07-26T05:23:34.239696+00:00
503,1.9131901264190674,15.714286267757416,0.7192229427995959,2026-07-26T05:23:34.566193+00:00
504,1.938478708267212,15.714286267757416,0.7274084714091649,2026-07-26T05:23:44.884889+00:00
539,2.153942346572876,20.000000298023224,0.675897128530778,2026-07-26T05:23:56.462602+00:00
540,2.046916961669922,27.142858505249023,0.7101443286436343,2026-07-26T05:24:06.793355+00:00
505,1.9755414724349976,12.857143580913544,0.699967157145563,2026-07-26T05:24:07.174914+00:00
541,2.1888351440429688,18.571428954601288,0.719325571429051,2026-07-26T05:24:17.232335+00:00
506,2.0438249111175537,15.714286267757416,0.7114896856364794,2026-07-26T05:24:17.729912+00:00
542,2.142603874206543,11.428571492433548,0.7216564857766831,2026-07-26T05:24:27.593372+00:00
507,1.9390240907669067,15.714286267757416,0.7337245429101,2026-07-26T05:24:28.139305+00:00
543,1.934029221534729,14.28571492433548,0.8186588286272517,2026-07-26T05:24:38.205919+00:00
508,2.0420749187469482,22.857142984867096,0.7073494713819984,2026-07-26T05:24:38.420629+00:00
509,2.0342960357666016,14.28571492433548,0.7281435570413513,2026-07-26T05:24:49.020925+00:00
544,2.1411936283111572,12.857143580913544,0.702617114334966,2026-07-26T05:25:00.578323+00:00
545,2.1044137477874756,11.428571492433548,0.6983547143006165,2026-07-26T05:25:10.886833+00:00
510,2.043752670288086,14.28571492433548,0.7160186713528154,2026-07-26T05:25:11.289509+00:00
546,2.033867120742798,12.857143580913544,0.7410727428837812,2026-07-26T05:25:21.319630+00:00
511,1.9797642230987549,15.714286267757416,0.7404499572917952,2026-07-26T05:25:21.801057+00:00
547,2.0296683311462402,20.000000298023224,0.7296771571938214,2026-07-26T05:25:31.814603+00:00
512,1.9537616968154907,15.714286267757416,2.332283585773049,2026-07-26T05:25:32.260723+00:00
548,2.034512996673584,15.714286267757416,0.6865796427259089,2026-07-26T05:25:42.194278+00:00
513,1.9128139019012451,15.714286267757416,0.6889780856519272,2026-07-26T05:25:42.632787+00:00
549,2.123215675354004,12.857143580913544,0.7180513572945658,2026-07-26T05:25:52.508132+00:00
514,2.039792776107788,14.28571492433548,0.7110736000218562,2026-07-26T05:25:53.078884+00:00
515,2.171997547149658,14.28571492433548,0.7064843429751428,2026-07-26T05:26:03.281720+00:00
550,2.0375816822052,14.28571492433548,0.7350057430033172,2026-07-26T05:26:14.599255+00:00
551,2.0268428325653076,15.714286267757416,0.898342885609184,2026-07-26T05:26:24.918194+00:00
516,1.962898850440979,15.714286267757416,0.7065460713680036,2026-07-26T05:26:25.024384+00:00
552,2.0815508365631104,5.714285746216774,0.9364848571879391,2026-07-26T05:26:35.449265+00:00
517,1.9765751361846924,14.28571492433548,0.7425900712925275,2026-07-26T05:26:35.509765+00:00
518,2.0305824279785156,20.000000298023224,0.8195268285427509,2026-07-26T05:26:46.154754+00:00
553,2.0298378467559814,14.28571492433548,0.6961895570774297,2026-07-26T05:26:46.210561+00:00
519,2.0342230796813965,14.28571492433548,0.7732645714505841,2026-07-26T05:26:56.525554+00:00
554,1.9466618299484253,10.000000149011612,0.6828959428405922,2026-07-26T05:26:56.640545+00:00
520,2.009265661239624,14.28571492433548,0.7758292286390704,2026-07-26T05:27:06.987802+00:00
555,1.9541338682174683,17.142857611179352,0.7074637714790046,2026-07-26T05:27:07.219901+00:00
521,2.03344464302063,17.142857611179352,0.7168606285371685,2026-07-26T05:27:17.398237+00:00
556,2.066270112991333,14.28571492433548,0.7380868428819147,2026-07-26T05:27:29.554822+00:00
522,2.169412612915039,14.28571492433548,0.7074361712771601,2026-07-26T05:27:39.642288+00:00
557,2.128741979598999,15.714286267757416,0.7572517715743743,2026-07-26T05:27:39.926361+00:00
523,2.1801536083221436,15.714286267757416,0.7191353857966273,2026-07-26T05:27:49.888186+00:00
558,2.104261636734009,17.142857611179352,0.6977597856478367,2026-07-26T05:27:50.381143+00:00
524,2.231224775314331,1.4285714365541935,0.7010212143151355,2026-07-26T05:28:00.498632+00:00
559,2.136498212814331,14.28571492433548,0.7482599427541052,2026-07-26T05:28:00.918265+00:00
525,2.3536388874053955,12.857143580913544,0.7103009427997417,2026-07-26T05:28:10.772191+00:00
560,2.3879406452178955,14.28571492433548,0.7103439000534958,2026-07-26T05:28:11.456620+00:00
526,2.2464001178741455,14.28571492433548,0.7060890142124013,2026-07-26T05:28:21.180763+00:00
561,2.124049663543701,18.571428954601288,0.6908135715223449,2026-07-26T05:28:33.772716+00:00
527,2.346306562423706,14.28571492433548,0.7162762286108253,2026-07-26T05:28:43.317564+00:00
562,2.1324782371520996,24.285714328289032,0.7070786858093925,2026-07-26T05:28:44.083982+00:00
528,2.1271746158599854,15.714286267757416,0.7297989856202288,2026-07-26T05:28:53.619928+00:00
563,2.126009702682495,15.714286267757416,0.7234293000822488,2026-07-26T05:28:54.471210+00:00
529,2.3385488986968994,12.857143580913544,0.7147502856761483,2026-07-26T05:29:03.909586+00:00
564,2.0541765689849854,14.28571492433548,0.7086557855862858,2026-07-26T05:29:04.834257+00:00
530,2.325880765914917,14.28571492433548,0.7486761713932667,2026-07-26T05:29:14.436710+00:00
565,2.0237538814544678,14.28571492433548,0.7064453284588776,2026-07-26T05:29:15.325123+00:00
531,2.1466712951660156,14.28571492433548,0.7196966142925832,2026-07-26T05:29:25.020392+00:00
566,2.0453922748565674,15.714286267757416,0.7111745713960512,2026-07-26T05:29:25.751435+00:00
532,2.121464729309082,7.14285746216774,0.7048036429166261,2026-07-26T05:29:35.378333+00:00
567,2.0226094722747803,17.142857611179352,0.7106818000985575,2026-07-26T05:29:36.117307+00:00
533,2.4941999912261963,18.571428954601288,0.7446663570590317,2026-07-26T05:29:45.956599+00:00
568,2.117241144180298,11.428571492433548,0.6844070858538285,2026-07-26T05:29:46.583946+00:00
534,2.1391818523406982,14.28571492433548,0.7567048000055365,2026-07-26T05:29:56.412803+00:00
569,2.1197006702423096,15.714286267757416,0.8625734429058086,2026-07-26T05:30:08.702671+00:00
535,2.1077044010162354,14.28571492433548,0.7359662286554729,2026-07-26T05:30:18.478038+00:00
570,2.1784515380859375,14.28571492433548,0.7274304716182607,2026-07-26T05:30:19.146677+00:00
536,2.279630661010742,14.28571492433548,0.7434300286279591,2026-07-26T05:30:28.984183+00:00
571,2.0053181648254395,25.714287161827087,0.7192640286770515,2026-07-26T05:30:29.460813+00:00
537,2.112884044647217,17.142857611179352,0.6876360999220716,2026-07-26T05:30:39.278847+00:00
572,2.157695770263672,14.28571492433548,0.6938102428518635,2026-07-26T05:30:39.916421+00:00
538,2.1340503692626953,14.28571492433548,0.828682685719936,2026-07-26T05:30:49.544190+00:00
573,2.2093024253845215,20.000000298023224,0.6975860428480831,2026-07-26T05:30:50.253091+00:00
539,2.1211700439453125,14.28571492433548,0.7258833571021179,2026-07-26T05:30:59.929128+00:00
574,2.1132378578186035,17.142857611179352,0.7159641571758714,2026-07-26T05:31:00.573369+00:00
540,2.119673013687134,15.714286267757416,0.7363509000112701,2026-07-26T05:31:10.198544+00:00
575,2.052624225616455,17.142857611179352,0.786780500077709,2026-07-26T05:31:22.495838+00:00
541,2.320509433746338,11.428571492433548,0.7085229143350651,2026-07-26T05:31:32.107246+00:00
576,2.1075117588043213,12.857143580913544,2.435990071431401,2026-07-26T05:31:33.008158+00:00
542,2.2898073196411133,14.28571492433548,0.7203404999537659,2026-07-26T05:31:42.447802+00:00
577,1.9112311601638794,15.714286267757416,0.6888729143871127,2026-07-26T05:31:55.299874+00:00
543,2.297616481781006,14.28571492433548,0.7199996714397067,2026-07-26T05:32:04.776799+00:00
578,2.1150033473968506,12.857143580913544,0.7115410141912953,2026-07-26T05:32:05.679048+00:00
544,2.110523223876953,15.714286267757416,0.7234352285325129,2026-07-26T05:32:15.097352+00:00
579,2.346649169921875,14.28571492433548,0.7264041998756251,2026-07-26T05:32:27.900208+00:00
545,2.480839490890503,14.28571492433548,0.6954595858197926,2026-07-26T05:32:37.324082+00:00
580,2.3222572803497314,11.428571492433548,0.7212476713383305,2026-07-26T05:32:38.223376+00:00
546,1.906034231185913,32.85714387893677,0.6860537286099445,2026-07-26T05:32:47.633026+00:00
581,2.414196252822876,14.28571492433548,0.7176605286076665,2026-07-26T05:33:00.479390+00:00
547,2.1758720874786377,17.142857611179352,0.6950200570697364,2026-07-26T05:33:09.372442+00:00
582,2.4884188175201416,8.571428805589676,0.7069785856791506,2026-07-26T05:33:23.292664+00:00
548,2.109830141067505,12.857143580913544,0.763267585716676,2026-07-26T05:33:32.126574+00:00
583,2.2696549892425537,12.857143580913544,0.737336757135511,2026-07-26T05:33:33.892167+00:00
549,1.9431418180465698,15.714286267757416,0.7270750142717068,2026-07-26T05:33:42.568266+00:00
584,2.145730972290039,14.28571492433548,0.7246819143931914,2026-07-26T05:33:44.361573+00:00
550,2.263615608215332,12.857143580913544,0.6926261857318292,2026-07-26T05:33:53.008139+00:00
585,2.1868398189544678,12.857143580913544,0.7106558428079421,2026-07-26T05:33:54.743257+00:00
551,2.117924690246582,21.42857164144516,0.7034819142843064,2026-07-26T05:34:03.420168+00:00
586,2.3056695461273193,12.857143580913544,0.7285695570837041,2026-07-26T05:34:16.897147+00:00
552,1.9340720176696777,15.714286267757416,0.7075764712811049,2026-07-26T05:34:25.247561+00:00
587,3.020832061767578,8.571428805589676,0.6805840428569354,2026-07-26T05:34:27.252703+00:00
553,2.1002559661865234,12.857143580913544,0.7505519999540411,2026-07-26T05:34:35.554210+00:00
588,2.2519443035125732,14.28571492433548,0.6908863286038728,2026-07-26T05:34:37.642817+00:00
554,2.096273899078369,12.857143580913544,0.7246334143149267,2026-07-26T05:34:45.944009+00:00
589,2.2169408798217773,27.142858505249023,0.7054060142503917,2026-07-26T05:34:48.041472+00:00
555,2.2013027667999268,15.714286267757416,0.7111718570480922,2026-07-26T05:34:56.184145+00:00
590,2.1402218341827393,14.28571492433548,0.7521007143493209,2026-07-26T05:34:58.584942+00:00
556,2.3534674644470215,12.857143580913544,0.7207177857968158,2026-07-26T05:35:06.700771+00:00
591,2.2530148029327393,17.142857611179352,0.7102561856819583,2026-07-26T05:35:20.933159+00:00
557,2.233881711959839,12.857143580913544,0.7053764713678642,2026-07-26T05:35:28.345845+00:00
592,2.37542462348938,7.14285746216774,0.7270449570829182,2026-07-26T05:35:31.286792+00:00
558,2.244741916656494,17.142857611179352,0.7410434714984149,2026-07-26T05:35:38.575546+00:00
593,2.350426197052002,15.714286267757416,0.7126457143125923,2026-07-26T05:35:41.922607+00:00
559,2.1067745685577393,17.142857611179352,0.7178914714521463,2026-07-26T05:35:48.915374+00:00
594,2.3529281616210938,14.28571492433548,0.7411506428200353,2026-07-26T05:35:52.414432+00:00
560,2.09696364402771,14.28571492433548,0.7216572428920439,2026-07-26T05:35:59.350252+00:00
595,1.9756317138671875,15.714286267757416,0.7337333572130385,2026-07-26T05:36:14.828820+00:00
561,2.0816478729248047,17.142857611179352,0.6766528284060769,2026-07-26T05:36:21.269742+00:00
596,2.7606184482574463,12.857143580913544,0.6688793715771421,2026-07-26T05:36:37.062182+00:00
562,2.231346845626831,8.571428805589676,0.7878971142677723,2026-07-26T05:36:43.593531+00:00
597,2.330610990524292,14.28571492433548,0.7275424143049999,2026-07-26T05:36:59.829544+00:00
563,2.0774242877960205,20.000000298023224,0.7361278141615912,2026-07-26T05:37:05.581666+00:00
598,2.3618366718292236,12.857143580913544,0.7013497570629366,2026-07-26T05:37:10.106947+00:00
564,2.4584271907806396,11.428571492433548,0.7330594856674517,2026-07-26T05:37:15.804985+00:00
599,2.179767370223999,15.714286267757416,0.7406575572011727,2026-07-26T05:37:20.609847+00:00
565,2.298194169998169,12.857143580913544,0.7537407713243738,2026-07-26T05:37:26.029410+00:00
600,2.339143991470337,14.28571492433548,0.6926629286941274,2026-07-26T05:37:31.422748+00:00
566,2.211581230163574,14.28571492433548,0.7120703999784642,2026-07-26T05:37:36.379781+00:00
601,2.3330798149108887,11.428571492433548,0.726196042835779,2026-07-26T05:37:41.816848+00:00
567,2.222397804260254,11.428571492433548,0.68854399994182,2026-07-26T05:37:46.750745+00:00
602,2.1355671882629395,18.571428954601288,0.7138964426953213,2026-07-26T05:37:52.208881+00:00
568,2.078319549560547,14.28571492433548,0.7361576428853108,2026-07-26T05:37:57.192719+00:00
603,2.3967056274414062,12.857143580913544,0.7138750715447324,2026-07-26T05:38:02.808169+00:00
569,2.099997043609619,17.142857611179352,0.7025779856901083,2026-07-26T05:38:07.459737+00:00
604,2.2828989028930664,15.714286267757416,0.7074939571404164,2026-07-26T05:38:25.172414+00:00
570,2.0744857788085938,17.142857611179352,0.794284142986206,2026-07-26T05:38:29.524175+00:00
605,2.0748112201690674,15.714286267757416,0.7117907285906507,2026-07-26T05:38:35.672081+00:00
571,2.2102787494659424,14.28571492433548,0.7296976857885186,2026-07-26T05:38:39.860672+00:00
606,1.928281545639038,27.142858505249023,0.7737965285611738,2026-07-26T05:38:57.787687+00:00
572,2.085249662399292,15.714286267757416,0.7131837000737764,2026-07-26T05:39:02.305062+00:00
607,2.129750967025757,14.28571492433548,0.6946754286348421,2026-07-26T05:39:08.066368+00:00
573,2.2138824462890625,14.28571492433548,0.7152491286563288,2026-07-26T05:39:12.608503+00:00
608,2.307128429412842,14.28571492433548,0.7531016142041024,2026-07-26T05:39:18.352950+00:00
574,2.0730552673339844,10.000000149011612,0.7078481143772868,2026-07-26T05:39:23.069243+00:00
609,2.347329616546631,11.428571492433548,0.7153612285037525,2026-07-26T05:39:28.744043+00:00
575,2.0712740421295166,14.28571492433548,0.7115638286839905,2026-07-26T05:39:33.663150+00:00
610,2.365689516067505,14.28571492433548,0.6937029428497355,2026-07-26T05:39:39.188049+00:00
576,2.061443567276001,15.714286267757416,0.7060318858878288,2026-07-26T05:39:44.039832+00:00
611,2.215534210205078,2.857142873108387,0.7172301286898021,2026-07-26T05:39:49.581605+00:00
577,2.0906577110290527,14.28571492433548,0.6936284428645324,2026-07-26T05:39:54.509071+00:00
612,2.2926485538482666,1.4285714365541935,0.7258811857484814,2026-07-26T05:40:11.555329+00:00
578,2.159400701522827,14.28571492433548,0.7118285856060018,2026-07-26T05:40:16.613228+00:00
613,2.052006721496582,15.714286267757416,0.7351176856900565,2026-07-26T05:40:34.180350+00:00
579,2.2061843872070312,10.000000149011612,0.7022661429281081,2026-07-26T05:40:38.911277+00:00
614,2.3278825283050537,14.28571492433548,0.7215369997928585,2026-07-26T05:40:56.583079+00:00
580,2.0578181743621826,15.714286267757416,0.7069232713547535,2026-07-26T05:41:01.365345+00:00
615,2.378247022628784,20.000000298023224,0.7091689572137381,2026-07-26T05:41:06.967065+00:00
581,1.9297393560409546,15.714286267757416,0.7261718571369004,2026-07-26T05:41:11.680878+00:00
616,2.305493116378784,14.28571492433548,0.701522700131006,2026-07-26T05:41:29.058627+00:00
582,2.1770071983337402,14.28571492433548,0.7090726572122159,2026-07-26T05:41:33.355480+00:00
617,2.282148599624634,12.857143580913544,0.7086903998112706,2026-07-26T05:41:51.097393+00:00
583,1.9971626996994019,8.571428805589676,0.7521676714532077,2026-07-26T05:41:55.301880+00:00
618,2.2532660961151123,14.28571492433548,0.7400996430078521,2026-07-26T05:42:01.556807+00:00
584,2.207367420196533,25.714287161827087,0.6981302285566926,2026-07-26T05:42:05.657709+00:00
619,2.0696346759796143,15.714286267757416,0.6849376143821116,2026-07-26T05:42:11.781280+00:00
585,2.079352617263794,2.857142873108387,0.694811728525175,2026-07-26T05:42:15.878682+00:00
620,2.2332937717437744,11.428571492433548,0.6878056571752366,2026-07-26T05:42:22.270110+00:00
586,2.1799967288970947,14.28571492433548,0.7105829429097607,2026-07-26T05:42:26.258687+00:00
621,1.925046682357788,14.28571492433548,0.7045933286592897,2026-07-26T05:42:32.643215+00:00
587,2.151451826095581,14.28571492433548,0.6976872428952318,2026-07-26T05:42:36.599087+00:00
622,2.0429534912109375,7.14285746216774,0.6968106571418632,2026-07-26T05:42:42.889978+00:00
588,2.16377329826355,14.28571492433548,0.732710471493192,2026-07-26T05:42:46.799619+00:00
623,2.1256439685821533,11.428571492433548,0.7385996428118753,2026-07-26T05:42:53.200192+00:00
589,2.050929546356201,17.142857611179352,0.6911646000974412,2026-07-26T05:42:57.027958+00:00
624,2.107567548751831,17.142857611179352,0.7192267998886694,2026-07-26T05:43:03.792303+00:00
590,1.985843300819397,28.57142984867096,0.6954181571407909,2026-07-26T05:43:07.363129+00:00
625,2.1474852561950684,14.28571492433548,0.7147240001359023,2026-07-26T05:43:14.178852+00:00
591,2.1727540493011475,14.28571492433548,0.6850587713415734,2026-07-26T05:43:17.639377+00:00
626,2.260115623474121,15.714286267757416,0.698941814230888,2026-07-26T05:43:24.615786+00:00
592,2.181854724884033,18.571428954601288,0.731022228553359,2026-07-26T05:43:27.959757+00:00
627,2.2896718978881836,7.14285746216774,0.7116030284253482,2026-07-26T05:43:46.898121+00:00
593,2.052581787109375,12.857143580913544,0.7358847142313607,2026-07-26T05:43:49.923877+00:00
628,1.9338252544403076,14.28571492433548,0.7360755715386144,2026-07-26T05:44:09.158113+00:00
594,2.0458059310913086,14.28571492433548,0.6969735714457264,2026-07-26T05:44:11.744230+00:00
629,2.2517199516296387,14.28571492433548,0.7138553428896037,2026-07-26T05:44:19.448049+00:00
595,1.9325313568115234,15.714286267757416,0.6831180426940722,2026-07-26T05:44:21.984356+00:00
630,2.210155725479126,14.28571492433548,0.7245972000029204,2026-07-26T05:44:29.836309+00:00
596,1.9246695041656494,12.857143580913544,0.711512699906182,2026-07-26T05:44:32.195136+00:00
631,2.106052875518799,17.142857611179352,0.6704706428406227,2026-07-26T05:44:52.206613+00:00
597,2.163499593734741,14.28571492433548,0.7051999713959438,2026-07-26T05:44:54.302195+00:00
632,1.9379795789718628,18.571428954601288,2.362930199888069,2026-07-26T05:45:02.735561+00:00
598,2.0667760372161865,11.428571492433548,2.35028677146017,2026-07-26T05:45:04.752957+00:00
633,2.0947349071502686,12.857143580913544,0.7272816570808313,2026-07-26T05:45:13.302880+00:00
599,2.0371768474578857,11.428571492433548,0.7163198429874943,2026-07-26T05:45:15.045066+00:00
634,1.9505709409713745,15.714286267757416,0.7084691714096282,2026-07-26T05:45:23.859228+00:00
600,2.132667303085327,12.857143580913544,0.7211350000164073,2026-07-26T05:45:25.492128+00:00
635,2.207235813140869,18.571428954601288,0.7154078000374803,2026-07-26T05:45:46.013143+00:00
601,2.0400028228759766,15.714286267757416,0.706061528554918,2026-07-26T05:45:47.284117+00:00
636,2.058237075805664,27.142858505249023,0.7048387714478719,2026-07-26T05:45:56.363978+00:00
602,2.1562983989715576,14.28571492433548,0.7380094285638604,2026-07-26T05:45:57.522778+00:00
637,2.1220862865448,25.714287161827087,0.7160929143927726,2026-07-26T05:46:18.434096+00:00
603,1.9656912088394165,15.714286267757416,0.7220905141106674,2026-07-26T05:46:19.219600+00:00
638,2.233611583709717,12.857143580913544,0.6934168715296047,2026-07-26T05:46:28.792422+00:00
604,2.036717414855957,15.714286267757416,0.7388283856146569,2026-07-26T05:46:29.429214+00:00
639,2.2328484058380127,12.857143580913544,0.7235546001798606,2026-07-26T05:46:51.040380+00:00
605,2.310345411300659,12.857143580913544,0.7969948714682167,2026-07-26T05:46:51.549779+00:00
640,2.087019681930542,15.714286267757416,0.7373733144569478,2026-07-26T05:47:01.436243+00:00
606,2.1497750282287598,14.28571492433548,0.6987418715393038,2026-07-26T05:47:01.805024+00:00
641,2.085057258605957,14.28571492433548,0.7075387001220536,2026-07-26T05:47:11.815582+00:00
607,2.0338265895843506,17.142857611179352,0.7180712857267021,2026-07-26T05:47:12.242740+00:00
642,2.0898420810699463,14.28571492433548,0.7176762143249756,2026-07-26T05:47:22.150085+00:00
608,2.1480114459991455,12.857143580913544,0.7567393998864905,2026-07-26T05:47:22.545395+00:00
643,2.078289031982422,14.28571492433548,0.7094673714683657,2026-07-26T05:47:44.347890+00:00
609,2.1552112102508545,22.857142984867096,0.7809528284789329,2026-07-26T05:47:44.418844+00:00
610,1.920782446861267,15.714286267757416,0.9479795570119417,2026-07-26T05:47:54.768729+00:00
644,2.346116542816162,15.714286267757416,0.6778750998949232,2026-07-26T05:47:54.871531+00:00
611,1.9221322536468506,17.142857611179352,2.7744713428546675,2026-07-26T05:48:05.303752+00:00
645,2.2253057956695557,14.28571492433548,0.7274834715644829,2026-07-26T05:48:05.338406+00:00
646,2.2235474586486816,12.857143580913544,0.7316380142583512,2026-07-26T05:48:15.806802+00:00
612,2.0583348274230957,20.000000298023224,0.7311130857228167,2026-07-26T05:48:15.828635+00:00
613,2.099656820297241,12.857143580913544,0.7834857570872243,2026-07-26T05:48:26.141396+00:00
647,2.0749964714050293,14.28571492433548,0.6985526143190717,2026-07-26T05:48:26.241132+00:00
614,2.133582830429077,12.857143580913544,0.8801076428166457,2026-07-26T05:48:36.527341+00:00
648,2.2225494384765625,17.142857611179352,0.6869914571455281,2026-07-26T05:48:36.730294+00:00
615,2.0285286903381348,18.571428954601288,0.7196727570512199,2026-07-26T05:48:58.700933+00:00
649,2.1659770011901855,17.142857611179352,0.7368676428866041,2026-07-26T05:48:59.485135+00:00
616,2.102372884750366,12.857143580913544,0.7458334142159272,2026-07-26T05:49:20.696258+00:00
650,1.9297600984573364,15.714286267757416,0.7147282428507294,2026-07-26T05:49:22.175081+00:00
617,2.034449577331543,12.857143580913544,0.6862107570798668,2026-07-26T05:49:42.822963+00:00
651,2.0692999362945557,14.28571492433548,0.7209611570163231,2026-07-26T05:49:44.832866+00:00
618,2.0656352043151855,12.857143580913544,0.7194228426669724,2026-07-26T05:50:04.829148+00:00
652,2.041887044906616,22.857142984867096,0.7206548999030409,2026-07-26T05:50:06.956599+00:00
619,2.01894474029541,15.714286267757416,0.6961158000714411,2026-07-26T05:50:26.664280+00:00
653,2.210832357406616,14.28571492433548,0.7187335573170068,2026-07-26T05:50:29.108221+00:00
620,2.137080192565918,12.857143580913544,0.7307724571936498,2026-07-26T05:50:48.667167+00:00
654,1.9316035509109497,15.714286267757416,0.7179427428387238,2026-07-26T05:50:51.294341+00:00
621,2.1903722286224365,15.714286267757416,0.7119809713913128,2026-07-26T05:50:59.031735+00:00
655,2.0596601963043213,15.714286267757416,0.6995745001144574,2026-07-26T05:51:01.678748+00:00
622,1.9995278120040894,17.142857611179352,0.7340551428829454,2026-07-26T05:51:21.219108+00:00
656,2.0665435791015625,15.714286267757416,0.7173982858408376,2026-07-26T05:51:24.236315+00:00
623,2.1846439838409424,11.428571492433548,0.6926802714588121,2026-07-26T05:51:42.950746+00:00
657,2.0695488452911377,14.28571492433548,0.7048155571932772,2026-07-26T05:51:46.040951+00:00
624,2.0429916381835938,14.28571492433548,0.7362401428898531,2026-07-26T05:52:05.537657+00:00
658,2.0753746032714844,14.28571492433548,0.7337193285431048,2026-07-26T05:52:08.595307+00:00
625,2.0942251682281494,24.285714328289032,0.6930418426886068,2026-07-26T05:52:28.029279+00:00
659,2.202366590499878,14.28571492433548,0.7195454857927481,2026-07-26T05:52:30.859162+00:00
626,2.128645658493042,11.428571492433548,0.6901777143606783,2026-07-26T05:52:38.233913+00:00
660,2.063053607940674,15.714286267757416,0.7045744858000295,2026-07-26T05:52:41.238840+00:00
627,1.9236279726028442,10.000000149011612,0.720474414369424,2026-07-26T05:52:48.854219+00:00
661,2.1745073795318604,17.142857611179352,0.7148883428141874,2026-07-26T05:52:51.609463+00:00
628,2.0185604095458984,11.428571492433548,0.6779795714204998,2026-07-26T05:53:10.990098+00:00
662,2.064457416534424,15.714286267757416,0.6918801427153605,2026-07-26T05:53:13.861061+00:00
629,1.953009009361267,12.857143580913544,0.7066318000267658,2026-07-26T05:53:33.013330+00:00
663,2.197763442993164,12.857143580913544,0.7189077713909293,2026-07-26T05:53:35.998674+00:00
630,2.1841108798980713,14.28571492433548,0.6991900000554909,2026-07-26T05:53:55.169738+00:00
664,2.1800949573516846,14.28571492433548,0.7038434713779549,2026-07-26T05:53:58.252690+00:00
631,1.9606907367706299,24.285714328289032,0.9027780572068878,2026-07-26T05:54:05.603355+00:00
665,2.1949238777160645,14.28571492433548,0.6972996572065833,2026-07-26T05:54:08.685152+00:00
632,2.138197422027588,12.857143580913544,0.7129408427447612,2026-07-26T05:54:27.805351+00:00
666,2.0637059211730957,11.428571492433548,0.7597829142468981,2026-07-26T05:54:30.904291+00:00
633,2.091306209564209,14.28571492433548,0.6951221285687228,2026-07-26T05:54:50.050328+00:00
667,2.231590509414673,18.571428954601288,0.7290010714703904,2026-07-26T05:54:53.372763+00:00
634,2.013796806335449,15.714286267757416,0.7045149428969515,2026-07-26T05:55:00.356759+00:00
668,2.1894335746765137,14.28571492433548,0.6998050429891529,2026-07-26T05:55:03.802490+00:00
635,2.177666425704956,12.857143580913544,0.6940769000461192,2026-07-26T05:55:22.131300+00:00
669,2.055286169052124,14.28571492433548,0.701301771290933,2026-07-26T05:55:25.719477+00:00
636,2.121347427368164,20.000000298023224,0.7287116001992088,2026-07-26T05:55:32.787047+00:00
670,2.1400835514068604,14.28571492433548,0.8195305571592013,2026-07-26T05:55:36.273024+00:00
637,2.4973514080047607,14.28571492433548,0.9544526571906836,2026-07-26T05:55:55.024214+00:00
671,2.04028058052063,15.714286267757416,0.6831842285464518,2026-07-26T05:55:58.643285+00:00
638,2.0533719062805176,15.714286267757416,0.7258830999489874,2026-07-26T05:56:05.392328+00:00
672,1.927484154701233,15.714286267757416,0.7379306571757687,2026-07-26T05:56:09.145334+00:00
639,2.3111493587493896,14.28571492433548,0.7116299428162165,2026-07-26T05:56:15.593470+00:00
673,2.065802812576294,15.714286267757416,0.771519857101209,2026-07-26T05:56:19.624745+00:00
640,1.9902217388153076,14.28571492433548,0.6930984429865411,2026-07-26T05:56:37.772229+00:00
674,2.057659149169922,12.857143580913544,0.743487014135878,2026-07-26T05:56:42.510475+00:00
641,2.0484657287597656,12.857143580913544,0.7218128427796598,2026-07-26T05:57:00.215013+00:00
675,2.1767871379852295,15.714286267757416,0.7100407998742801,2026-07-26T05:57:05.186046+00:00
642,2.012056827545166,12.857143580913544,0.6895500428592121,2026-07-26T05:57:10.627310+00:00
676,2.055532932281494,12.857143580913544,0.6977972144211111,2026-07-26T05:57:15.637742+00:00
643,1.9847582578659058,1.4285714365541935,0.7258478142570571,2026-07-26T05:57:32.580020+00:00
677,2.0524654388427734,12.857143580913544,0.7055595427768172,2026-07-26T05:57:37.704926+00:00
644,2.1218926906585693,14.28571492433548,0.738989285725568,2026-07-26T05:57:42.815625+00:00
678,2.040367603302002,14.28571492433548,0.7271529713761993,2026-07-26T05:57:48.043849+00:00
645,2.0006439685821533,21.42857164144516,0.72240645718661,2026-07-26T05:57:53.161812+00:00
679,2.084944486618042,14.28571492433548,0.7342629714652762,2026-07-26T05:57:58.475752+00:00
646,2.006645917892456,14.28571492433548,0.6976896144416449,2026-07-26T05:58:03.627225+00:00
680,2.0482635498046875,14.28571492433548,0.7095024715194346,2026-07-26T05:58:08.804749+00:00
647,2.1000118255615234,14.28571492433548,0.7335672857672242,2026-07-26T05:58:13.943370+00:00
681,2.020294189453125,17.142857611179352,0.683806357015523,2026-07-26T05:58:19.450869+00:00
648,2.1000330448150635,21.42857164144516,0.722745100003002,2026-07-26T05:58:24.445369+00:00
682,2.120311737060547,12.857143580913544,0.7232805142328809,2026-07-26T05:58:29.895920+00:00
649,2.090651512145996,18.571428954601288,0.7113901428445908,2026-07-26T05:58:46.485216+00:00
683,2.1692752838134766,14.28571492433548,0.7284997428152045,2026-07-26T05:58:51.927427+00:00
650,2.0961434841156006,12.857143580913544,0.7089050285035877,2026-07-26T05:58:57.080628+00:00
684,2.154740333557129,14.28571492433548,0.7240485857307379,2026-07-26T05:59:02.387484+00:00
651,2.031450033187866,12.857143580913544,0.7061892284712356,2026-07-26T05:59:19.355165+00:00
685,1.925045371055603,15.714286267757416,0.7154869716032408,2026-07-26T05:59:24.772125+00:00
652,2.031090021133423,14.28571492433548,0.6839598429256252,2026-07-26T05:59:29.662307+00:00
686,2.080090284347534,15.714286267757416,0.7132307715697347,2026-07-26T05:59:34.960940+00:00
653,2.081225872039795,14.28571492433548,0.7228874144077834,2026-07-26T05:59:51.596699+00:00
687,2.1637473106384277,12.857143580913544,0.7054120857251941,2026-07-26T05:59:57.008736+00:00
654,2.521657943725586,15.714286267757416,0.7154617429478094,2026-07-26T06:00:01.937797+00:00
688,2.162771463394165,14.28571492433548,0.7288155285225782,2026-07-26T06:00:07.306739+00:00
655,1.9845269918441772,20.000000298023224,0.7581087571452372,2026-07-26T06:00:12.492985+00:00
689,2.0391345024108887,15.714286267757416,0.7047045144385525,2026-07-26T06:00:17.807385+00:00
656,2.001267671585083,17.142857611179352,0.7045008857468409,2026-07-26T06:00:35.072553+00:00
690,2.160613536834717,12.857143580913544,0.7180825428804383,2026-07-26T06:00:40.277474+00:00
657,1.9138941764831543,20.000000298023224,0.7183459142522355,2026-07-26T06:00:56.991012+00:00
691,2.1604881286621094,12.857143580913544,0.7304575142500522,2026-07-26T06:01:02.210168+00:00
658,1.9929980039596558,5.714285746216774,0.7111914572305977,2026-07-26T06:01:07.203332+00:00
692,2.1580183506011963,12.857143580913544,0.7024655143530774,2026-07-26T06:01:12.486948+00:00
659,1.9728412628173828,12.857143580913544,0.7242843714526056,2026-07-26T06:01:28.934052+00:00
693,2.143810749053955,12.857143580913544,0.6912428715233025,2026-07-26T06:01:34.089205+00:00
660,1.9157381057739258,15.714286267757416,0.7327076858408483,2026-07-26T06:01:39.137218+00:00
694,2.156554937362671,14.28571492433548,0.6860541285797288,2026-07-26T06:01:44.349953+00:00
661,1.987389087677002,14.28571492433548,0.7503826713738297,2026-07-26T06:01:49.536185+00:00
695,2.007614850997925,22.857142984867096,0.7843643142093372,2026-07-26T06:01:54.695928+00:00
662,2.3144075870513916,14.28571492433548,0.7279850286847379,2026-07-26T06:02:11.883311+00:00
696,2.0367720127105713,15.714286267757416,0.7244222857739909,2026-07-26T06:02:17.228524+00:00
663,2.0011773109436035,14.28571492433548,0.6995170285725699,2026-07-26T06:02:22.173753+00:00
697,2.1620872020721436,11.428571492433548,0.7459230714760321,2026-07-26T06:02:27.663696+00:00
664,1.968048334121704,15.714286267757416,0.7420692287269048,2026-07-26T06:02:32.425030+00:00
698,2.038463830947876,17.142857611179352,0.7417463429322066,2026-07-26T06:02:38.001545+00:00
665,1.9335232973098755,15.714286267757416,0.6953924856913675,2026-07-26T06:02:42.744233+00:00
699,2.0345089435577393,15.714286267757416,0.7423414428818172,2026-07-26T06:02:48.428577+00:00
666,2.0855634212493896,14.28571492433548,0.7204786714282818,2026-07-26T06:02:53.113424+00:00
700,2.037459373474121,12.857143580913544,0.7202632714844575,2026-07-26T06:02:59.087387+00:00
667,1.9954533576965332,12.857143580913544,0.7128273714832696,2026-07-26T06:03:03.650747+00:00
701,2.0864834785461426,11.428571492433548,0.6888983715076132,2026-07-26T06:03:09.443397+00:00
668,2.0001866817474365,12.857143580913544,0.7023560856136359,2026-07-26T06:03:25.705421+00:00
702,2.0413291454315186,14.28571492433548,0.8538860856788233,2026-07-26T06:03:31.563226+00:00
669,2.0050742626190186,15.714286267757416,0.7243226571258025,2026-07-26T06:03:36.088124+00:00
703,2.1065168380737305,8.571428805589676,0.7095707285251202,2026-07-26T06:03:41.731100+00:00
670,1.984402060508728,17.142857611179352,0.6924408429767936,2026-07-26T06:03:46.305317+00:00
704,2.1394214630126953,12.857143580913544,0.7005721143546647,2026-07-26T06:03:52.239632+00:00
671,2.073026418685913,27.142858505249023,0.6940663428395055,2026-07-26T06:03:56.561117+00:00
705,2.1496992111206055,25.714287161827087,0.7185252429085917,2026-07-26T06:04:02.732514+00:00
672,2.087357759475708,0.0,0.7126644571794064,2026-07-26T06:04:06.825297+00:00
706,1.9846807718276978,17.142857611179352,0.713619557167736,2026-07-26T06:04:13.158211+00:00
673,2.088977813720703,14.28571492433548,0.7301640428652588,2026-07-26T06:04:17.081482+00:00
707,2.070935010910034,14.28571492433548,0.6851500999930847,2026-07-26T06:04:23.505404+00:00
674,1.9832955598831177,15.714286267757416,0.7081511428363488,2026-07-26T06:04:38.931233+00:00
708,2.1337952613830566,14.28571492433548,0.7403007571286122,2026-07-26T06:04:45.640309+00:00
675,2.0163731575012207,18.571428954601288,0.6882904427974219,2026-07-26T06:04:49.446854+00:00
709,2.0277276039123535,15.714286267757416,0.7004240143162731,2026-07-26T06:04:55.966936+00:00
676,2.0765860080718994,14.28571492433548,0.6933454000058451,2026-07-26T06:04:59.996230+00:00
710,2.1377224922180176,11.428571492433548,0.7258508285823544,2026-07-26T06:05:06.304097+00:00
677,2.083989143371582,14.28571492433548,0.7230139000707173,2026-07-26T06:05:22.217788+00:00
711,2.1354222297668457,14.28571492433548,0.8896889998660689,2026-07-26T06:05:28.387478+00:00
678,2.0831947326660156,12.857143580913544,0.7094450712819318,2026-07-26T06:05:32.443427+00:00
712,1.920694351196289,15.714286267757416,0.7277008570131979,2026-07-26T06:05:38.565312+00:00
679,2.104389190673828,17.142857611179352,0.7161888000804798,2026-07-26T06:05:42.687881+00:00
713,2.1335649490356445,14.28571492433548,0.7459275428638128,2026-07-26T06:05:49.072873+00:00
680,1.964272379875183,14.28571492433548,0.6886958285966622,2026-07-26T06:05:53.190986+00:00
714,2.1634910106658936,12.857143580913544,0.7432372001598456,2026-07-26T06:05:59.417152+00:00
681,2.185758590698242,14.28571492433548,0.7216893714420232,2026-07-26T06:06:03.677424+00:00
715,2.023811101913452,15.714286267757416,0.6951803285379096,2026-07-26T06:06:09.690508+00:00
682,2.163255214691162,15.714286267757416,0.7178641286113167,2026-07-26T06:06:13.983947+00:00
716,2.1310346126556396,14.28571492433548,0.7148053141593533,2026-07-26T06:06:20.204465+00:00
683,2.32214617729187,15.714286267757416,0.7017633713465848,2026-07-26T06:06:35.993369+00:00
717,2.087460994720459,12.857143580913544,0.7035704714196201,2026-07-26T06:06:42.331559+00:00
684,2.098797082901001,17.142857611179352,0.7117051429564266,2026-07-26T06:06:46.723389+00:00
718,2.1288225650787354,14.28571492433548,0.6935249427832396,2026-07-26T06:06:53.000244+00:00
685,2.3765907287597656,20.000000298023224,0.6842473571720933,2026-07-26T06:07:08.617239+00:00
719,1.9192731380462646,15.714286267757416,0.7214707428439786,2026-07-26T06:07:14.973440+00:00
686,2.1740217208862305,1.4285714365541935,0.7877838429911728,2026-07-26T06:07:18.835036+00:00
720,2.0720608234405518,14.28571492433548,0.7069141429383308,2026-07-26T06:07:25.233077+00:00
687,2.2967605590820312,5.714285746216774,0.6875072855369321,2026-07-26T06:07:29.245051+00:00
721,2.1248583793640137,14.28571492433548,0.7254573714037958,2026-07-26T06:07:35.601382+00:00
688,2.4292173385620117,12.857143580913544,0.7427702572645752,2026-07-26T06:07:39.517483+00:00
722,2.1230990886688232,12.857143580913544,0.7101281001398873,2026-07-26T06:07:46.004245+00:00
689,2.6198008060455322,12.857143580913544,0.7286332285730168,2026-07-26T06:07:49.904746+00:00
723,2.1227664947509766,14.28571492433548,0.7157123857593563,2026-07-26T06:07:56.429198+00:00
690,2.3314120769500732,12.857143580913544,0.7048129284937333,2026-07-26T06:08:00.475773+00:00
724,1.9188982248306274,15.714286267757416,0.7166840998771867,2026-07-26T06:08:06.767999+00:00
691,2.0541634559631348,20.000000298023224,0.7240369142631867,2026-07-26T06:08:10.800294+00:00
725,1.918641209602356,15.714286267757416,0.706075957194636,2026-07-26T06:08:17.047420+00:00
692,2.3656322956085205,17.142857611179352,0.7274446713771404,2026-07-26T06:08:21.080077+00:00
726,2.120311737060547,12.857143580913544,0.711275999908269,2026-07-26T06:08:27.462569+00:00
693,2.1482036113739014,15.714286267757416,0.7940356143600573,2026-07-26T06:08:31.557826+00:00
727,2.0171492099761963,15.714286267757416,0.7285136001883075,2026-07-26T06:08:38.000135+00:00
694,2.158339738845825,14.28571492433548,0.7210275856778026,2026-07-26T06:08:41.933359+00:00
728,1.8966093063354492,30.000001192092896,0.6981138572362917,2026-07-26T06:08:48.319824+00:00
695,2.018418550491333,12.857143580913544,0.7014963000463986,2026-07-26T06:08:52.155786+00:00
729,1.9629229307174683,1.4285714365541935,0.7867125284974463,2026-07-26T06:08:58.537952+00:00
696,2.196141004562378,15.714286267757416,0.7357871858403087,2026-07-26T06:09:02.564717+00:00
730,2.117069721221924,14.28571492433548,0.6914026856455686,2026-07-26T06:09:08.999564+00:00
697,2.1377005577087402,15.714286267757416,0.6891271856147796,2026-07-26T06:09:12.739225+00:00
731,2.11426043510437,12.857143580913544,0.6904207571226704,2026-07-26T06:09:19.284506+00:00
698,2.1111865043640137,20.000000298023224,0.7218690285558945,2026-07-26T06:09:23.018661+00:00
732,1.994958519935608,14.28571492433548,0.7532983999616201,2026-07-26T06:09:29.763850+00:00
699,2.264061450958252,14.28571492433548,0.7442064142586398,2026-07-26T06:09:33.513425+00:00
733,1.9969356060028076,17.142857611179352,0.7056274571888415,2026-07-26T06:09:40.269022+00:00
700,2.1083757877349854,14.28571492433548,0.7497033572040631,2026-07-26T06:09:44.626456+00:00
734,2.017688512802124,12.857143580913544,0.7054919428940463,2026-07-26T06:09:50.655772+00:00
701,2.076906204223633,15.714286267757416,0.751489014406356,2026-07-26T06:09:55.137342+00:00
735,2.097238063812256,14.28571492433548,0.7273078000123081,2026-07-26T06:10:01.089348+00:00
702,2.029623508453369,27.142858505249023,0.7175461998225988,2026-07-26T06:10:05.625290+00:00
736,1.921730637550354,15.714286267757416,0.7260079144283996,2026-07-26T06:10:11.836941+00:00
703,2.3129823207855225,14.28571492433548,0.71977232853117,2026-07-26T06:10:16.009316+00:00
737,1.9580438137054443,15.714286267757416,0.6864646713698416,2026-07-26T06:10:22.247466+00:00
704,2.268547296524048,14.28571492433548,0.7084177856865738,2026-07-26T06:10:26.219201+00:00
738,2.3405308723449707,14.28571492433548,0.6920724857731589,2026-07-26T06:10:32.624195+00:00
705,2.250812292098999,11.428571492433548,0.7134692001272924,2026-07-26T06:10:48.126876+00:00
739,2.01518177986145,15.714286267757416,0.773138042755558,2026-07-26T06:10:54.816610+00:00
706,2.1235930919647217,14.28571492433548,0.6938145285987828,2026-07-26T06:11:10.298981+00:00
740,2.010784149169922,17.142857611179352,0.7244324571469666,2026-07-26T06:11:17.032575+00:00
707,2.094592571258545,15.714286267757416,0.7508210999990946,2026-07-26T06:11:20.758096+00:00
741,2.107611894607544,12.857143580913544,0.708697471418418,2026-07-26T06:11:27.571033+00:00
708,2.1715025901794434,12.857143580913544,0.7303995286097883,2026-07-26T06:11:31.129838+00:00
742,2.033721685409546,15.714286267757416,0.6884848570085264,2026-07-26T06:11:38.033006+00:00
709,2.117542028427124,12.857143580913544,2.4096471858294013,2026-07-26T06:11:41.630680+00:00
743,1.9987003803253174,15.714286267757416,0.6982588286129093,2026-07-26T06:11:48.439269+00:00
710,2.1147708892822266,2.857142873108387,0.7797482999324399,2026-07-26T06:12:03.542439+00:00
744,2.105128288269043,14.28571492433548,0.6980390427218351,2026-07-26T06:12:10.667655+00:00
711,2.1343367099761963,14.28571492433548,0.7241190284340908,2026-07-26T06:12:25.817243+00:00
745,2.1041595935821533,12.857143580913544,0.704477371514908,2026-07-26T06:12:32.880352+00:00
712,2.2909152507781982,17.142857611179352,0.6904725286793629,2026-07-26T06:12:36.213278+00:00
746,2.1015138626098633,12.857143580913544,0.7162977714740139,2026-07-26T06:12:43.179458+00:00
713,2.1075122356414795,12.857143580913544,0.7175376713608526,2026-07-26T06:12:46.606455+00:00
747,2.101914644241333,7.14285746216774,0.7100991000437976,2026-07-26T06:12:53.775761+00:00
714,2.1476707458496094,10.000000149011612,0.751531871251895,2026-07-26T06:13:09.143797+00:00
748,2.1017587184906006,11.428571492433548,0.6933787856334156,2026-07-26T06:13:16.207619+00:00
715,2.072782278060913,14.28571492433548,0.7224638141841362,2026-07-26T06:13:31.228573+00:00
749,2.0130083560943604,14.28571492433548,0.708773171312974,2026-07-26T06:13:38.366536+00:00
716,2.2603325843811035,11.428571492433548,0.7226493001715946,2026-07-26T06:13:41.453773+00:00
750,2.097750425338745,14.28571492433548,0.7432142856747046,2026-07-26T06:13:48.869095+00:00
717,2.245685338973999,12.857143580913544,0.7462322998825194,2026-07-26T06:13:51.704774+00:00
751,2.0339343547821045,12.857143580913544,0.7174693428428978,2026-07-26T06:13:59.398632+00:00
718,2.277815818786621,4.285714402794838,0.7418985143885948,2026-07-26T06:14:13.565639+00:00
752,2.0931286811828613,18.571428954601288,0.7189724428047026,2026-07-26T06:14:21.388464+00:00
719,2.1683483123779297,17.142857611179352,0.7037455143290572,2026-07-26T06:14:23.804735+00:00
753,1.9044268131256104,17.142857611179352,0.6825057999646691,2026-07-26T06:14:31.698876+00:00
720,2.232104539871216,14.28571492433548,0.7352128714306414,2026-07-26T06:14:46.067133+00:00
754,2.029024362564087,12.857143580913544,0.7344083571557088,2026-07-26T06:14:54.050003+00:00
721,5.437070369720459,15.714286267757416,0.7273720855924434,2026-07-26T06:14:56.389207+00:00
755,2.0934863090515137,12.857143580913544,0.701161242821919,2026-07-26T06:15:04.488466+00:00
722,2.0919151306152344,12.857143580913544,0.77483007148008,2026-07-26T06:15:18.434839+00:00
756,2.0030224323272705,15.714286267757416,0.7183829856720487,2026-07-26T06:15:26.513089+00:00
723,2.228471040725708,12.857143580913544,0.7069487715073461,2026-07-26T06:15:28.767290+00:00
757,1.9312286376953125,10.000000149011612,0.6906373284956707,2026-07-26T06:15:36.640219+00:00
724,2.072343587875366,17.142857611179352,0.8525291856910501,2026-07-26T06:15:38.889679+00:00
758,2.04262375831604,12.857143580913544,0.726850214206414,2026-07-26T06:15:46.972429+00:00
725,2.2691714763641357,2.857142873108387,0.7072314141883648,2026-07-26T06:15:49.271092+00:00
759,2.090989351272583,14.28571492433548,0.7101209144041474,2026-07-26T06:15:57.336157+00:00
726,2.608773708343506,12.857143580913544,0.7085332998290791,2026-07-26T06:15:59.590755+00:00
760,1.9490182399749756,25.714287161827087,0.6964434144070505,2026-07-26T06:16:07.669204+00:00
727,2.229041814804077,12.857143580913544,0.707610857248905,2026-07-26T06:16:09.732660+00:00
761,2.087430238723755,12.857143580913544,0.7112248143779912,2026-07-26T06:16:17.913103+00:00
728,2.220485210418701,1.4285714365541935,0.69619435713061,2026-07-26T06:16:19.916509+00:00
762,2.088968515396118,11.428571492433548,0.7165353142357033,2026-07-26T06:16:28.128519+00:00
729,2.076392889022827,15.714286267757416,0.7166055571620485,2026-07-26T06:16:30.226037+00:00
763,1.9193167686462402,14.28571492433548,0.8851833427408045,2026-07-26T06:16:38.634847+00:00
730,1.9454751014709473,20.000000298023224,0.713708957066826,2026-07-26T06:16:52.625300+00:00
764,1.8987421989440918,18.571428954601288,0.7152390855480917,2026-07-26T06:17:01.161793+00:00
731,2.509824514389038,12.857143580913544,0.7496269143302925,2026-07-26T06:17:14.384594+00:00
765,1.9958295822143555,15.714286267757416,0.6897111714351922,2026-07-26T06:17:23.132462+00:00
732,2.107872724533081,14.28571492433548,0.7307309713464097,2026-07-26T06:17:24.787008+00:00
766,2.09415602684021,12.857143580913544,0.7065817857177795,2026-07-26T06:17:33.588662+00:00
733,2.134420871734619,28.57142984867096,0.6917607856199278,2026-07-26T06:17:34.940087+00:00
767,2.0703396797180176,14.28571492433548,0.7092911143055451,2026-07-26T06:17:43.725857+00:00
734,1.9358515739440918,18.571428954601288,0.6973680572368072,2026-07-26T06:17:45.268451+00:00
768,2.085130453109741,11.428571492433548,0.7354000714258291,2026-07-26T06:17:54.226077+00:00
735,2.2038111686706543,14.28571492433548,0.7033330427865231,2026-07-26T06:17:55.499301+00:00
769,2.0829837322235107,12.857143580913544,0.7377053286680685,2026-07-26T06:18:04.465223+00:00
736,2.060368061065674,2.857142873108387,0.7137818999970996,2026-07-26T06:18:05.651225+00:00
770,2.0826141834259033,12.857143580913544,0.739410642875425,2026-07-26T06:18:14.767541+00:00
737,1.9330575466156006,15.714286267757416,0.7050051000468167,2026-07-26T06:18:15.808150+00:00
771,2.0463905334472656,14.28571492433548,0.6989329714477728,2026-07-26T06:18:25.024000+00:00
738,2.2045905590057373,25.714287161827087,0.678206528703283,2026-07-26T06:18:25.979058+00:00
772,2.0799014568328857,17.142857611179352,0.6899126713895904,2026-07-26T06:18:35.282815+00:00
739,1.8978058099746704,18.571428954601288,0.6917917714287926,2026-07-26T06:18:36.303550+00:00
773,2.0735275745391846,12.857143580913544,0.712153571449952,2026-07-26T06:18:45.564041+00:00
740,1.9596025943756104,17.142857611179352,0.7544481428340077,2026-07-26T06:18:46.535120+00:00
774,1.9989079236984253,14.28571492433548,0.7130301713394667,2026-07-26T06:18:56.097160+00:00
741,2.026049852371216,21.42857164144516,0.7094246285435345,2026-07-26T06:19:08.805943+00:00
775,2.0755608081817627,22.857142984867096,0.7230790001423364,2026-07-26T06:19:18.289102+00:00
742,1.977652907371521,14.28571492433548,0.7075865285254882,2026-07-26T06:19:19.191926+00:00
776,2.081923007965088,2.857142873108387,0.6977773283974135,2026-07-26T06:19:28.757595+00:00
743,1.969720482826233,30.000001192092896,0.796435228507367,2026-07-26T06:19:42.226543+00:00
777,2.263925075531006,14.28571492433548,0.8449949571513571,2026-07-26T06:19:53.176041+00:00
744,2.0275285243988037,4.285714402794838,0.8074076715274714,2026-07-26T06:19:53.937423+00:00
778,2.0144362449645996,21.42857164144516,0.733898785672084,2026-07-26T06:20:04.474743+00:00
745,2.0465269088745117,12.857143580913544,0.7105068713177128,2026-07-26T06:20:05.207080+00:00
779,2.0739188194274902,12.857143580913544,0.709853928544492,2026-07-26T06:20:15.128595+00:00
746,1.9907257556915283,14.28571492433548,0.6839979427500761,2026-07-26T06:20:15.715832+00:00
780,1.9934016466140747,15.714286267757416,0.6968827573083607,2026-07-26T06:20:25.439337+00:00
747,2.032076597213745,10.000000149011612,0.7205985569661217,2026-07-26T06:20:25.923918+00:00
781,2.0400936603546143,14.28571492433548,0.716195342829451,2026-07-26T06:20:35.775400+00:00
748,1.9121333360671997,18.571428954601288,0.7040521857561544,2026-07-26T06:20:36.215306+00:00
782,2.1402575969696045,4.285714402794838,0.7102487714811494,2026-07-26T06:20:46.321134+00:00
749,2.2584564685821533,12.857143580913544,0.7067513001467367,2026-07-26T06:20:58.316867+00:00
783,2.0708963871002197,12.857143580913544,0.7586502571939491,2026-07-26T06:21:08.560128+00:00
750,2.123566150665283,14.28571492433548,0.7440397856823567,2026-07-26T06:21:20.386184+00:00
784,1.9679970741271973,17.142857611179352,0.7770005287186775,2026-07-26T06:21:30.587424+00:00
751,2.019505262374878,22.857142984867096,0.7157892857711495,2026-07-26T06:21:30.892642+00:00
785,1.9844120740890503,14.28571492433548,0.7236430142906362,2026-07-26T06:21:40.924175+00:00
752,2.0180721282958984,14.28571492433548,0.7155559857242874,2026-07-26T06:21:53.079884+00:00
786,2.0676774978637695,14.28571492433548,0.7297201142396911,2026-07-26T06:22:03.270586+00:00
753,2.022212266921997,17.142857611179352,0.6913597855600528,2026-07-26T06:22:03.745902+00:00
787,2.0838167667388916,14.28571492433548,1.0024779856654016,2026-07-26T06:22:13.738054+00:00
754,1.970212697982788,15.714286267757416,0.7257652855644534,2026-07-26T06:22:14.063330+00:00
788,1.9940237998962402,14.28571492433548,0.7069463286565484,2026-07-26T06:22:24.196242+00:00
755,2.009143590927124,14.28571492433548,0.6871561000090358,2026-07-26T06:22:36.031694+00:00
756,2.0151946544647217,14.28571492433548,0.9206755999392564,2026-07-26T06:22:46.443572+00:00
789,2.0520167350769043,14.28571492433548,0.7151543715735897,2026-07-26T06:22:46.545094+00:00
790,2.0434844493865967,0.0,0.7348047284592343,2026-07-26T06:22:56.980264+00:00
757,2.0186169147491455,18.571428954601288,0.8472864285327627,2026-07-26T06:23:08.655076+00:00
758,1.9475816488265991,14.28571492433548,0.9535943571661066,2026-07-26T06:23:19.125719+00:00
791,2.0651721954345703,14.28571492433548,0.730570828558744,2026-07-26T06:23:19.229999+00:00
792,1.9853262901306152,15.714286267757416,0.7077672001157355,2026-07-26T06:23:29.580945+00:00
759,2.0098161697387695,14.28571492433548,0.7852439571122107,2026-07-26T06:23:40.988138+00:00
760,2.0010523796081543,14.28571492433548,0.7376953570721005,2026-07-26T06:23:51.484678+00:00
793,2.0595860481262207,25.714287161827087,0.7920388855771827,2026-07-26T06:23:51.540148+00:00
794,2.063258647918701,14.28571492433548,0.7009708143803957,2026-07-26T06:24:01.908615+00:00
761,2.036289691925049,17.142857611179352,0.7350433000413302,2026-07-26T06:24:13.423702+00:00
762,2.017704963684082,11.428571492433548,0.7167943572442579,2026-07-26T06:24:24.034337+00:00
795,2.06121826171875,5.714285746216774,0.706835271557793,2026-07-26T06:24:24.219833+00:00
763,1.9128602743148804,22.857142984867096,0.8942347999046822,2026-07-26T06:24:34.642345+00:00
796,1.9903367757797241,0.0,0.7091729714634961,2026-07-26T06:24:34.764191+00:00
764,1.9943712949752808,30.000001192092896,0.7242887856721479,2026-07-26T06:24:45.281219+00:00
797,2.021977186203003,14.28571492433548,0.7846022571486952,2026-07-26T06:24:45.333152+00:00
798,1.9831132888793945,14.28571492433548,0.7897670141703982,2026-07-26T06:24:55.856143+00:00
765,1.9403581619262695,14.28571492433548,0.7024469856073016,2026-07-26T06:24:55.958873+00:00
799,2.059088945388794,15.714286267757416,0.8508637713800583,2026-07-26T06:25:06.428932+00:00
766,2.011629819869995,15.714286267757416,1.0258531000415263,2026-07-26T06:25:06.511936+00:00
800,2.058382511138916,14.28571492433548,0.7265256857083712,2026-07-26T06:25:17.024185+00:00
767,1.9632015228271484,28.57142984867096,0.7092935428123123,2026-07-26T06:25:28.941037+00:00
801,2.057774543762207,14.28571492433548,0.7179247142630629,2026-07-26T06:25:39.769004+00:00
768,1.97006356716156,22.857142984867096,0.7323007856030017,2026-07-26T06:25:51.404367+00:00
802,2.0482258796691895,14.28571492433548,0.7285340570628509,2026-07-26T06:26:02.302993+00:00
769,1.9645370244979858,12.857143580913544,0.7353515141793261,2026-07-26T06:26:13.982914+00:00
803,2.065434694290161,14.28571492433548,0.7649355713510886,2026-07-26T06:26:24.876627+00:00
770,1.982335090637207,25.714287161827087,0.7133965715183876,2026-07-26T06:26:36.244298+00:00
804,2.0519139766693115,14.28571492433548,0.7557433000848894,2026-07-26T06:26:47.535708+00:00
771,1.961881160736084,14.28571492433548,0.7173869000065939,2026-07-26T06:26:58.582832+00:00
772,2.046400785446167,11.428571492433548,0.7263116856587918,2026-07-26T06:27:08.930219+00:00
805,2.0550191402435303,14.28571492433548,0.6901266427511084,2026-07-26T06:27:09.425214+00:00
773,1.9743342399597168,7.14285746216774,0.7028429428048965,2026-07-26T06:27:19.412041+00:00
806,1.984474778175354,14.28571492433548,0.6770291141167816,2026-07-26T06:27:19.980908+00:00
807,1.984903335571289,12.857143580913544,0.921806028678215,2026-07-26T06:27:30.497258+00:00
774,2.0088117122650146,27.142858505249023,0.7027752570658257,2026-07-26T06:27:41.452771+00:00
775,1.929342269897461,31.42857253551483,0.7392570000125228,2026-07-26T06:27:51.773684+00:00
808,1.9779253005981445,15.714286267757416,0.704669628508522,2026-07-26T06:27:52.573238+00:00
776,1.927151083946228,18.571428954601288,0.7004519001514251,2026-07-26T06:28:02.284912+00:00
809,2.047219753265381,12.857143580913544,0.6863235001219437,2026-07-26T06:28:02.874207+00:00
810,2.0146632194519043,14.28571492433548,0.7230554857025189,2026-07-26T06:28:13.238228+00:00
777,1.935980200767517,15.714286267757416,0.7097141856710161,2026-07-26T06:28:24.171792+00:00
778,1.9660155773162842,14.28571492433548,0.7450807714901332,2026-07-26T06:28:34.457094+00:00
811,2.0511605739593506,12.857143580913544,0.7452334429087516,2026-07-26T06:28:35.509255+00:00
812,2.0525951385498047,14.28571492433548,0.7135101571163561,2026-07-26T06:28:45.848095+00:00
779,1.9280521869659424,5.714285746216774,0.713311299997648,2026-07-26T06:28:56.244205+00:00
780,2.0013225078582764,11.428571492433548,0.7146928999905607,2026-07-26T06:29:06.728645+00:00
813,2.047791004180908,12.857143580913544,0.7159307285162088,2026-07-26T06:29:08.138129+00:00
781,1.977445363998413,22.857142984867096,0.6984170572000689,2026-07-26T06:29:16.997597+00:00
814,1.982483983039856,12.857143580913544,0.7153250000556,2026-07-26T06:29:18.505143+00:00
782,1.9376181364059448,28.57142984867096,0.7861061570500689,2026-07-26T06:29:27.342171+00:00
815,1.9343611001968384,14.28571492433548,0.727273100138908,2026-07-26T06:29:28.907531+00:00
783,1.961233139038086,15.714286267757416,0.6958742000279017,2026-07-26T06:29:37.805645+00:00
816,2.0478293895721436,14.28571492433548,0.6918688286012704,2026-07-26T06:29:39.229972+00:00
784,1.9878610372543335,28.57142984867096,0.7183547998595584,2026-07-26T06:29:48.174458+00:00
817,1.9857943058013916,22.857142984867096,0.6962560713873245,2026-07-26T06:29:49.724114+00:00
818,1.9812700748443604,14.28571492433548,0.9031895286170766,2026-07-26T06:30:00.490947+00:00
785,1.9465301036834717,15.714286267757416,0.7380245571507008,2026-07-26T06:30:10.495067+00:00
786,2.1344642639160156,11.428571492433548,0.7925867142538274,2026-07-26T06:30:20.996612+00:00
819,2.044410467147827,12.857143580913544,0.7019033857172222,2026-07-26T06:30:23.362127+00:00
787,1.9914659261703491,1.4285714365541935,0.6980116570567979,2026-07-26T06:30:31.489062+00:00
820,2.044788360595703,14.28571492433548,0.7171257571566717,2026-07-26T06:30:33.675463+00:00
788,1.9218004941940308,7.14285746216774,0.6960579713839772,2026-07-26T06:30:41.973681+00:00
821,1.9813990592956543,14.28571492433548,0.7222443571663462,2026-07-26T06:30:44.143734+00:00
822,2.0429763793945312,14.28571492433548,0.7338192999928392,2026-07-26T06:30:54.847549+00:00
789,1.8929524421691895,15.714286267757416,0.6729562284557947,2026-07-26T06:31:04.459817+00:00
823,1.9793485403060913,12.857143580913544,0.7077122857611228,2026-07-26T06:31:17.656927+00:00
790,1.973946213722229,14.28571492433548,0.7267179142218083,2026-07-26T06:31:26.767062+00:00
824,1.986142873764038,14.28571492433548,0.7237429713963398,2026-07-26T06:31:39.783832+00:00
791,2.007263422012329,14.28571492433548,0.7119095572436761,2026-07-26T06:31:49.180640+00:00
792,1.9906049966812134,12.857143580913544,0.7295071714906953,2026-07-26T06:31:59.634735+00:00
825,1.9643663167953491,18.571428954601288,0.7049630142449003,2026-07-26T06:32:02.302557+00:00
793,1.9896153211593628,10.000000149011612,0.6900475429055015,2026-07-26T06:32:09.870876+00:00
826,2.039445161819458,14.28571492433548,0.7105488999513909,2026-07-26T06:32:12.606426+00:00
827,1.976252555847168,15.714286267757416,0.7414816571066954,2026-07-26T06:32:23.339829+00:00
794,2.003444194793701,12.857143580913544,0.6884394427678282,2026-07-26T06:32:32.080256+00:00
795,2.005993366241455,12.857143580913544,0.7208474286017008,2026-07-26T06:32:42.320712+00:00
828,1.9757400751113892,14.28571492433548,0.7167861572400267,2026-07-26T06:32:45.449467+00:00
829,2.0407557487487793,11.428571492433548,0.71678422869549,2026-07-26T06:32:55.865472+00:00
796,2.004256248474121,18.571428954601288,0.7001355286255212,2026-07-26T06:33:04.668355+00:00
797,1.9948664903640747,2.857142873108387,0.7022731999833404,2026-07-26T06:33:14.787176+00:00
830,2.0391173362731934,18.571428954601288,0.7558731285306359,2026-07-26T06:33:18.033963+00:00
831,1.9774998426437378,12.857143580913544,0.7128732000377828,2026-07-26T06:33:28.389656+00:00
798,1.941319465637207,14.28571492433548,2.306919128750451,2026-07-26T06:33:36.789908+00:00
832,1.975777506828308,15.714286267757416,0.7012963143227223,2026-07-26T06:33:50.441789+00:00
799,1.957157015800476,15.714286267757416,0.7301725000226205,2026-07-26T06:33:58.614069+00:00
833,2.0390214920043945,14.28571492433548,0.6944205429005836,2026-07-26T06:34:12.694965+00:00
800,1.985837697982788,8.571428805589676,0.7237394857968736,2026-07-26T06:34:20.786562+00:00
801,1.9519524574279785,17.142857611179352,0.7317158142021591,2026-07-26T06:34:31.161251+00:00
834,2.0362865924835205,12.857143580913544,0.7168378570765657,2026-07-26T06:34:35.090962+00:00
835,1.9737919569015503,15.714286267757416,0.7315176428944271,2026-07-26T06:34:45.520504+00:00
802,1.9845399856567383,14.28571492433548,0.6953737284805227,2026-07-26T06:34:53.166077+00:00
803,1.9649932384490967,14.28571492433548,0.7636868002009578,2026-07-26T06:35:03.799335+00:00
836,2.036022186279297,14.28571492433548,0.6878283999477779,2026-07-26T06:35:08.119841+00:00
837,2.154151678085327,14.28571492433548,0.7220130000080514,2026-07-26T06:35:18.729876+00:00
804,1.9955297708511353,12.857143580913544,0.7476982427760959,2026-07-26T06:35:26.167219+00:00
805,1.9964756965637207,14.28571492433548,0.7254113428643905,2026-07-26T06:35:36.505994+00:00
838,2.026247024536133,14.28571492433548,0.7092088284220414,2026-07-26T06:35:41.148763+00:00
806,1.9895366430282593,1.4285714365541935,0.6980571428097652,2026-07-26T06:35:46.915822+00:00
839,2.032257318496704,17.142857611179352,0.7266171858645976,2026-07-26T06:35:51.521137+00:00
807,1.9220409393310547,14.28571492433548,0.7104526284300456,2026-07-26T06:35:57.209337+00:00
840,1.9731550216674805,14.28571492433548,0.7161560141997012,2026-07-26T06:36:01.959784+00:00
808,1.9500930309295654,14.28571492433548,0.6905896715969513,2026-07-26T06:36:07.618544+00:00
841,2.0346248149871826,14.28571492433548,0.7192825856951198,2026-07-26T06:36:12.360120+00:00
809,1.9563359022140503,14.28571492433548,0.7530937287291246,2026-07-26T06:36:18.076815+00:00
842,2.0338950157165527,12.857143580913544,0.7158612857373166,2026-07-26T06:36:22.738000+00:00
810,1.9712707996368408,17.142857611179352,0.7451820143614896,2026-07-26T06:36:28.363186+00:00
843,1.9051936864852905,21.42857164144516,0.7149415999135401,2026-07-26T06:36:33.182463+00:00
811,1.9789857864379883,4.285714402794838,0.8400288713996166,2026-07-26T06:36:38.830567+00:00
844,1.9573359489440918,12.857143580913544,0.7413146000804512,2026-07-26T06:36:44.042812+00:00
845,2.0283350944519043,14.28571492433548,0.711790199940359,2026-07-26T06:36:54.466479+00:00
812,1.957983374595642,15.714286267757416,0.7028803570262556,2026-07-26T06:37:01.376665+00:00
813,2.0006468296051025,11.428571492433548,0.6922721143512588,2026-07-26T06:37:11.700475+00:00
846,1.991916537284851,31.42857253551483,0.7700624572212941,2026-07-26T06:37:16.514201+00:00
814,1.9144928455352783,15.714286267757416,0.7187124000795717,2026-07-26T06:37:22.074873+00:00
847,1.970636010169983,15.714286267757416,0.7115773856639862,2026-07-26T06:37:27.041412+00:00
815,1.9454779624938965,20.000000298023224,0.7087839713286874,2026-07-26T06:37:32.320730+00:00
848,2.005782127380371,22.857142984867096,0.7090915713758607,2026-07-26T06:37:37.518814+00:00
816,1.9548087120056152,14.28571492433548,0.7531117714409318,2026-07-26T06:37:42.542986+00:00
849,2.0288102626800537,12.857143580913544,0.7517278716217594,2026-07-26T06:37:47.796981+00:00
817,1.972752332687378,15.714286267757416,0.6988646572738486,2026-07-26T06:37:52.906927+00:00
850,2.0195436477661133,14.28571492433548,0.7554229141013431,2026-07-26T06:37:58.411248+00:00
818,1.9612584114074707,8.571428805589676,0.7185642856971494,2026-07-26T06:38:03.254061+00:00
851,1.9695171117782593,15.714286267757416,0.7186465857167995,2026-07-26T06:38:09.036206+00:00
819,1.9399540424346924,15.714286267757416,0.7486223284753837,2026-07-26T06:38:13.548674+00:00
852,1.9697481393814087,15.714286267757416,0.7311380715691485,2026-07-26T06:38:19.357353+00:00
853,2.0256247520446777,15.714286267757416,0.732152742940733,2026-07-26T06:38:29.802160+00:00
820,1.9557247161865234,14.28571492433548,0.7167401287006214,2026-07-26T06:38:35.945429+00:00
821,1.9488693475723267,17.142857611179352,0.6960570857959932,2026-07-26T06:38:46.132189+00:00
854,1.9712210893630981,14.28571492433548,0.7024430856940204,2026-07-26T06:38:52.063959+00:00
855,1.9686135053634644,15.714286267757416,0.7045287428939315,2026-07-26T06:39:02.306569+00:00
822,1.955811619758606,11.428571492433548,0.7010931571130641,2026-07-26T06:39:08.388316+00:00
823,2.0163416862487793,0.0,0.7445513141906953,2026-07-26T06:39:18.621127+00:00
856,2.023314952850342,14.28571492433548,0.6784442284177723,2026-07-26T06:39:24.584200+00:00
824,1.943334937095642,17.142857611179352,0.7024870143920582,2026-07-26T06:39:28.939541+00:00
857,2.0229456424713135,15.714286267757416,0.6784782142079037,2026-07-26T06:39:34.897042+00:00
825,1.9425498247146606,18.571428954601288,0.6980758998127254,2026-07-26T06:39:39.404044+00:00
858,1.972378134727478,14.28571492433548,0.7094216429062986,2026-07-26T06:39:45.382238+00:00
859,1.967738151550293,17.142857611179352,0.7026453571078102,2026-07-26T06:39:55.682844+00:00
826,1.9498683214187622,12.857143580913544,0.7206644143609863,2026-07-26T06:40:01.627567+00:00
860,1.912108063697815,15.714286267757416,0.7003844428774235,2026-07-26T06:40:17.798252+00:00
827,1.9599056243896484,14.28571492433548,0.774186457108174,2026-07-26T06:40:23.542313+00:00
828,2.054713487625122,14.28571492433548,0.7187893998759267,2026-07-26T06:40:33.926905+00:00
861,1.9731214046478271,28.57142984867096,0.7166327287060474,2026-07-26T06:40:39.909655+00:00
829,1.9607338905334473,5.714285746216774,0.7381145428683209,2026-07-26T06:40:44.463022+00:00
862,1.9663207530975342,15.714286267757416,0.7123197285441815,2026-07-26T06:40:50.341993+00:00
863,2.0243542194366455,12.857143580913544,0.7112029858814951,2026-07-26T06:41:00.714843+00:00
830,2.011312484741211,1.4285714365541935,0.7811397715288747,2026-07-26T06:41:06.536603+00:00
864,1.967166781425476,15.714286267757416,0.7262120428744571,2026-07-26T06:41:22.822014+00:00
831,1.9398400783538818,21.42857164144516,0.688129714191226,2026-07-26T06:41:28.452062+00:00
832,1.959897756576538,12.857143580913544,0.6892309141611415,2026-07-26T06:41:38.715206+00:00
865,1.9696016311645508,14.28571492433548,0.7149803001084365,2026-07-26T06:41:45.067923+00:00
833,1.9535893201828003,10.000000149011612,0.7183370712612356,2026-07-26T06:41:49.231531+00:00
866,1.9147799015045166,15.714286267757416,0.7038289570898216,2026-07-26T06:41:55.434812+00:00
867,2.022693395614624,14.28571492433548,0.6962592856975139,2026-07-26T06:42:05.767700+00:00
834,1.9514704942703247,12.857143580913544,0.7076608570059761,2026-07-26T06:42:11.142921+00:00
868,1.9686566591262817,14.28571492433548,0.7026285427855328,2026-07-26T06:42:27.604191+00:00
835,1.9266504049301147,15.714286267757416,0.6942900142998302,2026-07-26T06:42:33.356544+00:00
836,1.958959698677063,18.571428954601288,0.7059502001668859,2026-07-26T06:42:43.719228+00:00
869,1.9681274890899658,12.857143580913544,0.7470221716045801,2026-07-26T06:42:49.857167+00:00
870,1.9717304706573486,14.28571492433548,0.722346014143633,2026-07-26T06:43:00.441544+00:00
837,1.9386498928070068,25.714287161827087,0.7210366571338714,2026-07-26T06:43:05.790678+00:00
838,1.9595040082931519,15.714286267757416,0.7040183714707382,2026-07-26T06:43:16.018690+00:00
871,2.0167431831359863,25.714287161827087,0.752534057288098,2026-07-26T06:43:22.540779+00:00
872,2.012289047241211,14.28571492433548,0.7127106428794963,2026-07-26T06:43:32.862799+00:00
839,1.9429279565811157,25.714287161827087,0.7106572713902487,2026-07-26T06:43:38.128908+00:00
840,1.9646748304367065,4.285714402794838,0.708064842703087,2026-07-26T06:43:48.330661+00:00
873,2.0213897228240967,12.857143580913544,0.7176158427942677,2026-07-26T06:43:55.077526+00:00
841,1.959680438041687,12.857143580913544,0.6875480999172265,2026-07-26T06:43:58.749208+00:00
874,1.9979997873306274,2.857142873108387,0.7395340285646463,2026-07-26T06:44:05.629681+00:00
842,1.9093372821807861,18.571428954601288,0.6857127429352009,2026-07-26T06:44:09.215571+00:00
875,2.0191843509674072,14.28571492433548,0.7002022144401313,2026-07-26T06:44:16.040797+00:00
843,1.957977533340454,22.857142984867096,0.7561963714709107,2026-07-26T06:44:19.524271+00:00
876,2.0161852836608887,12.857143580913544,0.7539306000191054,2026-07-26T06:44:26.550376+00:00
877,1.9564093351364136,17.142857611179352,0.7063265571819751,2026-07-26T06:44:37.346750+00:00
844,1.9753413200378418,12.857143580913544,0.6925453858067547,2026-07-26T06:44:41.756461+00:00
878,2.0194501876831055,14.28571492433548,0.7147478000011429,2026-07-26T06:44:59.819875+00:00
845,1.9577126502990723,15.714286267757416,0.7215250570360305,2026-07-26T06:45:04.029572+00:00
846,1.9439197778701782,15.714286267757416,0.7030365570764324,2026-07-26T06:45:14.499538+00:00
879,2.016273021697998,14.28571492433548,0.7043022714372325,2026-07-26T06:45:22.142416+00:00
847,1.9250274896621704,32.85714387893677,0.7087459999768596,2026-07-26T06:45:24.945145+00:00
880,2.0115268230438232,14.28571492433548,0.7385241713823884,2026-07-26T06:45:32.492869+00:00
881,1.9654104709625244,14.28571492433548,0.726186328600826,2026-07-26T06:45:42.906443+00:00
848,1.9652204513549805,14.28571492433548,0.6921505428700974,2026-07-26T06:45:47.060861+00:00
849,1.9274221658706665,17.142857611179352,0.7020954142457673,2026-07-26T06:45:57.621651+00:00
882,2.0182600021362305,15.714286267757416,0.6898107572591731,2026-07-26T06:46:05.147203+00:00
850,1.9586944580078125,7.14285746216774,0.734833514226401,2026-07-26T06:46:08.089983+00:00
883,1.9620540142059326,20.000000298023224,0.7036771142988333,2026-07-26T06:46:15.723746+00:00
884,2.016519069671631,12.857143580913544,0.6883731140987948,2026-07-26T06:46:26.155880+00:00
851,1.9441101551055908,5.714285746216774,0.9963497284583614,2026-07-26T06:46:29.777816+00:00
852,1.9423186779022217,14.28571492433548,0.7324241141239847,2026-07-26T06:46:40.499478+00:00
885,2.0152788162231445,12.857143580913544,0.6995961286260614,2026-07-26T06:46:48.304822+00:00
886,2.0545551776885986,14.28571492433548,0.7221598429688518,2026-07-26T06:46:58.821609+00:00
853,1.9277082681655884,12.857143580913544,0.7058565427931691,2026-07-26T06:47:02.466127+00:00
854,1.9534754753112793,18.571428954601288,0.6920680143853783,2026-07-26T06:47:12.699568+00:00
887,2.0098345279693604,12.857143580913544,0.7665306427432889,2026-07-26T06:47:20.886914+00:00
855,1.9425898790359497,15.714286267757416,0.7104128000459501,2026-07-26T06:47:23.334522+00:00
888,1.962464690208435,17.142857611179352,0.6942251000769569,2026-07-26T06:47:31.189642+00:00
889,2.013270854949951,12.857143580913544,0.685846471502113,2026-07-26T06:47:41.390086+00:00
856,1.9402594566345215,21.42857164144516,0.7344169571297243,2026-07-26T06:47:45.455905+00:00
890,1.9182928800582886,20.000000298023224,0.7408569286261419,2026-07-26T06:48:03.564166+00:00
857,1.9280973672866821,11.428571492433548,0.7381972143775783,2026-07-26T06:48:07.578653+00:00
858,1.9614205360412598,18.571428954601288,0.7032599144232726,2026-07-26T06:48:18.032517+00:00
891,2.0112738609313965,1.4285714365541935,0.7175981285399757,2026-07-26T06:48:25.699371+00:00
892,1.9555224180221558,10.000000149011612,0.7134105143320214,2026-07-26T06:48:36.103256+00:00
859,1.9590601921081543,12.857143580913544,0.7262780285340601,2026-07-26T06:48:40.132436+00:00
860,1.9283349514007568,14.28571492433548,0.8804295856472371,2026-07-26T06:48:50.564597+00:00
893,2.0137743949890137,14.28571492433548,0.7344431141973473,2026-07-26T06:48:58.428476+00:00
861,1.955083966255188,11.428571492433548,0.7008291570985291,2026-07-26T06:49:01.031218+00:00
894,1.9788068532943726,15.714286267757416,0.7044805430008897,2026-07-26T06:49:08.808976+00:00
862,1.9482064247131348,20.000000298023224,0.7233905857512062,2026-07-26T06:49:11.377072+00:00
895,2.010262966156006,14.28571492433548,0.7020757142787001,2026-07-26T06:49:19.294369+00:00
896,2.0115339756011963,17.142857611179352,0.7247329857948768,2026-07-26T06:49:29.684488+00:00
863,1.9481029510498047,10.000000149011612,0.6912961571028322,2026-07-26T06:49:33.378144+00:00
897,1.9493844509124756,14.28571492433548,0.7047002856519872,2026-07-26T06:49:51.794507+00:00
864,1.9482831954956055,12.857143580913544,0.7267059714649804,2026-07-26T06:49:55.043240+00:00
865,1.9494216442108154,12.857143580913544,0.7421268428775616,2026-07-26T06:50:05.427853+00:00
898,1.9660844802856445,15.714286267757416,0.735930742770766,2026-07-26T06:50:13.674289+00:00
866,1.9516912698745728,18.571428954601288,0.7154193430324085,2026-07-26T06:50:15.986924+00:00
899,2.0083425045013428,15.714286267757416,0.7132472715706432,2026-07-26T06:50:24.089410+00:00
867,1.944100260734558,14.28571492433548,0.7172591142339765,2026-07-26T06:50:26.435667+00:00
900,2.0065133571624756,15.714286267757416,0.7595155999297276,2026-07-26T06:50:34.626665+00:00
868,1.945840835571289,15.714286267757416,0.7235131712929744,2026-07-26T06:50:36.817003+00:00
901,1.9617366790771484,14.28571492433548,0.7272547428978474,2026-07-26T06:50:45.057763+00:00
902,1.9610782861709595,21.42857164144516,0.7181165999749543,2026-07-26T06:50:55.423016+00:00
869,1.9447968006134033,5.714285746216774,0.7453354713756458,2026-07-26T06:50:58.619390+00:00
903,1.9603571891784668,17.142857611179352,0.7060469570985464,2026-07-26T06:51:17.440941+00:00
870,1.9293437004089355,15.714286267757416,0.6873329999507405,2026-07-26T06:51:20.944642+00:00
871,1.9328124523162842,15.714286267757416,0.701299900122519,2026-07-26T06:51:31.314223+00:00
904,1.9057329893112183,12.857143580913544,0.7389853858122868,2026-07-26T06:51:39.764700+00:00
872,1.9577754735946655,14.28571492433548,0.690567128393533,2026-07-26T06:51:41.929237+00:00
905,2.0094897747039795,14.28571492433548,0.6894583001017703,2026-07-26T06:51:50.322733+00:00
873,1.942807912826538,14.28571492433548,0.6980924285016954,2026-07-26T06:51:52.413938+00:00
906,2.008004665374756,11.428571492433548,0.7177130998960429,2026-07-26T06:52:00.549192+00:00
874,1.9412881135940552,20.000000298023224,0.6969016714720055,2026-07-26T06:52:02.770828+00:00
907,1.9575657844543457,15.714286267757416,0.7010829857400884,2026-07-26T06:52:11.005541+00:00
908,2.0052545070648193,18.571428954601288,0.6903445714020303,2026-07-26T06:52:21.242249+00:00
875,1.9586750268936157,15.714286267757416,0.7119117142532819,2026-07-26T06:52:24.818922+00:00
909,1.9619961977005005,11.428571492433548,0.7347426142327355,2026-07-26T06:52:43.371848+00:00
876,1.960852026939392,0.0,0.7172024571835729,2026-07-26T06:52:47.136819+00:00
877,1.9485939741134644,14.28571492433548,0.7090967572626791,2026-07-26T06:52:57.495364+00:00
910,2.0081393718719482,14.28571492433548,0.7075670000631362,2026-07-26T06:53:05.493413+00:00
878,1.9380388259887695,18.571428954601288,0.715871771431661,2026-07-26T06:53:07.894170+00:00
911,1.9156402349472046,15.714286267757416,0.7252886142980839,2026-07-26T06:53:15.983230+00:00
879,1.9433257579803467,15.714286267757416,0.6957987857666532,2026-07-26T06:53:18.258751+00:00
912,2.005502223968506,14.28571492433548,0.6872102142161957,2026-07-26T06:53:26.393284+00:00
880,1.9528608322143555,15.714286267757416,0.7150419428528818,2026-07-26T06:53:28.829921+00:00
913,1.9591130018234253,14.28571492433548,0.6819574000214093,2026-07-26T06:53:36.639150+00:00
881,1.9414448738098145,10.000000149011612,0.6986046715090717,2026-07-26T06:53:39.308123+00:00
914,1.9813698530197144,15.714286267757416,0.7046544714415046,2026-07-26T06:53:47.033361+00:00
882,1.9588239192962646,12.857143580913544,0.7157392571181325,2026-07-26T06:53:49.666760+00:00
915,2.0063743591308594,14.28571492433548,0.6772124857109572,2026-07-26T06:53:57.435258+00:00
883,1.952601432800293,12.857143580913544,0.7123704143201134,2026-07-26T06:53:59.998642+00:00
916,1.9571219682693481,20.000000298023224,0.8664596715659302,2026-07-26T06:54:07.923889+00:00
884,1.944218635559082,14.28571492433548,2.38279427139787,2026-07-26T06:54:10.242074+00:00
917,1.9126360416412354,15.714286267757416,0.7104556999235814,2026-07-26T06:54:18.197874+00:00
885,1.926763892173767,15.714286267757416,0.7154919142651904,2026-07-26T06:54:20.527446+00:00
918,2.006155490875244,11.428571492433548,0.7328620286508729,2026-07-26T06:54:28.522209+00:00
886,1.9446916580200195,5.714285746216774,0.7151247428347622,2026-07-26T06:54:30.890538+00:00
919,1.9603840112686157,14.28571492433548,0.7280452000226691,2026-07-26T06:54:38.771498+00:00
887,1.9260122776031494,15.714286267757416,0.7289853427209891,2026-07-26T06:54:41.264858+00:00
920,1.956422209739685,17.142857611179352,0.7024108714956258,2026-07-26T06:54:49.120341+00:00
888,1.927496075630188,15.714286267757416,0.6943893571068267,2026-07-26T06:54:51.818059+00:00
921,2.0035834312438965,14.28571492433548,0.7330054714527381,2026-07-26T06:54:59.636379+00:00
889,1.927704930305481,15.714286267757416,0.7259946285297961,2026-07-26T06:55:02.270975+00:00
922,1.957703948020935,17.142857611179352,0.7123667859039935,2026-07-26T06:55:10.063127+00:00
890,1.9587712287902832,14.28571492433548,0.7094946999651646,2026-07-26T06:55:12.642896+00:00
923,2.005042791366577,15.714286267757416,0.6982773999750082,2026-07-26T06:55:20.358824+00:00
924,2.0009870529174805,14.28571492433548,0.7164063713779407,2026-07-26T06:55:30.713901+00:00
891,1.9377604722976685,14.28571492433548,0.7149530285719915,2026-07-26T06:55:34.933633+00:00
892,1.9178606271743774,24.285714328289032,0.7057054999417491,2026-07-26T06:55:45.256434+00:00
925,1.975195288658142,14.28571492433548,0.7297662142913656,2026-07-26T06:55:52.940590+00:00
893,1.9472562074661255,8.571428805589676,0.7435912856765623,2026-07-26T06:55:55.554027+00:00
926,1.9973278045654297,12.857143580913544,0.6979161572027286,2026-07-26T06:56:03.360981+00:00
894,1.9233227968215942,24.285714328289032,0.7188875571176011,2026-07-26T06:56:05.976125+00:00
927,2.001197099685669,0.0,0.7089108000010518,2026-07-26T06:56:13.670288+00:00
928,2.0019843578338623,14.28571492433548,0.7105014143495022,2026-07-26T06:56:24.023631+00:00
895,1.9586255550384521,14.28571492433548,0.7177805999942523,2026-07-26T06:56:27.857257+00:00
929,1.981077790260315,14.28571492433548,0.6887689571677974,2026-07-26T06:56:46.431035+00:00
896,1.9429720640182495,15.714286267757416,0.7301014856368835,2026-07-26T06:56:50.255728+00:00
897,1.9373844861984253,18.571428954601288,0.7382560571256493,2026-07-26T06:57:00.677967+00:00
930,1.999551773071289,14.28571492433548,0.7177685285569169,2026-07-26T06:57:08.697857+00:00
931,1.9994882345199585,18.571428954601288,0.7137143998988904,2026-07-26T06:57:19.033833+00:00
898,1.954342246055603,10.000000149011612,0.7072203857075823,2026-07-26T06:57:22.854567+00:00
899,1.9605636596679688,14.28571492433548,0.6949739857061233,2026-07-26T06:57:33.130597+00:00
932,2.00080943107605,15.714286267757416,0.7519956570052142,2026-07-26T06:57:41.214603+00:00
900,1.9397282600402832,18.571428954601288,0.7156220428961596,2026-07-26T06:57:43.795043+00:00
933,1.9552817344665527,15.714286267757416,0.6897090713859403,2026-07-26T06:57:51.718868+00:00
934,2.001979112625122,12.857143580913544,0.7415342142589256,2026-07-26T06:58:02.102013+00:00
901,1.9273254871368408,15.714286267757416,0.8090585141742069,2026-07-26T06:58:06.087845+00:00
902,1.943541169166565,11.428571492433548,0.8260588999421868,2026-07-26T06:58:16.283835+00:00
935,1.9554975032806396,15.714286267757416,0.7073053857311606,2026-07-26T06:58:24.388655+00:00
903,1.960729956626892,1.4285714365541935,0.7082295001185099,2026-07-26T06:58:26.885250+00:00
936,1.9577375650405884,12.857143580913544,0.7114415285676452,2026-07-26T06:58:34.634923+00:00
904,1.957091212272644,12.857143580913544,0.7039189428074418,2026-07-26T06:58:37.266369+00:00
937,1.9532030820846558,15.714286267757416,0.6974044143654672,2026-07-26T06:58:45.047201+00:00
905,1.9568376541137695,8.571428805589676,0.7236033287231943,2026-07-26T06:58:48.098459+00:00
938,1.9551578760147095,15.714286267757416,0.7597257857144412,2026-07-26T06:58:55.784643+00:00
939,2.0012381076812744,11.428571492433548,0.7275168713281995,2026-07-26T06:59:06.305776+00:00
906,1.956174373626709,14.28571492433548,0.7433538000831114,2026-07-26T06:59:10.582458+00:00
940,1.9136686325073242,18.571428954601288,0.7626008857706829,2026-07-26T06:59:28.539184+00:00
907,1.9723589420318604,10.000000149011612,0.7150466713937931,2026-07-26T06:59:32.695508+00:00
941,1.9571367502212524,12.857143580913544,0.6911283142731658,2026-07-26T06:59:50.572405+00:00
908,1.9367187023162842,12.857143580913544,0.9097736569986279,2026-07-26T06:59:54.861401+00:00
909,1.9582027196884155,14.28571492433548,0.7130098285935155,2026-07-26T07:00:05.353094+00:00
942,1.9552217721939087,14.28571492433548,0.6954775428831844,2026-07-26T07:00:12.687454+00:00
943,1.957344651222229,14.28571492433548,0.686223285655225,2026-07-26T07:00:23.053929+00:00
910,1.9567463397979736,12.857143580913544,0.70531344286532,2026-07-26T07:00:27.695303+00:00
911,1.948144555091858,12.857143580913544,0.7123609144140833,2026-07-26T07:00:38.179422+00:00
944,1.9037785530090332,21.42857164144516,0.7095880714976894,2026-07-26T07:00:45.580735+00:00
912,1.939882516860962,10.000000149011612,0.7323206285946071,2026-07-26T07:00:48.996155+00:00
945,1.9567073583602905,14.28571492433548,0.7317103000657101,2026-07-26T07:00:56.436127+00:00
913,1.9532562494277954,14.28571492433548,0.7276163715037651,2026-07-26T07:00:59.483064+00:00
946,1.952213168144226,15.714286267757416,0.7165918571575146,2026-07-26T07:01:07.337192+00:00
947,1.9961185455322266,12.857143580913544,0.7022391285447936,2026-07-26T07:01:17.998226+00:00
914,1.9602787494659424,12.857143580913544,0.7385157285690573,2026-07-26T07:01:22.382350+00:00
948,1.9535856246948242,15.714286267757416,0.7071227999404073,2026-07-26T07:01:41.001762+00:00
915,1.9756700992584229,11.428571492433548,0.7327685429897559,2026-07-26T07:01:44.796994+00:00
949,1.9567784070968628,12.857143580913544,0.7193383143333318,2026-07-26T07:02:03.962758+00:00
916,1.942879319190979,12.857143580913544,0.7396460999318931,2026-07-26T07:02:07.267713+00:00
917,1.9410910606384277,15.714286267757416,0.7419478572306356,2026-07-26T07:02:17.783310+00:00
950,1.987770915031433,18.571428954601288,0.7231469430345376,2026-07-26T07:02:26.895004+00:00
918,1.9587345123291016,12.857143580913544,0.7173179141578397,2026-07-26T07:02:28.290841+00:00
951,1.9988634586334229,14.28571492433548,0.7285616570568112,2026-07-26T07:02:37.469552+00:00
919,1.9582719802856445,14.28571492433548,0.8587002714713371,2026-07-26T07:02:38.858867+00:00
952,1.9567278623580933,12.857143580913544,0.7382063571380318,2026-07-26T07:02:48.155338+00:00
920,1.8850315809249878,20.000000298023224,0.7204244857088529,2026-07-26T07:02:49.619172+00:00
953,1.9963117837905884,12.857143580913544,0.7673736000599872,2026-07-26T07:02:58.853274+00:00
954,1.9820120334625244,12.857143580913544,0.7565253143963803,2026-07-26T07:03:09.509715+00:00
921,1.9419150352478027,15.714286267757416,0.7440620000124909,2026-07-26T07:03:11.934659+00:00
922,1.9599125385284424,17.142857611179352,0.7631342427755174,2026-07-26T07:03:22.565361+00:00
955,2.028093099594116,12.857143580913544,0.7187678143964149,2026-07-26T07:03:32.494303+00:00
956,1.9589691162109375,15.714286267757416,0.7495216715532089,2026-07-26T07:03:43.117284+00:00
923,1.9584211111068726,15.714286267757416,0.7482479856532466,2026-07-26T07:03:44.982172+00:00
957,1.9919939041137695,15.714286267757416,0.7139494000252202,2026-07-26T07:04:06.087433+00:00
924,1.956599235534668,14.28571492433548,0.7307228141663862,2026-07-26T07:04:07.341721+00:00
925,1.9582545757293701,12.857143580913544,0.7293250569741109,2026-07-26T07:04:17.882062+00:00
958,1.954835295677185,12.857143580913544,0.7333663429432948,2026-07-26T07:04:28.430258+00:00
959,1.9907042980194092,8.571428805589676,0.6966528713486956,2026-07-26T07:04:39.095976+00:00
926,1.9452462196350098,14.28571492433548,0.7129510714938598,2026-07-26T07:04:40.056455+00:00
960,1.9536685943603516,17.142857611179352,0.7185566571674177,2026-07-26T07:05:01.435668+00:00
927,1.9432874917984009,14.28571492433548,0.749866985591195,2026-07-26T07:05:02.308788+00:00
961,2.3007419109344482,15.714286267757416,0.76161474280525,2026-07-26T07:05:23.579339+00:00
928,1.9441509246826172,10.000000149011612,0.7032021713842239,2026-07-26T07:05:24.729447+00:00
929,1.9437997341156006,12.857143580913544,0.7238722713996789,2026-07-26T07:05:35.414185+00:00
930,1.946195363998413,10.000000149011612,0.7341510142266218,2026-07-26T07:05:45.846020+00:00
962,1.9661325216293335,15.714286267757416,0.7211870285183457,2026-07-26T07:05:46.388465+00:00
931,1.939274787902832,27.142858505249023,0.7465062999731995,2026-07-26T07:05:56.593419+00:00
963,1.961269497871399,2.857142873108387,0.8789298712924523,2026-07-26T07:05:56.947940+00:00
964,1.946311116218567,14.28571492433548,0.7066199998787072,2026-07-26T07:06:07.342664+00:00
965,1.9902393817901611,11.428571492433548,0.7611132287170872,2026-07-26T07:06:17.793954+00:00
932,1.9234282970428467,27.142858505249023,0.7113085427720632,2026-07-26T07:06:19.061718+00:00
933,2.057098865509033,14.28571492433548,0.7156692428647408,2026-07-26T07:06:29.468705+00:00
934,1.9293228387832642,18.571428954601288,0.751825285884219,2026-07-26T07:06:39.935012+00:00
966,1.9531300067901611,14.28571492433548,0.7495314855727234,2026-07-26T07:06:40.653134+00:00
967,1.992677927017212,12.857143580913544,0.7471892427669705,2026-07-26T07:06:51.205737+00:00
968,1.992424488067627,4.285714402794838,0.7151399857580795,2026-07-26T07:07:01.778495+00:00
935,1.9589385986328125,15.714286267757416,0.7544947285038819,2026-07-26T07:07:02.573311+00:00
936,1.9597370624542236,14.28571492433548,0.7175638142923293,2026-07-26T07:07:13.091672+00:00
937,1.9577000141143799,22.857142984867096,0.7667396570988265,2026-07-26T07:07:23.528616+00:00
969,1.9899365901947021,14.28571492433548,0.7232604714642678,2026-07-26T07:07:23.871849+00:00
938,1.9517930746078491,14.28571492433548,0.7413625571643934,2026-07-26T07:07:34.174242+00:00
970,1.9546256065368652,12.857143580913544,0.7200992429196568,2026-07-26T07:07:34.532282+00:00
971,1.9632505178451538,12.857143580913544,0.731703285626801,2026-07-26T07:07:45.011096+00:00
972,1.9523228406906128,12.857143580913544,0.7479706856039618,2026-07-26T07:07:55.764753+00:00
939,1.9565750360488892,17.142857611179352,0.7133693284621196,2026-07-26T07:07:56.645481+00:00
973,1.9644635915756226,14.28571492433548,0.7119601858513696,2026-07-26T07:08:18.233770+00:00
940,1.9468833208084106,14.28571492433548,2.489668885703265,2026-07-26T07:08:18.980873+00:00
974,1.9920752048492432,18.571428954601288,0.9318153571387354,2026-07-26T07:08:40.564655+00:00
941,1.9526911973953247,28.57142984867096,0.7480464428746407,2026-07-26T07:08:41.475147+00:00
942,1.9430999755859375,15.714286267757416,0.6951762999441209,2026-07-26T07:08:51.798762+00:00
943,1.9412072896957397,15.714286267757416,0.791932171393585,2026-07-26T07:09:02.368253+00:00
975,1.997733473777771,12.857143580913544,0.7355958857390631,2026-07-26T07:09:03.282462+00:00
944,1.9447269439697266,18.571428954601288,0.7045077428171811,2026-07-26T07:09:12.734847+00:00
976,1.9846744537353516,11.428571492433548,0.7289679143078891,2026-07-26T07:09:13.768933+00:00
945,1.9575797319412231,12.857143580913544,0.7400476286420599,2026-07-26T07:09:23.395004+00:00
977,1.9703737497329712,15.714286267757416,0.7483419286602709,2026-07-26T07:09:24.493010+00:00
978,1.9843368530273438,14.28571492433548,0.745246814247886,2026-07-26T07:09:34.914874+00:00
979,1.985997200012207,11.428571492433548,0.6930462142918259,2026-07-26T07:09:45.416389+00:00
946,1.9565132856369019,12.857143580913544,0.713815628426216,2026-07-26T07:09:45.782168+00:00
980,1.9873199462890625,12.857143580913544,0.8058111285208724,2026-07-26T07:10:08.044359+00:00
947,1.9292774200439453,27.142858505249023,0.8356000714619377,2026-07-26T07:10:08.098673+00:00
948,1.9435545206069946,17.142857611179352,0.7255811142385937,2026-07-26T07:10:18.457161+00:00
981,2.062988758087158,15.714286267757416,0.7135872858011031,2026-07-26T07:10:30.778756+00:00
949,1.953059196472168,12.857143580913544,0.9161867858243308,2026-07-26T07:10:40.970910+00:00
982,1.945008397102356,11.428571492433548,0.7391580000070722,2026-07-26T07:10:41.210534+00:00
950,1.9283047914505005,17.142857611179352,0.7189901285788177,2026-07-26T07:11:03.307586+00:00
983,1.9817652702331543,14.28571492433548,0.7852301001548767,2026-07-26T07:11:03.524333+00:00
984,1.9544315338134766,14.28571492433548,0.7265544140994149,2026-07-26T07:11:25.377382+00:00
951,1.9435653686523438,18.571428954601288,0.7201863856088104,2026-07-26T07:11:25.719182+00:00
985,1.9520361423492432,21.42857164144516,0.8932403143262491,2026-07-26T07:11:47.582723+00:00
952,1.948846459388733,15.714286267757416,0.7355819857496368,2026-07-26T07:11:47.853451+00:00
953,1.942710280418396,15.714286267757416,0.7278169997984411,2026-07-26T07:11:58.898124+00:00
954,1.9575831890106201,11.428571492433548,0.7445506998919882,2026-07-26T07:12:09.304045+00:00
986,1.9147931337356567,15.714286267757416,0.6823557572455944,2026-07-26T07:12:09.962100+00:00
955,1.9584176540374756,15.714286267757416,0.7759443858438836,2026-07-26T07:12:19.559035+00:00
987,1.9524086713790894,14.28571492433548,0.7157891286104652,2026-07-26T07:12:20.404023+00:00
956,1.9533212184906006,12.857143580913544,0.7360902714676091,2026-07-26T07:12:30.203484+00:00
988,1.9648799896240234,8.571428805589676,0.6905793000311989,2026-07-26T07:12:31.001659+00:00
989,1.9424225091934204,2.857142873108387,0.7109925429436511,2026-07-26T07:12:41.473692+00:00
990,1.971927285194397,12.857143580913544,0.7490196429509004,2026-07-26T07:12:51.917027+00:00
957,1.9527456760406494,4.285714402794838,0.7109720999973692,2026-07-26T07:12:52.265842+00:00
958,1.9569846391677856,10.000000149011612,0.7334973143380401,2026-07-26T07:13:02.638848+00:00
991,1.987068772315979,17.142857611179352,0.7337320714473857,2026-07-26T07:13:14.258603+00:00
992,1.9514846801757812,15.714286267757416,0.7240944714534894,2026-07-26T07:13:24.683454+00:00
959,1.9644501209259033,14.28571492433548,0.8020000858648147,2026-07-26T07:13:25.059479+00:00
960,1.9574729204177856,12.857143580913544,0.7213583999795706,2026-07-26T07:13:35.450869+00:00
993,1.9532883167266846,14.28571492433548,0.7147542999259063,2026-07-26T07:13:47.338212+00:00
961,1.8999744653701782,15.714286267757416,0.7028199857034321,2026-07-26T07:13:57.239025+00:00
994,1.9324406385421753,17.142857611179352,0.7343170858803205,2026-07-26T07:13:57.857389+00:00
962,1.94320547580719,14.28571492433548,0.7632484998404314,2026-07-26T07:14:07.540647+00:00
963,1.9470033645629883,11.428571492433548,0.7209901284243513,2026-07-26T07:14:17.802944+00:00
995,1.978672742843628,27.142858505249023,0.7061411429146704,2026-07-26T07:14:20.093268+00:00
964,1.956603765487671,14.28571492433548,0.7100897714345982,2026-07-26T07:14:28.343478+00:00
996,2.137094020843506,15.714286267757416,0.7155715999293274,2026-07-26T07:14:30.545846+00:00
965,1.9444209337234497,11.428571492433548,0.7010942142057631,2026-07-26T07:14:38.723920+00:00
997,2.1093862056732178,17.142857611179352,0.6967892142711207,2026-07-26T07:14:40.945795+00:00
966,1.9543346166610718,18.571428954601288,0.7045131143448609,2026-07-26T07:14:49.126018+00:00
998,2.0853538513183594,1.4285714365541935,0.7422298858208316,2026-07-26T07:14:51.517479+00:00
999,2.2771248817443848,8.571428805589676,0.7123926143062167,2026-07-26T07:15:02.092072+00:00
967,1.9396946430206299,17.142857611179352,0.7667759998834559,2026-07-26T07:15:11.280949+00:00
968,1.957635521888733,11.428571492433548,2.3090546572348103,2026-07-26T07:15:21.726525+00:00
969,1.9569717645645142,17.142857611179352,0.7119986999896355,2026-07-26T07:15:31.995136+00:00
970,1.9563672542572021,12.857143580913544,0.7466064570637951,2026-07-26T07:15:53.945430+00:00
971,1.95263671875,17.142857611179352,0.7068438856679548,2026-07-26T07:16:04.361674+00:00
972,1.9251813888549805,17.142857611179352,0.7086020859008255,2026-07-26T07:16:26.698044+00:00
973,1.9565658569335938,12.857143580913544,0.8014887286533069,2026-07-26T07:16:36.998875+00:00
974,1.9306749105453491,15.714286267757416,0.7182247429487428,2026-07-26T07:16:48.059616+00:00
975,1.9606610536575317,4.285714402794838,0.7453209855676894,2026-07-26T07:16:58.624196+00:00
976,1.9428274631500244,15.714286267757416,0.784031099880979,2026-07-26T07:17:09.248471+00:00
977,1.9577105045318604,8.571428805589676,0.7023171856417321,2026-07-26T07:17:31.626458+00:00
978,1.9570164680480957,12.857143580913544,0.7336641285551845,2026-07-26T07:17:41.888220+00:00
979,1.9388453960418701,28.57142984867096,0.8387740857350374,2026-07-26T07:18:04.306889+00:00
980,1.9427926540374756,11.428571492433548,0.7387671428399959,2026-07-26T07:18:14.615273+00:00
981,1.9434090852737427,14.28571492433548,0.7684149428054557,2026-07-26T07:18:24.879421+00:00
982,1.9349873065948486,17.142857611179352,0.731933128554374,2026-07-26T07:18:46.780539+00:00
983,1.9431086778640747,12.857143580913544,0.7234355856780894,2026-07-26T07:18:57.253333+00:00
984,1.9616925716400146,24.285714328289032,0.7178660428118228,2026-07-26T07:19:07.672717+00:00
985,1.9578512907028198,2.857142873108387,0.7064204143326995,2026-07-26T07:19:30.114542+00:00
986,1.930632472038269,21.42857164144516,0.7426126286320921,2026-07-26T07:19:40.423641+00:00
987,1.94284188747406,12.857143580913544,0.7344005714652927,2026-07-26T07:19:51.003624+00:00
988,1.943185806274414,12.857143580913544,0.720425671274175,2026-07-26T07:20:01.658570+00:00
989,1.9670759439468384,14.28571492433548,0.7093134142840946,2026-07-26T07:20:23.470005+00:00
990,1.956183910369873,20.000000298023224,0.7338815426919609,2026-07-26T07:20:33.961092+00:00
991,1.9761618375778198,15.714286267757416,0.7383159571743038,2026-07-26T07:20:56.240240+00:00
992,1.9679683446884155,4.285714402794838,0.7410021712920363,2026-07-26T07:21:17.949756+00:00
993,1.9549458026885986,10.000000149011612,0.7189653572692934,2026-07-26T07:21:28.566129+00:00
994,1.953640341758728,14.28571492433548,0.714814399959453,2026-07-26T07:21:38.815948+00:00
995,1.9606951475143433,14.28571492433548,0.7303381571546197,2026-07-26T07:21:49.316177+00:00
996,1.9406577348709106,32.85714387893677,0.7085779430261547,2026-07-26T07:22:11.610316+00:00
997,1.957310676574707,8.571428805589676,0.7015125144139996,2026-07-26T07:22:22.061317+00:00
998,1.9431194067001343,27.142858505249023,0.72508668568584,2026-07-26T07:22:44.384620+00:00
999,1.942622423171997,14.28571492433548,0.7014734857615882,2026-07-26T07:22:54.821605+00:00
