episode,loss,acc,inf_ms,timestamp
0,10.008572578430176,43.99999976158142,1.0575988799973857,2026-07-25T15:00:45.092481+00:00
1,8.388235092163086,41.999998688697815,1.0655914000381017,2026-07-25T15:00:55.741572+00:00
2,13.821855545043945,21.99999988079071,1.0754073599673575,2026-07-25T15:01:06.086909+00:00
3,7.835710525512695,39.99999761581421,0.9563921399967512,2026-07-25T15:01:27.238901+00:00
4,13.813093185424805,43.99999976158142,0.9717258399905404,2026-07-25T15:01:37.429923+00:00
5,12.948843002319336,51.99999809265137,1.039536659955047,2026-07-25T15:01:59.408277+00:00
6,16.582353591918945,41.999998688697815,1.0115641800075537,2026-07-25T15:02:21.026553+00:00
7,15.230400085449219,37.99999952316284,1.0472407400084194,2026-07-25T15:02:31.363073+00:00
8,10.093012809753418,53.999996185302734,0.9626833399670431,2026-07-25T15:02:41.595114+00:00
9,11.756447792053223,41.999998688697815,1.0066013000323437,2026-07-25T15:02:51.939811+00:00
10,6.187656402587891,59.99999642372131,0.995067059993744,2026-07-25T15:03:13.727064+00:00
11,13.374655723571777,34.00000035762787,1.0023874600301497,2026-07-25T15:03:24.336145+00:00
12,12.743448257446289,39.99999761581421,1.0497927999676904,2026-07-25T15:03:45.904438+00:00
13,12.870561599731445,34.00000035762787,1.121769020028296,2026-07-25T15:03:56.527798+00:00
14,9.675057411193848,51.99999809265137,1.0030128200014587,2026-07-25T15:04:07.161732+00:00
15,16.437671661376953,35.999998450279236,1.0969212599593448,2026-07-25T15:04:17.517586+00:00
16,19.74874496459961,29.999998211860657,1.0301603799598524,2026-07-25T15:04:27.915125+00:00
17,13.26828384399414,47.999998927116394,0.9807372999785001,2026-07-25T15:04:38.831333+00:00
18,14.329455375671387,47.999998927116394,1.0002217800501967,2026-07-25T15:04:49.286622+00:00
19,14.490281105041504,39.99999761581421,1.2783081000088714,2026-07-25T15:05:11.469085+00:00
20,15.035972595214844,47.999998927116394,0.9935343600227498,2026-07-25T15:05:21.791324+00:00
21,17.955059051513672,34.00000035762787,1.0643340800015721,2026-07-25T15:05:43.952818+00:00
22,13.710851669311523,35.999998450279236,0.9595843800343573,2026-07-25T15:05:54.422230+00:00
23,9.571372985839844,47.999998927116394,1.0364634200232103,2026-07-25T15:06:05.075581+00:00
24,10.637364387512207,56.00000023841858,1.0877944200183265,2026-07-25T15:06:15.512477+00:00
25,8.210208892822266,17.999999225139618,0.9741971000039484,2026-07-25T15:06:25.973166+00:00
26,6.672745227813721,41.999998688697815,0.9977975400397554,2026-07-25T15:06:37.141070+00:00
27,6.831418514251709,34.00000035762787,0.9972145399660802,2026-07-25T15:06:47.973449+00:00
28,12.676896095275879,9.999999403953552,0.97662140004104,2026-07-25T15:06:58.255307+00:00
29,11.914590835571289,21.99999988079071,1.0149168999487301,2026-07-25T15:07:08.598094+00:00
30,5.091711044311523,14.000000059604645,1.014029199941433,2026-07-25T15:07:19.060073+00:00
31,5.495811939239502,21.99999988079071,0.9923156999866478,2026-07-25T15:07:29.459731+00:00
32,3.5918915271759033,35.999998450279236,0.9866100799990818,2026-07-25T15:07:51.199890+00:00
33,5.21799373626709,17.999999225139618,1.0488201399857644,2026-07-25T15:08:01.912229+00:00
34,2.7489702701568604,31.999999284744263,1.0690092200093204,2026-07-25T15:08:12.504401+00:00
35,3.310072660446167,41.999998688697815,0.975461659982102,2026-07-25T15:08:34.757604+00:00
36,2.8697292804718018,21.99999988079071,1.0722594199614832,2026-07-25T15:08:57.008170+00:00
37,1.8773596286773682,39.99999761581421,1.0066317000018898,2026-07-25T15:09:07.330270+00:00
38,1.585938572883606,34.00000035762787,1.050764900064678,2026-07-25T15:09:17.544388+00:00
39,3.380635976791382,15.999999642372131,0.9620413200173061,2026-07-25T15:09:39.318746+00:00
40,3.690624475479126,45.99999785423279,1.005685460040695,2026-07-25T15:09:49.763693+00:00
41,3.5159108638763428,17.999999225139618,0.9895435599901249,2026-07-25T15:10:11.739522+00:00
42,2.9946484565734863,7.999999821186066,1.085780799985514,2026-07-25T15:10:22.194865+00:00
43,3.0853681564331055,17.999999225139618,1.0075434800091898,2026-07-25T15:10:32.620129+00:00
44,4.560628890991211,21.99999988079071,1.117549999980838,2026-07-25T15:10:42.901683+00:00
45,1.8374145030975342,29.999998211860657,1.0630839999794262,2026-07-25T15:11:04.588169+00:00
46,2.2463669776916504,28.00000011920929,0.9715308200247819,2026-07-25T15:11:14.905450+00:00
47,2.3804571628570557,17.999999225139618,0.9450822800135938,2026-07-25T15:11:25.208731+00:00
48,5.841929912567139,34.00000035762787,1.2723979799920926,2026-07-25T15:11:35.598571+00:00
0,13.671548843383789,31.999999284744263,1.0175203600374516,2026-07-25T15:11:43.062377+00:00
49,1.9279415607452393,23.999999463558197,1.022535340016475,2026-07-25T15:11:57.316759+00:00
1,6.216707706451416,51.99999809265137,0.9767832399666078,2026-07-25T15:12:03.899417+00:00
2,13.998664855957031,23.999999463558197,1.0201227600191487,2026-07-25T15:12:14.099643+00:00
50,2.015784740447998,23.999999463558197,3.306317480019061,2026-07-25T15:12:19.234048+00:00
51,3.4891467094421387,7.999999821186066,1.0253263200138463,2026-07-25T15:12:29.612261+00:00
3,15.455187797546387,41.999998688697815,0.9531334599887487,2026-07-25T15:12:35.008626+00:00
52,6.874140739440918,7.999999821186066,0.9915426399675197,2026-07-25T15:12:39.986811+00:00
4,16.75161361694336,31.999999284744263,0.9880047399929027,2026-07-25T15:12:45.100675+00:00
53,2.7722437381744385,29.999998211860657,1.006070239964174,2026-07-25T15:13:01.413603+00:00
5,19.27802085876465,28.00000011920929,0.970732380010304,2026-07-25T15:13:06.158905+00:00
54,2.04556941986084,17.999999225139618,0.9824623000167776,2026-07-25T15:13:22.674043+00:00
6,12.772026062011719,45.99999785423279,1.0343896999984281,2026-07-25T15:13:27.974769+00:00
7,15.16561508178711,25.999999046325684,1.0118673400575062,2026-07-25T15:13:38.187726+00:00
55,8.178230285644531,19.999998807907104,0.9842152200144484,2026-07-25T15:13:43.998304+00:00
8,14.478307723999023,37.99999952316284,1.010625600029016,2026-07-25T15:13:48.662639+00:00
56,3.3830530643463135,21.99999988079071,1.0437397599889664,2026-07-25T15:13:54.677259+00:00
57,2.754556179046631,19.999998807907104,0.9645508799439995,2026-07-25T15:14:05.027267+00:00
9,11.472185134887695,31.999999284744263,1.00866701999621,2026-07-25T15:14:10.505972+00:00
58,3.2834632396698,7.999999821186066,1.1457415200129617,2026-07-25T15:14:15.466081+00:00
59,5.575170993804932,19.999998807907104,0.9956206199422013,2026-07-25T15:14:25.778337+00:00
10,11.098477363586426,50.0,1.0674772600032156,2026-07-25T15:14:32.145902+00:00
60,2.1125457286834717,19.999998807907104,0.9264329599682242,2026-07-25T15:14:36.217169+00:00
11,17.787734985351562,17.999999225139618,1.011258500002441,2026-07-25T15:14:42.488270+00:00
61,2.3180062770843506,25.999999046325684,1.0016208799788728,2026-07-25T15:14:46.455936+00:00
12,10.955854415893555,29.999998211860657,1.049323760016705,2026-07-25T15:14:52.914537+00:00
62,1.9827076196670532,21.99999988079071,0.9982681599649368,2026-07-25T15:14:56.703295+00:00
63,2.962566614151001,17.999999225139618,0.9798429999500512,2026-07-25T15:15:07.125094+00:00
13,18.383712768554688,21.99999988079071,1.040040459993179,2026-07-25T15:15:14.310414+00:00
64,2.2281863689422607,5.999999865889549,1.0206091799773276,2026-07-25T15:15:28.445976+00:00
14,16.616979598999023,19.999998807907104,0.9999670200340917,2026-07-25T15:15:35.778254+00:00
65,3.363917350769043,21.99999988079071,1.000170719999005,2026-07-25T15:15:38.664883+00:00
66,2.2017018795013428,25.999999046325684,1.0310088799451478,2026-07-25T15:15:49.024072+00:00
15,13.293766021728516,25.999999046325684,1.0358773399639176,2026-07-25T15:15:57.776281+00:00
67,1.916567325592041,28.00000011920929,1.0712937200150918,2026-07-25T15:15:59.513599+00:00
16,19.79973793029785,31.999999284744263,0.9953024199785433,2026-07-25T15:16:07.884197+00:00
68,1.6564282178878784,19.999998807907104,0.9743323000293458,2026-07-25T15:16:09.688342+00:00
17,10.584924697875977,31.999999284744263,1.0538610199728282,2026-07-25T15:16:18.128967+00:00
18,17.99085235595703,17.999999225139618,1.0533666999981506,2026-07-25T15:16:28.384601+00:00
69,2.169981002807617,21.99999988079071,1.0151418199529871,2026-07-25T15:16:30.923706+00:00
19,14.560901641845703,25.999999046325684,1.0873359000106575,2026-07-25T15:16:38.905252+00:00
20,7.489202976226807,34.00000035762787,1.0251335600332823,2026-07-25T15:16:49.346669+00:00
70,2.3274102210998535,17.999999225139618,0.9866812999825925,2026-07-25T15:16:53.309362+00:00
21,16.01726531982422,23.999999463558197,0.9919624799658777,2026-07-25T15:16:59.599237+00:00
71,1.9679951667785645,31.999999284744263,0.9887676600192207,2026-07-25T15:17:04.173230+00:00
22,11.558440208435059,23.999999463558197,1.0244714800501242,2026-07-25T15:17:09.825134+00:00
23,7.465822219848633,5.999999865889549,1.0067627199896378,2026-07-25T15:17:20.098537+00:00
72,3.7282934188842773,17.999999225139618,1.0067362200061325,2026-07-25T15:17:25.662752+00:00
73,3.0069971084594727,15.999999642372131,0.991547180019552,2026-07-25T15:17:35.934134+00:00
24,15.978218078613281,23.999999463558197,1.0696575199835934,2026-07-25T15:17:41.138334+00:00
74,3.062103271484375,23.999999463558197,0.9894542000256478,2026-07-25T15:17:46.353571+00:00
25,7.521540641784668,19.999998807907104,1.019551360004698,2026-07-25T15:17:51.364204+00:00
75,2.1444361209869385,19.999998807907104,1.0460997599875554,2026-07-25T15:17:56.925428+00:00
26,14.14202880859375,19.999998807907104,0.9706355199887184,2026-07-25T15:18:01.746431+00:00
27,6.241591930389404,19.999998807907104,0.9856194199528545,2026-07-25T15:18:11.930673+00:00
76,3.243467330932617,14.000000059604645,0.9943642200232717,2026-07-25T15:18:18.027876+00:00
28,11.889839172363281,17.999999225139618,0.997589960024925,2026-07-25T15:18:22.084535+00:00
77,2.994748830795288,17.999999225139618,1.019056380027905,2026-07-25T15:18:28.157144+00:00
29,2.820574998855591,35.999998450279236,0.9856079000019236,2026-07-25T15:18:43.693056+00:00
78,2.1403870582580566,25.999999046325684,1.0236535600415664,2026-07-25T15:18:49.447032+00:00
30,4.721417427062988,21.99999988079071,1.0065286799363093,2026-07-25T15:19:05.187837+00:00
79,1.9542430639266968,11.999999731779099,0.9826887199596966,2026-07-25T15:19:10.818211+00:00
31,4.532198429107666,19.999998807907104,1.0111073600273812,2026-07-25T15:19:15.608245+00:00
80,2.118018627166748,21.99999988079071,1.053549779971945,2026-07-25T15:19:32.063862+00:00
32,2.956162214279175,21.99999988079071,1.0033976799604716,2026-07-25T15:19:36.743287+00:00
33,2.7670319080352783,37.99999952316284,1.0250011600146536,2026-07-25T15:19:47.047433+00:00
81,1.536324143409729,28.00000011920929,1.0068705800222233,2026-07-25T15:19:53.439293+00:00
34,3.285856246948242,29.999998211860657,0.9895012000197311,2026-07-25T15:19:57.469939+00:00
82,11.193048477172852,23.999999463558197,0.9722338600113289,2026-07-25T15:20:04.182932+00:00
35,6.160181999206543,7.999999821186066,0.9925927800213685,2026-07-25T15:20:07.693915+00:00
83,4.861692905426025,19.999998807907104,1.0110690599685768,2026-07-25T15:20:14.530794+00:00
36,5.328803539276123,43.99999976158142,1.0135008199722506,2026-07-25T15:20:28.784094+00:00
84,4.253773212432861,21.99999988079071,0.9800207400257931,2026-07-25T15:20:35.765923+00:00
37,3.275834321975708,19.999998807907104,0.9728310000355123,2026-07-25T15:20:39.177411+00:00
85,2.483797550201416,17.999999225139618,0.9745615399879171,2026-07-25T15:20:46.118134+00:00
38,2.5376510620117188,25.999999046325684,0.9827958600362762,2026-07-25T15:21:00.056759+00:00
86,2.6019551753997803,11.999999731779099,0.9419717799755745,2026-07-25T15:21:07.610365+00:00
87,2.0575790405273438,17.999999225139618,0.9769404599501285,2026-07-25T15:21:17.863652+00:00
39,2.6892590522766113,21.99999988079071,1.0217666599783115,2026-07-25T15:21:20.991300+00:00
88,4.018667697906494,19.999998807907104,1.052379840039066,2026-07-25T15:21:28.088142+00:00
40,5.2132568359375,21.99999988079071,1.0175416999845766,2026-07-25T15:21:41.872647+00:00
89,2.206188678741455,28.00000011920929,1.0157890799746383,2026-07-25T15:21:49.435282+00:00
41,5.920222759246826,21.99999988079071,0.9625677399890264,2026-07-25T15:22:03.051817+00:00
90,3.468949556350708,19.999998807907104,0.9983561600529357,2026-07-25T15:22:10.699700+00:00
42,3.2997074127197266,25.999999046325684,0.9644815800129436,2026-07-25T15:22:13.246475+00:00
91,4.510681629180908,15.999999642372131,0.9860875400045188,2026-07-25T15:22:20.856672+00:00
43,5.93354606628418,25.999999046325684,0.983442360011395,2026-07-25T15:22:23.391604+00:00
92,2.617102861404419,23.999999463558197,1.034010319999652,2026-07-25T15:22:31.606809+00:00
44,3.14835786819458,21.99999988079071,1.0002092200011248,2026-07-25T15:22:44.357923+00:00
93,2.537762403488159,23.999999463558197,0.9739350000018021,2026-07-25T15:22:53.191309+00:00
45,2.856207847595215,23.999999463558197,1.0061308999866014,2026-07-25T15:22:54.808042+00:00
94,4.038819789886475,19.999998807907104,1.0240559399971971,2026-07-25T15:23:03.888131+00:00
95,2.240432024002075,31.999999284744263,1.0266379400127335,2026-07-25T15:23:14.356747+00:00
46,4.561346054077148,17.999999225139618,1.0271412399742985,2026-07-25T15:23:15.838050+00:00
96,2.2120440006256104,23.999999463558197,1.0229676400194876,2026-07-25T15:23:24.521131+00:00
47,3.525644540786743,17.999999225139618,1.0299957000097493,2026-07-25T15:23:26.006207+00:00
97,1.9171340465545654,23.999999463558197,0.9487729999818839,2026-07-25T15:23:34.636998+00:00
48,3.724376916885376,19.999998807907104,1.0474521399737569,2026-07-25T15:23:36.098887+00:00
98,5.302103042602539,21.99999988079071,0.9660805400199024,2026-07-25T15:23:44.946631+00:00
99,3.8342719078063965,7.999999821186066,1.0373581000021659,2026-07-25T15:23:55.219264+00:00
49,5.608952522277832,19.999998807907104,1.015652999994927,2026-07-25T15:23:57.214119+00:00
100,1.9287614822387695,21.99999988079071,1.0069134200603003,2026-07-25T15:24:16.665681+00:00
50,4.648740291595459,23.999999463558197,1.295789580035489,2026-07-25T15:24:18.537054+00:00
101,5.459636688232422,21.99999988079071,0.9468439399643103,2026-07-25T15:24:27.119039+00:00
51,2.0117344856262207,23.999999463558197,0.959924620037782,2026-07-25T15:24:28.774956+00:00
102,3.463651180267334,17.999999225139618,0.9803137400012929,2026-07-25T15:24:37.755272+00:00
52,4.1487555503845215,1.9999999552965164,0.9539077400404494,2026-07-25T15:24:39.051107+00:00
103,2.687150239944458,25.999999046325684,1.012639019972994,2026-07-25T15:24:48.124694+00:00
104,3.581432580947876,19.999998807907104,0.943240520064137,2026-07-25T15:24:58.451379+00:00
53,3.687673330307007,23.999999463558197,0.9788981000019702,2026-07-25T15:25:00.565609+00:00
105,2.091134786605835,11.999999731779099,1.0042445200087968,2026-07-25T15:25:08.736680+00:00
54,3.7009880542755127,17.999999225139618,1.005368779951823,2026-07-25T15:25:10.722833+00:00
106,2.6142327785491943,34.00000035762787,1.0191233600198757,2026-07-25T15:25:18.902752+00:00
55,4.393105983734131,15.999999642372131,1.0261189000448212,2026-07-25T15:25:20.841310+00:00
107,2.898991346359253,9.999999403953552,1.0211650800192729,2026-07-25T15:25:29.087552+00:00
56,3.9377715587615967,21.99999988079071,1.0124684600305045,2026-07-25T15:25:30.945341+00:00
108,3.5591962337493896,17.999999225139618,0.9935273400333245,2026-07-25T15:25:39.247941+00:00
57,8.782388687133789,17.999999225139618,0.9999154400429687,2026-07-25T15:25:41.050968+00:00
58,3.3530609607696533,23.999999463558197,1.0054500400292454,2026-07-25T15:25:51.240633+00:00
109,3.2771060466766357,17.999999225139618,1.2400274600076955,2026-07-25T15:26:00.598130+00:00
59,3.6920151710510254,17.999999225139618,0.9987976800039178,2026-07-25T15:26:02.113162+00:00
110,2.9877355098724365,3.999999910593033,0.9739859399996931,2026-07-25T15:26:21.741763+00:00
60,2.719680070877075,21.99999988079071,1.0081920599623118,2026-07-25T15:26:23.572883+00:00
111,3.3270812034606934,14.000000059604645,0.946952699960093,2026-07-25T15:26:32.609392+00:00
61,5.257641792297363,19.999998807907104,0.9960110799875109,2026-07-25T15:26:33.953428+00:00
62,3.4711191654205322,35.999998450279236,1.150635880039772,2026-07-25T15:26:44.348956+00:00
63,4.059269428253174,23.999999463558197,1.1013517800165573,2026-07-25T15:26:54.753205+00:00
112,2.481468439102173,23.999999463558197,1.0368281199771445,2026-07-25T15:26:54.849884+00:00
64,5.633852958679199,21.99999988079071,1.5056743600143818,2026-07-25T15:27:05.086581+00:00
113,4.623297214508057,15.999999642372131,0.9851756400166777,2026-07-25T15:27:05.222674+00:00
65,3.6615495681762695,25.999999046325684,1.006092500028899,2026-07-25T15:27:15.272748+00:00
114,2.6408016681671143,7.999999821186066,1.0288461599702714,2026-07-25T15:27:15.680268+00:00
66,3.4187817573547363,14.000000059604645,1.0192193199327448,2026-07-25T15:27:25.473591+00:00
115,2.6354827880859375,15.999999642372131,0.962143059950904,2026-07-25T15:27:25.982932+00:00
67,4.598487377166748,34.00000035762787,1.013520759952371,2026-07-25T15:27:35.833989+00:00
116,3.42207670211792,25.999999046325684,0.9563049400458112,2026-07-25T15:27:36.359416+00:00
68,3.228505849838257,11.999999731779099,0.944635100022424,2026-07-25T15:27:46.198146+00:00
117,2.7052669525146484,19.999998807907104,0.9648360599385342,2026-07-25T15:27:46.631176+00:00
118,3.470264196395874,19.999998807907104,1.0265707399958046,2026-07-25T15:27:56.926034+00:00
119,3.0470221042633057,21.99999988079071,1.0076271600701148,2026-07-25T15:28:07.266038+00:00
69,2.2433741092681885,25.999999046325684,1.0071753399824956,2026-07-25T15:28:07.586084+00:00
120,4.016383647918701,21.99999988079071,1.0584215800190577,2026-07-25T15:28:28.385158+00:00
70,3.7312262058258057,19.999998807907104,1.0466750200430397,2026-07-25T15:28:28.713435+00:00
121,2.995037794113159,17.999999225139618,1.0156077799911145,2026-07-25T15:28:38.581230+00:00
71,4.070818901062012,15.999999642372131,0.9638040400022874,2026-07-25T15:28:38.851249+00:00
122,3.1476259231567383,25.999999046325684,0.977082040044479,2026-07-25T15:28:48.941421+00:00
123,3.835942268371582,15.999999642372131,0.9909043600055155,2026-07-25T15:28:59.172371+00:00
72,3.863615036010742,17.999999225139618,1.0074952399736503,2026-07-25T15:29:00.236358+00:00
124,3.439265727996826,19.999998807907104,0.9776539000449702,2026-07-25T15:29:09.436009+00:00
73,3.4251880645751953,21.99999988079071,0.9760795599868288,2026-07-25T15:29:10.431567+00:00
125,2.1661412715911865,21.99999988079071,1.2478252399887424,2026-07-25T15:29:19.984174+00:00
74,3.7920331954956055,17.999999225139618,1.1503377000190085,2026-07-25T15:29:20.771854+00:00
126,6.121123790740967,21.99999988079071,1.0292265400494216,2026-07-25T15:29:30.661915+00:00
75,3.485483407974243,19.999998807907104,1.0163180800009286,2026-07-25T15:29:30.955537+00:00
127,2.1369714736938477,19.999998807907104,1.1097980000340613,2026-07-25T15:29:41.154753+00:00
76,3.4013586044311523,19.999998807907104,1.0031197000353131,2026-07-25T15:29:41.278359+00:00
128,2.7865052223205566,19.999998807907104,1.0747273200104246,2026-07-25T15:29:51.456309+00:00
77,4.758583068847656,17.999999225139618,1.013284200016642,2026-07-25T15:29:51.549936+00:00
78,3.524209499359131,25.999999046325684,0.9909930999856442,2026-07-25T15:30:01.856076+00:00
129,3.005572557449341,25.999999046325684,0.9619259399914881,2026-07-25T15:30:02.167763+00:00
79,2.4863343238830566,37.99999952316284,0.9596077400055947,2026-07-25T15:30:12.184674+00:00
130,2.7899279594421387,29.999998211860657,0.9701793599379016,2026-07-25T15:30:23.307264+00:00
80,2.2169313430786133,31.999999284744263,0.970299620021251,2026-07-25T15:30:33.314354+00:00
131,5.948326587677002,19.999998807907104,0.9724288999859709,2026-07-25T15:30:33.792125+00:00
81,6.466902256011963,25.999999046325684,1.0092221399827395,2026-07-25T15:30:43.410789+00:00
82,3.6019814014434814,21.99999988079071,1.0952866799925687,2026-07-25T15:30:53.837872+00:00
132,2.747500419616699,19.999998807907104,1.0202596199815162,2026-07-25T15:30:55.894970+00:00
83,3.550816535949707,19.999998807907104,0.9901620000164258,2026-07-25T15:31:04.081958+00:00
133,2.9453821182250977,19.999998807907104,0.957272540035774,2026-07-25T15:31:06.169788+00:00
84,3.256831645965576,1.9999999552965164,0.9606208599871024,2026-07-25T15:31:14.282830+00:00
85,3.3730738162994385,21.99999988079071,1.022427760035498,2026-07-25T15:31:24.561635+00:00
134,3.648784875869751,17.999999225139618,0.976205420010956,2026-07-25T15:31:27.244017+00:00
86,3.4670214653015137,14.000000059604645,0.9579252800176619,2026-07-25T15:31:34.663100+00:00
135,8.101868629455566,17.999999225139618,1.029724240070209,2026-07-25T15:31:37.686779+00:00
87,13.626953125,19.999998807907104,0.9852737400069601,2026-07-25T15:31:44.767506+00:00
136,1.9452182054519653,35.999998450279236,1.0609988200303633,2026-07-25T15:31:48.476831+00:00
88,2.875771999359131,17.999999225139618,1.0214658799668541,2026-07-25T15:31:54.962184+00:00
137,4.323105335235596,19.999998807907104,0.9913822599628476,2026-07-25T15:31:58.906921+00:00
89,2.4391419887542725,37.99999952316284,0.9642728399921907,2026-07-25T15:32:05.440003+00:00
138,3.112679958343506,17.999999225139618,1.0045795799669577,2026-07-25T15:32:09.139324+00:00
139,2.170593738555908,9.999999403953552,0.980521419987781,2026-07-25T15:32:19.580336+00:00
90,2.5904500484466553,23.999999463558197,1.0104271799355047,2026-07-25T15:32:26.476091+00:00
91,2.5003979206085205,23.999999463558197,0.990986899996642,2026-07-25T15:32:36.648892+00:00
140,3.4940240383148193,21.99999988079071,0.953907539951615,2026-07-25T15:32:41.355823+00:00
141,4.206160068511963,19.999998807907104,0.9648197000205982,2026-07-25T15:32:51.642365+00:00
92,3.4601612091064453,23.999999463558197,0.9787489600421395,2026-07-25T15:32:58.440441+00:00
142,3.0242440700531006,19.999998807907104,0.9802055599720916,2026-07-25T15:33:02.181606+00:00
93,2.6264853477478027,21.99999988079071,0.994672519955202,2026-07-25T15:33:08.620472+00:00
143,3.7247939109802246,15.999999642372131,0.991073659970425,2026-07-25T15:33:23.287972+00:00
94,3.5730743408203125,15.999999642372131,1.0190856800181791,2026-07-25T15:33:29.449113+00:00
144,3.696718215942383,17.999999225139618,1.0170790800475515,2026-07-25T15:33:33.563237+00:00
95,3.4273035526275635,14.000000059604645,0.976174000024912,2026-07-25T15:33:39.688115+00:00
145,3.129124164581299,9.999999403953552,0.9822890799841844,2026-07-25T15:33:43.806386+00:00
96,3.6289942264556885,15.999999642372131,0.9665042000415269,2026-07-25T15:33:49.913810+00:00
146,3.4574804306030273,17.999999225139618,1.085903459970723,2026-07-25T15:33:54.098995+00:00
97,2.6097114086151123,23.999999463558197,1.010923339999863,2026-07-25T15:34:00.093639+00:00
147,3.8485028743743896,15.999999642372131,0.9710758800065378,2026-07-25T15:34:04.364350+00:00
98,5.048343658447266,19.999998807907104,0.9913291400152958,2026-07-25T15:34:10.258207+00:00
148,3.219778537750244,15.999999642372131,0.987113919982221,2026-07-25T15:34:14.626670+00:00
99,1.8340176343917847,19.999998807907104,1.0044599599495996,2026-07-25T15:34:20.536996+00:00
149,3.1553800106048584,19.999998807907104,0.9857928600104061,2026-07-25T15:34:25.014429+00:00
150,3.7545006275177,23.999999463558197,1.079022160047316,2026-07-25T15:34:35.529438+00:00
100,3.5551328659057617,14.000000059604645,0.972892400022829,2026-07-25T15:34:41.839962+00:00
151,3.336615562438965,25.999999046325684,1.0629606599832186,2026-07-25T15:34:45.876230+00:00
101,2.6624929904937744,19.999998807907104,0.9885938800289296,2026-07-25T15:34:52.229316+00:00
152,3.0074427127838135,17.999999225139618,1.0432538999884855,2026-07-25T15:34:56.301738+00:00
102,2.515463352203369,9.999999403953552,0.9544723999715643,2026-07-25T15:35:02.808207+00:00
153,3.2151618003845215,17.999999225139618,0.9800095200625948,2026-07-25T15:35:06.677012+00:00
103,4.620551586151123,15.999999642372131,0.9585968399915146,2026-07-25T15:35:23.995170+00:00
154,3.0207040309906006,21.99999988079071,1.005154520025826,2026-07-25T15:35:28.066278+00:00
104,4.520834445953369,28.00000011920929,1.014632559963502,2026-07-25T15:35:34.886544+00:00
105,2.156529426574707,23.999999463558197,1.000386960004107,2026-07-25T15:35:45.097207+00:00
155,3.5550737380981445,17.999999225139618,0.9935128600045574,2026-07-25T15:35:49.317560+00:00
106,2.4903078079223633,29.999998211860657,1.1811910400138004,2026-07-25T15:35:55.615240+00:00
156,2.961949348449707,21.99999988079071,1.0029791200213367,2026-07-25T15:35:59.664655+00:00
107,4.257712364196777,31.999999284744263,0.9933106200332986,2026-07-25T15:36:06.071170+00:00
108,9.272658348083496,19.999998807907104,1.0073360400565434,2026-07-25T15:36:16.623115+00:00
157,2.969334602355957,21.99999988079071,1.0385392200259957,2026-07-25T15:36:21.401982+00:00
109,2.2708542346954346,39.99999761581421,1.0495996600366198,2026-07-25T15:36:27.043591+00:00
158,3.696965217590332,17.999999225139618,1.041348420039867,2026-07-25T15:36:32.690794+00:00
110,2.3030519485473633,23.999999463558197,1.0395155399601208,2026-07-25T15:36:37.806279+00:00
159,3.368722438812256,31.999999284744263,1.0658761199738365,2026-07-25T15:36:43.544627+00:00
111,2.297106981277466,19.999998807907104,1.046283260002383,2026-07-25T15:36:48.589178+00:00
160,2.9622201919555664,23.999999463558197,1.0646188599639572,2026-07-25T15:36:54.213716+00:00
112,2.908764600753784,14.000000059604645,1.027939899940975,2026-07-25T15:36:59.311628+00:00
161,2.939676523208618,21.99999988079071,0.9960370600310853,2026-07-25T15:37:04.646984+00:00
113,2.2720022201538086,17.999999225139618,1.0180240600311663,2026-07-25T15:37:09.598042+00:00
162,3.157651901245117,19.999998807907104,0.9840739199717062,2026-07-25T15:37:26.427779+00:00
114,2.680821418762207,19.999998807907104,1.0940581999602728,2026-07-25T15:37:30.987829+00:00
163,3.6573729515075684,23.999999463558197,0.9881539000343763,2026-07-25T15:37:37.045652+00:00
164,2.9572174549102783,25.999999046325684,0.9652033799648052,2026-07-25T15:37:47.475478+00:00
115,9.215606689453125,19.999998807907104,1.0570049200032372,2026-07-25T15:37:52.275356+00:00
165,3.7713983058929443,23.999999463558197,1.0759382200194523,2026-07-25T15:37:57.982048+00:00
116,2.314761161804199,19.999998807907104,0.977056600022479,2026-07-25T15:38:02.681698+00:00
166,3.9650423526763916,21.99999988079071,0.9972192399436608,2026-07-25T15:38:08.724221+00:00
167,3.1910431385040283,17.999999225139618,0.9981312399759191,2026-07-25T15:38:19.209601+00:00
117,2.382279634475708,19.999998807907104,0.9977256999991369,2026-07-25T15:38:24.203026+00:00
168,3.0084826946258545,14.000000059604645,1.0610297600214835,2026-07-25T15:38:29.819960+00:00
118,2.786055088043213,15.999999642372131,1.0590709000098286,2026-07-25T15:38:34.567194+00:00
169,2.0613534450531006,23.999999463558197,1.0242027200001758,2026-07-25T15:38:40.265282+00:00
119,1.7771246433258057,21.99999988079071,1.0102813800040167,2026-07-25T15:38:44.807836+00:00
170,2.1444473266601562,43.99999976158142,1.0277507200225955,2026-07-25T15:38:50.801090+00:00
120,2.7793970108032227,21.99999988079071,1.095630039999378,2026-07-25T15:38:55.193273+00:00
121,3.2582833766937256,19.999998807907104,1.0303600600309437,2026-07-25T15:39:05.543216+00:00
171,3.7153942584991455,15.999999642372131,0.9706038600415923,2026-07-25T15:39:12.307154+00:00
122,2.2620627880096436,21.99999988079071,1.0098893599933945,2026-07-25T15:39:26.887270+00:00
172,3.5880188941955566,17.999999225139618,0.9818290599650937,2026-07-25T15:39:33.903466+00:00
123,3.3476722240448,17.999999225139618,0.980664379967493,2026-07-25T15:39:37.413948+00:00
124,2.220759630203247,19.999998807907104,0.9761349400650943,2026-07-25T15:39:47.835630+00:00
173,4.067111015319824,17.999999225139618,1.0647432599944295,2026-07-25T15:39:55.732387+00:00
125,2.452718734741211,23.999999463558197,0.9840381999674719,2026-07-25T15:39:58.317971+00:00
174,2.719343900680542,15.999999642372131,1.0651531599432928,2026-07-25T15:40:06.542237+00:00
126,3.013059139251709,23.999999463558197,1.017265699993004,2026-07-25T15:40:08.637453+00:00
127,2.2921833992004395,15.999999642372131,1.0192701400228543,2026-07-25T15:40:19.103754+00:00
175,3.655430793762207,14.000000059604645,1.111097239991068,2026-07-25T15:40:28.568238+00:00
128,2.2296335697174072,19.999998807907104,1.0660531200119294,2026-07-25T15:40:29.481319+00:00
129,2.8453404903411865,17.999999225139618,0.985229900034028,2026-07-25T15:40:39.762972+00:00
176,3.7016000747680664,19.999998807907104,1.0460753200459294,2026-07-25T15:40:50.365533+00:00
130,3.6553735733032227,17.999999225139618,1.020495140037383,2026-07-25T15:40:50.397310+00:00
131,2.088898181915283,25.999999046325684,0.9820022599888033,2026-07-25T15:41:11.685994+00:00
177,4.103766918182373,19.999998807907104,0.9834720000071683,2026-07-25T15:41:12.245052+00:00
132,2.777066230773926,15.999999642372131,1.1258692800038261,2026-07-25T15:41:32.999471+00:00
178,2.815814256668091,21.99999988079071,0.957542099931743,2026-07-25T15:41:33.601427+00:00
179,3.8204076290130615,19.999998807907104,0.9950944800220896,2026-07-25T15:41:43.732302+00:00
133,2.661367177963257,25.999999046325684,1.4614507000078447,2026-07-25T15:41:54.079100+00:00
180,3.050224542617798,37.99999952316284,1.023809859980247,2026-07-25T15:41:54.151072+00:00
134,4.025100231170654,17.999999225139618,1.0194091800076421,2026-07-25T15:42:04.511176+00:00
181,2.7965853214263916,21.99999988079071,1.0650593799800845,2026-07-25T15:42:04.570458+00:00
182,3.681624174118042,15.999999642372131,0.9817720200226175,2026-07-25T15:42:14.775670+00:00
183,5.870657920837402,19.999998807907104,0.9537364599964349,2026-07-25T15:42:25.070742+00:00
135,2.7028915882110596,21.99999988079071,0.9624316199915484,2026-07-25T15:42:25.861818+00:00
184,3.313950300216675,15.999999642372131,0.9943244200258049,2026-07-25T15:42:35.377000+00:00
185,2.8159019947052,19.999998807907104,1.1386260599829257,2026-07-25T15:42:45.491486+00:00
136,2.0954134464263916,25.999999046325684,1.0109920799732208,2026-07-25T15:42:47.161228+00:00
186,3.5478436946868896,15.999999642372131,0.9582119600236183,2026-07-25T15:43:06.748089+00:00
137,2.4709999561309814,21.99999988079071,0.9915224200085504,2026-07-25T15:43:08.483057+00:00
187,2.068862199783325,19.999998807907104,1.0254101199825527,2026-07-25T15:43:28.750444+00:00
138,2.562443494796753,21.99999988079071,1.0424064799735788,2026-07-25T15:43:29.496514+00:00
188,3.090425968170166,17.999999225139618,1.0156678599742008,2026-07-25T15:43:39.249822+00:00
139,2.8178839683532715,15.999999642372131,1.0631172400462674,2026-07-25T15:43:39.597039+00:00
189,2.78560209274292,19.999998807907104,1.0451699399709469,2026-07-25T15:43:49.732083+00:00
140,2.395949363708496,5.999999865889549,1.0157201199763222,2026-07-25T15:43:50.015777+00:00
190,2.7470171451568604,19.999998807907104,0.998557820057613,2026-07-25T15:44:00.176123+00:00
141,2.4287657737731934,21.99999988079071,0.951707600033842,2026-07-25T15:44:00.688989+00:00
191,2.723970651626587,21.99999988079071,1.0308674599946244,2026-07-25T15:44:10.581368+00:00
142,2.334730625152588,21.99999988079071,1.0489520000555785,2026-07-25T15:44:11.513270+00:00
143,2.368354558944702,23.999999463558197,0.9774829800153384,2026-07-25T15:44:21.687804+00:00
144,2.605818271636963,19.999998807907104,1.0358890200586757,2026-07-25T15:44:32.455505+00:00
192,2.7351632118225098,11.999999731779099,0.9731080199708231,2026-07-25T15:44:32.713135+00:00
145,3.0416316986083984,19.999998807907104,1.0247558199625928,2026-07-25T15:44:42.582743+00:00
193,1.9934799671173096,19.999998807907104,0.9670550999726402,2026-07-25T15:44:54.095036+00:00
146,2.892122507095337,15.999999642372131,1.002652239985764,2026-07-25T15:45:04.324901+00:00
194,2.8313891887664795,21.99999988079071,0.9655519600346452,2026-07-25T15:45:15.655586+00:00
147,1.7631186246871948,23.999999463558197,0.9672200999921188,2026-07-25T15:45:25.744997+00:00
195,1.9420934915542603,23.999999463558197,0.997560500036343,2026-07-25T15:45:26.128090+00:00
148,3.1258533000946045,25.999999046325684,1.0108431800472317,2026-07-25T15:45:36.726410+00:00
149,3.005932092666626,17.999999225139618,1.0213247399951797,2026-07-25T15:45:47.058622+00:00
196,2.6237926483154297,25.999999046325684,1.0244113199587446,2026-07-25T15:45:47.546741+00:00
150,1.9619650840759277,21.99999988079071,1.1628246800682973,2026-07-25T15:45:58.124921+00:00
197,3.231870651245117,19.999998807907104,1.180700760014588,2026-07-25T15:45:58.170577+00:00
151,3.0275046825408936,17.999999225139618,1.1311848599871155,2026-07-25T15:46:08.199023+00:00
198,2.772496223449707,21.99999988079071,0.9879426200495799,2026-07-25T15:46:19.493865+00:00
199,2.5002222061157227,21.99999988079071,1.0094936200039228,2026-07-25T15:46:29.766709+00:00
152,2.590714931488037,21.99999988079071,1.1342629399587167,2026-07-25T15:46:30.291215+00:00
200,2.539884567260742,19.999998807907104,1.2043183400237467,2026-07-25T15:46:40.581602+00:00
201,2.380922555923462,21.99999988079071,1.033000079987687,2026-07-25T15:46:50.997218+00:00
153,2.8762047290802,25.999999046325684,1.019125519960653,2026-07-25T15:46:52.543382+00:00
202,2.7872180938720703,21.99999988079071,0.9481298999889987,2026-07-25T15:47:12.255973+00:00
154,2.4135680198669434,23.999999463558197,0.983316220008419,2026-07-25T15:47:14.473703+00:00
203,2.6038596630096436,19.999998807907104,1.0505264599487418,2026-07-25T15:47:22.852356+00:00
155,3.133472204208374,21.99999988079071,1.0563993800315075,2026-07-25T15:47:24.844519+00:00
204,3.129782199859619,17.999999225139618,0.9836859200004254,2026-07-25T15:47:44.928517+00:00
156,2.152763605117798,17.999999225139618,1.004450479958905,2026-07-25T15:47:45.889667+00:00
205,3.12432861328125,14.000000059604645,1.0243676399841206,2026-07-25T15:47:55.333232+00:00
157,2.4066050052642822,17.999999225139618,1.0481653399619972,2026-07-25T15:47:56.233422+00:00
206,2.5076422691345215,17.999999225139618,1.0281582600146066,2026-07-25T15:48:16.808026+00:00
158,3.001534938812256,17.999999225139618,0.9771279400592904,2026-07-25T15:48:17.057545+00:00
207,2.8591318130493164,29.999998211860657,1.06504784002027,2026-07-25T15:48:26.994218+00:00
159,2.3851795196533203,28.00000011920929,1.039052019987139,2026-07-25T15:48:27.314629+00:00
160,2.6001899242401123,14.000000059604645,0.9935317599592964,2026-07-25T15:48:37.557734+00:00
161,2.5514211654663086,21.99999988079071,0.9910896800283807,2026-07-25T15:48:47.769743+00:00
208,1.8603037595748901,21.99999988079071,1.0128606800572015,2026-07-25T15:48:48.745046+00:00
209,2.4688761234283447,21.99999988079071,0.9614003200113075,2026-07-25T15:48:59.715918+00:00
162,1.8002313375473022,23.999999463558197,0.9694853199471254,2026-07-25T15:49:08.943349+00:00
163,2.251397132873535,23.999999463558197,1.0031229999731295,2026-07-25T15:49:19.118228+00:00
210,2.1944520473480225,21.99999988079071,0.9898044999863487,2026-07-25T15:49:21.283253+00:00
211,2.9971868991851807,15.999999642372131,0.999894439955824,2026-07-25T15:49:32.016894+00:00
164,3.430288076400757,17.999999225139618,1.228115140038426,2026-07-25T15:49:40.720860+00:00
165,1.950709581375122,21.99999988079071,1.0083246199792484,2026-07-25T15:49:50.834853+00:00
212,3.2724194526672363,19.999998807907104,1.0554544800106669,2026-07-25T15:49:53.496284+00:00
213,3.0831475257873535,19.999998807907104,0.9852566799963824,2026-07-25T15:50:03.997542+00:00
166,2.7821030616760254,23.999999463558197,1.0336262799683027,2026-07-25T15:50:11.974251+00:00
167,2.7474780082702637,17.999999225139618,0.9423850799794309,2026-07-25T15:50:22.114737+00:00
214,3.088348150253296,21.99999988079071,1.0310188800212927,2026-07-25T15:50:25.498512+00:00
215,2.4079408645629883,19.999998807907104,0.9574660599901108,2026-07-25T15:50:35.730903+00:00
168,2.057765007019043,17.999999225139618,1.046201760036638,2026-07-25T15:50:43.284418+00:00
216,3.205918550491333,21.99999988079071,1.0265944999991916,2026-07-25T15:50:46.359553+00:00
169,2.8320813179016113,21.99999988079071,0.9749202400416834,2026-07-25T15:50:53.610381+00:00
217,2.716118812561035,31.999999284744263,1.0275245999946492,2026-07-25T15:50:57.291015+00:00
218,1.774383544921875,25.999999046325684,0.9679818400036311,2026-07-25T15:51:07.645800+00:00
170,2.555419683456421,21.99999988079071,1.0252220399706857,2026-07-25T15:51:14.844395+00:00
171,3.6824889183044434,28.00000011920929,1.0172652800247306,2026-07-25T15:51:25.014708+00:00
219,3.0322234630584717,21.99999988079071,0.9546205999504309,2026-07-25T15:51:28.808602+00:00
220,3.383976697921753,17.999999225139618,0.952648960010265,2026-07-25T15:51:39.028518+00:00
172,2.6321189403533936,17.999999225139618,1.0374623400275595,2026-07-25T15:51:46.933597+00:00
221,2.5963900089263916,23.999999463558197,0.9843614800047362,2026-07-25T15:51:49.355161+00:00
173,2.5534188747406006,19.999998807907104,1.061298100030399,2026-07-25T15:51:57.791145+00:00
222,1.9024845361709595,21.99999988079071,1.0041563599952497,2026-07-25T15:51:59.816913+00:00
223,2.4285433292388916,21.99999988079071,0.9801199399953476,2026-07-25T15:52:10.066395+00:00
174,3.0883893966674805,17.999999225139618,1.0059422600170365,2026-07-25T15:52:19.553777+00:00
224,2.992436408996582,19.999998807907104,0.9852811400196514,2026-07-25T15:52:20.369483+00:00
175,2.772552728652954,19.999998807907104,1.0801081600220641,2026-07-25T15:52:29.987797+00:00
225,2.4049134254455566,19.999998807907104,0.9812350600259377,2026-07-25T15:52:30.569294+00:00
176,2.0577895641326904,19.999998807907104,0.9520347599755041,2026-07-25T15:52:40.434555+00:00
226,1.8057184219360352,23.999999463558197,0.9739434599759988,2026-07-25T15:52:40.744246+00:00
177,2.3129665851593018,39.99999761581421,1.0671377600374399,2026-07-25T15:52:50.881913+00:00
178,4.14340877532959,25.999999046325684,1.0094310600106837,2026-07-25T15:53:01.279321+00:00
227,2.855912685394287,3.999999910593033,0.9770553999987897,2026-07-25T15:53:01.934940+00:00
228,2.430945634841919,17.999999225139618,0.9630599200318102,2026-07-25T15:53:12.387103+00:00
179,5.437545299530029,9.999999403953552,0.9730426399619319,2026-07-25T15:53:22.266789+00:00
180,1.8458672761917114,28.00000011920929,1.0304101600195281,2026-07-25T15:53:32.911147+00:00
229,2.462371349334717,19.999998807907104,0.9679840600438183,2026-07-25T15:53:33.556650+00:00
181,2.5437841415405273,19.999998807907104,0.9652235399698839,2026-07-25T15:53:43.271295+00:00
230,2.438542127609253,19.999998807907104,0.973377639966202,2026-07-25T15:53:43.638018+00:00
182,4.175633430480957,17.999999225139618,1.0095130400441121,2026-07-25T15:53:53.562030+00:00
231,2.825237512588501,21.99999988079071,0.9863941599905957,2026-07-25T15:53:53.928381+00:00
232,2.2917957305908203,19.999998807907104,0.9968601199943805,2026-07-25T15:54:04.203288+00:00
183,2.5800347328186035,21.99999988079071,0.9859388000040782,2026-07-25T15:54:04.261836+00:00
233,1.8088696002960205,17.999999225139618,1.258970019989647,2026-07-25T15:54:14.480423+00:00
184,2.6646783351898193,19.999998807907104,0.9907273799763061,2026-07-25T15:54:14.569191+00:00
185,3.1164355278015137,21.99999988079071,1.2354521800443763,2026-07-25T15:54:24.839352+00:00
234,2.381770372390747,17.999999225139618,1.008682539977599,2026-07-25T15:54:24.925780+00:00
186,5.327322006225586,21.99999988079071,1.3096280399622628,2026-07-25T15:54:35.151463+00:00
235,1.8269058465957642,21.99999988079071,0.9680600399588002,2026-07-25T15:54:35.243306+00:00
236,2.3158249855041504,21.99999988079071,1.0145165399444522,2026-07-25T15:54:45.451276+00:00
237,2.8820180892944336,19.999998807907104,1.1103164000087418,2026-07-25T15:54:56.160901+00:00
187,4.020664215087891,19.999998807907104,1.1040261999733048,2026-07-25T15:54:56.330254+00:00
238,2.3407363891601562,17.999999225139618,0.9641074799583293,2026-07-25T15:55:06.376619+00:00
188,2.5288984775543213,21.99999988079071,0.9438513799977954,2026-07-25T15:55:06.600182+00:00
239,1.7948613166809082,28.00000011920929,1.0132368599442998,2026-07-25T15:55:16.939591+00:00
240,1.9755892753601074,25.999999046325684,0.9593335800309433,2026-07-25T15:55:27.191667+00:00
189,2.483009099960327,25.999999046325684,1.0034063000057358,2026-07-25T15:55:27.847486+00:00
241,2.345458745956421,19.999998807907104,1.081226800015429,2026-07-25T15:55:37.969729+00:00
190,5.554656982421875,21.99999988079071,1.0005991400248604,2026-07-25T15:55:38.195177+00:00
191,2.8556299209594727,17.999999225139618,0.995229059990379,2026-07-25T15:55:48.619569+00:00
192,3.1553564071655273,19.999998807907104,0.9991305400035345,2026-07-25T15:55:58.774557+00:00
242,2.774216890335083,19.999998807907104,0.9825850000197534,2026-07-25T15:55:59.934753+00:00
193,2.837930679321289,34.00000035762787,1.0011336400202708,2026-07-25T15:56:09.077960+00:00
194,2.5546810626983643,17.999999225139618,1.0228274399560178,2026-07-25T15:56:19.505332+00:00
243,1.818914771080017,17.999999225139618,0.9841731600317871,2026-07-25T15:56:21.275293+00:00
195,2.314981460571289,11.999999731779099,1.0150311399775092,2026-07-25T15:56:29.782577+00:00
244,2.3579959869384766,19.999998807907104,1.0475242800021078,2026-07-25T15:56:32.010046+00:00
196,2.486738681793213,19.999998807907104,0.9856512200349242,2026-07-25T15:56:40.079145+00:00
245,2.9875454902648926,28.00000011920929,1.112253259998397,2026-07-25T15:56:42.982173+00:00
197,1.8983758687973022,15.999999642372131,1.0196741799882147,2026-07-25T15:56:50.396736+00:00
198,2.2849907875061035,21.99999988079071,1.0085531200456899,2026-07-25T15:57:00.667666+00:00
246,2.6761691570281982,21.99999988079071,1.0218450800311984,2026-07-25T15:57:04.486838+00:00
199,2.2640128135681152,21.99999988079071,1.0148337399732554,2026-07-25T15:57:10.835753+00:00
200,2.9914095401763916,19.999998807907104,1.020546439976897,2026-07-25T15:57:21.197596+00:00
247,3.0030124187469482,19.999998807907104,0.9662507399480091,2026-07-25T15:57:25.769674+00:00
201,2.4964189529418945,17.999999225139618,1.081093820030219,2026-07-25T15:57:31.293226+00:00
248,3.069040536880493,1.9999999552965164,0.9592161799810128,2026-07-25T15:57:46.786297+00:00
202,2.394205093383789,21.99999988079071,0.9814081400691065,2026-07-25T15:57:52.891115+00:00
249,2.9493725299835205,19.999998807907104,1.04079015996831,2026-07-25T15:57:57.190263+00:00
250,4.4169440269470215,21.99999988079071,0.9738332000415539,2026-07-25T15:58:07.791039+00:00
203,3.4322714805603027,19.999998807907104,1.015956660048687,2026-07-25T15:58:14.073245+00:00
251,2.2480368614196777,19.999998807907104,1.0263307399873156,2026-07-25T15:58:18.072588+00:00
204,2.407705068588257,17.999999225139618,1.0426208799617598,2026-07-25T15:58:24.300303+00:00
252,1.7700902223587036,25.999999046325684,0.9579240199673222,2026-07-25T15:58:28.200359+00:00
205,2.759895086288452,21.99999988079071,1.00764597998932,2026-07-25T15:58:34.641846+00:00
253,2.8730568885803223,19.999998807907104,0.9954412400111324,2026-07-25T15:58:49.208342+00:00
206,2.240565538406372,21.99999988079071,1.0447255599865457,2026-07-25T15:58:56.057631+00:00
254,2.5414066314697266,9.999999403953552,0.9853786599705928,2026-07-25T15:58:59.451111+00:00
207,2.263838768005371,21.99999988079071,0.994230780052021,2026-07-25T15:59:17.334733+00:00
255,2.2882492542266846,21.99999988079071,1.001299920026213,2026-07-25T15:59:20.699765+00:00
256,4.136927604675293,19.999998807907104,1.032633779977914,2026-07-25T15:59:31.000815+00:00
208,3.273341655731201,17.999999225139618,0.9811008800170383,2026-07-25T15:59:38.610228+00:00
209,2.7309045791625977,17.999999225139618,0.9980109199386787,2026-07-25T15:59:48.761282+00:00
257,2.2015209197998047,17.999999225139618,0.9752405600011116,2026-07-25T15:59:52.232321+00:00
210,2.3331568241119385,17.999999225139618,0.9940680600266205,2026-07-25T15:59:59.037964+00:00
211,2.291290283203125,17.999999225139618,1.000148419989273,2026-07-25T16:00:09.292621+00:00
258,2.227494716644287,34.00000035762787,0.9862438399431993,2026-07-25T16:00:13.569155+00:00
212,2.723378896713257,15.999999642372131,0.9448777400393737,2026-07-25T16:00:19.450738+00:00
259,2.894834518432617,21.99999988079071,0.9512612000253284,2026-07-25T16:00:23.824563+00:00
260,2.1868462562561035,19.999998807907104,0.9668147000047611,2026-07-25T16:00:34.192060+00:00
213,2.5722503662109375,19.999998807907104,0.9906959399813785,2026-07-25T16:00:40.687619+00:00
261,1.7336512804031372,17.999999225139618,0.9917286400013836,2026-07-25T16:00:44.571213+00:00
214,1.756231427192688,19.999998807907104,0.9573391200683545,2026-07-25T16:00:50.948732+00:00
262,2.4379515647888184,19.999998807907104,1.0342170399962924,2026-07-25T16:00:54.762361+00:00
263,2.1968743801116943,17.999999225139618,0.9544184999685967,2026-07-25T16:01:05.150232+00:00
215,1.7344589233398438,23.999999463558197,1.0007406400109176,2026-07-25T16:01:12.342910+00:00
264,3.136070489883423,19.999998807907104,1.0088629999518162,2026-07-25T16:01:15.453326+00:00
216,2.6847634315490723,19.999998807907104,0.9711250600230414,2026-07-25T16:01:22.623582+00:00
265,2.222322463989258,15.999999642372131,1.0107832599896938,2026-07-25T16:01:25.657974+00:00
266,2.1718170642852783,17.999999225139618,0.9715881800366333,2026-07-25T16:01:36.033527+00:00
217,2.6981089115142822,17.999999225139618,0.9866845399665182,2026-07-25T16:01:43.820734+00:00
267,2.0970189571380615,25.999999046325684,1.0707649800315266,2026-07-25T16:01:46.251389+00:00
218,2.662276268005371,7.999999821186066,0.9672139999747742,2026-07-25T16:02:05.277422+00:00
268,1.6346490383148193,45.99999785423279,0.9793125400028657,2026-07-25T16:02:07.752722+00:00
219,2.2527647018432617,21.99999988079071,1.0054608400241705,2026-07-25T16:02:15.738831+00:00
220,2.153860330581665,28.00000011920929,0.9718504999909783,2026-07-25T16:02:26.003726+00:00
269,2.1489756107330322,17.999999225139618,1.0047364400088554,2026-07-25T16:02:28.934059+00:00
221,4.415590286254883,11.999999731779099,0.9988854599941986,2026-07-25T16:02:36.295791+00:00
270,2.134974956512451,19.999998807907104,0.9871118999581087,2026-07-25T16:02:39.214950+00:00
222,2.493434429168701,19.999998807907104,0.9845057400525548,2026-07-25T16:02:46.436243+00:00
271,2.038722276687622,21.99999988079071,1.0263030999340117,2026-07-25T16:02:49.509625+00:00
223,2.384298324584961,21.99999988079071,1.076298960033455,2026-07-25T16:02:56.675810+00:00
272,2.6285033226013184,19.999998807907104,0.9959538799739676,2026-07-25T16:02:59.791967+00:00
224,2.9127588272094727,14.000000059604645,0.9758428200439084,2026-07-25T16:03:07.061894+00:00
273,2.1598219871520996,17.999999225139618,0.959390700008953,2026-07-25T16:03:10.063787+00:00
225,2.630941152572632,15.999999642372131,0.9866917600447778,2026-07-25T16:03:17.335153+00:00
226,2.810699701309204,23.999999463558197,1.022006280036294,2026-07-25T16:03:27.561243+00:00
274,3.463076114654541,31.999999284744263,1.117252659969381,2026-07-25T16:03:31.532987+00:00
227,2.181236505508423,21.99999988079071,0.9593231399776414,2026-07-25T16:03:37.844901+00:00
275,1.7733073234558105,21.99999988079071,0.9877333000622457,2026-07-25T16:03:41.786742+00:00
228,2.617427349090576,19.999998807907104,1.0059380600432632,2026-07-25T16:03:59.526578+00:00
276,2.3998665809631348,23.999999463558197,0.973013719994924,2026-07-25T16:04:03.079249+00:00
277,2.5307488441467285,17.999999225139618,1.0078072399483062,2026-07-25T16:04:13.300602+00:00
229,2.2597763538360596,23.999999463558197,1.0500878599850694,2026-07-25T16:04:21.101281+00:00
230,6.557297229766846,25.999999046325684,1.0967740600608522,2026-07-25T16:04:31.553215+00:00
278,1.6650810241699219,23.999999463558197,1.013605979969725,2026-07-25T16:04:34.891432+00:00
231,2.356794834136963,21.99999988079071,1.0384415600128705,2026-07-25T16:04:41.922683+00:00
232,2.105442523956299,21.99999988079071,1.012461619975511,2026-07-25T16:04:52.298971+00:00
279,2.1466290950775146,19.999998807907104,1.111898620001739,2026-07-25T16:04:56.374617+00:00
233,2.3770432472229004,9.999999403953552,1.0101940199820092,2026-07-25T16:05:02.652851+00:00
280,2.4294273853302,34.00000035762787,0.9936280999681911,2026-07-25T16:05:06.555466+00:00
234,1.9612857103347778,19.999998807907104,1.0257709200232057,2026-07-25T16:05:24.181951+00:00
281,2.1365530490875244,15.999999642372131,0.999446799978614,2026-07-25T16:05:27.978616+00:00
235,1.831824541091919,25.999999046325684,0.9891595799854259,2026-07-25T16:05:34.431298+00:00
282,1.8689440488815308,21.99999988079071,0.997278400027426,2026-07-25T16:05:38.204754+00:00
283,1.7781354188919067,21.99999988079071,1.1522497399710119,2026-07-25T16:05:48.613422+00:00
236,2.8702807426452637,17.999999225139618,1.0849299000255996,2026-07-25T16:05:55.795658+00:00
237,2.312669038772583,21.99999988079071,1.054412779994891,2026-07-25T16:06:06.151088+00:00
284,2.8728952407836914,17.999999225139618,0.9966779599926668,2026-07-25T16:06:10.148319+00:00
285,2.41841721534729,5.999999865889549,1.0102301799634006,2026-07-25T16:06:20.437391+00:00
238,2.172126531600952,21.99999988079071,1.0210179800196784,2026-07-25T16:06:27.624881+00:00
286,2.3747751712799072,17.999999225139618,1.0899936199712101,2026-07-25T16:06:41.977388+00:00
239,2.3396248817443848,21.99999988079071,1.0042868400341831,2026-07-25T16:06:49.785669+00:00
287,2.3190643787384033,21.99999988079071,1.0058907799975714,2026-07-25T16:06:52.691264+00:00
240,1.658363938331604,23.999999463558197,1.009912660010741,2026-07-25T16:07:00.301223+00:00
288,3.0115814208984375,5.999999865889549,1.0142867799731903,2026-07-25T16:07:03.649564+00:00
289,2.2941229343414307,21.99999988079071,1.1357340600079624,2026-07-25T16:07:14.042977+00:00
241,4.990947246551514,17.999999225139618,1.010461639962159,2026-07-25T16:07:21.586046+00:00
290,2.755422353744507,21.99999988079071,0.9924915400188183,2026-07-25T16:07:24.368648+00:00
242,2.520259380340576,21.99999988079071,0.9877290199801791,2026-07-25T16:07:31.734041+00:00
291,2.3183062076568604,21.99999988079071,0.9763572600058978,2026-07-25T16:07:34.613076+00:00
243,2.460930109024048,25.999999046325684,0.9915759800060185,2026-07-25T16:07:42.094084+00:00
292,1.7492852210998535,34.00000035762787,0.9762724599568173,2026-07-25T16:07:44.871606+00:00
293,2.247821092605591,21.99999988079071,1.1091599200153723,2026-07-25T16:07:55.533114+00:00
244,1.7647744417190552,23.999999463558197,0.9738893999747233,2026-07-25T16:08:03.180444+00:00
294,4.730892181396484,17.999999225139618,0.9923115200217582,2026-07-25T16:08:06.350071+00:00
245,2.4459280967712402,35.999998450279236,1.050757339980919,2026-07-25T16:08:13.516215+00:00
295,2.9568681716918945,25.999999046325684,0.9796070800075539,2026-07-25T16:08:27.227929+00:00
246,2.8034780025482178,17.999999225139618,0.9721553599956678,2026-07-25T16:08:34.545385+00:00
247,2.439681053161621,15.999999642372131,0.9828636200109031,2026-07-25T16:08:44.753984+00:00
296,2.589503288269043,1.9999999552965164,0.9702485200250521,2026-07-25T16:08:49.166378+00:00
248,2.762665033340454,21.99999988079071,0.9754782399977557,2026-07-25T16:08:55.007930+00:00
297,1.7413129806518555,19.999998807907104,0.9737837599823251,2026-07-25T16:08:59.805944+00:00
249,1.8048003911972046,21.99999988079071,0.9651846199994907,2026-07-25T16:09:05.226984+00:00
298,1.8512698411941528,19.999998807907104,1.0182268200151157,2026-07-25T16:09:10.125660+00:00
250,2.9082303047180176,21.99999988079071,1.0238082199794007,2026-07-25T16:09:15.534747+00:00
251,2.0039751529693604,15.999999642372131,0.9641660000488628,2026-07-25T16:09:25.794870+00:00
299,1.7787046432495117,21.99999988079071,1.134060300028068,2026-07-25T16:09:31.535913+00:00
252,2.277859687805176,17.999999225139618,0.9749017599824583,2026-07-25T16:09:35.947267+00:00
300,2.1987645626068115,21.99999988079071,1.0475376999966102,2026-07-25T16:09:42.015649+00:00
253,2.7796013355255127,21.99999988079071,1.0420928800158435,2026-07-25T16:09:46.107530+00:00
254,2.250300168991089,19.999998807907104,1.082191480018082,2026-07-25T16:09:56.395741+00:00
301,7.470822811126709,19.999998807907104,0.9900743800244527,2026-07-25T16:10:03.747066+00:00
255,2.2894887924194336,17.999999225139618,0.9915746600017883,2026-07-25T16:10:17.324333+00:00
302,2.7663092613220215,23.999999463558197,0.9760690999974031,2026-07-25T16:10:25.475330+00:00
256,2.2677435874938965,15.999999642372131,1.0320942800171906,2026-07-25T16:10:38.756230+00:00
303,1.8295773267745972,15.999999642372131,1.063420659993426,2026-07-25T16:10:46.546241+00:00
257,2.499344825744629,17.999999225139618,1.0042927400354529,2026-07-25T16:10:49.268100+00:00
304,2.7806830406188965,19.999998807907104,0.9882285999628948,2026-07-25T16:10:57.262075+00:00
258,2.7512776851654053,17.999999225139618,0.960067020059796,2026-07-25T16:11:00.037100+00:00
305,3.075200080871582,17.999999225139618,0.9873793400038265,2026-07-25T16:11:18.912192+00:00
259,2.304837465286255,15.999999642372131,0.9544633400219027,2026-07-25T16:11:21.334414+00:00
306,2.47851824760437,19.999998807907104,1.108680480028852,2026-07-25T16:11:29.514070+00:00
260,2.833674430847168,15.999999642372131,1.0312348399747862,2026-07-25T16:11:31.784720+00:00
307,2.8265271186828613,17.999999225139618,0.9929288000421366,2026-07-25T16:11:40.193189+00:00
308,2.243168592453003,23.999999463558197,1.0188379199826159,2026-07-25T16:11:50.605733+00:00
261,2.707130193710327,17.999999225139618,1.0290995399554959,2026-07-25T16:11:53.316716+00:00
309,2.476719379425049,25.999999046325684,1.0092900000017835,2026-07-25T16:12:01.054304+00:00
310,2.436337471008301,23.999999463558197,1.007216240031994,2026-07-25T16:12:11.533276+00:00
262,2.7412002086639404,19.999998807907104,1.015728959973785,2026-07-25T16:12:15.377260+00:00
311,5.042545318603516,19.999998807907104,0.9964048599795206,2026-07-25T16:12:21.870404+00:00
312,2.9854907989501953,19.999998807907104,0.9902717999648303,2026-07-25T16:12:32.143629+00:00
263,2.211280107498169,19.999998807907104,1.0017702599725453,2026-07-25T16:12:37.024118+00:00
313,2.97226619720459,17.999999225139618,0.9950334799941629,2026-07-25T16:12:42.638957+00:00
264,2.1741297245025635,21.99999988079071,0.9995995600183959,2026-07-25T16:12:47.368903+00:00
314,2.8273420333862305,5.999999865889549,0.9937211200303864,2026-07-25T16:13:04.460573+00:00
265,2.649013042449951,17.999999225139618,1.0549150799488416,2026-07-25T16:13:09.554220+00:00
315,2.6587634086608887,19.999998807907104,1.0299010400194675,2026-07-25T16:13:15.127456+00:00
266,2.3748655319213867,0.0,0.972190859974944,2026-07-25T16:13:19.914778+00:00
316,2.6968066692352295,23.999999463558197,1.1009325199847808,2026-07-25T16:13:25.857128+00:00
267,2.203720808029175,21.99999988079071,1.0892111399880378,2026-07-25T16:13:30.475300+00:00
317,3.3885467052459717,17.999999225139618,1.014885359982145,2026-07-25T16:13:36.430469+00:00
268,2.578937292098999,19.999998807907104,0.9990723599912599,2026-07-25T16:13:40.916936+00:00
269,1.9315240383148193,19.999998807907104,1.021310460055247,2026-07-25T16:13:51.116971+00:00
318,3.169175386428833,15.999999642372131,1.0546253599750344,2026-07-25T16:13:57.960228+00:00
270,3.1910665035247803,17.999999225139618,1.221130580015597,2026-07-25T16:14:01.574655+00:00
319,2.8656647205352783,19.999998807907104,1.0028248799790163,2026-07-25T16:14:08.443248+00:00
271,2.5706310272216797,19.999998807907104,1.0215081200294662,2026-07-25T16:14:11.804448+00:00
320,3.0530264377593994,19.999998807907104,0.9971443199901843,2026-07-25T16:14:18.812721+00:00
272,2.2956247329711914,14.000000059604645,1.0084305400232552,2026-07-25T16:14:22.163413+00:00
273,1.7500290870666504,21.99999988079071,1.0225376199377934,2026-07-25T16:14:32.656591+00:00
321,2.819445848464966,15.999999642372131,0.9670680199633352,2026-07-25T16:14:40.713317+00:00
322,2.6762545108795166,17.999999225139618,0.9953032599878497,2026-07-25T16:14:50.975673+00:00
274,2.740583896636963,15.999999642372131,1.0417699600657215,2026-07-25T16:14:54.039321+00:00
275,2.2288625240325928,29.999998211860657,1.003665880052722,2026-07-25T16:15:04.350461+00:00
323,3.1605334281921387,17.999999225139618,1.0004125000705244,2026-07-25T16:15:12.856018+00:00
276,2.623223304748535,19.999998807907104,0.9856617399782409,2026-07-25T16:15:14.703837+00:00
324,2.603433132171631,9.999999403953552,1.0032948000298347,2026-07-25T16:15:23.037824+00:00
277,1.7405526638031006,21.99999988079071,1.0061682800005656,2026-07-25T16:15:24.941751+00:00
325,3.3521456718444824,5.999999865889549,0.9970702199643711,2026-07-25T16:15:33.475710+00:00
326,2.9127886295318604,1.9999999552965164,0.9990973799722269,2026-07-25T16:15:43.851101+00:00
278,1.7171217203140259,21.99999988079071,1.0267352800292429,2026-07-25T16:15:46.046023+00:00
327,1.9132254123687744,23.999999463558197,1.045012999966275,2026-07-25T16:15:54.224846+00:00
279,2.1528971195220947,19.999998807907104,1.0819050599820912,2026-07-25T16:15:56.356276+00:00
328,1.9836901426315308,29.999998211860657,0.9881649599992671,2026-07-25T16:16:05.008285+00:00
280,2.2168874740600586,19.999998807907104,0.9979351200308884,2026-07-25T16:16:06.714184+00:00
329,2.4609415531158447,25.999999046325684,1.0684040199703304,2026-07-25T16:16:15.578743+00:00
281,2.16805362701416,23.999999463558197,1.0284127599879866,2026-07-25T16:16:28.164547+00:00
330,2.4467360973358154,28.00000011920929,1.015808960000868,2026-07-25T16:16:37.060078+00:00
282,2.320751905441284,21.99999988079071,1.147290239969152,2026-07-25T16:16:39.207018+00:00
331,2.9740655422210693,17.999999225139618,0.9757566999905976,2026-07-25T16:16:47.913082+00:00
283,2.6506528854370117,21.99999988079071,0.9994606999680399,2026-07-25T16:17:00.649273+00:00
332,2.3961830139160156,14.000000059604645,0.9726856400084216,2026-07-25T16:17:09.950734+00:00
284,2.7441794872283936,17.999999225139618,1.016186380002182,2026-07-25T16:17:10.744618+00:00
285,2.581446886062622,19.999998807907104,0.9822992000408705,2026-07-25T16:17:20.941848+00:00
286,1.8536102771759033,19.999998807907104,1.1974962200474693,2026-07-25T16:17:31.187257+00:00
333,2.443925380706787,19.999998807907104,1.0341193999920506,2026-07-25T16:17:31.488023+00:00
287,2.160778760910034,17.999999225139618,1.0094744399975752,2026-07-25T16:17:41.448988+00:00
334,2.3179259300231934,37.99999952316284,1.0111274600058096,2026-07-25T16:17:41.898530+00:00
288,2.145953893661499,21.99999988079071,1.057752119959332,2026-07-25T16:17:51.893534+00:00
335,3.3114800453186035,3.999999910593033,0.9913086200685939,2026-07-25T16:17:52.446485+00:00
289,2.169365167617798,21.99999988079071,1.1662465799599886,2026-07-25T16:18:03.016259+00:00
336,2.61030650138855,21.99999988079071,1.0077560199715663,2026-07-25T16:18:03.100194+00:00
290,2.531477451324463,19.999998807907104,1.027775640031905,2026-07-25T16:18:24.212361+00:00
337,1.8475182056427002,21.99999988079071,1.029069479991449,2026-07-25T16:18:24.589094+00:00
338,3.3504467010498047,17.999999225139618,1.1020054999971762,2026-07-25T16:18:34.787887+00:00
291,3.012359380722046,15.999999642372131,0.9725796199927572,2026-07-25T16:18:35.058332+00:00
339,2.7621009349823,19.999998807907104,1.132547759989393,2026-07-25T16:18:45.512348+00:00
292,1.8966681957244873,25.999999046325684,1.0914358399895718,2026-07-25T16:18:56.684225+00:00
340,2.746079683303833,5.999999865889549,1.0339711999404244,2026-07-25T16:19:07.525223+00:00
293,3.5105068683624268,17.999999225139618,1.027315820028889,2026-07-25T16:19:18.119076+00:00
294,1.9117038249969482,23.999999463558197,1.0721686600300018,2026-07-25T16:19:28.542816+00:00
341,3.337512493133545,17.999999225139618,1.0255658400274115,2026-07-25T16:19:29.290059+00:00
295,2.2542953491210938,21.99999988079071,0.9750936600175919,2026-07-25T16:19:38.895267+00:00
342,6.281720161437988,17.999999225139618,0.9679719200357795,2026-07-25T16:19:39.891224+00:00
296,1.9089542627334595,21.99999988079071,1.02048497996293,2026-07-25T16:19:49.294810+00:00
343,3.282137393951416,17.999999225139618,0.9595504200115101,2026-07-25T16:19:50.219249+00:00
344,3.402665615081787,19.999998807907104,0.9913589400093769,2026-07-25T16:20:01.209684+00:00
297,1.9198919534683228,19.999998807907104,1.0321308200218482,2026-07-25T16:20:10.671454+00:00
298,2.100459098815918,15.999999642372131,0.9772843400423881,2026-07-25T16:20:20.790402+00:00
345,3.2906298637390137,17.999999225139618,0.9710249999625375,2026-07-25T16:20:22.925956+00:00
299,2.194758653640747,19.999998807907104,1.0034125200036215,2026-07-25T16:20:31.306733+00:00
346,3.469888925552368,17.999999225139618,1.0218475400324678,2026-07-25T16:20:33.279606+00:00
347,3.1403253078460693,15.999999642372131,0.9657262000109768,2026-07-25T16:20:43.543517+00:00
300,1.6282525062561035,21.99999988079071,0.9835856199788394,2026-07-25T16:20:52.890509+00:00
348,1.9053328037261963,25.999999046325684,1.0014260800380725,2026-07-25T16:20:53.804040+00:00
349,5.238396644592285,17.999999225139618,0.954793860000791,2026-07-25T16:21:04.031901+00:00
301,2.0371713638305664,21.99999988079071,0.9890963400539478,2026-07-25T16:21:13.909282+00:00
350,2.6825737953186035,17.999999225139618,1.03866976001882,2026-07-25T16:21:14.542086+00:00
302,1.8938195705413818,19.999998807907104,3.2540746800077613,2026-07-25T16:21:24.209384+00:00
351,1.9035338163375854,7.999999821186066,0.9529295999527676,2026-07-25T16:21:24.832461+00:00
303,2.147459030151367,17.999999225139618,1.0034969200205524,2026-07-25T16:21:34.369292+00:00
352,2.748293161392212,23.999999463558197,1.015624480060069,2026-07-25T16:21:35.067703+00:00
304,1.9440423250198364,14.000000059604645,1.0263453600055072,2026-07-25T16:21:44.532354+00:00
353,2.070127010345459,21.99999988079071,0.9639951399731217,2026-07-25T16:21:45.348875+00:00
354,2.865720748901367,19.999998807907104,0.9934572599740932,2026-07-25T16:21:55.600345+00:00
355,2.655625820159912,23.999999463558197,1.2096350800129585,2026-07-25T16:22:05.919944+00:00
305,1.6776965856552124,23.999999463558197,0.9698449399729725,2026-07-25T16:22:06.479068+00:00
306,1.862776517868042,23.999999463558197,1.0186781599622918,2026-07-25T16:22:16.753202+00:00
307,2.197113275527954,17.999999225139618,1.0538583399466006,2026-07-25T16:22:27.104934+00:00
356,2.5180399417877197,21.99999988079071,0.9893378600099824,2026-07-25T16:22:27.611984+00:00
308,2.0876729488372803,17.999999225139618,1.039636679997784,2026-07-25T16:22:37.418238+00:00
309,1.9037387371063232,21.99999988079071,0.9948911199899158,2026-07-25T16:22:47.761964+00:00
357,5.401852607727051,19.999998807907104,0.9848335399874487,2026-07-25T16:22:49.139417+00:00
310,2.1817245483398438,21.99999988079071,1.0373529399657855,2026-07-25T16:22:58.002248+00:00
358,2.444577217102051,17.999999225139618,1.0148181799740996,2026-07-25T16:22:59.610935+00:00
311,2.1685822010040283,21.99999988079071,0.9859010199579643,2026-07-25T16:23:08.270684+00:00
312,1.9030523300170898,19.999998807907104,1.0718056799669284,2026-07-25T16:23:18.620609+00:00
359,1.8606486320495605,21.99999988079071,0.9572108399879653,2026-07-25T16:23:21.254270+00:00
313,1.8809912204742432,21.99999988079071,1.0148710400244454,2026-07-25T16:23:28.948521+00:00
360,2.472468376159668,23.999999463558197,1.0590083400165895,2026-07-25T16:23:32.055834+00:00
314,1.9119019508361816,17.999999225139618,0.9974264600168682,2026-07-25T16:23:39.075936+00:00
361,4.598702907562256,19.999998807907104,0.9875024799839593,2026-07-25T16:23:42.393400+00:00
315,1.6214102506637573,21.99999988079071,0.9779400400293525,2026-07-25T16:23:49.206455+00:00
362,3.1048169136047363,17.999999225139618,1.2357871999847703,2026-07-25T16:24:04.376107+00:00
316,2.1101033687591553,14.000000059604645,0.9437276200333145,2026-07-25T16:24:10.407593+00:00
363,3.4622974395751953,17.999999225139618,1.0110970999812707,2026-07-25T16:24:25.531254+00:00
317,2.3871679306030273,21.99999988079071,1.0401427599572344,2026-07-25T16:24:32.128980+00:00
318,1.8925470113754272,17.999999225139618,1.0296282999479445,2026-07-25T16:24:42.711670+00:00
364,2.1524105072021484,5.999999865889549,1.0012811799970223,2026-07-25T16:24:46.897841+00:00
365,2.5043489933013916,19.999998807907104,0.9989464400132418,2026-07-25T16:24:57.107414+00:00
319,1.9434362649917603,19.999998807907104,1.0153696600173134,2026-07-25T16:25:04.670545+00:00
366,2.3309452533721924,37.99999952316284,1.001758720012731,2026-07-25T16:25:07.354062+00:00
320,1.8690069913864136,21.99999988079071,0.991503300028853,2026-07-25T16:25:14.787049+00:00
321,2.015986442565918,21.99999988079071,0.9935810999741079,2026-07-25T16:25:25.024798+00:00
367,2.494215488433838,19.999998807907104,0.9953318400221177,2026-07-25T16:25:28.785879+00:00
322,2.0912389755249023,19.999998807907104,0.9811791599349817,2026-07-25T16:25:46.831137+00:00
368,4.620511054992676,15.999999642372131,0.9512713599542622,2026-07-25T16:25:50.088421+00:00
369,2.4514474868774414,17.999999225139618,0.9558556599949952,2026-07-25T16:26:00.279962+00:00
323,1.9762611389160156,31.999999284744263,0.9976146800181596,2026-07-25T16:26:08.055994+00:00
370,2.9976696968078613,14.000000059604645,1.016408159994171,2026-07-25T16:26:10.552817+00:00
371,2.6447250843048096,19.999998807907104,0.98861594000482,2026-07-25T16:26:20.782928+00:00
324,1.8254238367080688,25.999999046325684,1.1045087600359693,2026-07-25T16:26:29.791334+00:00
372,3.4177520275115967,19.999998807907104,1.117595980031183,2026-07-25T16:26:31.090814+00:00
325,1.8834782838821411,19.999998807907104,1.1483280199900037,2026-07-25T16:26:40.739873+00:00
326,1.8346143960952759,23.999999463558197,0.9945222399983322,2026-07-25T16:26:51.243467+00:00
373,2.2718653678894043,21.99999988079071,1.238246339999023,2026-07-25T16:26:52.928873+00:00
327,3.1759443283081055,17.999999225139618,0.9917357000085757,2026-07-25T16:27:12.748405+00:00
374,1.8964921236038208,21.99999988079071,1.0188782799377805,2026-07-25T16:27:14.238719+00:00
375,2.7853589057922363,21.99999988079071,0.9621969200088643,2026-07-25T16:27:24.427489+00:00
328,2.4357030391693115,17.999999225139618,1.1263057599717285,2026-07-25T16:27:34.513178+00:00
376,4.802367687225342,17.999999225139618,0.9890347799955636,2026-07-25T16:27:34.707599+00:00
329,1.9299975633621216,17.999999225139618,1.009878260010737,2026-07-25T16:27:44.677264+00:00
377,1.8807213306427002,23.999999463558197,0.954325379934744,2026-07-25T16:27:45.028643+00:00
330,1.9458982944488525,17.999999225139618,1.019632140014437,2026-07-25T16:27:55.119619+00:00
331,3.78962779045105,17.999999225139618,0.9781472799659241,2026-07-25T16:28:05.852849+00:00
378,2.437654972076416,21.99999988079071,0.9794076399703044,2026-07-25T16:28:06.251898+00:00
332,1.756364107131958,21.99999988079071,1.0046589400008088,2026-07-25T16:28:16.078745+00:00
379,2.367262840270996,17.999999225139618,0.9913215799315367,2026-07-25T16:28:16.589874+00:00
380,2.9722092151641846,15.999999642372131,1.1292207399674226,2026-07-25T16:28:38.192307+00:00
333,1.9871505498886108,19.999998807907104,1.023788059974322,2026-07-25T16:28:38.285299+00:00
381,2.472543716430664,11.999999731779099,0.9964948800188721,2026-07-25T16:28:48.528521+00:00
334,1.7694069147109985,21.99999988079071,1.0052532199915731,2026-07-25T16:28:59.363726+00:00
335,1.7567336559295654,23.999999463558197,1.0045280399936019,2026-07-25T16:29:09.650291+00:00
382,3.0252442359924316,0.0,0.9674115000234451,2026-07-25T16:29:10.464002+00:00
336,1.7263336181640625,34.00000035762787,1.0455458400247153,2026-07-25T16:29:19.983323+00:00
337,1.8471903800964355,28.00000011920929,1.111894060013583,2026-07-25T16:29:30.872464+00:00
383,2.4697537422180176,21.99999988079071,0.9829390000231798,2026-07-25T16:29:32.074948+00:00
384,3.4054975509643555,19.999998807907104,0.9778314999857685,2026-07-25T16:29:42.407116+00:00
338,1.7498650550842285,29.999998211860657,1.0335630400368245,2026-07-25T16:29:52.094471+00:00
385,3.4033637046813965,17.999999225139618,1.0096901399811031,2026-07-25T16:29:53.026002+00:00
339,2.0396621227264404,19.999998807907104,1.0281970800133422,2026-07-25T16:30:02.546295+00:00
386,2.76545786857605,15.999999642372131,0.9884831200179177,2026-07-25T16:30:15.149103+00:00
340,2.231041431427002,19.999998807907104,0.9948641999653774,2026-07-25T16:30:23.801089+00:00
387,2.775070905685425,17.999999225139618,1.0227414799737744,2026-07-25T16:30:25.459105+00:00
341,1.7709556818008423,17.999999225139618,1.019321720013977,2026-07-25T16:30:34.220347+00:00
388,2.2644052505493164,21.99999988079071,1.0343617999751586,2026-07-25T16:30:36.173547+00:00
389,2.357234239578247,19.999998807907104,0.9811621999688213,2026-07-25T16:30:46.717618+00:00
342,1.7511579990386963,21.99999988079071,1.0740360799536575,2026-07-25T16:30:55.904734+00:00
390,2.8571228981018066,15.999999642372131,0.9515133599779801,2026-07-25T16:30:57.219971+00:00
391,2.3344790935516357,21.99999988079071,0.9674426400306402,2026-07-25T16:31:07.696113+00:00
343,1.765553593635559,19.999998807907104,1.0592586799612036,2026-07-25T16:31:17.710554+00:00
392,2.3474392890930176,21.99999988079071,1.0343398399709258,2026-07-25T16:31:18.052534+00:00
344,1.940391182899475,19.999998807907104,1.053820800007088,2026-07-25T16:31:28.171105+00:00
393,1.7900201082229614,19.999998807907104,1.0700606999307638,2026-07-25T16:31:28.605273+00:00
345,4.485378265380859,23.999999463558197,1.0460597799828975,2026-07-25T16:31:38.504161+00:00
394,4.602459907531738,21.99999988079071,0.9895796600176254,2026-07-25T16:31:50.356889+00:00
346,1.5740057229995728,19.999998807907104,1.0489202199823922,2026-07-25T16:32:00.379954+00:00
395,2.4656004905700684,21.99999988079071,1.0318104999896605,2026-07-25T16:32:00.918104+00:00
347,1.7261024713516235,25.999999046325684,1.016190039954381,2026-07-25T16:32:10.787069+00:00
396,2.4665770530700684,5.999999865889549,0.9608313000353519,2026-07-25T16:32:11.419818+00:00
348,1.967637062072754,21.99999988079071,1.0257616599847097,2026-07-25T16:32:21.143865+00:00
397,1.7897427082061768,23.999999463558197,1.024639820025186,2026-07-25T16:32:21.841102+00:00
349,1.8783262968063354,15.999999642372131,1.0128267599793617,2026-07-25T16:32:31.577055+00:00
398,1.7733829021453857,21.99999988079071,0.9643306799989659,2026-07-25T16:32:32.788919+00:00
350,1.752497911453247,23.999999463558197,1.0700326199730625,2026-07-25T16:32:42.279601+00:00
399,2.2929763793945312,21.99999988079071,0.9939008399669548,2026-07-25T16:32:43.257659+00:00
351,2.0137386322021484,23.999999463558197,1.0818296400248073,2026-07-25T16:32:52.822649+00:00
352,2.0325839519500732,17.999999225139618,0.9756902800290845,2026-07-25T16:33:03.336062+00:00
400,2.8190577030181885,17.999999225139618,0.9950713999569416,2026-07-25T16:33:05.467715+00:00
353,1.7757060527801514,1.9999999552965164,1.0085678399627795,2026-07-25T16:33:13.796717+00:00
401,2.8375768661499023,19.999998807907104,1.0328213799948571,2026-07-25T16:33:15.814143+00:00
354,2.4061572551727295,14.000000059604645,1.321305020028376,2026-07-25T16:33:35.630692+00:00
402,2.4210915565490723,19.999998807907104,1.0077148200070951,2026-07-25T16:33:37.709651+00:00
355,2.3806140422821045,19.999998807907104,1.051473879997502,2026-07-25T16:33:46.142228+00:00
403,1.7780852317810059,21.99999988079071,1.021751320004114,2026-07-25T16:33:48.146901+00:00
356,1.9181479215621948,19.999998807907104,1.149694539999473,2026-07-25T16:33:56.528599+00:00
404,2.3273792266845703,5.999999865889549,0.9981692399742313,2026-07-25T16:33:58.557383+00:00
357,1.9555633068084717,17.999999225139618,0.9858031199837568,2026-07-25T16:34:06.887851+00:00
405,2.712292432785034,37.99999952316284,0.9735145999729866,2026-07-25T16:34:09.265233+00:00
358,2.3393118381500244,17.999999225139618,1.0134313800517702,2026-07-25T16:34:17.231355+00:00
406,2.843843460083008,17.999999225139618,0.9619577400007984,2026-07-25T16:34:19.820128+00:00
359,1.7844730615615845,19.999998807907104,1.008499119998305,2026-07-25T16:34:27.599850+00:00
407,2.5280683040618896,17.999999225139618,1.091179600043688,2026-07-25T16:34:30.279766+00:00
360,1.8356618881225586,17.999999225139618,1.0294111200346379,2026-07-25T16:34:49.296390+00:00
408,2.2599270343780518,21.99999988079071,0.9701556000072742,2026-07-25T16:34:52.040232+00:00
361,1.5851235389709473,25.999999046325684,1.0418136400403455,2026-07-25T16:34:59.636712+00:00
409,2.344968557357788,21.99999988079071,1.0215625799901318,2026-07-25T16:35:02.664788+00:00
362,1.9533456563949585,1.9999999552965164,1.017622500003199,2026-07-25T16:35:21.191718+00:00
410,2.254852056503296,19.999998807907104,1.011293939955067,2026-07-25T16:35:24.127285+00:00
363,1.909834384918213,17.999999225139618,1.0411966199899325,2026-07-25T16:35:31.492629+00:00
411,2.1156537532806396,17.999999225139618,1.0087742999894544,2026-07-25T16:35:34.690344+00:00
364,1.7459771633148193,21.99999988079071,1.0166982800001279,2026-07-25T16:35:41.895660+00:00
412,2.2233667373657227,43.99999976158142,1.0404651399585418,2026-07-25T16:35:45.130356+00:00
365,1.8538624048233032,34.00000035762787,0.9975536799902329,2026-07-25T16:35:52.361589+00:00
413,2.3922107219696045,9.999999403953552,1.064538279970293,2026-07-25T16:35:55.769163+00:00
366,1.9371795654296875,19.999998807907104,0.9905910000088626,2026-07-25T16:36:02.786051+00:00
414,2.7749054431915283,17.999999225139618,0.9773873000085587,2026-07-25T16:36:06.062716+00:00
367,1.7229193449020386,34.00000035762787,1.0189887600427028,2026-07-25T16:36:13.194958+00:00
415,2.3676788806915283,17.999999225139618,1.0112559999834048,2026-07-25T16:36:16.315897+00:00
416,2.319530725479126,19.999998807907104,0.971367599995574,2026-07-25T16:36:26.778919+00:00
368,1.6963659524917603,21.99999988079071,1.017362740021781,2026-07-25T16:36:35.016963+00:00
369,1.5850311517715454,21.99999988079071,1.0619585400127107,2026-07-25T16:36:45.730480+00:00
417,2.2537624835968018,21.99999988079071,1.0346147199743427,2026-07-25T16:36:48.924227+00:00
418,2.1238338947296143,21.99999988079071,1.0100094800145598,2026-07-25T16:36:59.339112+00:00
370,1.9229748249053955,17.999999225139618,1.0412258600263158,2026-07-25T16:37:07.482654+00:00
419,2.718203067779541,17.999999225139618,1.007183800029452,2026-07-25T16:37:09.954417+00:00
371,1.7479197978973389,17.999999225139618,0.9850703200208955,2026-07-25T16:37:17.921822+00:00
372,1.7429767847061157,21.99999988079071,1.0384568599693011,2026-07-25T16:37:28.392905+00:00
420,2.548248767852783,19.999998807907104,1.0716699799377238,2026-07-25T16:37:31.735391+00:00
373,1.9080810546875,25.999999046325684,0.9760557000117842,2026-07-25T16:37:38.659458+00:00
421,2.2328903675079346,11.999999731779099,1.2333880200458225,2026-07-25T16:37:42.124875+00:00
374,1.84562349319458,11.999999731779099,0.9991792400251144,2026-07-25T16:37:49.082241+00:00
375,1.8189208507537842,35.999998450279236,1.0109784799715271,2026-07-25T16:37:59.572890+00:00
422,2.2379367351531982,19.999998807907104,0.96397886001796,2026-07-25T16:38:03.805432+00:00
376,1.7136814594268799,21.99999988079071,1.0160305200406583,2026-07-25T16:38:10.173968+00:00
423,2.503908395767212,23.999999463558197,0.9751520199642982,2026-07-25T16:38:14.048552+00:00
424,2.5218095779418945,15.999999642372131,1.0330559200519929,2026-07-25T16:38:24.261615+00:00
377,2.294983386993408,19.999998807907104,1.132792319986038,2026-07-25T16:38:31.500549+00:00
378,1.859034538269043,17.999999225139618,0.9990569799992953,2026-07-25T16:38:41.810297+00:00
425,2.68729305267334,14.000000059604645,1.0372099200321827,2026-07-25T16:38:45.611061+00:00
379,1.8440191745758057,9.999999403953552,1.0303552000550553,2026-07-25T16:38:52.408081+00:00
426,2.0835862159729004,14.000000059604645,1.0040352999931201,2026-07-25T16:39:07.322460+00:00
380,1.9288274049758911,0.0,0.9901927600003545,2026-07-25T16:39:13.957597+00:00
427,4.135054588317871,15.999999642372131,1.0051358200144023,2026-07-25T16:39:17.655235+00:00
381,1.6123015880584717,21.99999988079071,1.045301360063604,2026-07-25T16:39:24.462803+00:00
428,2.659040927886963,17.999999225139618,1.1017408399493434,2026-07-25T16:39:28.017314+00:00
429,1.8482836484909058,31.999999284744263,0.994614579976769,2026-07-25T16:39:38.336960+00:00
382,1.8997606039047241,11.999999731779099,1.0216578000108711,2026-07-25T16:39:46.184702+00:00
430,2.5495495796203613,23.999999463558197,0.9502043999964371,2026-07-25T16:39:48.704857+00:00
383,1.7364075183868408,19.999998807907104,1.070071940048365,2026-07-25T16:39:56.644681+00:00
384,1.7184340953826904,21.99999988079071,1.0633003600378288,2026-07-25T16:40:07.018186+00:00
431,2.2101094722747803,21.99999988079071,1.0127230599755421,2026-07-25T16:40:10.146447+00:00
432,2.709841012954712,17.999999225139618,1.0526981399743818,2026-07-25T16:40:20.523523+00:00
385,1.7127957344055176,23.999999463558197,1.0311055000056513,2026-07-25T16:40:28.466697+00:00
433,2.656374454498291,3.999999910593033,1.0334664000401972,2026-07-25T16:40:42.029937+00:00
386,2.0236785411834717,17.999999225139618,0.9943135600042298,2026-07-25T16:40:50.045149+00:00
434,3.1333818435668945,15.999999642372131,0.9953477399540134,2026-07-25T16:40:52.470111+00:00
387,1.7392123937606812,23.999999463558197,1.0361316399939824,2026-07-25T16:41:00.575973+00:00
435,1.9275988340377808,21.99999988079071,0.9866143399995053,2026-07-25T16:41:02.860522+00:00
388,1.9085984230041504,21.99999988079071,0.9903970600134925,2026-07-25T16:41:11.041645+00:00
389,1.9619733095169067,17.999999225139618,0.9847804799937876,2026-07-25T16:41:21.372176+00:00
436,2.275118827819824,21.99999988079071,0.9823797400167678,2026-07-25T16:41:24.553959+00:00
390,1.719211220741272,21.99999988079071,1.0533561799820745,2026-07-25T16:41:31.793090+00:00
437,1.8418346643447876,19.999998807907104,1.0181255399947986,2026-07-25T16:41:34.959959+00:00
438,2.6469616889953613,3.999999910593033,1.1077198600105476,2026-07-25T16:41:45.504156+00:00
391,1.991239070892334,17.999999225139618,1.056158199935453,2026-07-25T16:41:53.396096+00:00
439,2.178732395172119,19.999998807907104,1.004476359958062,2026-07-25T16:41:56.182848+00:00
392,1.8820761442184448,23.999999463558197,1.0396104599931277,2026-07-25T16:42:03.952028+00:00
440,3.8430449962615967,19.999998807907104,1.0040790600032778,2026-07-25T16:42:06.757664+00:00
441,2.0773966312408447,21.99999988079071,0.96817903999181,2026-07-25T16:42:17.159963+00:00
393,1.73598051071167,15.999999642372131,1.0335722199670272,2026-07-25T16:42:25.381800+00:00
442,2.596259355545044,15.999999642372131,1.081195199949434,2026-07-25T16:42:27.508920+00:00
394,1.8788189888000488,19.999998807907104,0.9744189601042308,2026-07-25T16:42:35.730172+00:00
443,2.2091212272644043,15.999999642372131,0.9803747800469864,2026-07-25T16:42:37.996211+00:00
395,1.6560943126678467,9.999999403953552,1.0604824400797952,2026-07-25T16:42:46.100359+00:00
444,2.1598622798919678,23.999999463558197,3.4620810799242463,2026-07-25T16:42:59.519438+00:00
396,1.7581188678741455,15.999999642372131,0.9697818598942831,2026-07-25T16:43:07.860435+00:00
445,2.5324034690856934,17.999999225139618,0.9872351599915419,2026-07-25T16:43:09.917160+00:00
397,1.5470467805862427,23.999999463558197,1.0439093600143678,2026-07-25T16:43:18.308763+00:00
446,1.713111400604248,17.999999225139618,0.9850291999464389,2026-07-25T16:43:20.321930+00:00
398,1.5792672634124756,23.999999463558197,1.114684440108249,2026-07-25T16:43:28.953142+00:00
399,1.8331407308578491,19.999998807907104,1.057168020051904,2026-07-25T16:43:39.336623+00:00
447,2.5567679405212402,19.999998807907104,1.0111086400866043,2026-07-25T16:43:41.831269+00:00
400,1.7328230142593384,19.999998807907104,1.0178213400649838,2026-07-25T16:43:50.195221+00:00
448,2.3583037853240967,17.999999225139618,0.9580694999021944,2026-07-25T16:43:52.256132+00:00
401,1.7710864543914795,21.99999988079071,1.1098540799866896,2026-07-25T16:44:00.753737+00:00
449,2.034877061843872,21.99999988079071,1.082739059929736,2026-07-25T16:44:02.507080+00:00
402,2.248075008392334,19.999998807907104,1.0405323999293614,2026-07-25T16:44:11.148481+00:00
450,2.5481183528900146,17.999999225139618,1.0221962799550965,2026-07-25T16:44:13.296299+00:00
403,1.8635658025741577,7.999999821186066,1.0123473999556154,2026-07-25T16:44:21.719505+00:00
451,2.520474910736084,21.99999988079071,1.0263703600503504,2026-07-25T16:44:23.730444+00:00
452,2.5436694622039795,15.999999642372131,1.1962076199415606,2026-07-25T16:44:34.064975+00:00
404,1.756614327430725,15.999999642372131,1.0120468800596427,2026-07-25T16:44:43.453752+00:00
405,1.7265864610671997,19.999998807907104,1.057619340135716,2026-07-25T16:44:53.789349+00:00
453,3.821490526199341,15.999999642372131,1.0227988599217497,2026-07-25T16:44:55.813550+00:00
406,1.7616866827011108,7.999999821186066,1.0125531398807652,2026-07-25T16:45:04.986835+00:00
454,1.6664806604385376,28.00000011920929,0.981561879889341,2026-07-25T16:45:17.120517+00:00
407,1.678587794303894,25.999999046325684,1.0082581399183255,2026-07-25T16:45:26.097584+00:00
408,1.5429188013076782,21.99999988079071,0.9950906000449322,2026-07-25T16:45:36.437112+00:00
455,2.8341784477233887,23.999999463558197,0.9428520199435297,2026-07-25T16:45:38.659777+00:00
409,1.7317721843719482,21.99999988079071,1.0112272600235883,2026-07-25T16:45:46.612846+00:00
456,2.5247461795806885,17.999999225139618,0.9775917399383616,2026-07-25T16:45:49.064338+00:00
410,1.901574969291687,17.999999225139618,1.0461971198674291,2026-07-25T16:45:56.952895+00:00
457,1.694503903388977,21.99999988079071,0.9851356800936628,2026-07-25T16:45:59.569926+00:00
411,1.760707139968872,5.999999865889549,1.0368639999069273,2026-07-25T16:46:07.165449+00:00
412,1.699145793914795,11.999999731779099,1.0058994000428356,2026-07-25T16:46:17.329051+00:00
458,2.128951072692871,15.999999642372131,1.0078044199326541,2026-07-25T16:46:21.051484+00:00
459,2.477911949157715,17.999999225139618,1.0911358200246468,2026-07-25T16:46:31.513327+00:00
413,1.8191702365875244,34.00000035762787,1.2582684399967548,2026-07-25T16:46:39.019808+00:00
460,1.6932140588760376,21.99999988079071,1.0314232000382617,2026-07-25T16:46:42.321222+00:00
414,1.8361237049102783,5.999999865889549,1.047874179930659,2026-07-25T16:47:00.328601+00:00
461,2.55765438079834,17.999999225139618,1.0023553199425805,2026-07-25T16:47:04.411624+00:00
462,2.496080160140991,17.999999225139618,1.0024256999895442,2026-07-25T16:47:14.834556+00:00
415,1.7346042394638062,17.999999225139618,0.9889081200526562,2026-07-25T16:47:21.620165+00:00
463,2.512988805770874,1.9999999552965164,0.9628414399048779,2026-07-25T16:47:25.165191+00:00
416,1.7788935899734497,19.999998807907104,1.0056969600555021,2026-07-25T16:47:31.881685+00:00
464,1.652396559715271,21.99999988079071,1.0266181199403945,2026-07-25T16:47:35.423850+00:00
417,1.7215532064437866,23.999999463558197,0.9812182599853259,2026-07-25T16:47:42.141574+00:00
465,2.0940489768981934,17.999999225139618,1.007160559965996,2026-07-25T16:47:45.659846+00:00
418,2.0305228233337402,5.999999865889549,1.219192240096163,2026-07-25T16:48:03.515844+00:00
466,2.108891248703003,23.999999463558197,0.9664685800089501,2026-07-25T16:48:07.080427+00:00
419,1.848820447921753,21.99999988079071,0.9573794799507596,2026-07-25T16:48:13.647666+00:00
467,2.0854504108428955,21.99999988079071,1.0034547800023574,2026-07-25T16:48:17.341305+00:00
420,1.8547892570495605,21.99999988079071,0.9709137999743689,2026-07-25T16:48:23.829208+00:00
468,1.6641268730163574,23.999999463558197,0.9937529198941775,2026-07-25T16:48:27.656880+00:00
469,2.465691328048706,23.999999463558197,0.9719285999017302,2026-07-25T16:48:37.780933+00:00
421,2.090066432952881,15.999999642372131,0.9932793199550362,2026-07-25T16:48:44.978693+00:00
470,2.537179946899414,0.0,0.9837173599225936,2026-07-25T16:48:47.952127+00:00
422,2.0096635818481445,31.999999284744263,1.101884620002238,2026-07-25T16:48:55.112845+00:00
471,2.048901319503784,21.99999988079071,0.9695475999615155,2026-07-25T16:48:58.247771+00:00
423,1.8542767763137817,17.999999225139618,1.0007457599567715,2026-07-25T16:49:05.370086+00:00
424,1.787060260772705,19.999998807907104,1.0713468799076509,2026-07-25T16:49:15.557810+00:00
472,3.6151442527770996,0.0,0.9971015200426335,2026-07-25T16:49:19.577888+00:00
425,2.139716863632202,15.999999642372131,1.0015344600833487,2026-07-25T16:49:25.736970+00:00
473,2.087595224380493,19.999998807907104,1.056560819997685,2026-07-25T16:49:30.064987+00:00
474,2.3263516426086426,21.99999988079071,1.0266770000453107,2026-07-25T16:49:40.259302+00:00
426,1.5855729579925537,34.00000035762787,0.986420499975793,2026-07-25T16:49:47.008296+00:00
475,2.4293174743652344,19.999998807907104,1.001093559898436,2026-07-25T16:49:50.486335+00:00
427,2.107532262802124,28.00000011920929,1.084412380005233,2026-07-25T16:49:57.235349+00:00
428,1.8630642890930176,17.999999225139618,1.0164971600170247,2026-07-25T16:50:07.320678+00:00
476,2.437540054321289,19.999998807907104,0.9980769400135614,2026-07-25T16:50:11.851307+00:00
429,2.14800763130188,7.999999821186066,1.0068437599693425,2026-07-25T16:50:17.390639+00:00
477,2.127206325531006,15.999999642372131,0.9566097600327339,2026-07-25T16:50:21.937832+00:00
430,1.586491346359253,25.999999046325684,1.0146400600206107,2026-07-25T16:50:27.485212+00:00
478,2.0584752559661865,19.999998807907104,1.0020642400195356,2026-07-25T16:50:32.180902+00:00
431,1.808333158493042,21.99999988079071,0.9929215400188696,2026-07-25T16:50:38.085692+00:00
479,2.4309401512145996,15.999999642372131,0.9562945799552836,2026-07-25T16:50:42.464281+00:00
432,1.8596746921539307,17.999999225139618,0.9963147599773947,2026-07-25T16:50:59.314315+00:00
480,1.6883621215820312,21.99999988079071,0.9821966399613303,2026-07-25T16:51:03.943089+00:00
433,2.0664098262786865,35.999998450279236,1.1040685400075745,2026-07-25T16:51:09.527470+00:00
434,1.8223583698272705,23.999999463558197,1.0436769400257617,2026-07-25T16:51:19.646552+00:00
481,2.111711025238037,7.999999821186066,1.01181402002112,2026-07-25T16:51:25.467069+00:00
435,1.8521870374679565,17.999999225139618,1.0795536600926425,2026-07-25T16:51:29.810730+00:00
482,2.399101495742798,19.999998807907104,1.0116718801145907,2026-07-25T16:51:46.805711+00:00
436,2.104306936264038,17.999999225139618,0.9696145600173622,2026-07-25T16:51:51.168394+00:00
437,1.606992483139038,21.99999988079071,1.0565004200907424,2026-07-25T16:52:01.432930+00:00
483,2.400197744369507,17.999999225139618,0.9437895999872126,2026-07-25T16:52:07.941931+00:00
438,1.9633584022521973,14.000000059604645,3.4187613800168037,2026-07-25T16:52:11.981023+00:00
439,1.8461735248565674,17.999999225139618,0.9916496800724418,2026-07-25T16:52:22.346579+00:00
484,2.05812931060791,19.999998807907104,0.9998030400311109,2026-07-25T16:52:29.429614+00:00
440,2.7048370838165283,17.999999225139618,1.0626702599984128,2026-07-25T16:52:43.983712+00:00
485,2.0708487033843994,15.999999642372131,1.0268552800698671,2026-07-25T16:52:50.514786+00:00
486,2.2634189128875732,21.99999988079071,0.9607069198682439,2026-07-25T16:53:00.689201+00:00
441,1.997551441192627,17.999999225139618,0.9911521000321956,2026-07-25T16:53:05.322524+00:00
487,1.6577426195144653,21.99999988079071,0.9944249798718373,2026-07-25T16:53:10.806190+00:00
488,1.6575212478637695,21.99999988079071,0.9600035200128332,2026-07-25T16:53:21.078953+00:00
442,1.8308231830596924,23.999999463558197,0.9943006800313015,2026-07-25T16:53:26.581412+00:00
489,2.360276460647583,15.999999642372131,1.0135049000382423,2026-07-25T16:53:31.469001+00:00
443,1.6496238708496094,15.999999642372131,0.9884188199066556,2026-07-25T16:53:47.540065+00:00
490,2.0554306507110596,19.999998807907104,0.9840396199433598,2026-07-25T16:53:53.241843+00:00
491,2.4955785274505615,15.999999642372131,0.9864950999326537,2026-07-25T16:54:03.784396+00:00
444,1.8332574367523193,17.999999225139618,1.001771919982275,2026-07-25T16:54:08.752660+00:00
492,2.107433557510376,1.9999999552965164,1.0117334600363392,2026-07-25T16:54:25.113170+00:00
445,2.0874013900756836,15.999999642372131,1.0762975800025743,2026-07-25T16:54:29.725901+00:00
493,2.2640793323516846,17.999999225139618,1.0656857800495345,2026-07-25T16:54:35.511270+00:00
446,1.6489390134811401,7.999999821186066,1.00381340002059,2026-07-25T16:54:39.797055+00:00
447,1.8149518966674805,19.999998807907104,1.0354302600899246,2026-07-25T16:54:49.837578+00:00
494,2.4165077209472656,31.999999284744263,1.0144572399440221,2026-07-25T16:54:56.917763+00:00
448,2.0411620140075684,17.999999225139618,1.1823923799965996,2026-07-25T16:55:00.138995+00:00
495,1.9903311729431152,34.00000035762787,1.0297884399187751,2026-07-25T16:55:07.372068+00:00
449,1.9614051580429077,31.999999284744263,0.9583917600684799,2026-07-25T16:55:10.180694+00:00
496,2.2982263565063477,0.0,1.004915939993225,2026-07-25T16:55:17.837273+00:00
497,1.7819043397903442,35.999998450279236,1.0099092999007553,2026-07-25T16:55:28.078405+00:00
450,1.8243147134780884,17.999999225139618,1.0679509000328835,2026-07-25T16:55:31.566166+00:00
451,2.0316321849823,17.999999225139618,1.0144442599266768,2026-07-25T16:55:41.796255+00:00
498,2.008462905883789,21.99999988079071,1.0012684798857663,2026-07-25T16:55:49.759444+00:00
499,1.8721857070922852,21.99999988079071,0.9972511199885048,2026-07-25T16:56:00.022724+00:00
452,1.6018345355987549,21.99999988079071,1.0011548399052117,2026-07-25T16:56:02.757443+00:00
500,2.155729293823242,19.999998807907104,0.9404216599068604,2026-07-25T16:56:10.427882+00:00
453,2.086735725402832,11.999999731779099,0.9991944799548945,2026-07-25T16:56:12.910714+00:00
501,1.7916451692581177,21.99999988079071,1.0027987000648864,2026-07-25T16:56:31.921350+00:00
454,2.1081607341766357,19.999998807907104,1.026378679962363,2026-07-25T16:56:33.857280+00:00
455,1.9254217147827148,21.99999988079071,1.013688219973119,2026-07-25T16:56:44.285210+00:00
502,2.1483824253082275,19.999998807907104,1.0464725599740632,2026-07-25T16:56:54.041605+00:00
456,1.9282418489456177,19.999998807907104,1.1069656201289035,2026-07-25T16:56:54.573001+00:00
457,1.5771960020065308,21.99999988079071,0.9671509399777278,2026-07-25T16:57:04.770986+00:00
503,2.1118288040161133,15.999999642372131,0.9798750799382107,2026-07-25T16:57:15.934483+00:00
504,2.0383713245391846,21.99999988079071,0.9937280000303873,2026-07-25T16:57:26.288416+00:00
458,1.8187451362609863,19.999998807907104,1.0031868999067228,2026-07-25T16:57:26.342577+00:00
459,1.8807437419891357,23.999999463558197,0.9786058799363673,2026-07-25T16:57:36.588772+00:00
505,1.9985413551330566,19.999998807907104,0.9711189800873399,2026-07-25T16:57:37.122475+00:00
460,1.9903345108032227,17.999999225139618,1.004956919932738,2026-07-25T16:57:46.639624+00:00
506,1.9161291122436523,28.00000011920929,0.9540693400776945,2026-07-25T16:57:58.872668+00:00
461,1.796702265739441,21.99999988079071,0.9969731600722297,2026-07-25T16:58:07.802927+00:00
507,1.6618765592575073,21.99999988079071,0.9856552800920326,2026-07-25T16:58:19.954908+00:00
462,1.806840181350708,17.999999225139618,1.1201474600238726,2026-07-25T16:58:29.159187+00:00
508,2.0105369091033936,17.999999225139618,0.9843559200817253,2026-07-25T16:58:41.157006+00:00
463,1.7937737703323364,21.99999988079071,0.9732429000723641,2026-07-25T16:58:50.990073+00:00
509,2.0771734714508057,15.999999642372131,0.9798380600113886,2026-07-25T16:58:51.301526+00:00
464,1.793565034866333,19.999998807907104,1.001721300126519,2026-07-25T16:59:01.222589+00:00
510,1.7793041467666626,19.999998807907104,0.959019079891732,2026-07-25T16:59:01.980404+00:00
465,1.9963253736495972,17.999999225139618,0.963504959945567,2026-07-25T16:59:11.386405+00:00
511,1.815467357635498,17.999999225139618,0.9452701199916191,2026-07-25T16:59:23.126865+00:00
466,1.998344898223877,19.999998807907104,1.049274079996394,2026-07-25T16:59:32.971381+00:00
512,2.0233020782470703,15.999999642372131,0.9660511399852112,2026-07-25T16:59:33.274225+00:00
467,1.9930963516235352,17.999999225139618,1.0392759800015483,2026-07-25T16:59:54.075735+00:00
513,1.9997581243515015,17.999999225139618,1.0351457800425123,2026-07-25T16:59:54.834249+00:00
514,1.812576174736023,19.999998807907104,0.9751135400438216,2026-07-25T17:00:05.093326+00:00
468,1.5897424221038818,21.99999988079071,0.9829024199279958,2026-07-25T17:00:15.341436+00:00
469,1.661622166633606,21.99999988079071,0.9969196000020021,2026-07-25T17:00:25.352530+00:00
515,1.5959904193878174,19.999998807907104,0.9988619199430104,2026-07-25T17:00:26.653691+00:00
470,1.800671100616455,17.999999225139618,1.049066919949837,2026-07-25T17:00:35.489918+00:00
516,1.975899338722229,25.999999046325684,0.954251239891164,2026-07-25T17:00:36.783253+00:00
517,1.9386992454528809,21.99999988079071,0.9858793400053402,2026-07-25T17:00:47.071668+00:00
471,1.6790105104446411,17.999999225139618,1.0727147400029935,2026-07-25T17:00:56.598439+00:00
472,1.9729260206222534,17.999999225139618,1.0066160399583168,2026-07-25T17:01:06.816587+00:00
518,1.776659369468689,7.999999821186066,3.383042859932175,2026-07-25T17:01:08.244046+00:00
519,1.8469537496566772,21.99999988079071,0.9801715999492443,2026-07-25T17:01:18.336007+00:00
473,1.6863107681274414,14.000000059604645,1.0558601599768735,2026-07-25T17:01:27.881848+00:00
474,2.5015642642974854,17.999999225139618,1.1064113599422853,2026-07-25T17:01:38.107721+00:00
520,2.25946307182312,19.999998807907104,0.9862191400316078,2026-07-25T17:01:39.598548+00:00
475,2.027259588241577,17.999999225139618,1.060781560081523,2026-07-25T17:02:00.672810+00:00
521,1.7824896574020386,29.999998211860657,0.9895261199562811,2026-07-25T17:02:01.050849+00:00
476,1.7558361291885376,23.999999463558197,0.9788594199926592,2026-07-25T17:02:10.833370+00:00
522,1.958170771598816,9.999999403953552,0.9808960800000931,2026-07-25T17:02:11.471319+00:00
477,1.8299241065979004,21.99999988079071,0.9843481000280008,2026-07-25T17:02:20.953991+00:00
523,1.7887457609176636,21.99999988079071,1.0567491000983864,2026-07-25T17:02:33.005550+00:00
478,1.9558196067810059,19.999998807907104,0.9921493000001645,2026-07-25T17:02:42.036448+00:00
524,1.6032986640930176,29.999998211860657,0.9566082400851883,2026-07-25T17:02:43.278382+00:00
479,1.7414071559906006,19.999998807907104,0.979200019937707,2026-07-25T17:02:52.233384+00:00
525,1.779848337173462,17.999999225139618,0.9495529600826558,2026-07-25T17:02:53.652307+00:00
480,2.0656020641326904,17.999999225139618,1.0815314599312842,2026-07-25T17:03:13.384105+00:00
526,2.000413417816162,17.999999225139618,0.9518429200397804,2026-07-25T17:03:15.308532+00:00
527,1.6097052097320557,23.999999463558197,0.9455557999899611,2026-07-25T17:03:25.662546+00:00
481,1.873693585395813,17.999999225139618,0.9889421600382776,2026-07-25T17:03:34.781247+00:00
528,1.7680431604385376,5.999999865889549,1.0034280399850104,2026-07-25T17:03:36.185213+00:00
482,1.7177975177764893,7.999999821186066,0.9974503199919127,2026-07-25T17:03:45.008605+00:00
529,1.5886993408203125,23.999999463558197,1.0269098800199572,2026-07-25T17:03:57.466032+00:00
483,1.7532339096069336,23.999999463558197,0.9806882200064136,2026-07-25T17:04:06.038922+00:00
530,1.99173903465271,7.999999821186066,0.9423820400843397,2026-07-25T17:04:07.639823+00:00
484,1.5817004442214966,25.999999046325684,0.9563918800267857,2026-07-25T17:04:16.140189+00:00
485,2.245086431503296,11.999999731779099,0.9711115600657649,2026-07-25T17:04:26.544252+00:00
531,1.8733407258987427,17.999999225139618,1.00908623993746,2026-07-25T17:04:28.981512+00:00
532,1.9397368431091309,19.999998807907104,1.02819253996131,2026-07-25T17:04:39.468733+00:00
486,1.7568435668945312,1.9999999552965164,0.968544820061652,2026-07-25T17:04:47.999671+00:00
533,1.5863656997680664,23.999999463558197,1.046794959984254,2026-07-25T17:04:49.708295+00:00
487,1.8381985425949097,21.99999988079071,0.9915448000538162,2026-07-25T17:04:58.326460+00:00
534,1.6480733156204224,21.99999988079071,0.9933194400218782,2026-07-25T17:05:00.442389+00:00
488,1.724785566329956,21.99999988079071,1.0215263201098423,2026-07-25T17:05:08.536719+00:00
535,1.8824154138565063,19.999998807907104,1.0317935798957478,2026-07-25T17:05:10.821083+00:00
489,1.7286169528961182,17.999999225139618,1.019045539869694,2026-07-25T17:05:29.932685+00:00
536,2.0778515338897705,19.999998807907104,0.9812193599645981,2026-07-25T17:05:32.371316+00:00
490,1.8784911632537842,19.999998807907104,1.0203576998901553,2026-07-25T17:05:40.041243+00:00
537,2.0315935611724854,14.000000059604645,1.0324876000231598,2026-07-25T17:05:42.516201+00:00
538,1.5950161218643188,21.99999988079071,1.0064906600746326,2026-07-25T17:05:52.827101+00:00
491,1.7779104709625244,17.999999225139618,0.9840155398705974,2026-07-25T17:06:01.358282+00:00
539,1.5852546691894531,21.99999988079071,0.9611124200455379,2026-07-25T17:06:02.984018+00:00
492,1.8837226629257202,21.99999988079071,1.0132264599087648,2026-07-25T17:06:11.577785+00:00
540,2.233745813369751,17.999999225139618,0.9941446199081838,2026-07-25T17:06:13.148798+00:00
493,1.9115684032440186,15.999999642372131,0.9931030399457086,2026-07-25T17:06:21.936382+00:00
541,2.4935030937194824,19.999998807907104,0.9510185600083787,2026-07-25T17:06:23.333479+00:00
494,1.7853288650512695,25.999999046325684,1.0134218599705491,2026-07-25T17:06:32.336034+00:00
542,1.8533596992492676,17.999999225139618,0.9668542399595026,2026-07-25T17:06:33.585409+00:00
495,1.8643344640731812,17.999999225139618,1.0475412600499112,2026-07-25T17:06:43.302693+00:00
543,1.999567985534668,28.00000011920929,1.2898262600356247,2026-07-25T17:06:44.031410+00:00
544,2.099318742752075,19.999998807907104,1.0686447800253518,2026-07-25T17:06:54.343987+00:00
545,1.807136058807373,19.999998807907104,0.9826221001276281,2026-07-25T17:07:04.782778+00:00
496,1.7384916543960571,21.99999988079071,0.9970163799880539,2026-07-25T17:07:05.215132+00:00
546,1.9662531614303589,19.999998807907104,0.9736444600275718,2026-07-25T17:07:14.963980+00:00
497,1.7248873710632324,19.999998807907104,0.9527374200115446,2026-07-25T17:07:15.404315+00:00
547,1.7903567552566528,21.99999988079071,0.9501692999037914,2026-07-25T17:07:25.069864+00:00
498,1.5597375631332397,31.999999284744263,0.9998996800277382,2026-07-25T17:07:25.627202+00:00
499,1.8599566221237183,17.999999225139618,1.0449496800720226,2026-07-25T17:07:36.260365+00:00
548,1.7709239721298218,19.999998807907104,1.0264082200592384,2026-07-25T17:07:46.505172+00:00
500,1.6815909147262573,23.999999463558197,1.0181791200011503,2026-07-25T17:07:46.754907+00:00
549,1.9693509340286255,17.999999225139618,1.0506406601052731,2026-07-25T17:07:57.035564+00:00
501,1.8679068088531494,21.99999988079071,1.0970647000067402,2026-07-25T17:07:57.315232+00:00
502,2.153170347213745,17.999999225139618,1.510421499988297,2026-07-25T17:08:07.707704+00:00
550,1.7583794593811035,21.99999988079071,0.9644777199719101,2026-07-25T17:08:07.860697+00:00
503,1.7145320177078247,15.999999642372131,1.5241757800686173,2026-07-25T17:08:17.940637+00:00
551,5.823022365570068,19.999998807907104,1.0300325800199062,2026-07-25T17:08:18.165851+00:00
504,1.5800414085388184,23.999999463558197,1.0139447200344875,2026-07-25T17:08:28.263019+00:00
505,1.8805744647979736,14.000000059604645,1.0120378600549884,2026-07-25T17:08:38.606082+00:00
552,1.5889201164245605,25.999999046325684,1.033321220020298,2026-07-25T17:08:40.096855+00:00
506,1.8491686582565308,19.999998807907104,3.3277013000042643,2026-07-25T17:08:48.959747+00:00
553,1.5930850505828857,19.999998807907104,0.967624940094538,2026-07-25T17:08:50.421484+00:00
507,1.6378488540649414,23.999999463558197,1.0031560200150125,2026-07-25T17:08:59.264384+00:00
554,1.9827038049697876,14.000000059604645,1.0197152600449044,2026-07-25T17:09:12.533187+00:00
508,1.7292529344558716,21.99999988079071,1.0189319599885494,2026-07-25T17:09:20.908214+00:00
555,1.7764015197753906,21.99999988079071,1.0413825200521387,2026-07-25T17:09:23.150684+00:00
509,1.725559115409851,0.0,1.0408375000406522,2026-07-25T17:09:31.286588+00:00
556,1.8993579149246216,19.999998807907104,0.9972231600841042,2026-07-25T17:09:33.880468+00:00
510,1.693666696548462,17.999999225139618,1.0450589199899696,2026-07-25T17:09:41.638558+00:00
557,1.724104881286621,34.00000035762787,0.9722152601170819,2026-07-25T17:09:44.325251+00:00
511,1.7089102268218994,21.99999988079071,1.0098930999811273,2026-07-25T17:09:51.899954+00:00
558,2.217874050140381,17.999999225139618,1.0376205800275784,2026-07-25T17:09:54.670877+00:00
559,2.410766363143921,25.999999046325684,3.5283802601043135,2026-07-25T17:10:05.313559+00:00
512,1.7171273231506348,17.999999225139618,1.0230521400808357,2026-07-25T17:10:12.797636+00:00
560,1.958084225654602,23.999999463558197,0.9999603599135298,2026-07-25T17:10:15.669190+00:00
513,1.888258934020996,19.999998807907104,0.9868900199944618,2026-07-25T17:10:23.064471+00:00
561,1.880610466003418,19.999998807907104,0.9852933800721076,2026-07-25T17:10:37.364262+00:00
514,1.705861210823059,19.999998807907104,1.0132737200183328,2026-07-25T17:10:44.473418+00:00
515,1.8401974439620972,17.999999225139618,1.0279772999638226,2026-07-25T17:10:54.843341+00:00
562,1.9478434324264526,17.999999225139618,0.9735791799903382,2026-07-25T17:10:59.222515+00:00
516,1.741429328918457,21.99999988079071,0.9609551601170097,2026-07-25T17:11:05.390860+00:00
563,2.1547117233276367,17.999999225139618,1.0155801600194536,2026-07-25T17:11:09.469388+00:00
517,1.7100824117660522,17.999999225139618,1.0052162400097586,2026-07-25T17:11:15.546177+00:00
564,1.6024075746536255,23.999999463558197,0.992930820066249,2026-07-25T17:11:19.797946+00:00
518,1.8880343437194824,17.999999225139618,0.9986522200051695,2026-07-25T17:11:25.741378+00:00
519,1.7408610582351685,19.999998807907104,1.01074077989324,2026-07-25T17:11:36.676017+00:00
565,1.758386492729187,19.999998807907104,1.0232332001032773,2026-07-25T17:11:40.960207+00:00
520,1.7096160650253296,19.999998807907104,1.0791821399470791,2026-07-25T17:11:47.020482+00:00
566,2.4090781211853027,17.999999225139618,0.9898948999762069,2026-07-25T17:12:02.175224+00:00
521,1.8050042390823364,15.999999642372131,1.0194819400203414,2026-07-25T17:12:08.967403+00:00
567,1.791430950164795,21.99999988079071,0.9634739201283082,2026-07-25T17:12:23.142776+00:00
522,1.7027276754379272,25.999999046325684,1.059081119892653,2026-07-25T17:12:30.769792+00:00
523,1.7118606567382812,17.999999225139618,1.0210929599998053,2026-07-25T17:12:41.120636+00:00
568,1.7635475397109985,19.999998807907104,0.983462580043124,2026-07-25T17:12:44.260268+00:00
524,1.707861304283142,19.999998807907104,0.9918595600174739,2026-07-25T17:12:51.198108+00:00
569,1.783218264579773,17.999999225139618,1.3602361200901214,2026-07-25T17:12:54.625220+00:00
525,1.7191064357757568,21.99999988079071,1.0084210200875532,2026-07-25T17:13:12.754320+00:00
570,1.9643425941467285,19.999998807907104,1.009126959979767,2026-07-25T17:13:15.883370+00:00
571,1.8254753351211548,19.999998807907104,0.9889543200551998,2026-07-25T17:13:26.332062+00:00
526,1.871120572090149,17.999999225139618,0.997416700120084,2026-07-25T17:13:34.240976+00:00
572,1.7229185104370117,19.999998807907104,0.9521438200317789,2026-07-25T17:13:36.595618+00:00
573,1.92976975440979,17.999999225139618,1.0014317600871436,2026-07-25T17:13:46.743730+00:00
527,1.8103985786437988,15.999999642372131,1.0448218599776737,2026-07-25T17:13:55.108040+00:00
574,1.939915418624878,17.999999225139618,1.074082279956201,2026-07-25T17:13:57.305095+00:00
528,1.7686798572540283,3.999999910593033,0.9891003200027627,2026-07-25T17:14:15.964178+00:00
575,1.7583972215652466,17.999999225139618,0.9475489800388459,2026-07-25T17:14:18.614936+00:00
529,1.8012640476226807,23.999999463558197,0.9828846799791792,2026-07-25T17:14:25.949061+00:00
576,1.9347357749938965,17.999999225139618,1.0542125599749852,2026-07-25T17:14:29.082368+00:00
577,1.908113718032837,23.999999463558197,1.0071246000006795,2026-07-25T17:14:39.675322+00:00
530,1.7130672931671143,14.000000059604645,1.0173946000577416,2026-07-25T17:14:46.937323+00:00
578,1.9315102100372314,19.999998807907104,0.9780886600492522,2026-07-25T17:14:50.049880+00:00
531,1.8238388299942017,23.999999463558197,0.9855548400082627,2026-07-25T17:14:57.188353+00:00
579,1.7624824047088623,17.999999225139618,1.005605940008536,2026-07-25T17:15:00.747411+00:00
532,1.6984447240829468,21.99999988079071,1.001967959891772,2026-07-25T17:15:07.312490+00:00
580,1.924851894378662,17.999999225139618,0.9806798199133481,2026-07-25T17:15:10.886473+00:00
533,1.575027585029602,21.99999988079071,0.9774345200276003,2026-07-25T17:15:17.454055+00:00
581,1.7356653213500977,19.999998807907104,0.9932851199118886,2026-07-25T17:15:21.070662+00:00
534,1.7032690048217773,17.999999225139618,1.3059320200409275,2026-07-25T17:15:27.602080+00:00
582,1.7491281032562256,21.99999988079071,3.211406439950224,2026-07-25T17:15:31.449720+00:00
583,1.5237998962402344,21.99999988079071,1.0044329801166896,2026-07-25T17:15:41.597271+00:00
535,1.5775619745254517,19.999998807907104,1.0091011600161437,2026-07-25T17:15:49.420551+00:00
584,1.9402989149093628,17.999999225139618,0.9528541000327095,2026-07-25T17:15:51.908158+00:00
536,1.8489279747009277,7.999999821186066,0.9923947000061162,2026-07-25T17:16:00.043924+00:00
585,1.7469415664672852,21.99999988079071,0.9965010199812241,2026-07-25T17:16:02.096482+00:00
537,1.7176649570465088,17.999999225139618,0.977973159897374,2026-07-25T17:16:10.168698+00:00
586,1.5909467935562134,23.999999463558197,0.9922658199502622,2026-07-25T17:16:12.484977+00:00
538,1.8064148426055908,29.999998211860657,0.9847197600174695,2026-07-25T17:16:20.500603+00:00
587,1.7484573125839233,15.999999642372131,0.9857989801093936,2026-07-25T17:16:22.742468+00:00
539,1.70356023311615,17.999999225139618,1.0695756399945822,2026-07-25T17:16:30.774587+00:00
540,1.6659493446350098,25.999999046325684,1.05593083993881,2026-07-25T17:16:41.073859+00:00
588,1.9198580980300903,19.999998807907104,0.9888425399549305,2026-07-25T17:16:44.295645+00:00
541,1.5896357297897339,23.999999463558197,0.9934853599406779,2026-07-25T17:16:51.639737+00:00
542,1.8402880430221558,3.999999910593033,3.4443734600790776,2026-07-25T17:17:02.517271+00:00
589,1.9045623540878296,9.999999403953552,0.9751894199871458,2026-07-25T17:17:05.785148+00:00
543,1.6869423389434814,21.99999988079071,0.9458424198965076,2026-07-25T17:17:12.625196+00:00
590,1.745662808418274,21.99999988079071,0.9856197198678274,2026-07-25T17:17:15.953758+00:00
544,1.6860729455947876,28.00000011920929,0.990241160034202,2026-07-25T17:17:22.907969+00:00
545,1.6884814500808716,21.99999988079071,0.9953486200538464,2026-07-25T17:17:33.650726+00:00
591,1.5594433546066284,34.00000035762787,0.9707294400141109,2026-07-25T17:17:37.123979+00:00
546,1.7890362739562988,19.999998807907104,1.0604191999300383,2026-07-25T17:17:43.931732+00:00
592,1.8123998641967773,17.999999225139618,0.9837040600541512,2026-07-25T17:17:47.432216+00:00
547,1.691194772720337,21.99999988079071,1.0588067000207957,2026-07-25T17:17:54.316162+00:00
593,1.6187574863433838,29.999998211860657,0.981312740041176,2026-07-25T17:18:09.486173+00:00
548,1.8084625005722046,19.999998807907104,1.0068605600099545,2026-07-25T17:18:16.115460+00:00
594,1.9805761575698853,17.999999225139618,1.0266059800051153,2026-07-25T17:18:30.908422+00:00
549,1.8207591772079468,19.999998807907104,0.9861393000755925,2026-07-25T17:18:38.222775+00:00
595,1.9946612119674683,19.999998807907104,1.0072170599596575,2026-07-25T17:18:41.144029+00:00
550,1.5415476560592651,25.999999046325684,0.9855049799080008,2026-07-25T17:18:48.586416+00:00
596,1.9077134132385254,1.9999999552965164,1.0068524999951478,2026-07-25T17:18:51.445646+00:00
597,1.8624792098999023,19.999998807907104,1.0255696999956854,2026-07-25T17:19:01.765733+00:00
551,1.576473355293274,21.99999988079071,1.003404799994314,2026-07-25T17:19:10.275487+00:00
598,1.725950002670288,21.99999988079071,0.9668602800229564,2026-07-25T17:19:12.086140+00:00
552,1.8097668886184692,23.999999463558197,0.9981816199433524,2026-07-25T17:19:20.679188+00:00
599,1.7533870935440063,17.999999225139618,1.2335735600208864,2026-07-25T17:19:22.524906+00:00
553,1.5770841836929321,21.99999988079071,1.0178387399355415,2026-07-25T17:19:42.508266+00:00
600,1.899610161781311,21.99999988079071,1.007412359904265,2026-07-25T17:19:44.278820+00:00
601,1.7684314250946045,17.999999225139618,1.084245039965026,2026-07-25T17:19:54.641451+00:00
554,1.8067846298217773,21.99999988079071,0.9855772199807689,2026-07-25T17:20:03.725028+00:00
555,1.7751431465148926,19.999998807907104,0.9624055399035569,2026-07-25T17:20:13.951404+00:00
602,1.8805406093597412,25.999999046325684,0.9834353199403267,2026-07-25T17:20:16.129467+00:00
556,1.5754523277282715,21.99999988079071,0.9663247400021646,2026-07-25T17:20:24.173996+00:00
603,1.609263300895691,21.99999988079071,0.9867154598759953,2026-07-25T17:20:26.391815+00:00
557,1.8446954488754272,19.999998807907104,0.9961108199786394,2026-07-25T17:20:34.627568+00:00
604,2.2828001976013184,1.9999999552965164,0.9495143800450023,2026-07-25T17:20:36.578822+00:00
558,1.6824191808700562,23.999999463558197,0.9983685400220565,2026-07-25T17:20:44.934790+00:00
605,1.743772268295288,21.99999988079071,0.9731786600605119,2026-07-25T17:20:46.694531+00:00
559,1.802409052848816,17.999999225139618,1.0495836799964309,2026-07-25T17:20:55.377196+00:00
606,1.5825141668319702,21.99999988079071,1.0338187799789011,2026-07-25T17:20:57.019993+00:00
560,1.5785460472106934,21.99999988079071,1.025625559996115,2026-07-25T17:21:16.637622+00:00
607,1.8900375366210938,17.999999225139618,1.0287967800104525,2026-07-25T17:21:18.288356+00:00
561,1.6941800117492676,19.999998807907104,1.0494175399071537,2026-07-25T17:21:27.049464+00:00
608,1.6258409023284912,17.999999225139618,1.0338969199801795,2026-07-25T17:21:28.468935+00:00
562,1.6916660070419312,17.999999225139618,1.0895174399774987,2026-07-25T17:21:48.373264+00:00
609,1.745489478111267,17.999999225139618,0.9762675200181548,2026-07-25T17:21:50.180549+00:00
563,1.6904959678649902,19.999998807907104,1.0323527199216187,2026-07-25T17:21:58.740792+00:00
610,1.7314486503601074,21.99999988079071,1.0796766400744673,2026-07-25T17:22:00.538014+00:00
564,1.800543189048767,21.99999988079071,1.038326620036969,2026-07-25T17:22:09.113271+00:00
565,1.7149196863174438,45.99999785423279,0.9987897399696521,2026-07-25T17:22:19.316451+00:00
611,1.7626956701278687,28.00000011920929,0.9905907799839042,2026-07-25T17:22:21.560003+00:00
566,1.7959997653961182,15.999999642372131,1.0566863599524368,2026-07-25T17:22:29.588729+00:00
612,1.7103825807571411,47.999998927116394,1.0268752599949948,2026-07-25T17:22:31.914001+00:00
613,1.7277493476867676,25.999999046325684,0.9636665199650452,2026-07-25T17:22:42.118887+00:00
567,1.8956284523010254,11.999999731779099,0.998421919939574,2026-07-25T17:22:50.746100+00:00
614,1.5844820737838745,21.99999988079071,1.0166206600842997,2026-07-25T17:22:52.343827+00:00
568,1.6873823404312134,21.99999988079071,1.0038034000899643,2026-07-25T17:23:00.965065+00:00
615,1.7550987005233765,19.999998807907104,0.9850344799633604,2026-07-25T17:23:02.612218+00:00
569,1.7515677213668823,15.999999642372131,1.0391715599689633,2026-07-25T17:23:22.540169+00:00
616,1.7328863143920898,21.99999988079071,0.9696606799843721,2026-07-25T17:23:23.766137+00:00
570,1.8209140300750732,9.999999403953552,3.251940199988894,2026-07-25T17:23:33.415576+00:00
617,1.7377212047576904,21.99999988079071,0.9823725999740418,2026-07-25T17:23:33.902168+00:00
571,1.575022578239441,19.999998807907104,1.0709965399291832,2026-07-25T17:23:54.647809+00:00
618,1.8929495811462402,14.000000059604645,1.0572210600366816,2026-07-25T17:23:55.574049+00:00
572,1.8071354627609253,14.000000059604645,0.9832399200240616,2026-07-25T17:24:05.055442+00:00
619,1.9160699844360352,19.999998807907104,0.9419896399776917,2026-07-25T17:24:06.010061+00:00
573,1.8468050956726074,15.999999642372131,0.9743739399709739,2026-07-25T17:24:15.269116+00:00
574,2.0777511596679688,21.99999988079071,1.0204580599383917,2026-07-25T17:24:25.558583+00:00
620,1.8895809650421143,19.999998807907104,1.0105534200556576,2026-07-25T17:24:27.568004+00:00
575,1.8508212566375732,21.99999988079071,0.985717159928754,2026-07-25T17:24:35.754656+00:00
621,2.987635612487793,21.99999988079071,0.9842727000068408,2026-07-25T17:24:49.401281+00:00
576,1.979433298110962,14.000000059604645,0.9971693799889182,2026-07-25T17:24:56.450229+00:00
577,1.8469269275665283,17.999999225139618,0.9924236600636506,2026-07-25T17:25:06.868580+00:00
622,1.7956146001815796,19.999998807907104,1.0095986000669654,2026-07-25T17:25:11.094777+00:00
578,2.028944492340088,17.999999225139618,0.9497017000103369,2026-07-25T17:25:28.037819+00:00
623,1.6350140571594238,28.00000011920929,0.9864630601077806,2026-07-25T17:25:32.776285+00:00
579,1.6000555753707886,21.99999988079071,0.9713985800044611,2026-07-25T17:25:38.201629+00:00
624,1.8889436721801758,19.999998807907104,0.9722002600028645,2026-07-25T17:25:42.945628+00:00
625,1.8820397853851318,19.999998807907104,0.9995832599815913,2026-07-25T17:25:53.118867+00:00
580,1.845483660697937,31.999999284744263,1.0322319400438573,2026-07-25T17:25:59.454773+00:00
626,1.7147325277328491,23.999999463558197,0.9655830000701826,2026-07-25T17:26:04.044974+00:00
627,1.8910876512527466,23.999999463558197,0.955837820074521,2026-07-25T17:26:14.300968+00:00
581,1.8343877792358398,19.999998807907104,0.9995215000526514,2026-07-25T17:26:20.954956+00:00
628,1.954551339149475,21.99999988079071,1.0183350200532004,2026-07-25T17:26:36.191342+00:00
582,1.8185092210769653,25.999999046325684,1.0004057799233124,2026-07-25T17:26:42.258950+00:00
629,1.6841561794281006,37.99999952316284,1.0184521399787627,2026-07-25T17:26:47.315303+00:00
630,1.8873158693313599,19.999998807907104,0.9835622399987187,2026-07-25T17:26:57.689507+00:00
583,2.07059907913208,29.999998211860657,1.0197150200838223,2026-07-25T17:27:03.525901+00:00
584,2.0058913230895996,28.00000011920929,0.9865483200701419,2026-07-25T17:27:13.783862+00:00
631,2.1628470420837402,17.999999225139618,0.9495030000107363,2026-07-25T17:27:18.841728+00:00
585,1.8044953346252441,21.99999988079071,1.0076891799690202,2026-07-25T17:27:23.984170+00:00
632,2.042224168777466,21.99999988079071,1.0576966000371613,2026-07-25T17:27:29.428337+00:00
586,2.0030717849731445,19.999998807907104,1.019074899959378,2026-07-25T17:27:34.278833+00:00
633,1.9081802368164062,15.999999642372131,0.9743443000479601,2026-07-25T17:27:39.955285+00:00
587,1.9585565328598022,19.999998807907104,1.0096499399514869,2026-07-25T17:27:44.670975+00:00
634,2.0743298530578613,17.999999225139618,0.9718494000844657,2026-07-25T17:28:01.979194+00:00
588,1.692903757095337,19.999998807907104,0.9896561400091741,2026-07-25T17:28:05.892447+00:00
589,1.817514181137085,11.999999731779099,0.9972305200062691,2026-07-25T17:28:16.131860+00:00
635,1.8846557140350342,21.99999988079071,1.0540217399829999,2026-07-25T17:28:23.271118+00:00
590,1.685217022895813,23.999999463558197,0.9637689200462773,2026-07-25T17:28:26.434148+00:00
636,1.568906545639038,23.999999463558197,0.9524990200588945,2026-07-25T17:28:34.116378+00:00
637,1.8162530660629272,19.999998807907104,0.9821218199795112,2026-07-25T17:28:44.184921+00:00
591,1.90972101688385,25.999999046325684,1.004987899941625,2026-07-25T17:28:47.611819+00:00
638,1.8468186855316162,21.99999988079071,1.1263862998748664,2026-07-25T17:28:54.622562+00:00
592,2.0333871841430664,19.999998807907104,0.9754864800197538,2026-07-25T17:28:57.906695+00:00
593,2.0561490058898926,14.000000059604645,0.9883082199667116,2026-07-25T17:29:08.124349+00:00
639,1.6056222915649414,23.999999463558197,0.9808305399201345,2026-07-25T17:29:16.298210+00:00
594,1.9164836406707764,19.999998807907104,0.9888394000881818,2026-07-25T17:29:29.359653+00:00
640,2.3225181102752686,15.999999642372131,0.9861664399795701,2026-07-25T17:29:38.083322+00:00
641,2.0990757942199707,19.999998807907104,0.9577524199266918,2026-07-25T17:29:48.331519+00:00
595,1.8024615049362183,21.99999988079071,1.0198139600106515,2026-07-25T17:29:50.522849+00:00
596,1.7535181045532227,15.999999642372131,0.962574279983528,2026-07-25T17:30:00.709711+00:00
642,2.002152442932129,21.99999988079071,0.989443080034107,2026-07-25T17:30:10.003605+00:00
597,1.7923400402069092,29.999998211860657,0.9877505199983715,2026-07-25T17:30:10.846287+00:00
643,1.8572980165481567,19.999998807907104,0.9839356999145821,2026-07-25T17:30:20.276546+00:00
598,1.788240671157837,23.999999463558197,0.9804807600448839,2026-07-25T17:30:21.001558+00:00
644,2.3806536197662354,34.00000035762787,1.0666798400052357,2026-07-25T17:30:30.581398+00:00
599,1.9910260438919067,17.999999225139618,0.9676386800128967,2026-07-25T17:30:42.161826+00:00
645,1.8448916673660278,15.999999642372131,0.9890449000522494,2026-07-25T17:30:51.825821+00:00
600,1.7771258354187012,21.99999988079071,0.975086940015899,2026-07-25T17:31:03.479109+00:00
646,1.846085548400879,23.999999463558197,1.046861880022334,2026-07-25T17:31:13.559889+00:00
601,1.894219994544983,14.000000059604645,1.0049274998891633,2026-07-25T17:31:13.796509+00:00
647,1.9972872734069824,5.999999865889549,0.9902380200219341,2026-07-25T17:31:23.929104+00:00
648,2.108657121658325,19.999998807907104,0.9747638399130665,2026-07-25T17:31:34.241606+00:00
602,1.9448351860046387,21.99999988079071,1.03594793996308,2026-07-25T17:31:35.372963+00:00
649,1.9184503555297852,21.99999988079071,1.1324168399733026,2026-07-25T17:31:44.525970+00:00
603,1.7971508502960205,19.999998807907104,1.04654455994023,2026-07-25T17:31:45.761204+00:00
604,1.7076637744903564,37.99999952316284,0.9889562398893758,2026-07-25T17:31:56.461413+00:00
650,2.051145076751709,19.999998807907104,0.9623379399999976,2026-07-25T17:32:06.200782+00:00
651,1.611883282661438,21.99999988079071,0.9483554000325967,2026-07-25T17:32:16.351168+00:00
605,1.9064383506774902,21.99999988079071,1.0094136200495996,2026-07-25T17:32:18.076301+00:00
652,2.0698747634887695,17.999999225139618,1.0571958200307563,2026-07-25T17:32:26.549885+00:00
653,1.8456023931503296,21.99999988079071,0.9537677999469452,2026-07-25T17:32:36.742425+00:00
606,1.745044231414795,19.999998807907104,0.9539303799101617,2026-07-25T17:32:39.634439+00:00
654,1.9152148962020874,34.00000035762787,0.9932958599529228,2026-07-25T17:32:46.908805+00:00
607,2.3020334243774414,19.999998807907104,1.0263116599526256,2026-07-25T17:32:49.737874+00:00
655,2.1020195484161377,21.99999988079071,1.0337667200656142,2026-07-25T17:32:57.245780+00:00
608,1.737935185432434,21.99999988079071,0.9614317599334754,2026-07-25T17:33:00.090455+00:00
656,1.7357040643692017,23.999999463558197,0.9797961599542759,2026-07-25T17:33:07.416173+00:00
609,1.7453631162643433,17.999999225139618,0.9774198000377509,2026-07-25T17:33:10.365798+00:00
657,1.755764126777649,21.99999988079071,0.9724158799508587,2026-07-25T17:33:17.734154+00:00
610,1.7327907085418701,21.99999988079071,1.0363029000291135,2026-07-25T17:33:31.597892+00:00
658,1.6658236980438232,23.999999463558197,1.0018432200013194,2026-07-25T17:33:39.126604+00:00
611,1.731595516204834,21.99999988079071,1.0361170800752006,2026-07-25T17:33:41.833877+00:00
612,1.8887768983840942,19.999998807907104,0.9723873999610078,2026-07-25T17:33:52.160882+00:00
659,1.8425616025924683,34.00000035762787,1.0239980400365312,2026-07-25T17:34:00.509128+00:00
613,1.7384252548217773,21.99999988079071,0.9888525599671992,2026-07-25T17:34:02.670779+00:00
614,1.8803737163543701,19.999998807907104,1.0063749599794392,2026-07-25T17:34:12.806562+00:00
660,1.9366137981414795,19.999998807907104,1.0070704799727537,2026-07-25T17:34:21.806069+00:00
615,1.887279987335205,17.999999225139618,1.00676342000952,2026-07-25T17:34:22.991193+00:00
616,1.8756822347640991,14.000000059604645,1.0008752399880905,2026-07-25T17:34:33.597839+00:00
661,1.9689550399780273,19.999998807907104,0.9582896401116159,2026-07-25T17:34:43.152284+00:00
617,1.870566964149475,19.999998807907104,0.9868858200206888,2026-07-25T17:34:43.842892+00:00
662,1.8399200439453125,15.999999642372131,1.0175591000006534,2026-07-25T17:35:04.533183+00:00
618,1.7075275182724,15.999999642372131,1.033151080046082,2026-07-25T17:35:05.540338+00:00
663,1.8001397848129272,21.99999988079071,0.9797776800405699,2026-07-25T17:35:14.817264+00:00
619,1.722412109375,21.99999988079071,3.1808915600413457,2026-07-25T17:35:26.509587+00:00
664,2.0315160751342773,14.000000059604645,0.9346469400043134,2026-07-25T17:35:36.068844+00:00
620,1.859104871749878,21.99999988079071,1.0188669399940409,2026-07-25T17:35:47.985376+00:00
665,1.6757643222808838,17.999999225139618,1.2426648999098688,2026-07-25T17:35:57.546452+00:00
666,1.6769583225250244,14.000000059604645,1.0566789600125048,2026-07-25T17:36:08.188227+00:00
621,1.8630486726760864,17.999999225139618,1.0003539000172168,2026-07-25T17:36:09.296669+00:00
667,1.8740538358688354,15.999999642372131,1.0079808199952822,2026-07-25T17:36:30.049343+00:00
622,1.7188502550125122,21.99999988079071,1.117986360040959,2026-07-25T17:36:30.519267+00:00
668,1.855326533317566,28.00000011920929,1.0915197200665716,2026-07-25T17:36:40.473208+00:00
623,1.6984295845031738,23.999999463558197,1.0874579999654088,2026-07-25T17:36:41.158769+00:00
669,1.9572672843933105,45.99999785423279,0.9928141400450841,2026-07-25T17:36:50.970081+00:00
670,1.9950469732284546,17.999999225139618,1.022896659997059,2026-07-25T17:37:01.235711+00:00
624,1.910404920578003,21.99999988079071,1.015645240113372,2026-07-25T17:37:02.875205+00:00
671,1.9140177965164185,3.999999910593033,0.9313035599188879,2026-07-25T17:37:22.717102+00:00
625,1.576247215270996,21.99999988079071,0.968096680007875,2026-07-25T17:37:24.026896+00:00
672,1.9842257499694824,17.999999225139618,0.983091819944093,2026-07-25T17:37:33.585377+00:00
626,1.7133289575576782,17.999999225139618,0.9929447399917989,2026-07-25T17:37:34.344277+00:00
673,1.9842501878738403,17.999999225139618,1.0150998999597505,2026-07-25T17:37:55.059955+00:00
627,1.761582374572754,19.999998807907104,1.0288145799131598,2026-07-25T17:37:55.808584+00:00
674,1.708932638168335,21.99999988079071,1.0181056200235616,2026-07-25T17:38:05.327866+00:00
628,1.7118258476257324,21.99999988079071,1.0125995799899101,2026-07-25T17:38:06.277311+00:00
629,1.5739903450012207,21.99999988079071,1.0048160199949052,2026-07-25T17:38:16.400919+00:00
630,1.7359331846237183,23.999999463558197,0.9887278400128707,2026-07-25T17:38:26.679693+00:00
675,2.327449083328247,25.999999046325684,1.2312560000282247,2026-07-25T17:38:26.715160+00:00
676,2.808222770690918,19.999998807907104,0.9832715999800712,2026-07-25T17:38:37.036767+00:00
677,1.9613233804702759,17.999999225139618,0.9662100399145856,2026-07-25T17:38:47.271281+00:00
631,1.731073021888733,17.999999225139618,0.9659419200033881,2026-07-25T17:38:48.164675+00:00
678,2.2171053886413574,17.999999225139618,1.073773319949396,2026-07-25T17:38:57.544868+00:00
632,1.7934650182724,23.999999463558197,1.063894800026901,2026-07-25T17:38:58.513032+00:00
679,2.249728202819824,21.99999988079071,1.0325679399829824,2026-07-25T17:39:07.770898+00:00
680,2.055027484893799,19.999998807907104,0.9823350601072889,2026-07-25T17:39:17.980559+00:00
633,1.709501028060913,21.99999988079071,0.9849375400517603,2026-07-25T17:39:19.826147+00:00
681,2.001389503479004,19.999998807907104,1.055656620010268,2026-07-25T17:39:28.266706+00:00
634,1.845591425895691,19.999998807907104,1.0111451800912619,2026-07-25T17:39:30.087852+00:00
682,1.9547991752624512,15.999999642372131,1.001746620022459,2026-07-25T17:39:39.096506+00:00
683,2.2330713272094727,19.999998807907104,1.0237041000800673,2026-07-25T17:39:49.539817+00:00
635,1.725834608078003,19.999998807907104,0.976842460077023,2026-07-25T17:39:51.269203+00:00
684,1.9464532136917114,19.999998807907104,0.9803946000465658,2026-07-25T17:40:00.158938+00:00
636,1.7083126306533813,21.99999988079071,1.0479637399839703,2026-07-25T17:40:01.550456+00:00
637,1.7128753662109375,17.999999225139618,1.0310881599434651,2026-07-25T17:40:11.578675+00:00
685,1.933408498764038,17.999999225139618,0.9965854199253954,2026-07-25T17:40:21.216716+00:00
638,1.7078083753585815,21.99999988079071,0.9638099400035571,2026-07-25T17:40:21.835965+00:00
639,1.8375260829925537,15.999999642372131,0.9577279799850658,2026-07-25T17:40:31.949544+00:00
640,1.851340651512146,14.000000059604645,0.951734960108297,2026-07-25T17:40:42.004357+00:00
686,1.9320868253707886,19.999998807907104,3.2656577399757225,2026-07-25T17:40:42.856554+00:00
641,1.8375232219696045,19.999998807907104,0.979630000074394,2026-07-25T17:40:52.402434+00:00
687,1.9304907321929932,17.999999225139618,1.0094478400424123,2026-07-25T17:40:53.217296+00:00
642,1.5729680061340332,21.99999988079071,0.979178139969008,2026-07-25T17:41:02.698193+00:00
688,2.195615530014038,17.999999225139618,1.171048979886109,2026-07-25T17:41:04.096027+00:00
643,1.6283270120620728,28.00000011920929,0.9629905200563371,2026-07-25T17:41:12.797992+00:00
689,1.9238351583480835,15.999999642372131,1.0484109399840236,2026-07-25T17:41:14.191766+00:00
644,1.792802095413208,19.999998807907104,0.9726987000613008,2026-07-25T17:41:22.946048+00:00
690,1.6398674249649048,21.99999988079071,1.014803880098043,2026-07-25T17:41:24.478142+00:00
691,1.8898024559020996,23.999999463558197,0.9441509800672065,2026-07-25T17:41:34.698207+00:00
645,2.121939182281494,17.999999225139618,1.043107500008773,2026-07-25T17:41:43.954426+00:00
692,1.865768551826477,21.99999988079071,1.0255132999736816,2026-07-25T17:41:45.052605+00:00
693,2.170367956161499,15.999999642372131,0.9912678599357605,2026-07-25T17:41:55.354135+00:00
646,1.846585750579834,14.000000059604645,0.9926224200171418,2026-07-25T17:42:04.948155+00:00
694,1.9894049167633057,19.999998807907104,0.9583871999348048,2026-07-25T17:42:05.629103+00:00
647,1.825911045074463,17.999999225139618,1.0013387199433055,2026-07-25T17:42:15.089110+00:00
695,1.816165804862976,29.999998211860657,0.9676481399219483,2026-07-25T17:42:15.838226+00:00
648,1.7042286396026611,17.999999225139618,0.9896149999985937,2026-07-25T17:42:25.302323+00:00
696,1.9726765155792236,35.999998450279236,0.9874515800038351,2026-07-25T17:42:26.138443+00:00
649,1.7786765098571777,19.999998807907104,0.9597656800178811,2026-07-25T17:42:35.477201+00:00
697,1.8833123445510864,19.999998807907104,0.9715715200582054,2026-07-25T17:42:36.427876+00:00
650,1.6216211318969727,11.999999731779099,0.9966126400104257,2026-07-25T17:42:45.906738+00:00
651,1.6966753005981445,19.999998807907104,1.0510621400317177,2026-07-25T17:42:56.344173+00:00
698,1.902909278869629,19.999998807907104,0.9962865599663928,2026-07-25T17:42:57.684727+00:00
652,1.7212164402008057,9.999999403953552,1.014602939976612,2026-07-25T17:43:06.570378+00:00
699,1.711867332458496,34.00000035762787,0.9399021598801482,2026-07-25T17:43:07.881287+00:00
653,1.574450969696045,23.999999463558197,1.228590200043982,2026-07-25T17:43:16.850971+00:00
700,1.666957974433899,15.999999642372131,0.9588855798938312,2026-07-25T17:43:18.279976+00:00
654,1.6924841403961182,21.99999988079071,0.9663303999695927,2026-07-25T17:43:27.088070+00:00
701,2.1432409286499023,17.999999225139618,1.0542335000354797,2026-07-25T17:43:28.649342+00:00
655,2.0166618824005127,17.999999225139618,0.9846861800178887,2026-07-25T17:43:37.307892+00:00
656,1.8090389966964722,17.999999225139618,0.9741938600200228,2026-07-25T17:43:47.607755+00:00
702,1.8718661069869995,21.99999988079071,0.9913999801210595,2026-07-25T17:43:50.397215+00:00
657,1.6667637825012207,21.99999988079071,1.0598666800069623,2026-07-25T17:43:57.958529+00:00
703,2.057830810546875,19.999998807907104,0.9981168199738022,2026-07-25T17:44:01.371557+00:00
704,2.1193532943725586,29.999998211860657,0.9790210200299042,2026-07-25T17:44:11.848141+00:00
658,1.6957412958145142,17.999999225139618,0.9487295799772255,2026-07-25T17:44:19.341899+00:00
659,1.6830171346664429,23.999999463558197,1.1247670400189236,2026-07-25T17:44:29.501373+00:00
705,1.880998969078064,17.999999225139618,0.9694424200279173,2026-07-25T17:44:33.427360+00:00
660,1.6525294780731201,19.999998807907104,0.9997191399452278,2026-07-25T17:44:39.594841+00:00
661,1.693428635597229,21.99999988079071,1.0477833599725273,2026-07-25T17:44:49.770424+00:00
706,1.6128612756729126,21.99999988079071,1.0898048400122207,2026-07-25T17:44:55.072382+00:00
707,2.0522284507751465,15.999999642372131,0.9709789000044111,2026-07-25T17:45:05.604962+00:00
662,1.583836555480957,19.999998807907104,0.9796400599589106,2026-07-25T17:45:10.951739+00:00
708,1.6146185398101807,21.99999988079071,0.9727376000955701,2026-07-25T17:45:15.931294+00:00
663,1.9142009019851685,21.99999988079071,0.9696637999149971,2026-07-25T17:45:21.276742+00:00
709,1.7951372861862183,19.999998807907104,0.9910117799881845,2026-07-25T17:45:26.176328+00:00
664,1.7157477140426636,19.999998807907104,0.9758511801192071,2026-07-25T17:45:31.433362+00:00
710,2.0811941623687744,19.999998807907104,1.0939433399471454,2026-07-25T17:45:36.951348+00:00
711,1.865120530128479,19.999998807907104,1.000308320071781,2026-07-25T17:45:47.160658+00:00
665,1.750921607017517,9.999999403953552,1.0022699400724377,2026-07-25T17:45:52.626036+00:00
712,1.7708864212036133,23.999999463558197,0.9715852199587971,2026-07-25T17:46:08.464750+00:00
666,1.6902594566345215,19.999998807907104,0.9792058399762027,2026-07-25T17:46:13.753367+00:00
713,1.808202862739563,25.999999046325684,0.9857603001000826,2026-07-25T17:46:18.721498+00:00
667,1.8002749681472778,17.999999225139618,0.93307957999059,2026-07-25T17:46:24.003022+00:00
714,2.0121448040008545,15.999999642372131,1.053765039978316,2026-07-25T17:46:29.067294+00:00
668,1.6837496757507324,19.999998807907104,1.0319754200463649,2026-07-25T17:46:34.225554+00:00
715,2.150322675704956,17.999999225139618,1.1189965599623974,2026-07-25T17:46:39.503359+00:00
669,1.7661243677139282,19.999998807907104,0.972497740003746,2026-07-25T17:46:44.708598+00:00
716,2.0197179317474365,19.999998807907104,1.0061630599375349,2026-07-25T17:46:50.099332+00:00
670,1.7865639925003052,14.000000059604645,1.0235397799988277,2026-07-25T17:46:55.119299+00:00
717,2.0761752128601074,19.999998807907104,0.9982248400046956,2026-07-25T17:47:00.405039+00:00
671,1.7057414054870605,15.999999642372131,0.964466680015903,2026-07-25T17:47:05.316224+00:00
718,1.5883052349090576,23.999999463558197,0.9930565199465491,2026-07-25T17:47:21.694541+00:00
672,1.648360013961792,31.999999284744263,1.020677060005255,2026-07-25T17:47:26.566577+00:00
673,1.8327010869979858,19.999998807907104,0.9746808400086593,2026-07-25T17:47:36.787364+00:00
719,1.8355493545532227,19.999998807907104,0.9570039800019003,2026-07-25T17:47:42.673977+00:00
674,2.03303861618042,21.99999988079071,1.0001006998936646,2026-07-25T17:47:46.866431+00:00
720,1.9126136302947998,23.999999463558197,1.0238435200881213,2026-07-25T17:47:52.921227+00:00
675,1.8471330404281616,15.999999642372131,0.9999061400594657,2026-07-25T17:47:57.120816+00:00
721,2.074803113937378,17.999999225139618,0.981713899964234,2026-07-25T17:48:03.896004+00:00
676,1.6147568225860596,21.99999988079071,0.947164519893704,2026-07-25T17:48:07.442452+00:00
677,1.8047356605529785,9.999999403953552,1.0541393599123694,2026-07-25T17:48:17.555215+00:00
722,1.9414544105529785,34.00000035762787,0.9720778198970947,2026-07-25T17:48:25.062892+00:00
723,1.916375756263733,31.999999284744263,1.0143342599621974,2026-07-25T17:48:35.990540+00:00
678,1.674017071723938,21.99999988079071,0.9995085799891967,2026-07-25T17:48:38.714588+00:00
724,1.8664813041687012,9.999999403953552,1.0498645799816586,2026-07-25T17:48:46.371283+00:00
725,2.0888164043426514,17.999999225139618,1.0659191200102214,2026-07-25T17:48:56.951904+00:00
679,1.678802490234375,21.99999988079071,0.9692273399559781,2026-07-25T17:48:59.800374+00:00
680,1.770980954170227,19.999998807907104,0.9592659199552145,2026-07-25T17:49:09.791521+00:00
726,1.5946097373962402,25.999999046325684,0.9869545600668063,2026-07-25T17:49:18.248459+00:00
681,2.0106706619262695,17.999999225139618,1.0238687798846513,2026-07-25T17:49:20.110627+00:00
727,1.651394248008728,21.99999988079071,1.0002250599791296,2026-07-25T17:49:40.147095+00:00
682,1.6637754440307617,15.999999642372131,1.2100661800650414,2026-07-25T17:49:40.992222+00:00
683,1.677085518836975,21.99999988079071,1.0772745200665668,2026-07-25T17:49:51.503966+00:00
728,1.8840763568878174,23.999999463558197,1.0834116399928462,2026-07-25T17:50:01.734162+00:00
684,1.6805881261825562,19.999998807907104,0.9798354399390519,2026-07-25T17:50:02.301763+00:00
729,1.602177619934082,21.99999988079071,0.9802984599082264,2026-07-25T17:50:12.083089+00:00
685,1.7721766233444214,17.999999225139618,0.9978643000067677,2026-07-25T17:50:12.573470+00:00
730,1.9575531482696533,7.999999821186066,0.9959569400234612,2026-07-25T17:50:22.424899+00:00
731,1.814378261566162,21.99999988079071,1.02358069998445,2026-07-25T17:50:32.839069+00:00
686,1.7630038261413574,17.999999225139618,0.9588343200448435,2026-07-25T17:50:34.084461+00:00
732,2.0741844177246094,9.999999403953552,0.9868355799699203,2026-07-25T17:50:54.441259+00:00
687,1.6799685955047607,17.999999225139618,1.1078174199792556,2026-07-25T17:50:55.445993+00:00
733,1.8417036533355713,17.999999225139618,0.9942917400621808,2026-07-25T17:51:15.816743+00:00
688,1.8222583532333374,17.999999225139618,0.974301639944315,2026-07-25T17:51:16.507714+00:00
734,1.7968206405639648,17.999999225139618,0.9676279401173815,2026-07-25T17:51:26.025424+00:00
689,1.688934326171875,21.99999988079071,0.9869121400697621,2026-07-25T17:51:26.720233+00:00
690,1.5779025554656982,21.99999988079071,0.9764149198599625,2026-07-25T17:51:36.877624+00:00
691,1.7737234830856323,17.999999225139618,1.0169153001334053,2026-07-25T17:51:47.155581+00:00
735,1.6064279079437256,23.999999463558197,1.0079094200045802,2026-07-25T17:51:48.155656+00:00
692,1.7710201740264893,19.999998807907104,1.065744820079999,2026-07-25T17:52:09.407244+00:00
736,2.0226235389709473,17.999999225139618,0.9470765000151005,2026-07-25T17:52:10.056403+00:00
737,2.019947052001953,15.999999642372131,0.9778855000331533,2026-07-25T17:52:20.094412+00:00
738,1.8269387483596802,14.000000059604645,0.9667796600842848,2026-07-25T17:52:30.470277+00:00
693,1.673953890800476,19.999998807907104,1.014486640051473,2026-07-25T17:52:30.993803+00:00
739,2.017897844314575,19.999998807907104,0.9405136000714265,2026-07-25T17:52:40.649387+00:00
694,1.7633105516433716,17.999999225139618,1.0045775599428453,2026-07-25T17:52:41.110262+00:00
740,1.7977083921432495,23.999999463558197,1.0244614401017316,2026-07-25T17:52:50.879580+00:00
741,1.5689382553100586,28.00000011920929,0.949609459930798,2026-07-25T17:53:01.378289+00:00
695,1.8078173398971558,17.999999225139618,0.9630851200199686,2026-07-25T17:53:02.868994+00:00
742,2.011923313140869,19.999998807907104,0.9818980599811766,2026-07-25T17:53:11.599372+00:00
743,2.000910758972168,17.999999225139618,1.059782779921079,2026-07-25T17:53:21.891577+00:00
696,1.7669286727905273,17.999999225139618,1.0163199399539735,2026-07-25T17:53:24.362149+00:00
697,1.6826739311218262,19.999998807907104,1.0391498399258126,2026-07-25T17:53:34.593764+00:00
744,1.9783931970596313,19.999998807907104,0.997735559940338,2026-07-25T17:53:43.567896+00:00
698,1.7656739950180054,19.999998807907104,0.9902516400325113,2026-07-25T17:53:44.785699+00:00
699,1.7305876016616821,21.99999988079071,1.1098144800052978,2026-07-25T17:53:55.181509+00:00
745,1.7308136224746704,21.99999988079071,0.9818628399807494,2026-07-25T17:54:04.930176+00:00
700,1.671665906906128,19.999998807907104,0.9558099599962588,2026-07-25T17:54:05.809821+00:00
746,1.7922357320785522,21.99999988079071,0.9664510400034487,2026-07-25T17:54:15.180964+00:00
701,1.76446533203125,1.9999999552965164,0.9614319598767906,2026-07-25T17:54:15.968380+00:00
747,1.8133198022842407,19.999998807907104,1.006341419997625,2026-07-25T17:54:25.596654+00:00
702,1.7604855298995972,19.999998807907104,0.9943244399619289,2026-07-25T17:54:26.228463+00:00
748,1.9141250848770142,17.999999225139618,0.9753630399063695,2026-07-25T17:54:35.918863+00:00
703,1.8029530048370361,19.999998807907104,0.9900063399982174,2026-07-25T17:54:36.912754+00:00
749,1.7855969667434692,17.999999225139618,0.9585343999788165,2026-07-25T17:54:46.332688+00:00
704,1.6633477210998535,21.99999988079071,1.0489191999658942,2026-07-25T17:54:58.253166+00:00
750,1.8129565715789795,19.999998807907104,3.2165359999635257,2026-07-25T17:55:07.895416+00:00
751,1.8004003763198853,17.999999225139618,1.0228808601095807,2026-07-25T17:55:18.100908+00:00
705,1.9504802227020264,19.999998807907104,0.9707604799768887,2026-07-25T17:55:19.362691+00:00
752,1.7651535272598267,23.999999463558197,0.967894960049307,2026-07-25T17:55:28.331909+00:00
706,1.5744564533233643,25.999999046325684,1.0606118799478281,2026-07-25T17:55:29.703112+00:00
707,1.6687260866165161,17.999999225139618,1.0087244400347117,2026-07-25T17:55:40.134408+00:00
753,1.9646474123001099,21.99999988079071,0.9665357599442359,2026-07-25T17:55:49.669998+00:00
708,1.7703428268432617,14.000000059604645,0.9769833799509798,2026-07-25T17:55:50.230458+00:00
754,2.493277072906494,19.999998807907104,0.9959498200623783,2026-07-25T17:55:59.897259+00:00
709,1.755523681640625,17.999999225139618,0.984200899983989,2026-07-25T17:56:01.155749+00:00
755,1.8784959316253662,19.999998807907104,0.9687198000028729,2026-07-25T17:56:10.106824+00:00
756,1.7997344732284546,19.999998807907104,0.9936805799952708,2026-07-25T17:56:20.638105+00:00
710,1.6619240045547485,21.99999988079071,0.9919925600115677,2026-07-25T17:56:22.283421+00:00
711,1.75386381149292,17.999999225139618,1.0096625599544495,2026-07-25T17:56:32.929581+00:00
757,1.9690604209899902,14.000000059604645,1.1246247800590936,2026-07-25T17:56:42.130980+00:00
712,1.6659895181655884,19.999998807907104,1.0131483001168817,2026-07-25T17:56:43.654022+00:00
758,1.7727859020233154,17.999999225139618,0.9881067399692255,2026-07-25T17:57:04.334584+00:00
713,1.570318341255188,21.99999988079071,0.9621403599157929,2026-07-25T17:57:04.956768+00:00
759,1.6393914222717285,23.999999463558197,0.9697511600097641,2026-07-25T17:57:14.641888+00:00
714,1.7583903074264526,17.999999225139618,0.9972693999588955,2026-07-25T17:57:14.988448+00:00
760,1.7629554271697998,15.999999642372131,1.1131816799752414,2026-07-25T17:57:24.992079+00:00
715,1.6572887897491455,19.999998807907104,1.011468060023617,2026-07-25T17:57:25.281173+00:00
716,1.6648049354553223,17.999999225139618,1.018023279902991,2026-07-25T17:57:35.573135+00:00
761,1.986621379852295,17.999999225139618,0.959397199912928,2026-07-25T17:57:46.876400+00:00
717,1.6636487245559692,19.999998807907104,0.9550527000101283,2026-07-25T17:57:56.730244+00:00
762,1.748380184173584,21.99999988079071,0.9972672600997612,2026-07-25T17:57:57.446132+00:00
718,1.5732238292694092,21.99999988079071,1.0000298799423035,2026-07-25T17:58:18.104396+00:00
763,1.955818772315979,17.999999225139618,0.9720243400079198,2026-07-25T17:58:18.666297+00:00
719,1.8301281929016113,17.999999225139618,1.0090490199218038,2026-07-25T17:58:28.355614+00:00
764,1.962661623954773,19.999998807907104,1.0077417599677574,2026-07-25T17:58:28.889611+00:00
720,1.6781578063964844,7.999999821186066,1.0429146399837919,2026-07-25T17:58:38.510210+00:00
765,1.592257022857666,21.99999988079071,0.9942235201015137,2026-07-25T17:58:50.953897+00:00
721,1.7231320142745972,17.999999225139618,1.0247976399841718,2026-07-25T17:58:59.920403+00:00
722,1.6835168600082397,17.999999225139618,0.9664389600220602,2026-07-25T17:59:10.016186+00:00
766,1.7726153135299683,19.999998807907104,0.9944998600985855,2026-07-25T17:59:12.912904+00:00
723,1.7417982816696167,17.999999225139618,1.0401413599902298,2026-07-25T17:59:31.595580+00:00
767,1.7148683071136475,19.999998807907104,0.9721730000455864,2026-07-25T17:59:35.171072+00:00
724,1.6498507261276245,21.99999988079071,1.0385765599494334,2026-07-25T17:59:42.043946+00:00
768,1.8607999086380005,14.000000059604645,1.0059084199019708,2026-07-25T17:59:45.655782+00:00
725,1.7052123546600342,9.999999403953552,1.0001888399710879,2026-07-25T18:00:03.490491+00:00
769,1.7257145643234253,19.999998807907104,1.005154400045285,2026-07-25T18:00:07.607268+00:00
770,1.946144461631775,15.999999642372131,1.008004540053662,2026-07-25T18:00:17.991283+00:00
726,1.7067315578460693,23.999999463558197,1.0153653999441303,2026-07-25T18:00:25.125854+00:00
771,1.786018967628479,19.999998807907104,1.047749580029631,2026-07-25T18:00:28.374374+00:00
772,1.756215214729309,21.99999988079071,0.9595781599637121,2026-07-25T18:00:38.731808+00:00
727,1.659713864326477,19.999998807907104,0.9942147400579415,2026-07-25T18:00:46.630230+00:00
728,1.7255123853683472,21.99999988079071,1.0289157599618193,2026-07-25T18:00:56.923544+00:00
773,1.9360727071762085,19.999998807907104,0.9898103600426112,2026-07-25T18:01:00.802562+00:00
774,1.759775996208191,23.999999463558197,1.009435960004339,2026-07-25T18:01:11.176847+00:00
729,1.624386191368103,21.99999988079071,1.0527009799261577,2026-07-25T18:01:18.424909+00:00
775,2.1336240768432617,34.00000035762787,1.0472798800037708,2026-07-25T18:01:21.509189+00:00
730,1.7069029808044434,17.999999225139618,0.9971799999766517,2026-07-25T18:01:28.760438+00:00
776,1.9138702154159546,19.999998807907104,1.0159908200148493,2026-07-25T18:01:32.426769+00:00
731,1.7071762084960938,14.000000059604645,1.0212451400002465,2026-07-25T18:01:39.059278+00:00
732,1.6350146532058716,21.99999988079071,1.0333799199725036,2026-07-25T18:01:49.464143+00:00
777,1.8928170204162598,21.99999988079071,1.0259065800346434,2026-07-25T18:01:55.098933+00:00
778,1.9242959022521973,17.999999225139618,0.9845470200525598,2026-07-25T18:02:06.211800+00:00
733,1.6374177932739258,17.999999225139618,0.97430110006826,2026-07-25T18:02:10.939513+00:00
734,1.5768005847930908,21.99999988079071,1.004396380012622,2026-07-25T18:02:21.273094+00:00
779,1.9210125207901,17.999999225139618,1.097813340020366,2026-07-25T18:02:28.121166+00:00
735,1.6322121620178223,19.999998807907104,1.0129265600699,2026-07-25T18:02:31.665797+00:00
780,2.006378173828125,28.00000011920929,0.954087959980825,2026-07-25T18:02:39.064583+00:00
736,1.6431564092636108,19.999998807907104,0.997518560034223,2026-07-25T18:02:42.197332+00:00
781,1.7403552532196045,39.99999761581421,0.991010540019488,2026-07-25T18:03:00.785101+00:00
737,1.6282292604446411,25.999999046325684,1.0133546999713872,2026-07-25T18:03:04.136157+00:00
738,1.5726357698440552,21.99999988079071,1.0000678000506014,2026-07-25T18:03:14.451970+00:00
782,1.5935238599777222,21.99999988079071,1.040980639954796,2026-07-25T18:03:22.164486+00:00
783,1.5841381549835205,21.99999988079071,1.0374620399670675,2026-07-25T18:03:33.061583+00:00
739,1.694016695022583,17.999999225139618,0.9956165800394956,2026-07-25T18:03:36.414801+00:00
784,1.9123437404632568,23.999999463558197,0.9502863200032152,2026-07-25T18:03:43.268668+00:00
740,1.6356806755065918,19.999998807907104,0.9824398599448613,2026-07-25T18:03:46.873208+00:00
785,1.905886173248291,17.999999225139618,1.030924019869417,2026-07-25T18:03:53.708755+00:00
741,1.7880315780639648,17.999999225139618,0.9613276200252585,2026-07-25T18:04:08.407768+00:00
786,1.8428208827972412,23.999999463558197,1.0079912799119484,2026-07-25T18:04:15.846161+00:00
742,1.631630301475525,23.999999463558197,1.025547919998644,2026-07-25T18:04:29.582546+00:00
787,1.6900922060012817,25.999999046325684,1.046067439892795,2026-07-25T18:04:38.385242+00:00
743,1.6926660537719727,17.999999225139618,0.96776234000572,2026-07-25T18:04:39.835017+00:00
744,1.6395448446273804,3.999999910593033,0.9922021601232701,2026-07-25T18:04:50.121212+00:00
745,1.6288113594055176,23.999999463558197,0.9822674799943342,2026-07-25T18:05:00.721607+00:00
788,1.738287091255188,21.99999988079071,1.033306359895505,2026-07-25T18:05:00.786614+00:00
746,1.6321545839309692,17.999999225139618,1.130275659961626,2026-07-25T18:05:22.398764+00:00
789,1.807543158531189,25.999999046325684,0.9893302198906895,2026-07-25T18:05:22.567120+00:00
790,1.7501144409179688,17.999999225139618,0.9968660800950603,2026-07-25T18:05:43.748628+00:00
747,1.6313645839691162,21.99999988079071,0.9772662600153125,2026-07-25T18:05:44.728774+00:00
791,1.6265023946762085,19.999998807907104,1.0066753800492734,2026-07-25T18:05:54.146770+00:00
792,1.8946447372436523,23.999999463558197,1.0360710200620815,2026-07-25T18:06:04.547685+00:00
748,1.6666275262832642,7.999999821186066,0.980912640079623,2026-07-25T18:06:06.637784+00:00
793,1.7394598722457886,19.999998807907104,0.990408699872205,2026-07-25T18:06:14.944718+00:00
794,1.7282626628875732,19.999998807907104,0.9689785398950335,2026-07-25T18:06:25.379094+00:00
749,1.6350516080856323,19.999998807907104,1.0076526600460056,2026-07-25T18:06:27.888148+00:00
795,1.739980936050415,17.999999225139618,1.013667160004843,2026-07-25T18:06:35.828107+00:00
750,1.6927838325500488,17.999999225139618,0.9808366200013553,2026-07-25T18:06:50.216298+00:00
796,1.8947341442108154,17.999999225139618,0.9921461199701297,2026-07-25T18:06:58.277271+00:00
751,1.719265103340149,17.999999225139618,1.1007953400257975,2026-07-25T18:07:00.530842+00:00
797,1.578532099723816,23.999999463558197,0.9856825799215586,2026-07-25T18:07:08.618612+00:00
752,1.6593507528305054,5.999999865889549,0.9853858398855664,2026-07-25T18:07:11.028493+00:00
753,1.6886281967163086,17.999999225139618,1.0018608199607115,2026-07-25T18:07:21.341281+00:00
798,1.689858078956604,19.999998807907104,1.0280829400289804,2026-07-25T18:07:30.210935+00:00
754,1.7126154899597168,19.999998807907104,0.9808273399539756,2026-07-25T18:07:31.734919+00:00
799,1.7315139770507812,21.99999988079071,0.9954691398888827,2026-07-25T18:07:40.644192+00:00
755,1.6878001689910889,23.999999463558197,1.0177571199892554,2026-07-25T18:07:42.086092+00:00
800,1.746201992034912,17.999999225139618,1.0229252801218536,2026-07-25T18:07:51.247587+00:00
801,1.8882339000701904,21.99999988079071,0.9933416800049599,2026-07-25T18:08:02.271848+00:00
756,1.6477471590042114,14.000000059604645,1.0201149999920744,2026-07-25T18:08:03.742265+00:00
757,1.7767513990402222,15.999999642372131,1.0004430000844877,2026-07-25T18:08:13.971821+00:00
802,1.8498550653457642,17.999999225139618,1.0188160600955598,2026-07-25T18:08:23.900492+00:00
758,1.6323782205581665,17.999999225139618,1.0336912599450443,2026-07-25T18:08:35.428333+00:00
759,1.6856026649475098,17.999999225139618,1.004328099952545,2026-07-25T18:08:45.593706+00:00
803,1.7270073890686035,3.999999910593033,0.9781094199570362,2026-07-25T18:08:45.973825+00:00
760,1.6298354864120483,23.999999463558197,0.9817709399794693,2026-07-25T18:08:56.045525+00:00
761,1.6868914365768433,17.999999225139618,1.0030393800116144,2026-07-25T18:09:06.388647+00:00
804,1.725577712059021,21.99999988079071,0.9932234000007156,2026-07-25T18:09:07.898989+00:00
805,1.8677613735198975,21.99999988079071,0.9844609400897752,2026-07-25T18:09:18.229053+00:00
762,1.556302785873413,29.999998211860657,0.9702497400576249,2026-07-25T18:09:28.007336+00:00
806,1.7160003185272217,21.99999988079071,0.9955708999768831,2026-07-25T18:09:40.148550+00:00
763,1.6847375631332397,19.999998807907104,1.0022491400013678,2026-07-25T18:09:49.633355+00:00
807,2.2089362144470215,0.0,0.9929386600560975,2026-07-25T18:09:50.645464+00:00
808,1.7610046863555908,23.999999463558197,1.0895419200824108,2026-07-25T18:10:01.787541+00:00
764,1.5922290086746216,23.999999463558197,1.0231559400563128,2026-07-25T18:10:11.343808+00:00
809,1.6529308557510376,21.99999988079071,0.9750593799981289,2026-07-25T18:10:12.164926+00:00
765,1.6829534769058228,19.999998807907104,1.0170107800513506,2026-07-25T18:10:21.602187+00:00
810,1.7187411785125732,19.999998807907104,0.9652616799576208,2026-07-25T18:10:22.611570+00:00
811,1.7669237852096558,21.99999988079071,0.9887867199722677,2026-07-25T18:10:33.387365+00:00
766,1.580489158630371,17.999999225139618,0.9762015199521556,2026-07-25T18:10:42.775738+00:00
767,1.685666799545288,5.999999865889549,1.0043777999817394,2026-07-25T18:10:53.080838+00:00
812,1.7172070741653442,23.999999463558197,1.1254069599090144,2026-07-25T18:10:55.178892+00:00
768,1.5901063680648804,39.99999761581421,1.068707340018591,2026-07-25T18:11:03.575458+00:00
813,1.8635530471801758,17.999999225139618,1.0382262599887326,2026-07-25T18:11:05.791730+00:00
769,1.5765469074249268,23.999999463558197,1.3161769999715034,2026-07-25T18:11:14.112637+00:00
814,1.5825564861297607,28.00000011920929,1.01195197989,2026-07-25T18:11:16.240070+00:00
770,1.6925475597381592,19.999998807907104,1.0375116800423712,2026-07-25T18:11:24.542847+00:00
815,1.7574973106384277,14.000000059604645,1.0062315600225702,2026-07-25T18:11:26.638885+00:00
771,1.6882928609848022,17.999999225139618,1.0547203800524585,2026-07-25T18:11:35.182942+00:00
816,1.6667462587356567,28.00000011920929,1.0595421599282417,2026-07-25T18:11:48.301786+00:00
772,1.685715913772583,9.999999403953552,1.0687774600228295,2026-07-25T18:11:57.150326+00:00
817,1.7296631336212158,17.999999225139618,1.071374439925421,2026-07-25T18:11:58.922182+00:00
773,1.629774808883667,21.99999988079071,1.0788782000599895,2026-07-25T18:12:07.878932+00:00
818,1.8198031187057495,17.999999225139618,0.976576180109987,2026-07-25T18:12:09.695426+00:00
774,1.635352373123169,14.000000059604645,1.0774393200699706,2026-07-25T18:12:18.426166+00:00
775,1.6134381294250488,1.9999999552965164,0.9866651800984982,2026-07-25T18:12:28.900705+00:00
819,1.8049659729003906,17.999999225139618,3.628946340031689,2026-07-25T18:12:32.090870+00:00
776,1.6453646421432495,21.99999988079071,1.0862893000012264,2026-07-25T18:12:50.512285+00:00
820,1.7142889499664307,19.999998807907104,1.1772516599739902,2026-07-25T18:12:53.873824+00:00
777,1.6290463209152222,21.99999988079071,0.9639941599743906,2026-07-25T18:13:01.048303+00:00
821,1.6956067085266113,19.999998807907104,0.9901638000155799,2026-07-25T18:13:04.828939+00:00
778,1.5810905694961548,21.99999988079071,1.0366378400067333,2026-07-25T18:13:11.579859+00:00
822,1.6973061561584473,21.99999988079071,1.0111877400777303,2026-07-25T18:13:15.241478+00:00
779,1.6715567111968994,14.000000059604645,0.9786833000543992,2026-07-25T18:13:33.064853+00:00
823,1.855953574180603,17.999999225139618,0.9771650799666532,2026-07-25T18:13:36.856879+00:00
824,1.8315401077270508,15.999999642372131,0.9810651199950371,2026-07-25T18:13:47.328316+00:00
780,1.739047884941101,23.999999463558197,1.0162750601011794,2026-07-25T18:13:54.810537+00:00
825,1.7065238952636719,19.999998807907104,0.9837277000769973,2026-07-25T18:13:57.742283+00:00
781,1.64021635055542,17.999999225139618,0.9704256599070504,2026-07-25T18:14:05.166252+00:00
826,1.813594937324524,21.99999988079071,0.9520397000596859,2026-07-25T18:14:08.155366+00:00
782,1.5695161819458008,23.999999463558197,1.034758919995511,2026-07-25T18:14:15.613570+00:00
827,1.7645306587219238,5.999999865889549,0.989480879943585,2026-07-25T18:14:29.694113+00:00
783,1.6248221397399902,21.99999988079071,1.0372210199420806,2026-07-25T18:14:37.849127+00:00
784,1.6221225261688232,21.99999988079071,0.9711678799067158,2026-07-25T18:14:48.039421+00:00
828,1.5766386985778809,23.999999463558197,0.9768487200199161,2026-07-25T18:14:51.155316+00:00
785,1.6712923049926758,3.999999910593033,1.0192430799361318,2026-07-25T18:14:58.286920+00:00
786,1.6789605617523193,17.999999225139618,3.454396960005397,2026-07-25T18:15:08.821972+00:00
829,1.8350902795791626,7.999999821186066,1.0223361999669578,2026-07-25T18:15:13.456588+00:00
830,1.592747449874878,23.999999463558197,0.9854680999706034,2026-07-25T18:15:23.847409+00:00
787,1.6317232847213745,15.999999642372131,1.0330463800346479,2026-07-25T18:15:30.564982+00:00
831,1.8426752090454102,9.999999403953552,0.9831970999948679,2026-07-25T18:15:34.172895+00:00
832,1.8337483406066895,17.999999225139618,1.0291734800557606,2026-07-25T18:15:44.845149+00:00
788,1.637434720993042,17.999999225139618,1.013777560001472,2026-07-25T18:15:52.046096+00:00
833,1.8364616632461548,17.999999225139618,0.9900166999432258,2026-07-25T18:16:06.773529+00:00
789,1.672945499420166,17.999999225139618,1.1696299599134363,2026-07-25T18:16:14.049960+00:00
834,1.7023757696151733,19.999998807907104,1.0098360398842487,2026-07-25T18:16:17.165193+00:00
790,1.6827287673950195,17.999999225139618,0.9837041000719181,2026-07-25T18:16:24.422341+00:00
791,1.6241966485977173,17.999999225139618,1.0406555599183775,2026-07-25T18:16:34.813708+00:00
835,2.017817974090576,21.99999988079071,1.2940355599857867,2026-07-25T18:16:38.975586+00:00
792,1.6726596355438232,19.999998807907104,1.031272319960408,2026-07-25T18:16:46.206097+00:00
836,1.8674871921539307,14.000000059604645,1.0151538799982518,2026-07-25T18:16:49.629891+00:00
793,1.6267428398132324,17.999999225139618,1.0346195999591146,2026-07-25T18:17:08.423573+00:00
837,1.8386949300765991,19.999998807907104,0.9753733201068826,2026-07-25T18:17:11.190448+00:00
794,1.6745097637176514,19.999998807907104,1.0741674799646717,2026-07-25T18:17:18.884294+00:00
838,1.70298171043396,21.99999988079071,1.0194357398722786,2026-07-25T18:17:32.717982+00:00
795,1.6001081466674805,5.999999865889549,0.9748841999680735,2026-07-25T18:17:40.964186+00:00
839,1.8146783113479614,19.999998807907104,1.0130469599971548,2026-07-25T18:17:43.084292+00:00
796,1.6722887754440308,19.999998807907104,1.0518767600296997,2026-07-25T18:17:51.658079+00:00
840,1.7020808458328247,21.99999988079071,1.0192314400046598,2026-07-25T18:17:53.565456+00:00
797,1.747613549232483,21.99999988079071,1.0812548399553634,2026-07-25T18:18:13.808525+00:00
841,1.708828091621399,17.999999225139618,1.0567088999960106,2026-07-25T18:18:16.315359+00:00
798,1.6903197765350342,17.999999225139618,0.9996497200336308,2026-07-25T18:18:35.761226+00:00
842,1.6909308433532715,7.999999821186066,0.9823606599820777,2026-07-25T18:18:38.635334+00:00
799,1.6261372566223145,19.999998807907104,0.9845913600292988,2026-07-25T18:18:46.069577+00:00
843,1.5782383680343628,21.99999988079071,1.0019742000440601,2026-07-25T18:18:48.896352+00:00
800,1.6725938320159912,19.999998807907104,1.1855507400468923,2026-07-25T18:18:57.106001+00:00
844,1.8307632207870483,15.999999642372131,1.0430273599922657,2026-07-25T18:18:59.469346+00:00
845,1.7027292251586914,17.999999225139618,1.0380225800327025,2026-07-25T18:19:09.911173+00:00
801,1.6829562187194824,5.999999865889549,1.0105198400560766,2026-07-25T18:19:18.661483+00:00
846,1.658772587776184,14.000000059604645,1.0280976400827058,2026-07-25T18:19:31.820431+00:00
802,1.604367733001709,25.999999046325684,0.9537762399122585,2026-07-25T18:19:40.456945+00:00
803,1.671929955482483,17.999999225139618,1.0137905200826935,2026-07-25T18:19:50.784317+00:00
847,1.8033198118209839,34.00000035762787,1.0867333799251355,2026-07-25T18:19:53.670421+00:00
804,1.6629021167755127,17.999999225139618,1.0257167399686296,2026-07-25T18:20:01.368050+00:00
848,1.578321099281311,21.99999988079071,0.9767223200469743,2026-07-25T18:20:04.189205+00:00
805,1.6703424453735352,17.999999225139618,1.031392659933772,2026-07-25T18:20:12.096756+00:00
849,1.7015572786331177,19.999998807907104,0.9756867600663099,2026-07-25T18:20:14.668697+00:00
850,1.81901216506958,15.999999642372131,0.9857343000476249,2026-07-25T18:20:25.406476+00:00
806,1.6220108270645142,21.99999988079071,1.0072848800336942,2026-07-25T18:20:33.509700+00:00
851,1.7025870084762573,17.999999225139618,0.964150840009097,2026-07-25T18:20:36.475452+00:00
852,1.7027077674865723,17.999999225139618,1.0289832200214732,2026-07-25T18:20:46.718713+00:00
807,1.66904878616333,19.999998807907104,1.04298688005656,2026-07-25T18:20:55.190557+00:00
808,1.6701823472976685,17.999999225139618,1.014535300055286,2026-07-25T18:21:05.606224+00:00
853,1.69730806350708,19.999998807907104,1.0385426400171127,2026-07-25T18:21:08.663501+00:00
809,1.6194595098495483,21.99999988079071,0.9990563600149472,2026-07-25T18:21:16.105873+00:00
854,1.5654126405715942,3.999999910593033,0.9948701800021809,2026-07-25T18:21:19.155825+00:00
810,1.6195045709609985,21.99999988079071,0.9982479400059674,2026-07-25T18:21:26.530572+00:00
811,1.673323631286621,17.999999225139618,0.9980771600385198,2026-07-25T18:21:37.074727+00:00
855,2.937441349029541,19.999998807907104,1.092337900045095,2026-07-25T18:21:40.815106+00:00
812,1.62107515335083,19.999998807907104,1.0578177400748245,2026-07-25T18:21:47.563586+00:00
856,1.7268480062484741,39.99999761581421,0.9539214600226842,2026-07-25T18:21:51.172014+00:00
857,1.6801151037216187,15.999999642372131,0.99813566004741,2026-07-25T18:22:01.477756+00:00
813,1.5809937715530396,21.99999988079071,0.9953456999210175,2026-07-25T18:22:09.573267+00:00
814,1.5886956453323364,41.999998688697815,0.9832217398798094,2026-07-25T18:22:19.839282+00:00
858,1.6916470527648926,21.99999988079071,0.9651975998713169,2026-07-25T18:22:22.612740+00:00
815,1.6665018796920776,17.999999225139618,0.9569774199917447,2026-07-25T18:22:42.061534+00:00
859,1.7424854040145874,21.99999988079071,1.1135749799723271,2026-07-25T18:22:43.961696+00:00
816,1.6648280620574951,1.9999999552965164,0.9819429599156138,2026-07-25T18:22:52.470068+00:00
860,1.66155207157135,39.99999761581421,1.0207223800534848,2026-07-25T18:22:54.452775+00:00
817,1.6168582439422607,21.99999988079071,0.9655346198996995,2026-07-25T18:23:03.390614+00:00
861,1.717369556427002,15.999999642372131,0.9903213600046001,2026-07-25T18:23:04.877369+00:00
818,1.621124267578125,21.99999988079071,0.9973904398793819,2026-07-25T18:23:24.612125+00:00
862,1.5760401487350464,21.99999988079071,1.00862163992133,2026-07-25T18:23:26.896660+00:00
863,1.557561993598938,14.000000059604645,3.296988399961265,2026-07-25T18:23:37.317181+00:00
819,1.6236977577209473,19.999998807907104,0.9853118199680466,2026-07-25T18:23:46.428185+00:00
864,1.7236871719360352,11.999999731779099,0.9790438199706842,2026-07-25T18:23:47.690873+00:00
820,1.6046196222305298,28.00000011920929,1.073108380078338,2026-07-25T18:23:57.056479+00:00
865,1.6895513534545898,19.999998807907104,1.0587284198845737,2026-07-25T18:23:58.272268+00:00
821,1.664890170097351,19.999998807907104,0.9753250000358094,2026-07-25T18:24:07.275715+00:00
866,1.8041502237319946,17.999999225139618,0.9740450400568079,2026-07-25T18:24:20.334985+00:00
822,1.6235781908035278,21.99999988079071,1.0309407400200143,2026-07-25T18:24:28.720187+00:00
867,1.784805178642273,15.999999642372131,1.064054160087835,2026-07-25T18:24:30.644125+00:00
823,1.7137531042099,17.999999225139618,0.9755118400789797,2026-07-25T18:24:39.064976+00:00
868,1.6510348320007324,29.999998211860657,1.0348606600018684,2026-07-25T18:24:41.135287+00:00
824,1.655386209487915,17.999999225139618,1.0045469799661078,2026-07-25T18:24:49.353984+00:00
869,1.6805137395858765,17.999999225139618,0.9912844600330573,2026-07-25T18:24:51.581023+00:00
825,1.6242609024047852,21.99999988079071,0.9832551999716088,2026-07-25T18:24:59.955890+00:00
870,1.6646918058395386,21.99999988079071,0.9690754000621382,2026-07-25T18:25:13.290284+00:00
826,1.6640101671218872,29.999998211860657,1.01496864008368,2026-07-25T18:25:21.836560+00:00
827,1.6625524759292603,17.999999225139618,1.1398887999530416,2026-07-25T18:25:32.278817+00:00
871,1.6816281080245972,19.999998807907104,1.010610759985866,2026-07-25T18:25:34.829665+00:00
828,1.6197617053985596,19.999998807907104,0.970268739911262,2026-07-25T18:25:42.566314+00:00
829,1.5789774656295776,21.99999988079071,0.9935784399567636,2026-07-25T18:25:52.893236+00:00
872,1.7711684703826904,25.999999046325684,1.0634910999215208,2026-07-25T18:25:56.208899+00:00
873,1.6804434061050415,19.999998807907104,1.0779921199718956,2026-07-25T18:26:06.569417+00:00
830,1.6215320825576782,19.999998807907104,1.0250485000142362,2026-07-25T18:26:14.291065+00:00
874,1.772489309310913,19.999998807907104,0.9780316200340167,2026-07-25T18:26:17.027708+00:00
875,1.7580499649047852,34.00000035762787,1.0390361800091341,2026-07-25T18:26:27.492366+00:00
831,1.591210961341858,29.999998211860657,1.0146905800502282,2026-07-25T18:26:35.619100+00:00
876,1.6702816486358643,21.99999988079071,1.0090300400042906,2026-07-25T18:26:38.078909+00:00
877,1.6556402444839478,11.999999731779099,1.0262022601091303,2026-07-25T18:26:48.701153+00:00
832,1.6634122133255005,17.999999225139618,1.0441205601091497,2026-07-25T18:26:57.413961+00:00
833,1.6602734327316284,17.999999225139618,0.9947821000241673,2026-07-25T18:27:07.867753+00:00
878,1.6704100370407104,21.99999988079071,1.0315737799101043,2026-07-25T18:27:10.611332+00:00
834,1.662631630897522,17.999999225139618,1.0298534599132836,2026-07-25T18:27:18.416908+00:00
879,1.6758040189743042,34.00000035762787,0.9842113799822982,2026-07-25T18:27:21.071792+00:00
835,1.6618515253067017,17.999999225139618,1.030708939942997,2026-07-25T18:27:28.707035+00:00
880,1.9515262842178345,25.999999046325684,1.1272907200327609,2026-07-25T18:27:31.501242+00:00
836,1.5784722566604614,21.99999988079071,0.9831470999051818,2026-07-25T18:27:39.243723+00:00
837,1.6616580486297607,17.999999225139618,1.0140883599524386,2026-07-25T18:27:49.632874+00:00
881,1.6696219444274902,19.999998807907104,0.946123739995528,2026-07-25T18:27:53.279824+00:00
882,1.6693938970565796,21.99999988079071,1.0030262800864875,2026-07-25T18:28:03.663741+00:00
838,1.6193623542785645,21.99999988079071,0.9908802800055126,2026-07-25T18:28:11.129292+00:00
883,1.6608004570007324,31.999999284744263,1.0053088000859134,2026-07-25T18:28:14.093901+00:00
839,1.622190237045288,17.999999225139618,1.0252868200768717,2026-07-25T18:28:21.661292+00:00
840,1.7264199256896973,19.999998807907104,1.078696500044316,2026-07-25T18:28:32.007702+00:00
884,1.671411156654358,21.99999988079071,1.014367400057381,2026-07-25T18:28:35.545924+00:00
885,1.6741578578948975,17.999999225139618,1.0094400400703307,2026-07-25T18:28:45.835075+00:00
841,1.578263282775879,21.99999988079071,0.9707836400775705,2026-07-25T18:28:53.428682+00:00
842,1.6210404634475708,19.999998807907104,0.9930088800319935,2026-07-25T18:29:04.223949+00:00
886,1.7566044330596924,31.999999284744263,1.0008163200109266,2026-07-25T18:29:07.467923+00:00
843,1.6244043111801147,19.999998807907104,1.0688002400274854,2026-07-25T18:29:14.852949+00:00
887,1.7643280029296875,19.999998807907104,1.0090422398934606,2026-07-25T18:29:17.997010+00:00
888,1.6585230827331543,43.99999976158142,1.037101679976331,2026-07-25T18:29:28.499948+00:00
844,1.6592230796813965,19.999998807907104,1.00226925991592,2026-07-25T18:29:36.760841+00:00
889,1.572550654411316,21.99999988079071,1.0063611400255468,2026-07-25T18:29:38.836787+00:00
845,1.6226812601089478,7.999999821186066,1.041996699932497,2026-07-25T18:29:47.106594+00:00
890,1.6941653490066528,19.999998807907104,1.0094549199857283,2026-07-25T18:30:00.789027+00:00
846,1.6256622076034546,14.000000059604645,0.9915762799209914,2026-07-25T18:30:09.182427+00:00
891,1.7561873197555542,19.999998807907104,1.0119874999509193,2026-07-25T18:30:11.169167+00:00
847,1.6208773851394653,17.999999225139618,1.0220267799741123,2026-07-25T18:30:19.436289+00:00
892,1.6506401300430298,37.99999952316284,1.0286307999922428,2026-07-25T18:30:21.666296+00:00
848,1.6022272109985352,25.999999046325684,1.0984387798816897,2026-07-25T18:30:30.207174+00:00
849,1.578385829925537,21.99999988079071,1.0226379199593794,2026-07-25T18:30:40.472552+00:00
893,1.6469972133636475,17.999999225139618,1.0984973999438807,2026-07-25T18:30:43.253920+00:00
850,1.6587284803390503,17.999999225139618,1.0292463999940082,2026-07-25T18:31:03.014810+00:00
894,1.5932586193084717,21.99999988079071,1.0079759800282773,2026-07-25T18:31:05.196307+00:00
851,1.6588207483291626,19.999998807907104,0.9880157999577932,2026-07-25T18:31:13.417530+00:00
895,1.7997856140136719,19.999998807907104,0.9936083600041457,2026-07-25T18:31:15.693767+00:00
852,1.6442489624023438,3.999999910593033,1.0158721999323461,2026-07-25T18:31:23.724650+00:00
896,1.7377753257751465,21.99999988079071,1.012516259943368,2026-07-25T18:31:37.153908+00:00
853,1.6577844619750977,17.999999225139618,1.0774810799921397,2026-07-25T18:31:45.798283+00:00
897,1.576206922531128,21.99999988079071,0.9923452400835231,2026-07-25T18:31:47.766565+00:00
854,1.6179412603378296,21.99999988079071,1.0252359599689953,2026-07-25T18:32:08.804320+00:00
898,1.575057029724121,21.99999988079071,0.9823395599960351,2026-07-25T18:32:09.368242+00:00
855,1.621934175491333,17.999999225139618,1.0375240999564994,2026-07-25T18:32:19.288872+00:00
899,1.8648581504821777,21.99999988079071,0.9792172999004832,2026-07-25T18:32:31.083845+00:00
856,1.6210097074508667,17.999999225139618,0.9998603799613194,2026-07-25T18:32:41.133479+00:00
900,1.7558636665344238,17.999999225139618,0.9908896799606737,2026-07-25T18:32:41.613903+00:00
857,1.6192435026168823,19.999998807907104,1.033248919993639,2026-07-25T18:32:51.290011+00:00
901,1.6842007637023926,17.999999225139618,1.0126468598900829,2026-07-25T18:32:51.839652+00:00
902,1.7639864683151245,21.99999988079071,0.9918931999709458,2026-07-25T18:33:02.151518+00:00
858,1.6158159971237183,23.999999463558197,1.0396832399419509,2026-07-25T18:33:12.345919+00:00
903,1.6601884365081787,17.999999225139618,0.9587551199365407,2026-07-25T18:33:12.416567+00:00
859,2.0044336318969727,17.999999225139618,0.9713272799854167,2026-07-25T18:33:33.235096+00:00
904,1.7224302291870117,7.999999821186066,0.954284539911896,2026-07-25T18:33:33.577202+00:00
860,1.658913016319275,11.999999731779099,1.0024780599633232,2026-07-25T18:33:43.407492+00:00
905,1.6582025289535522,21.99999988079071,1.1190727200300898,2026-07-25T18:33:44.124693+00:00
861,1.6264145374298096,41.999998688697815,1.0285348600882571,2026-07-25T18:33:53.761019+00:00
906,1.6613770723342896,21.99999988079071,1.2913856400700752,2026-07-25T18:33:54.553068+00:00
862,1.6556122303009033,17.999999225139618,1.0108603000117,2026-07-25T18:34:04.064871+00:00
863,1.654107689857483,15.999999642372131,1.0015954599657562,2026-07-25T18:34:14.244817+00:00
907,1.5762790441513062,21.99999988079071,0.991433340095682,2026-07-25T18:34:15.758580+00:00
864,1.5763059854507446,21.99999988079071,1.0109390800062101,2026-07-25T18:34:35.573603+00:00
908,1.6805561780929565,19.999998807907104,1.021834779967321,2026-07-25T18:34:36.752906+00:00
865,1.6174103021621704,21.99999988079071,1.0120372999517713,2026-07-25T18:34:45.963687+00:00
909,1.7262742519378662,15.999999642372131,0.98256205994403,2026-07-25T18:34:47.011345+00:00
866,1.6551623344421387,17.999999225139618,1.2704312599089462,2026-07-25T18:34:56.460595+00:00
910,1.665332317352295,19.999998807907104,1.1425970200798474,2026-07-25T18:34:57.530518+00:00
911,1.5726100206375122,23.999999463558197,0.9773040599247906,2026-07-25T18:35:07.755335+00:00
912,1.7449405193328857,19.999998807907104,1.0578034199716058,2026-07-25T18:35:17.960002+00:00
867,1.6224490404129028,17.999999225139618,1.0185542599356268,2026-07-25T18:35:18.023364+00:00
868,1.6166906356811523,21.99999988079071,0.9883413200441281,2026-07-25T18:35:38.896361+00:00
913,1.6039470434188843,39.99999761581421,1.011680360097671,2026-07-25T18:35:39.307607+00:00
869,1.663918137550354,17.999999225139618,3.4073808598623145,2026-07-25T18:35:49.157941+00:00
914,1.6638009548187256,14.000000059604645,1.2260426199645735,2026-07-25T18:35:49.536256+00:00
870,1.618127465248108,21.99999988079071,1.0279002199240495,2026-07-25T18:35:59.525311+00:00
915,1.7476290464401245,17.999999225139618,0.9684308400028385,2026-07-25T18:36:00.201544+00:00
871,1.6307216882705688,9.999999403953552,0.9786165200057441,2026-07-25T18:36:09.737858+00:00
916,1.6462066173553467,19.999998807907104,0.982104220020119,2026-07-25T18:36:10.573282+00:00
872,1.615791916847229,23.999999463558197,0.9991875200648793,2026-07-25T18:36:19.886397+00:00
917,1.6760642528533936,19.999998807907104,1.0014539399708156,2026-07-25T18:36:20.774786+00:00
873,1.6156851053237915,23.999999463558197,1.0805468399485108,2026-07-25T18:36:41.845382+00:00
918,2.1201796531677246,21.99999988079071,0.979662979952991,2026-07-25T18:36:42.602331+00:00
874,1.6161938905715942,21.99999988079071,0.9908402600558475,2026-07-25T18:36:52.460292+00:00
875,1.5793147087097168,21.99999988079071,0.9842002000368666,2026-07-25T18:37:03.093375+00:00
919,1.576683759689331,21.99999988079071,0.9735371600254439,2026-07-25T18:37:04.091144+00:00
876,1.611143946647644,23.999999463558197,0.9753701600129716,2026-07-25T18:37:13.341676+00:00
920,1.5601698160171509,21.99999988079071,0.9949670601054094,2026-07-25T18:37:14.607003+00:00
877,1.6535940170288086,19.999998807907104,1.046395219891565,2026-07-25T18:37:23.627091+00:00
921,1.73671293258667,17.999999225139618,0.9847054799320175,2026-07-25T18:37:24.792986+00:00
922,1.655941367149353,21.99999988079071,1.010750480054412,2026-07-25T18:37:35.747230+00:00
878,1.6366807222366333,21.99999988079071,1.0659865199704655,2026-07-25T18:37:44.955108+00:00
923,1.6555383205413818,21.99999988079071,1.0192129600909539,2026-07-25T18:37:45.971176+00:00
924,1.6630728244781494,17.999999225139618,1.1238144799426664,2026-07-25T18:37:56.383087+00:00
879,1.6577752828598022,17.999999225139618,0.9896132598805707,2026-07-25T18:38:06.199697+00:00
925,1.6939446926116943,21.99999988079071,0.9504575400205795,2026-07-25T18:38:06.788829+00:00
880,1.5932141542434692,29.999998211860657,1.0269771999446675,2026-07-25T18:38:16.396808+00:00
926,1.7408572435379028,17.999999225139618,1.0004565000417642,2026-07-25T18:38:17.207389+00:00
881,1.6512614488601685,17.999999225139618,0.9993379599472973,2026-07-25T18:38:26.621205+00:00
927,1.7408844232559204,19.999998807907104,1.0847542999545112,2026-07-25T18:38:27.500924+00:00
882,1.6523218154907227,17.999999225139618,0.9776360999967438,2026-07-25T18:38:36.955974+00:00
928,1.7376879453659058,19.999998807907104,0.9797878199606203,2026-07-25T18:38:37.806471+00:00
883,1.6502478122711182,19.999998807907104,0.9598150200326927,2026-07-25T18:38:47.169642+00:00
929,1.7632821798324585,17.999999225139618,0.9596835401316639,2026-07-25T18:38:48.044448+00:00
884,1.6153689622879028,21.99999988079071,1.0115999200206716,2026-07-25T18:38:57.523402+00:00
930,1.660133719444275,19.999998807907104,0.9715069600497372,2026-07-25T18:38:58.789821+00:00
885,1.6523714065551758,19.999998807907104,1.0324806001153775,2026-07-25T18:39:07.794382+00:00
886,1.6154427528381348,19.999998807907104,1.0471314399910625,2026-07-25T18:39:18.369584+00:00
931,1.8214259147644043,17.999999225139618,0.9789751000062097,2026-07-25T18:39:20.033321+00:00
887,1.6176857948303223,17.999999225139618,1.0762136800622102,2026-07-25T18:39:28.467844+00:00
932,1.892675518989563,19.999998807907104,1.060162639914779,2026-07-25T18:39:30.322837+00:00
888,1.6536669731140137,15.999999642372131,0.9729507999145426,2026-07-25T18:39:38.861205+00:00
933,1.583238124847412,23.999999463558197,1.0002410999732092,2026-07-25T18:39:40.351156+00:00
889,1.6876885890960693,19.999998807907104,1.0371151599974837,2026-07-25T18:39:49.102874+00:00
934,1.73638117313385,1.9999999552965164,0.996635920018889,2026-07-25T18:39:50.714114+00:00
890,1.655337929725647,17.999999225139618,1.0937086399644613,2026-07-25T18:39:59.525211+00:00
935,1.703518033027649,35.999998450279236,0.9514043600938749,2026-07-25T18:40:00.960536+00:00
936,1.7261958122253418,17.999999225139618,0.9754464200523216,2026-07-25T18:40:11.179753+00:00
891,1.6183555126190186,23.999999463558197,1.0113681400252972,2026-07-25T18:40:20.866944+00:00
937,1.6560419797897339,7.999999821186066,0.9828034200472758,2026-07-25T18:40:21.555323+00:00
892,1.6173412799835205,17.999999225139618,1.0152870599995367,2026-07-25T18:40:31.321900+00:00
938,1.6969105005264282,1.9999999552965164,1.0339735400339123,2026-07-25T18:40:32.226957+00:00
893,1.6172800064086914,17.999999225139618,0.9727703400130849,2026-07-25T18:40:41.428143+00:00
939,1.6249229907989502,28.00000011920929,0.9978685001260602,2026-07-25T18:40:42.415519+00:00
894,1.6025995016098022,19.999998807907104,0.973688500089338,2026-07-25T18:40:51.703957+00:00
895,1.6845941543579102,15.999999642372131,1.1284237199288327,2026-07-25T18:41:02.142651+00:00
940,1.6527758836746216,17.999999225139618,1.0135874401021283,2026-07-25T18:41:04.296200+00:00
896,1.6403008699417114,23.999999463558197,1.0421468999993522,2026-07-25T18:41:12.529192+00:00
897,1.5800448656082153,21.99999988079071,0.9757249800895806,2026-07-25T18:41:22.926429+00:00
941,1.7320650815963745,17.999999225139618,0.9345434799615759,2026-07-25T18:41:25.583968+00:00
898,1.6150225400924683,21.99999988079071,0.9654120801133104,2026-07-25T18:41:33.293287+00:00
942,1.7294360399246216,19.999998807907104,0.9966336599609349,2026-07-25T18:41:35.823775+00:00
899,1.611100435256958,23.999999463558197,0.985602240107255,2026-07-25T18:41:43.455707+00:00
943,1.664220929145813,19.999998807907104,1.0480251398985274,2026-07-25T18:41:57.032319+00:00
900,1.6420581340789795,17.999999225139618,0.9875207400182261,2026-07-25T18:42:04.988099+00:00
944,1.5563440322875977,31.999999284744263,0.9945410200452897,2026-07-25T18:42:07.625031+00:00
901,1.64772629737854,17.999999225139618,0.9518457199737895,2026-07-25T18:42:25.792901+00:00
945,1.7425178289413452,15.999999642372131,1.0669706400949508,2026-07-25T18:42:28.894278+00:00
902,1.620004415512085,21.99999988079071,0.9968130599008872,2026-07-25T18:42:36.028223+00:00
946,1.6360124349594116,25.999999046325684,0.985312000120757,2026-07-25T18:42:39.770004+00:00
903,1.6481112241744995,19.999998807907104,0.9933586399711203,2026-07-25T18:42:57.353968+00:00
947,1.6533926725387573,17.999999225139618,0.9934880999207963,2026-07-25T18:43:01.739371+00:00
904,1.617508888244629,14.000000059604645,0.9862212398729753,2026-07-25T18:43:07.574765+00:00
948,1.6263833045959473,11.999999731779099,0.990926579979714,2026-07-25T18:43:23.252386+00:00
905,1.6490293741226196,17.999999225139618,0.9782951200031674,2026-07-25T18:43:28.683462+00:00
949,1.6017165184020996,21.99999988079071,0.9903517599741464,2026-07-25T18:43:33.950808+00:00
906,1.6427897214889526,17.999999225139618,1.00984396005515,2026-07-25T18:43:38.895595+00:00
950,1.5760111808776855,23.999999463558197,1.0618704999797046,2026-07-25T18:43:55.660020+00:00
907,1.6155407428741455,19.999998807907104,1.0180795800988562,2026-07-25T18:44:00.026816+00:00
951,1.721954345703125,15.999999642372131,0.9703005800838582,2026-07-25T18:44:06.003305+00:00
952,1.6554245948791504,19.999998807907104,0.9543662201031111,2026-07-25T18:44:16.091265+00:00
908,1.5950634479522705,19.999998807907104,0.9852215000137221,2026-07-25T18:44:21.489270+00:00
953,1.6461436748504639,21.99999988079071,0.9877756200148723,2026-07-25T18:44:26.374911+00:00
909,1.614163875579834,15.999999642372131,1.0179390799021348,2026-07-25T18:44:31.650404+00:00
954,1.7181942462921143,19.999998807907104,1.0028224599955138,2026-07-25T18:44:36.561068+00:00
955,1.651957392692566,17.999999225139618,0.9767119000025559,2026-07-25T18:44:46.847103+00:00
910,1.6344414949417114,17.999999225139618,1.015002220083261,2026-07-25T18:44:53.115047+00:00
911,1.6473302841186523,19.999998807907104,1.0389287798898295,2026-07-25T18:45:03.520707+00:00
956,1.712601900100708,17.999999225139618,1.1840612199739553,2026-07-25T18:45:08.251282+00:00
912,1.6427234411239624,28.00000011920929,0.9548453601018991,2026-07-25T18:45:13.632438+00:00
957,1.6390509605407715,25.999999046325684,0.9808012799476272,2026-07-25T18:45:18.349388+00:00
913,1.6825485229492188,28.00000011920929,0.9945140600029845,2026-07-25T18:45:24.081675+00:00
914,1.5836557149887085,21.99999988079071,0.9493618400301784,2026-07-25T18:45:34.592033+00:00
958,1.7009878158569336,31.999999284744263,0.9992156000225806,2026-07-25T18:45:39.591972+00:00
915,1.632307529449463,17.999999225139618,1.0038215399254113,2026-07-25T18:45:44.869373+00:00
959,1.6487542390823364,19.999998807907104,1.0238394999760203,2026-07-25T18:45:49.775529+00:00
960,1.6433441638946533,19.999998807907104,0.9756034798920155,2026-07-25T18:45:59.960751+00:00
916,1.6459825038909912,17.999999225139618,1.0152248399390373,2026-07-25T18:46:06.254628+00:00
961,1.6729977130889893,35.999998450279236,1.0375433199806139,2026-07-25T18:46:10.284195+00:00
917,1.607140064239502,28.00000011920929,1.0445152199827135,2026-07-25T18:46:16.768739+00:00
962,1.6658806800842285,15.999999642372131,0.9878485600347631,2026-07-25T18:46:20.767217+00:00
963,1.5994268655776978,37.99999952316284,1.0575258999597281,2026-07-25T18:46:31.546607+00:00
918,1.6487250328063965,17.999999225139618,1.407127179991221,2026-07-25T18:46:38.230505+00:00
919,1.5832924842834473,23.999999463558197,1.013698439928703,2026-07-25T18:46:48.701081+00:00
964,1.5696088075637817,23.999999463558197,0.9417723599472083,2026-07-25T18:46:53.029002+00:00
920,1.5867602825164795,23.999999463558197,0.9783317400433589,2026-07-25T18:46:58.983855+00:00
965,1.6495332717895508,19.999998807907104,0.9731424400524702,2026-07-25T18:47:03.277482+00:00
921,1.642553448677063,19.999998807907104,1.024434239952825,2026-07-25T18:47:09.370475+00:00
966,1.7151414155960083,17.999999225139618,1.0232041400740854,2026-07-25T18:47:13.493010+00:00
922,1.615441918373108,17.999999225139618,1.0258140799123794,2026-07-25T18:47:19.661373+00:00
967,1.6565967798233032,19.999998807907104,0.9767154599830974,2026-07-25T18:47:23.898064+00:00
923,1.6181896924972534,21.99999988079071,1.0573810800269712,2026-07-25T18:47:30.025645+00:00
968,1.7004390954971313,21.99999988079071,0.9553132600558456,2026-07-25T18:47:45.287611+00:00
924,1.6364589929580688,19.999998807907104,1.0360816199681722,2026-07-25T18:47:51.433863+00:00
969,1.5816882848739624,23.999999463558197,1.063620580098359,2026-07-25T18:47:55.560532+00:00
925,1.644501805305481,17.999999225139618,0.9599335399980191,2026-07-25T18:48:01.682550+00:00
970,1.6481902599334717,17.999999225139618,0.9661006199894473,2026-07-25T18:48:05.840843+00:00
926,1.617472529411316,25.999999046325684,0.9995495800103527,2026-07-25T18:48:11.851934+00:00
971,1.7092911005020142,17.999999225139618,1.003689339995617,2026-07-25T18:48:16.105318+00:00
927,1.6425259113311768,17.999999225139618,0.9738012000161689,2026-07-25T18:48:22.091280+00:00
972,1.704399824142456,17.999999225139618,0.9947963600279762,2026-07-25T18:48:26.587456+00:00
973,1.717165470123291,17.999999225139618,0.9836980399268213,2026-07-25T18:48:36.727392+00:00
928,1.6126562356948853,21.99999988079071,0.9733263199450448,2026-07-25T18:48:43.600257+00:00
974,1.643579125404358,17.999999225139618,0.9976215599454008,2026-07-25T18:48:46.919991+00:00
929,1.6148033142089844,17.999999225139618,1.0636556400277186,2026-07-25T18:48:53.840768+00:00
975,1.642427682876587,21.99999988079071,0.9403205598937348,2026-07-25T18:48:57.309700+00:00
930,1.6160178184509277,28.00000011920929,3.29628526000306,2026-07-25T18:49:04.739226+00:00
976,1.6398791074752808,21.99999988079071,0.9769218000292312,2026-07-25T18:49:07.452637+00:00
931,1.614882230758667,17.999999225139618,1.000511739985086,2026-07-25T18:49:14.963583+00:00
977,1.6894091367721558,3.999999910593033,0.9890223799447996,2026-07-25T18:49:17.788518+00:00
932,1.6153483390808105,17.999999225139618,1.0435444400354754,2026-07-25T18:49:25.183861+00:00
933,1.6433311700820923,17.999999225139618,1.0015448999183718,2026-07-25T18:49:36.227188+00:00
978,1.6433310508728027,21.99999988079071,0.9522776000085287,2026-07-25T18:49:39.441714+00:00
934,1.6661947965621948,19.999998807907104,0.9512766198895406,2026-07-25T18:49:46.425249+00:00
979,1.832236647605896,17.999999225139618,1.020351320039481,2026-07-25T18:49:49.541153+00:00
935,1.6432119607925415,17.999999225139618,1.044042800058378,2026-07-25T18:49:57.101430+00:00
980,1.5869845151901245,21.99999988079071,1.0145478400227148,2026-07-25T18:49:59.930182+00:00
936,1.6098816394805908,21.99999988079071,1.0043756000231951,2026-07-25T18:50:07.478626+00:00
981,1.8114075660705566,21.99999988079071,0.9779995000280906,2026-07-25T18:50:10.226398+00:00
937,1.6183651685714722,23.999999463558197,0.9636784601025283,2026-07-25T18:50:17.763341+00:00
982,1.6274185180664062,17.999999225139618,1.1306565999984741,2026-07-25T18:50:31.633887+00:00
938,1.6186153888702393,17.999999225139618,1.0355128199444152,2026-07-25T18:50:39.257731+00:00
983,1.5747205018997192,21.99999988079071,0.9612629600451328,2026-07-25T18:50:42.032471+00:00
939,1.6144464015960693,17.999999225139618,0.9950081400165801,2026-07-25T18:50:49.584933+00:00
940,1.6424041986465454,17.999999225139618,1.0038761400210205,2026-07-25T18:51:00.218681+00:00
984,1.5681395530700684,23.999999463558197,1.0119043799932115,2026-07-25T18:51:03.447186+00:00
941,1.5844659805297852,14.000000059604645,1.0189442199771293,2026-07-25T18:51:10.495393+00:00
985,1.7299782037734985,17.999999225139618,0.9704655800305773,2026-07-25T18:51:25.188211+00:00
942,1.5934005975723267,21.99999988079071,1.0853663200396113,2026-07-25T18:51:32.438934+00:00
986,1.7275694608688354,17.999999225139618,1.0533876999397762,2026-07-25T18:51:35.521221+00:00
943,1.6119816303253174,21.99999988079071,0.9731209800520446,2026-07-25T18:51:42.535525+00:00
987,1.6442943811416626,17.999999225139618,1.0042659600730985,2026-07-25T18:51:45.758272+00:00
944,1.6163032054901123,9.999999403953552,1.0126506400411017,2026-07-25T18:52:04.816514+00:00
988,1.638388991355896,19.999998807907104,0.9502969399909489,2026-07-25T18:52:07.593201+00:00
945,1.6145907640457153,17.999999225139618,0.9781009399739561,2026-07-25T18:52:27.008371+00:00
989,1.5651054382324219,29.999998211860657,0.9986669999489095,2026-07-25T18:52:28.566512+00:00
946,1.6104165315628052,19.999998807907104,0.9736293199239299,2026-07-25T18:52:37.678949+00:00
990,1.7070785760879517,17.999999225139618,0.9666584999649785,2026-07-25T18:52:38.930237+00:00
947,1.6170567274093628,15.999999642372131,0.9867598999699111,2026-07-25T18:52:47.775333+00:00
991,1.6408560276031494,19.999998807907104,0.9869785601040348,2026-07-25T18:53:00.109081+00:00
948,1.6671861410140991,17.999999225139618,0.9771751800144557,2026-07-25T18:53:09.380701+00:00
992,1.6323661804199219,21.99999988079071,0.9922406199621037,2026-07-25T18:53:10.228069+00:00
993,1.6692684888839722,19.999998807907104,1.0737765600788407,2026-07-25T18:53:20.511072+00:00
949,1.7937344312667847,21.99999988079071,1.0831314000824932,2026-07-25T18:53:30.523234+00:00
950,1.5929937362670898,34.00000035762787,0.9702236400335096,2026-07-25T18:53:41.034993+00:00
994,1.7864880561828613,17.999999225139618,0.979022800020175,2026-07-25T18:53:41.710442+00:00
995,1.7048743963241577,15.999999642372131,0.9746890800306574,2026-07-25T18:53:51.994579+00:00
951,1.6438196897506714,15.999999642372131,1.0135250800522044,2026-07-25T18:54:02.320746+00:00
996,1.7047717571258545,17.999999225139618,0.9590007799852174,2026-07-25T18:54:02.360468+00:00
952,1.621128797531128,21.99999988079071,0.9656182400067337,2026-07-25T18:54:12.778066+00:00
953,1.6054593324661255,21.99999988079071,0.9865189999982249,2026-07-25T18:54:23.072763+00:00
997,1.7034908533096313,17.999999225139618,0.984036159934476,2026-07-25T18:54:23.442150+00:00
998,1.7034142017364502,17.999999225139618,0.9861585599719547,2026-07-25T18:54:33.600202+00:00
999,1.6969565153121948,17.999999225139618,1.0237231399514712,2026-07-25T18:54:43.729079+00:00
954,1.6142245531082153,17.999999225139618,0.9775291600089987,2026-07-25T18:54:44.163959+00:00
955,1.6415842771530151,17.999999225139618,1.0144544999639038,2026-07-25T18:54:54.542508+00:00
956,1.6085163354873657,19.999998807907104,0.9749290000763722,2026-07-25T18:55:04.863702+00:00
957,1.6198681592941284,23.999999463558197,0.990748719923431,2026-07-25T18:55:26.059374+00:00
958,1.5864711999893188,21.99999988079071,1.0245385399321094,2026-07-25T18:55:36.303193+00:00
959,1.6082825660705566,21.99999988079071,1.023789780010702,2026-07-25T18:55:46.409380+00:00
960,1.6117205619812012,23.999999463558197,1.0050034199957736,2026-07-25T18:55:56.710268+00:00
961,1.660830020904541,17.999999225139618,0.9990370400191749,2026-07-25T18:56:17.775192+00:00
962,1.6512370109558105,19.999998807907104,1.045305180014111,2026-07-25T18:56:28.163279+00:00
963,1.6142429113388062,21.99999988079071,1.7406107400893234,2026-07-25T18:56:38.463437+00:00
964,1.6566842794418335,17.999999225139618,1.0401070200896356,2026-07-25T18:56:49.325273+00:00
965,1.6910589933395386,21.99999988079071,0.9757782200176734,2026-07-25T18:56:59.960302+00:00
966,1.6471563577651978,19.999998807907104,1.0005443599948194,2026-07-25T18:57:10.214995+00:00
967,1.6083271503448486,17.999999225139618,3.2856538399937563,2026-07-25T18:57:20.743723+00:00
968,1.6116540431976318,23.999999463558197,0.9854537399951369,2026-07-25T18:57:42.073177+00:00
969,1.6383006572723389,21.99999988079071,0.999150880088564,2026-07-25T18:57:52.183701+00:00
970,1.6114943027496338,21.99999988079071,1.014431379880989,2026-07-25T18:58:13.447758+00:00
971,1.6123383045196533,17.999999225139618,0.9808587598672603,2026-07-25T18:58:34.459270+00:00
972,1.6399264335632324,11.999999731779099,0.9960174800653476,2026-07-25T18:58:44.738769+00:00
973,1.6637756824493408,17.999999225139618,1.0341436800081283,2026-07-25T18:58:54.911205+00:00
974,1.5863983631134033,23.999999463558197,1.0348596599942539,2026-07-25T18:59:05.140556+00:00
975,1.639561653137207,19.999998807907104,0.9882789400580804,2026-07-25T18:59:26.360081+00:00
976,1.6286895275115967,17.999999225139618,1.0192560999712441,2026-07-25T18:59:36.769242+00:00
977,1.640842318534851,21.99999988079071,0.9983036000630817,2026-07-25T18:59:46.951897+00:00
978,1.6255671977996826,17.999999225139618,1.0270620200026315,2026-07-25T18:59:57.620047+00:00
979,1.6162347793579102,19.999998807907104,1.1784921999787912,2026-07-25T19:00:07.883079+00:00
980,1.6071228981018066,29.999998211860657,1.0277294801198877,2026-07-25T19:00:18.233102+00:00
981,1.6389819383621216,17.999999225139618,0.9621843200875446,2026-07-25T19:00:39.698330+00:00
982,1.5847011804580688,29.999998211860657,0.9843112000089604,2026-07-25T19:01:01.040822+00:00
983,1.644842267036438,7.999999821186066,1.0065928800031543,2026-07-25T19:01:22.340641+00:00
984,1.618288278579712,19.999998807907104,1.5228860601200722,2026-07-25T19:01:43.873827+00:00
985,1.7393759489059448,19.999998807907104,1.0278395799105056,2026-07-25T19:02:05.301579+00:00
986,1.6294560432434082,17.999999225139618,1.0488272599468473,2026-07-25T19:02:26.432197+00:00
987,1.610615849494934,21.99999988079071,0.999137479957426,2026-07-25T19:02:37.303965+00:00
988,1.6377798318862915,17.999999225139618,3.3701141600613482,2026-07-25T19:02:58.796952+00:00
989,1.612094759941101,21.99999988079071,0.9683757400489412,2026-07-25T19:03:09.017142+00:00
990,1.6129859685897827,19.999998807907104,1.0308452999743167,2026-07-25T19:03:30.213114+00:00
991,1.6429672241210938,17.999999225139618,0.9795452198886778,2026-07-25T19:03:51.483532+00:00
992,1.6111644506454468,21.99999988079071,0.9853420600120443,2026-07-25T19:04:02.153152+00:00
993,1.5856503248214722,23.999999463558197,1.0689702398667578,2026-07-25T19:04:12.515009+00:00
994,1.6122541427612305,21.99999988079071,0.9823438200692182,2026-07-25T19:04:22.801446+00:00
995,1.6134555339813232,19.999998807907104,0.9597304799535777,2026-07-25T19:04:33.684299+00:00
996,1.6377314329147339,17.999999225139618,1.0346475199912675,2026-07-25T19:04:43.895543+00:00
997,1.6423468589782715,17.999999225139618,1.0911716800183058,2026-07-25T19:04:54.329206+00:00
998,1.5873621702194214,21.99999988079071,0.987922519998392,2026-07-25T19:05:04.851185+00:00
999,1.613521695137024,19.999998807907104,0.9945103801146616,2026-07-25T19:05:15.011221+00:00
