method,backbone,n_way,k_shot,path,episode,test_acc,timestamp
protonet,mobilenetv4_conv_small.e2400_r224_in1k,5,1,/home/soumik/soumik/misc/output/checkpoints/protonet_mobilenetv4_conv_small.e2400_r224_in1k_5way_1shot_latest.pt,99,-inf,2026-07-25T11:20:48.607288+00:00
protonet,mobilenetv4_conv_small.e2400_r224_in1k,5,1,/home/soumik/soumik/misc/output/checkpoints/protonet_mobilenetv4_conv_small.e2400_r224_in1k_5way_1shot_latest.pt,49,-inf,2026-07-25T11:22:13.968173+00:00
protonet,mobilenetv4_conv_small.e2400_r224_in1k,5,1,/home/soumik/soumik/misc/output/checkpoints/protonet_mobilenetv4_conv_small.e2400_r224_in1k_5way_1shot_latest.pt,149,-inf,2026-07-25T11:32:08.723726+00:00
protonet,mobilenetv4_conv_small.e2400_r224_in1k,5,1,/home/soumik/soumik/misc/output/checkpoints/protonet_mobilenetv4_conv_small.e2400_r224_in1k_5way_1shot_latest.pt,99,-inf,2026-07-25T11:33:22.443915+00:00
protonet,mobilenetv4_conv_small.e2400_r224_in1k,5,1,/home/soumik/soumik/misc/output/checkpoints/protonet_mobilenetv4_conv_small.e2400_r224_in1k_5way_1shot_latest.pt,199,-inf,2026-07-25T11:44:31.491408+00:00
protonet,mobilenetv4_conv_small.e2400_r224_in1k,5,1,/home/soumik/soumik/misc/output/checkpoints/protonet_mobilenetv4_conv_small.e2400_r224_in1k_5way_1shot_latest.pt,149,-inf,2026-07-25T11:45:36.953841+00:00
protonet,mobilenetv4_conv_small.e2400_r224_in1k,5,1,/home/soumik/soumik/misc/output/checkpoints/protonet_mobilenetv4_conv_small.e2400_r224_in1k_5way_1shot_latest.pt,249,-inf,2026-07-25T11:56:13.345127+00:00
protonet,mobilenetv4_conv_small.e2400_r224_in1k,5,1,/home/soumik/soumik/misc/output/checkpoints/protonet_mobilenetv4_conv_small.e2400_r224_in1k_5way_1shot_latest.pt,199,-inf,2026-07-25T11:57:06.432949+00:00
protonet,mobilenetv4_conv_small.e2400_r224_in1k,5,1,/home/soumik/soumik/misc/output/checkpoints/protonet_mobilenetv4_conv_small.e2400_r224_in1k_5way_1shot_latest.pt,299,-inf,2026-07-25T12:07:29.689565+00:00
protonet,mobilenetv4_conv_small.e2400_r224_in1k,5,1,/home/soumik/soumik/misc/output/checkpoints/protonet_mobilenetv4_conv_small.e2400_r224_in1k_5way_1shot_latest.pt,249,-inf,2026-07-25T12:08:14.658139+00:00
protonet,mobilenetv4_conv_small.e2400_r224_in1k,5,1,/home/soumik/soumik/misc/output/checkpoints/protonet_mobilenetv4_conv_small.e2400_r224_in1k_5way_1shot_latest.pt,349,-inf,2026-07-25T12:20:58.366732+00:00
protonet,mobilenetv4_conv_small.e2400_r224_in1k,5,1,/home/soumik/soumik/misc/output/checkpoints/protonet_mobilenetv4_conv_small.e2400_r224_in1k_5way_1shot_latest.pt,299,-inf,2026-07-25T12:21:29.057425+00:00
protonet,mobilenetv4_conv_small.e2400_r224_in1k,5,1,/home/soumik/soumik/misc/output/checkpoints/protonet_mobilenetv4_conv_small.e2400_r224_in1k_5way_1shot_latest.pt,399,-inf,2026-07-25T12:32:21.549936+00:00
protonet,mobilenetv4_conv_small.e2400_r224_in1k,5,1,/home/soumik/soumik/misc/output/checkpoints/protonet_mobilenetv4_conv_small.e2400_r224_in1k_5way_1shot_latest.pt,349,-inf,2026-07-25T12:32:44.467620+00:00
protonet,mobilenetv4_conv_small.e2400_r224_in1k,5,1,/home/soumik/soumik/misc/output/checkpoints/protonet_mobilenetv4_conv_small.e2400_r224_in1k_5way_1shot_latest.pt,449,-inf,2026-07-25T12:44:16.533045+00:00
protonet,mobilenetv4_conv_small.e2400_r224_in1k,5,1,/home/soumik/soumik/misc/output/checkpoints/protonet_mobilenetv4_conv_small.e2400_r224_in1k_5way_1shot_latest.pt,399,-inf,2026-07-25T12:44:35.698924+00:00
protonet,mobilenetv4_conv_small.e2400_r224_in1k,5,1,/home/soumik/soumik/misc/output/checkpoints/protonet_mobilenetv4_conv_small.e2400_r224_in1k_5way_1shot_latest.pt,499,-inf,2026-07-25T12:55:10.056310+00:00
protonet,mobilenetv4_conv_small.e2400_r224_in1k,5,1,/home/soumik/soumik/misc/output/checkpoints/protonet_mobilenetv4_conv_small.e2400_r224_in1k_5way_1shot_latest.pt,449,-inf,2026-07-25T12:55:21.363362+00:00
protonet,mobilenetv4_conv_small.e2400_r224_in1k,5,1,/home/soumik/soumik/misc/output/checkpoints/protonet_mobilenetv4_conv_small.e2400_r224_in1k_5way_1shot_latest.pt,549,-inf,2026-07-25T13:06:46.919207+00:00
protonet,mobilenetv4_conv_small.e2400_r224_in1k,5,1,/home/soumik/soumik/misc/output/checkpoints/protonet_mobilenetv4_conv_small.e2400_r224_in1k_5way_1shot_latest.pt,499,-inf,2026-07-25T13:06:58.404365+00:00
protonet,mobilenetv4_conv_small.e2400_r224_in1k,5,1,/home/soumik/soumik/misc/output/checkpoints/protonet_mobilenetv4_conv_small.e2400_r224_in1k_5way_1shot_latest.pt,599,-inf,2026-07-25T13:17:45.362933+00:00
protonet,mobilenetv4_conv_small.e2400_r224_in1k,5,1,/home/soumik/soumik/misc/output/checkpoints/protonet_mobilenetv4_conv_small.e2400_r224_in1k_5way_1shot_latest.pt,549,-inf,2026-07-25T13:17:54.768475+00:00
protonet,mobilenetv4_conv_small.e2400_r224_in1k,5,1,/home/soumik/soumik/misc/output/checkpoints/protonet_mobilenetv4_conv_small.e2400_r224_in1k_5way_1shot_latest.pt,649,-inf,2026-07-25T13:29:31.342387+00:00
protonet,mobilenetv4_conv_small.e2400_r224_in1k,5,1,/home/soumik/soumik/misc/output/checkpoints/protonet_mobilenetv4_conv_small.e2400_r224_in1k_5way_1shot_latest.pt,599,-inf,2026-07-25T13:29:39.380881+00:00
protonet,mobilenetv4_conv_small.e2400_r224_in1k,5,1,/home/soumik/soumik/misc/output/checkpoints/protonet_mobilenetv4_conv_small.e2400_r224_in1k_5way_1shot_latest.pt,699,-inf,2026-07-25T13:41:59.501103+00:00
protonet,mobilenetv4_conv_small.e2400_r224_in1k,5,1,/home/soumik/soumik/misc/output/checkpoints/protonet_mobilenetv4_conv_small.e2400_r224_in1k_5way_1shot_latest.pt,649,-inf,2026-07-25T13:42:03.025072+00:00
protonet,mobilenetv4_conv_small.e2400_r224_in1k,5,1,/home/soumik/soumik/misc/output/checkpoints/protonet_mobilenetv4_conv_small.e2400_r224_in1k_5way_1shot_latest.pt,699,-inf,2026-07-25T13:52:40.382062+00:00
protonet,mobilenetv4_conv_small.e2400_r224_in1k,5,1,/home/soumik/soumik/misc/output/checkpoints/protonet_mobilenetv4_conv_small.e2400_r224_in1k_5way_1shot_latest.pt,749,-inf,2026-07-25T13:52:47.638014+00:00
protonet,mobilenetv4_conv_small.e2400_r224_in1k,5,1,/home/soumik/soumik/misc/output/checkpoints/protonet_mobilenetv4_conv_small.e2400_r224_in1k_5way_1shot_latest.pt,749,-inf,2026-07-25T14:05:01.532656+00:00
protonet,mobilenetv4_conv_small.e2400_r224_in1k,5,1,/home/soumik/soumik/misc/output/checkpoints/protonet_mobilenetv4_conv_small.e2400_r224_in1k_5way_1shot_latest.pt,799,-inf,2026-07-25T14:05:14.641840+00:00
protonet,mobilenetv4_conv_small.e2400_r224_in1k,5,1,/home/soumik/soumik/misc/output/checkpoints/protonet_mobilenetv4_conv_small.e2400_r224_in1k_5way_1shot_latest.pt,799,-inf,2026-07-25T14:16:43.402001+00:00
protonet,mobilenetv4_conv_small.e2400_r224_in1k,5,1,/home/soumik/soumik/misc/output/checkpoints/protonet_mobilenetv4_conv_small.e2400_r224_in1k_5way_1shot_latest.pt,849,-inf,2026-07-25T14:17:00.972818+00:00
protonet,mobilenetv4_conv_small.e2400_r224_in1k,5,1,/home/soumik/soumik/misc/output/checkpoints/protonet_mobilenetv4_conv_small.e2400_r224_in1k_5way_1shot_latest.pt,849,-inf,2026-07-25T14:28:30.492012+00:00
protonet,mobilenetv4_conv_small.e2400_r224_in1k,5,1,/home/soumik/soumik/misc/output/checkpoints/protonet_mobilenetv4_conv_small.e2400_r224_in1k_5way_1shot_latest.pt,899,-inf,2026-07-25T14:28:49.630659+00:00
protonet,mobilenetv4_conv_small.e2400_r224_in1k,5,1,/home/soumik/soumik/misc/output/checkpoints/protonet_mobilenetv4_conv_small.e2400_r224_in1k_5way_1shot_latest.pt,899,-inf,2026-07-25T14:40:01.705189+00:00
protonet,mobilenetv4_conv_small.e2400_r224_in1k,5,1,/home/soumik/soumik/misc/output/checkpoints/protonet_mobilenetv4_conv_small.e2400_r224_in1k_5way_1shot_latest.pt,949,-inf,2026-07-25T14:40:22.672543+00:00
protonet,mobilenetv4_conv_small.e2400_r224_in1k,5,1,/home/soumik/soumik/misc/output/checkpoints/protonet_mobilenetv4_conv_small.e2400_r224_in1k_5way_1shot_latest.pt,949,-inf,2026-07-25T14:51:05.372436+00:00
protonet,mobilenetv4_conv_small.e2400_r224_in1k,5,1,/home/soumik/soumik/misc/output/checkpoints/protonet_mobilenetv4_conv_small.e2400_r224_in1k_5way_1shot_latest.pt,999,-inf,2026-07-25T14:51:39.341663+00:00
protonet,mobilenetv4_conv_small.e2400_r224_in1k,5,1,/home/soumik/soumik/misc/output/checkpoints/protonet_mobilenetv4_conv_small.e2400_r224_in1k_5way_1shot_best.pt,999,19.679999398067594,2026-07-25T15:00:34.296617+00:00
protonet,mobilenetv4_conv_small.e2400_r224_in1k,5,1,/home/soumik/soumik/misc/output/checkpoints/protonet_mobilenetv4_conv_small.e2400_r224_in1k_5way_1shot_latest.pt,999,19.679999398067594,2026-07-25T15:00:34.388646+00:00
protonet,mobilenetv4_conv_small.e2400_r224_in1k,5,1,/home/soumik/soumik/misc/output/checkpoints/protonet_mobilenetv4_conv_small.e2400_r224_in1k_5way_1shot_latest.pt,999,19.679999398067594,2026-07-25T15:02:50.192471+00:00
protonet,mobilenetv4_conv_small.e2400_r224_in1k,5,1,/home/soumik/soumik/misc/output/checkpoints/protonet_mobilenetv4_conv_small.e2400_r224_in1k_5way_1shot_best.pt,999,20.98999948054552,2026-07-25T15:11:32.703281+00:00
protonet,mobilenetv4_conv_small.e2400_r224_in1k,5,1,/home/soumik/soumik/misc/output/checkpoints/protonet_mobilenetv4_conv_small.e2400_r224_in1k_5way_1shot_latest.pt,999,20.98999948054552,2026-07-25T15:11:32.800793+00:00
protonet,mobilenetv4_conv_small.e2400_r224_in1k,5,5,/home/soumik/soumik/misc/output/checkpoints/protonet_mobilenetv4_conv_small.e2400_r224_in1k_5way_5shot_latest.pt,49,-inf,2026-07-25T15:11:57.402212+00:00
protonet,mobilenetv4_conv_small.e2400_r224_in1k,5,5,/home/soumik/soumik/misc/output/checkpoints/protonet_mobilenetv4_conv_small.e2400_r224_in1k_5way_5shot_latest.pt,99,-inf,2026-07-25T15:23:55.396287+00:00
protonet,mobilenetv4_conv_small.e2400_r224_in1k,5,5,/home/soumik/soumik/misc/output/checkpoints/protonet_mobilenetv4_conv_small.e2400_r224_in1k_5way_5shot_latest.pt,49,-inf,2026-07-25T15:23:57.380581+00:00
protonet,mobilenetv4_conv_small.e2400_r224_in1k,5,5,/home/soumik/soumik/misc/output/checkpoints/protonet_mobilenetv4_conv_small.e2400_r224_in1k_5way_5shot_latest.pt,99,-inf,2026-07-25T15:34:20.720145+00:00
protonet,mobilenetv4_conv_small.e2400_r224_in1k,5,5,/home/soumik/soumik/misc/output/checkpoints/protonet_mobilenetv4_conv_small.e2400_r224_in1k_5way_5shot_latest.pt,149,-inf,2026-07-25T15:34:25.185808+00:00
protonet,mobilenetv4_conv_small.e2400_r224_in1k,5,5,/home/soumik/soumik/misc/output/checkpoints/protonet_mobilenetv4_conv_small.e2400_r224_in1k_5way_5shot_latest.pt,149,-inf,2026-07-25T15:45:47.240580+00:00
protonet,mobilenetv4_conv_small.e2400_r224_in1k,5,5,/home/soumik/soumik/misc/output/checkpoints/protonet_mobilenetv4_conv_small.e2400_r224_in1k_5way_5shot_latest.pt,199,-inf,2026-07-25T15:46:29.946158+00:00
protonet,mobilenetv4_conv_small.e2400_r224_in1k,5,5,/home/soumik/soumik/misc/output/checkpoints/protonet_mobilenetv4_conv_small.e2400_r224_in1k_5way_5shot_latest.pt,199,-inf,2026-07-25T15:57:11.030376+00:00
protonet,mobilenetv4_conv_small.e2400_r224_in1k,5,5,/home/soumik/soumik/misc/output/checkpoints/protonet_mobilenetv4_conv_small.e2400_r224_in1k_5way_5shot_latest.pt,249,-inf,2026-07-25T15:57:57.373958+00:00
protonet,mobilenetv4_conv_small.e2400_r224_in1k,5,5,/home/soumik/soumik/misc/output/checkpoints/protonet_mobilenetv4_conv_small.e2400_r224_in1k_5way_5shot_latest.pt,249,-inf,2026-07-25T16:09:05.400250+00:00
protonet,mobilenetv4_conv_small.e2400_r224_in1k,5,5,/home/soumik/soumik/misc/output/checkpoints/protonet_mobilenetv4_conv_small.e2400_r224_in1k_5way_5shot_latest.pt,299,-inf,2026-07-25T16:09:31.719755+00:00
protonet,mobilenetv4_conv_small.e2400_r224_in1k,5,5,/home/soumik/soumik/misc/output/checkpoints/protonet_mobilenetv4_conv_small.e2400_r224_in1k_5way_5shot_latest.pt,299,-inf,2026-07-25T16:20:31.519091+00:00
protonet,mobilenetv4_conv_small.e2400_r224_in1k,5,5,/home/soumik/soumik/misc/output/checkpoints/protonet_mobilenetv4_conv_small.e2400_r224_in1k_5way_5shot_latest.pt,349,-inf,2026-07-25T16:21:04.207161+00:00
protonet,mobilenetv4_conv_small.e2400_r224_in1k,5,5,/home/soumik/soumik/misc/output/checkpoints/protonet_mobilenetv4_conv_small.e2400_r224_in1k_5way_5shot_latest.pt,349,-inf,2026-07-25T16:32:31.767714+00:00
protonet,mobilenetv4_conv_small.e2400_r224_in1k,5,5,/home/soumik/soumik/misc/output/checkpoints/protonet_mobilenetv4_conv_small.e2400_r224_in1k_5way_5shot_latest.pt,399,-inf,2026-07-25T16:32:43.438560+00:00
protonet,mobilenetv4_conv_small.e2400_r224_in1k,5,5,/home/soumik/soumik/misc/output/checkpoints/protonet_mobilenetv4_conv_small.e2400_r224_in1k_5way_5shot_latest.pt,399,-inf,2026-07-25T16:43:39.528223+00:00
protonet,mobilenetv4_conv_small.e2400_r224_in1k,5,5,/home/soumik/soumik/misc/output/checkpoints/protonet_mobilenetv4_conv_small.e2400_r224_in1k_5way_5shot_latest.pt,449,-inf,2026-07-25T16:44:02.692408+00:00
protonet,mobilenetv4_conv_small.e2400_r224_in1k,5,5,/home/soumik/soumik/misc/output/checkpoints/protonet_mobilenetv4_conv_small.e2400_r224_in1k_5way_5shot_latest.pt,449,-inf,2026-07-25T16:55:10.352896+00:00
protonet,mobilenetv4_conv_small.e2400_r224_in1k,5,5,/home/soumik/soumik/misc/output/checkpoints/protonet_mobilenetv4_conv_small.e2400_r224_in1k_5way_5shot_latest.pt,499,-inf,2026-07-25T16:56:00.193192+00:00
protonet,mobilenetv4_conv_small.e2400_r224_in1k,5,5,/home/soumik/soumik/misc/output/checkpoints/protonet_mobilenetv4_conv_small.e2400_r224_in1k_5way_5shot_latest.pt,499,-inf,2026-07-25T17:07:36.437523+00:00
protonet,mobilenetv4_conv_small.e2400_r224_in1k,5,5,/home/soumik/soumik/misc/output/checkpoints/protonet_mobilenetv4_conv_small.e2400_r224_in1k_5way_5shot_latest.pt,549,-inf,2026-07-25T17:07:57.243809+00:00
protonet,mobilenetv4_conv_small.e2400_r224_in1k,5,5,/home/soumik/soumik/misc/output/checkpoints/protonet_mobilenetv4_conv_small.e2400_r224_in1k_5way_5shot_latest.pt,549,-inf,2026-07-25T17:18:38.398916+00:00
protonet,mobilenetv4_conv_small.e2400_r224_in1k,5,5,/home/soumik/soumik/misc/output/checkpoints/protonet_mobilenetv4_conv_small.e2400_r224_in1k_5way_5shot_latest.pt,599,-inf,2026-07-25T17:19:22.707417+00:00
protonet,mobilenetv4_conv_small.e2400_r224_in1k,5,5,/home/soumik/soumik/misc/output/checkpoints/protonet_mobilenetv4_conv_small.e2400_r224_in1k_5way_5shot_latest.pt,599,-inf,2026-07-25T17:30:42.340227+00:00
protonet,mobilenetv4_conv_small.e2400_r224_in1k,5,5,/home/soumik/soumik/misc/output/checkpoints/protonet_mobilenetv4_conv_small.e2400_r224_in1k_5way_5shot_latest.pt,649,-inf,2026-07-25T17:31:44.708991+00:00
protonet,mobilenetv4_conv_small.e2400_r224_in1k,5,5,/home/soumik/soumik/misc/output/checkpoints/protonet_mobilenetv4_conv_small.e2400_r224_in1k_5way_5shot_latest.pt,649,-inf,2026-07-25T17:42:35.660098+00:00
protonet,mobilenetv4_conv_small.e2400_r224_in1k,5,5,/home/soumik/soumik/misc/output/checkpoints/protonet_mobilenetv4_conv_small.e2400_r224_in1k_5way_5shot_latest.pt,699,-inf,2026-07-25T17:43:08.169960+00:00
protonet,mobilenetv4_conv_small.e2400_r224_in1k,5,5,/home/soumik/soumik/misc/output/checkpoints/protonet_mobilenetv4_conv_small.e2400_r224_in1k_5way_5shot_latest.pt,699,-inf,2026-07-25T17:53:55.387535+00:00
protonet,mobilenetv4_conv_small.e2400_r224_in1k,5,5,/home/soumik/soumik/misc/output/checkpoints/protonet_mobilenetv4_conv_small.e2400_r224_in1k_5way_5shot_latest.pt,749,-inf,2026-07-25T17:54:46.508588+00:00
protonet,mobilenetv4_conv_small.e2400_r224_in1k,5,5,/home/soumik/soumik/misc/output/checkpoints/protonet_mobilenetv4_conv_small.e2400_r224_in1k_5way_5shot_latest.pt,749,-inf,2026-07-25T18:06:28.105038+00:00
protonet,mobilenetv4_conv_small.e2400_r224_in1k,5,5,/home/soumik/soumik/misc/output/checkpoints/protonet_mobilenetv4_conv_small.e2400_r224_in1k_5way_5shot_latest.pt,799,-inf,2026-07-25T18:07:40.830882+00:00
protonet,mobilenetv4_conv_small.e2400_r224_in1k,5,5,/home/soumik/soumik/misc/output/checkpoints/protonet_mobilenetv4_conv_small.e2400_r224_in1k_5way_5shot_latest.pt,799,-inf,2026-07-25T18:18:46.251625+00:00
protonet,mobilenetv4_conv_small.e2400_r224_in1k,5,5,/home/soumik/soumik/misc/output/checkpoints/protonet_mobilenetv4_conv_small.e2400_r224_in1k_5way_5shot_latest.pt,849,-inf,2026-07-25T18:20:14.858954+00:00
protonet,mobilenetv4_conv_small.e2400_r224_in1k,5,5,/home/soumik/soumik/misc/output/checkpoints/protonet_mobilenetv4_conv_small.e2400_r224_in1k_5way_5shot_latest.pt,849,-inf,2026-07-25T18:30:40.666590+00:00
protonet,mobilenetv4_conv_small.e2400_r224_in1k,5,5,/home/soumik/soumik/misc/output/checkpoints/protonet_mobilenetv4_conv_small.e2400_r224_in1k_5way_5shot_latest.pt,899,-inf,2026-07-25T18:32:31.274339+00:00
protonet,mobilenetv4_conv_small.e2400_r224_in1k,5,5,/home/soumik/soumik/misc/output/checkpoints/protonet_mobilenetv4_conv_small.e2400_r224_in1k_5way_5shot_latest.pt,899,-inf,2026-07-25T18:41:43.642556+00:00
protonet,mobilenetv4_conv_small.e2400_r224_in1k,5,5,/home/soumik/soumik/misc/output/checkpoints/protonet_mobilenetv4_conv_small.e2400_r224_in1k_5way_5shot_latest.pt,949,-inf,2026-07-25T18:43:34.127990+00:00
protonet,mobilenetv4_conv_small.e2400_r224_in1k,5,5,/home/soumik/soumik/misc/output/checkpoints/protonet_mobilenetv4_conv_small.e2400_r224_in1k_5way_5shot_latest.pt,949,-inf,2026-07-25T18:53:30.713374+00:00
protonet,mobilenetv4_conv_small.e2400_r224_in1k,5,5,/home/soumik/soumik/misc/output/checkpoints/protonet_mobilenetv4_conv_small.e2400_r224_in1k_5way_5shot_latest.pt,999,-inf,2026-07-25T18:54:43.916483+00:00
protonet,mobilenetv4_conv_small.e2400_r224_in1k,5,5,/home/soumik/soumik/misc/output/checkpoints/protonet_mobilenetv4_conv_small.e2400_r224_in1k_5way_5shot_best.pt,999,21.739999439567327,2026-07-25T19:03:12.911014+00:00
protonet,mobilenetv4_conv_small.e2400_r224_in1k,5,5,/home/soumik/soumik/misc/output/checkpoints/protonet_mobilenetv4_conv_small.e2400_r224_in1k_5way_5shot_latest.pt,999,21.739999439567327,2026-07-25T19:03:13.008950+00:00
protonet,mobilenetv4_conv_small.e2400_r224_in1k,5,5,/home/soumik/soumik/misc/output/checkpoints/protonet_mobilenetv4_conv_small.e2400_r224_in1k_5way_5shot_latest.pt,999,21.739999439567327,2026-07-25T19:05:15.189919+00:00
protonet,mobilenetv4_conv_small.e2400_r224_in1k,5,5,/home/soumik/soumik/misc/output/checkpoints/protonet_mobilenetv4_conv_small.e2400_r224_in1k_5way_5shot_latest.pt,999,21.709999430924654,2026-07-25T19:13:52.127924+00:00
protonet,mobilenetv4_conv_small.e2400_r224_in1k,5,10,/home/soumik/soumik/misc/output/checkpoints/protonet_mobilenetv4_conv_small.e2400_r224_in1k_5way_10shot_latest.pt,49,-inf,2026-07-25T19:14:32.926822+00:00
protonet,mobilenetv4_conv_small.e2400_r224_in1k,5,10,/home/soumik/soumik/misc/output/checkpoints/protonet_mobilenetv4_conv_small.e2400_r224_in1k_5way_10shot_latest.pt,49,-inf,2026-07-25T19:25:56.190363+00:00
protonet,mobilenetv4_conv_small.e2400_r224_in1k,5,10,/home/soumik/soumik/misc/output/checkpoints/protonet_mobilenetv4_conv_small.e2400_r224_in1k_5way_10shot_latest.pt,99,-inf,2026-07-25T19:27:04.226590+00:00
protonet,mobilenetv4_conv_small.e2400_r224_in1k,5,10,/home/soumik/soumik/misc/output/checkpoints/protonet_mobilenetv4_conv_small.e2400_r224_in1k_5way_10shot_latest.pt,99,-inf,2026-07-25T19:38:32.470649+00:00
protonet,mobilenetv4_conv_small.e2400_r224_in1k,5,10,/home/soumik/soumik/misc/output/checkpoints/protonet_mobilenetv4_conv_small.e2400_r224_in1k_5way_10shot_latest.pt,149,-inf,2026-07-25T19:38:49.640174+00:00
protonet,mobilenetv4_conv_small.e2400_r224_in1k,5,10,/home/soumik/soumik/misc/output/checkpoints/protonet_mobilenetv4_conv_small.e2400_r224_in1k_5way_10shot_latest.pt,149,-inf,2026-07-25T19:50:17.275004+00:00
protonet,mobilenetv4_conv_small.e2400_r224_in1k,5,10,/home/soumik/soumik/misc/output/checkpoints/protonet_mobilenetv4_conv_small.e2400_r224_in1k_5way_10shot_latest.pt,199,-inf,2026-07-25T19:51:12.457515+00:00
protonet,mobilenetv4_conv_small.e2400_r224_in1k,5,10,/home/soumik/soumik/misc/output/checkpoints/protonet_mobilenetv4_conv_small.e2400_r224_in1k_5way_10shot_latest.pt,199,-inf,2026-07-25T20:01:57.588571+00:00
protonet,mobilenetv4_conv_small.e2400_r224_in1k,5,10,/home/soumik/soumik/misc/output/checkpoints/protonet_mobilenetv4_conv_small.e2400_r224_in1k_5way_10shot_latest.pt,249,-inf,2026-07-25T20:02:04.854177+00:00
protonet,mobilenetv4_conv_small.e2400_r224_in1k,5,10,/home/soumik/soumik/misc/output/checkpoints/protonet_mobilenetv4_conv_small.e2400_r224_in1k_5way_10shot_latest.pt,299,-inf,2026-07-25T20:12:57.388578+00:00
protonet,mobilenetv4_conv_small.e2400_r224_in1k,5,10,/home/soumik/soumik/misc/output/checkpoints/protonet_mobilenetv4_conv_small.e2400_r224_in1k_5way_10shot_latest.pt,249,-inf,2026-07-25T20:13:04.669105+00:00
protonet,mobilenetv4_conv_small.e2400_r224_in1k,5,10,/home/soumik/soumik/misc/output/checkpoints/protonet_mobilenetv4_conv_small.e2400_r224_in1k_5way_10shot_latest.pt,299,-inf,2026-07-25T20:24:08.713963+00:00
protonet,mobilenetv4_conv_small.e2400_r224_in1k,5,10,/home/soumik/soumik/misc/output/checkpoints/protonet_mobilenetv4_conv_small.e2400_r224_in1k_5way_10shot_latest.pt,349,-inf,2026-07-25T20:24:31.334537+00:00
protonet,mobilenetv4_conv_small.e2400_r224_in1k,5,10,/home/soumik/soumik/misc/output/checkpoints/protonet_mobilenetv4_conv_small.e2400_r224_in1k_5way_10shot_latest.pt,349,-inf,2026-07-25T20:35:46.278239+00:00
protonet,mobilenetv4_conv_small.e2400_r224_in1k,5,10,/home/soumik/soumik/misc/output/checkpoints/protonet_mobilenetv4_conv_small.e2400_r224_in1k_5way_10shot_latest.pt,399,-inf,2026-07-25T20:36:25.371002+00:00
protonet,mobilenetv4_conv_small.e2400_r224_in1k,5,10,/home/soumik/soumik/misc/output/checkpoints/protonet_mobilenetv4_conv_small.e2400_r224_in1k_5way_10shot_latest.pt,399,-inf,2026-07-25T20:47:28.061328+00:00
protonet,mobilenetv4_conv_small.e2400_r224_in1k,5,10,/home/soumik/soumik/misc/output/checkpoints/protonet_mobilenetv4_conv_small.e2400_r224_in1k_5way_10shot_latest.pt,449,-inf,2026-07-25T20:48:07.760805+00:00
protonet,mobilenetv4_conv_small.e2400_r224_in1k,5,10,/home/soumik/soumik/misc/output/checkpoints/protonet_mobilenetv4_conv_small.e2400_r224_in1k_5way_10shot_latest.pt,449,-inf,2026-07-25T20:58:45.853224+00:00
protonet,mobilenetv4_conv_small.e2400_r224_in1k,5,10,/home/soumik/soumik/misc/output/checkpoints/protonet_mobilenetv4_conv_small.e2400_r224_in1k_5way_10shot_latest.pt,499,-inf,2026-07-25T20:59:39.108308+00:00
protonet,mobilenetv4_conv_small.e2400_r224_in1k,5,10,/home/soumik/soumik/misc/output/checkpoints/protonet_mobilenetv4_conv_small.e2400_r224_in1k_5way_10shot_latest.pt,499,-inf,2026-07-25T21:10:12.748483+00:00
protonet,mobilenetv4_conv_small.e2400_r224_in1k,5,10,/home/soumik/soumik/misc/output/checkpoints/protonet_mobilenetv4_conv_small.e2400_r224_in1k_5way_10shot_latest.pt,549,-inf,2026-07-25T21:11:30.508585+00:00
protonet,mobilenetv4_conv_small.e2400_r224_in1k,5,10,/home/soumik/soumik/misc/output/checkpoints/protonet_mobilenetv4_conv_small.e2400_r224_in1k_5way_10shot_latest.pt,549,-inf,2026-07-25T21:21:55.485558+00:00
protonet,mobilenetv4_conv_small.e2400_r224_in1k,5,10,/home/soumik/soumik/misc/output/checkpoints/protonet_mobilenetv4_conv_small.e2400_r224_in1k_5way_10shot_latest.pt,599,-inf,2026-07-25T21:23:56.360734+00:00
protonet,mobilenetv4_conv_small.e2400_r224_in1k,5,10,/home/soumik/soumik/misc/output/checkpoints/protonet_mobilenetv4_conv_small.e2400_r224_in1k_5way_10shot_latest.pt,599,-inf,2026-07-25T21:35:08.264206+00:00
protonet,mobilenetv4_conv_small.e2400_r224_in1k,5,10,/home/soumik/soumik/misc/output/checkpoints/protonet_mobilenetv4_conv_small.e2400_r224_in1k_5way_10shot_latest.pt,649,-inf,2026-07-25T21:35:47.121195+00:00
protonet,mobilenetv4_conv_small.e2400_r224_in1k,5,10,/home/soumik/soumik/misc/output/checkpoints/protonet_mobilenetv4_conv_small.e2400_r224_in1k_5way_10shot_latest.pt,649,-inf,2026-07-25T21:46:03.624826+00:00
protonet,mobilenetv4_conv_small.e2400_r224_in1k,5,10,/home/soumik/soumik/misc/output/checkpoints/protonet_mobilenetv4_conv_small.e2400_r224_in1k_5way_10shot_latest.pt,699,-inf,2026-07-25T21:47:17.767003+00:00
protonet,mobilenetv4_conv_small.e2400_r224_in1k,5,10,/home/soumik/soumik/misc/output/checkpoints/protonet_mobilenetv4_conv_small.e2400_r224_in1k_5way_10shot_latest.pt,699,-inf,2026-07-25T21:57:18.138198+00:00
protonet,mobilenetv4_conv_small.e2400_r224_in1k,5,10,/home/soumik/soumik/misc/output/checkpoints/protonet_mobilenetv4_conv_small.e2400_r224_in1k_5way_10shot_latest.pt,749,-inf,2026-07-25T21:58:34.697840+00:00
protonet,mobilenetv4_conv_small.e2400_r224_in1k,5,10,/home/soumik/soumik/misc/output/checkpoints/protonet_mobilenetv4_conv_small.e2400_r224_in1k_5way_10shot_latest.pt,749,-inf,2026-07-25T22:08:41.786831+00:00
protonet,mobilenetv4_conv_small.e2400_r224_in1k,5,10,/home/soumik/soumik/misc/output/checkpoints/protonet_mobilenetv4_conv_small.e2400_r224_in1k_5way_10shot_latest.pt,799,-inf,2026-07-25T22:10:12.224847+00:00
protonet,mobilenetv4_conv_small.e2400_r224_in1k,5,10,/home/soumik/soumik/misc/output/checkpoints/protonet_mobilenetv4_conv_small.e2400_r224_in1k_5way_10shot_latest.pt,799,-inf,2026-07-25T22:20:08.173913+00:00
protonet,mobilenetv4_conv_small.e2400_r224_in1k,5,10,/home/soumik/soumik/misc/output/checkpoints/protonet_mobilenetv4_conv_small.e2400_r224_in1k_5way_10shot_latest.pt,849,-inf,2026-07-25T22:21:21.986361+00:00
protonet,mobilenetv4_conv_small.e2400_r224_in1k,5,10,/home/soumik/soumik/misc/output/checkpoints/protonet_mobilenetv4_conv_small.e2400_r224_in1k_5way_10shot_latest.pt,849,-inf,2026-07-25T22:30:10.158138+00:00
protonet,mobilenetv4_conv_small.e2400_r224_in1k,5,10,/home/soumik/soumik/misc/output/checkpoints/protonet_mobilenetv4_conv_small.e2400_r224_in1k_5way_10shot_latest.pt,899,-inf,2026-07-25T22:32:43.331241+00:00
protonet,mobilenetv4_conv_small.e2400_r224_in1k,5,10,/home/soumik/soumik/misc/output/checkpoints/protonet_mobilenetv4_conv_small.e2400_r224_in1k_5way_10shot_latest.pt,899,-inf,2026-07-25T22:42:22.909726+00:00
protonet,mobilenetv4_conv_small.e2400_r224_in1k,5,10,/home/soumik/soumik/misc/output/checkpoints/protonet_mobilenetv4_conv_small.e2400_r224_in1k_5way_10shot_latest.pt,949,-inf,2026-07-25T22:43:44.349581+00:00
protonet,mobilenetv4_conv_small.e2400_r224_in1k,5,10,/home/soumik/soumik/misc/output/checkpoints/protonet_mobilenetv4_conv_small.e2400_r224_in1k_5way_10shot_latest.pt,949,-inf,2026-07-25T22:54:03.522669+00:00
protonet,mobilenetv4_conv_small.e2400_r224_in1k,5,10,/home/soumik/soumik/misc/output/checkpoints/protonet_mobilenetv4_conv_small.e2400_r224_in1k_5way_10shot_latest.pt,999,-inf,2026-07-25T22:56:03.692422+00:00
protonet,mobilenetv4_conv_small.e2400_r224_in1k,5,10,/home/soumik/soumik/misc/output/checkpoints/protonet_mobilenetv4_conv_small.e2400_r224_in1k_5way_10shot_best.pt,999,21.649999372661114,2026-07-25T23:05:10.569824+00:00
protonet,mobilenetv4_conv_small.e2400_r224_in1k,5,10,/home/soumik/soumik/misc/output/checkpoints/protonet_mobilenetv4_conv_small.e2400_r224_in1k_5way_10shot_latest.pt,999,21.649999372661114,2026-07-25T23:05:10.674802+00:00
protonet,mobilenetv4_conv_small.e2400_r224_in1k,5,10,/home/soumik/soumik/misc/output/checkpoints/protonet_mobilenetv4_conv_small.e2400_r224_in1k_5way_10shot_latest.pt,999,21.649999372661114,2026-07-25T23:06:25.006220+00:00
protonet,mobilenetv4_conv_small.e2400_r224_in1k,5,10,/home/soumik/soumik/misc/output/checkpoints/protonet_mobilenetv4_conv_small.e2400_r224_in1k_5way_10shot_latest.pt,999,20.969999343156815,2026-07-25T23:15:41.930255+00:00
protonet,mobilenetv4_conv_small.e2400_r224_in1k,7,1,/home/soumik/soumik/misc/output/checkpoints/protonet_mobilenetv4_conv_small.e2400_r224_in1k_7way_1shot_latest.pt,49,-inf,2026-07-25T23:18:13.705681+00:00
protonet,mobilenetv4_conv_small.e2400_r224_in1k,7,1,/home/soumik/soumik/misc/output/checkpoints/protonet_mobilenetv4_conv_small.e2400_r224_in1k_7way_1shot_latest.pt,49,-inf,2026-07-25T23:27:44.249351+00:00
protonet,mobilenetv4_conv_small.e2400_r224_in1k,7,1,/home/soumik/soumik/misc/output/checkpoints/protonet_mobilenetv4_conv_small.e2400_r224_in1k_7way_1shot_latest.pt,99,-inf,2026-07-25T23:29:54.419705+00:00
protonet,mobilenetv4_conv_small.e2400_r224_in1k,7,1,/home/soumik/soumik/misc/output/checkpoints/protonet_mobilenetv4_conv_small.e2400_r224_in1k_7way_1shot_latest.pt,99,-inf,2026-07-25T23:39:54.454076+00:00
protonet,mobilenetv4_conv_small.e2400_r224_in1k,7,1,/home/soumik/soumik/misc/output/checkpoints/protonet_mobilenetv4_conv_small.e2400_r224_in1k_7way_1shot_latest.pt,149,-inf,2026-07-25T23:41:49.403944+00:00
protonet,mobilenetv4_conv_small.e2400_r224_in1k,7,1,/home/soumik/soumik/misc/output/checkpoints/protonet_mobilenetv4_conv_small.e2400_r224_in1k_7way_1shot_latest.pt,149,-inf,2026-07-25T23:51:55.108294+00:00
protonet,mobilenetv4_conv_small.e2400_r224_in1k,7,1,/home/soumik/soumik/misc/output/checkpoints/protonet_mobilenetv4_conv_small.e2400_r224_in1k_7way_1shot_latest.pt,199,-inf,2026-07-25T23:54:11.062374+00:00
protonet,mobilenetv4_conv_small.e2400_r224_in1k,7,1,/home/soumik/soumik/misc/output/checkpoints/protonet_mobilenetv4_conv_small.e2400_r224_in1k_7way_1shot_latest.pt,199,-inf,2026-07-26T00:04:18.488477+00:00
protonet,mobilenetv4_conv_small.e2400_r224_in1k,7,1,/home/soumik/soumik/misc/output/checkpoints/protonet_mobilenetv4_conv_small.e2400_r224_in1k_7way_1shot_latest.pt,249,-inf,2026-07-26T00:06:47.616445+00:00
protonet,mobilenetv4_conv_small.e2400_r224_in1k,7,1,/home/soumik/soumik/misc/output/checkpoints/protonet_mobilenetv4_conv_small.e2400_r224_in1k_7way_1shot_latest.pt,249,-inf,2026-07-26T00:15:59.454911+00:00
protonet,mobilenetv4_conv_small.e2400_r224_in1k,7,1,/home/soumik/soumik/misc/output/checkpoints/protonet_mobilenetv4_conv_small.e2400_r224_in1k_7way_1shot_latest.pt,299,-inf,2026-07-26T00:18:43.933199+00:00
protonet,mobilenetv4_conv_small.e2400_r224_in1k,7,1,/home/soumik/soumik/misc/output/checkpoints/protonet_mobilenetv4_conv_small.e2400_r224_in1k_7way_1shot_latest.pt,299,-inf,2026-07-26T00:28:30.314729+00:00
protonet,mobilenetv4_conv_small.e2400_r224_in1k,7,1,/home/soumik/soumik/misc/output/checkpoints/protonet_mobilenetv4_conv_small.e2400_r224_in1k_7way_1shot_latest.pt,349,-inf,2026-07-26T00:31:05.989422+00:00
protonet,mobilenetv4_conv_small.e2400_r224_in1k,7,1,/home/soumik/soumik/misc/output/checkpoints/protonet_mobilenetv4_conv_small.e2400_r224_in1k_7way_1shot_latest.pt,349,-inf,2026-07-26T00:40:38.311997+00:00
protonet,mobilenetv4_conv_small.e2400_r224_in1k,7,1,/home/soumik/soumik/misc/output/checkpoints/protonet_mobilenetv4_conv_small.e2400_r224_in1k_7way_1shot_latest.pt,399,-inf,2026-07-26T00:43:27.761350+00:00
protonet,mobilenetv4_conv_small.e2400_r224_in1k,7,1,/home/soumik/soumik/misc/output/checkpoints/protonet_mobilenetv4_conv_small.e2400_r224_in1k_7way_1shot_latest.pt,399,-inf,2026-07-26T00:52:56.096669+00:00
protonet,mobilenetv4_conv_small.e2400_r224_in1k,7,1,/home/soumik/soumik/misc/output/checkpoints/protonet_mobilenetv4_conv_small.e2400_r224_in1k_7way_1shot_latest.pt,449,-inf,2026-07-26T00:55:30.892506+00:00
protonet,mobilenetv4_conv_small.e2400_r224_in1k,7,1,/home/soumik/soumik/misc/output/checkpoints/protonet_mobilenetv4_conv_small.e2400_r224_in1k_7way_1shot_latest.pt,449,-inf,2026-07-26T01:04:19.968455+00:00
protonet,mobilenetv4_conv_small.e2400_r224_in1k,7,1,/home/soumik/soumik/misc/output/checkpoints/protonet_mobilenetv4_conv_small.e2400_r224_in1k_7way_1shot_latest.pt,499,-inf,2026-07-26T01:07:24.585305+00:00
protonet,mobilenetv4_conv_small.e2400_r224_in1k,7,1,/home/soumik/soumik/misc/output/checkpoints/protonet_mobilenetv4_conv_small.e2400_r224_in1k_7way_1shot_latest.pt,499,-inf,2026-07-26T01:16:09.179612+00:00
protonet,mobilenetv4_conv_small.e2400_r224_in1k,7,1,/home/soumik/soumik/misc/output/checkpoints/protonet_mobilenetv4_conv_small.e2400_r224_in1k_7way_1shot_latest.pt,549,-inf,2026-07-26T01:18:52.069380+00:00
protonet,mobilenetv4_conv_small.e2400_r224_in1k,7,1,/home/soumik/soumik/misc/output/checkpoints/protonet_mobilenetv4_conv_small.e2400_r224_in1k_7way_1shot_latest.pt,549,-inf,2026-07-26T01:27:05.207744+00:00
protonet,mobilenetv4_conv_small.e2400_r224_in1k,7,1,/home/soumik/soumik/misc/output/checkpoints/protonet_mobilenetv4_conv_small.e2400_r224_in1k_7way_1shot_latest.pt,599,-inf,2026-07-26T01:29:36.893460+00:00
protonet,mobilenetv4_conv_small.e2400_r224_in1k,7,1,/home/soumik/soumik/misc/output/checkpoints/protonet_mobilenetv4_conv_small.e2400_r224_in1k_7way_1shot_latest.pt,599,-inf,2026-07-26T01:39:20.009095+00:00
protonet,mobilenetv4_conv_small.e2400_r224_in1k,7,1,/home/soumik/soumik/misc/output/checkpoints/protonet_mobilenetv4_conv_small.e2400_r224_in1k_7way_1shot_latest.pt,649,-inf,2026-07-26T01:42:02.213396+00:00
protonet,mobilenetv4_conv_small.e2400_r224_in1k,7,1,/home/soumik/soumik/misc/output/checkpoints/protonet_mobilenetv4_conv_small.e2400_r224_in1k_7way_1shot_latest.pt,649,-inf,2026-07-26T01:51:16.371661+00:00
protonet,mobilenetv4_conv_small.e2400_r224_in1k,7,1,/home/soumik/soumik/misc/output/checkpoints/protonet_mobilenetv4_conv_small.e2400_r224_in1k_7way_1shot_latest.pt,699,-inf,2026-07-26T01:54:09.962718+00:00
protonet,mobilenetv4_conv_small.e2400_r224_in1k,7,1,/home/soumik/soumik/misc/output/checkpoints/protonet_mobilenetv4_conv_small.e2400_r224_in1k_7way_1shot_latest.pt,699,-inf,2026-07-26T02:02:59.978899+00:00
protonet,mobilenetv4_conv_small.e2400_r224_in1k,7,1,/home/soumik/soumik/misc/output/checkpoints/protonet_mobilenetv4_conv_small.e2400_r224_in1k_7way_1shot_latest.pt,749,-inf,2026-07-26T02:06:30.787131+00:00
protonet,mobilenetv4_conv_small.e2400_r224_in1k,7,1,/home/soumik/soumik/misc/output/checkpoints/protonet_mobilenetv4_conv_small.e2400_r224_in1k_7way_1shot_latest.pt,749,-inf,2026-07-26T02:13:41.770646+00:00
protonet,mobilenetv4_conv_small.e2400_r224_in1k,7,1,/home/soumik/soumik/misc/output/checkpoints/protonet_mobilenetv4_conv_small.e2400_r224_in1k_7way_1shot_latest.pt,799,-inf,2026-07-26T02:16:43.817050+00:00
protonet,mobilenetv4_conv_small.e2400_r224_in1k,7,1,/home/soumik/soumik/misc/output/checkpoints/protonet_mobilenetv4_conv_small.e2400_r224_in1k_7way_1shot_latest.pt,799,-inf,2026-07-26T02:25:34.721132+00:00
protonet,mobilenetv4_conv_small.e2400_r224_in1k,7,1,/home/soumik/soumik/misc/output/checkpoints/protonet_mobilenetv4_conv_small.e2400_r224_in1k_7way_1shot_latest.pt,849,-inf,2026-07-26T02:28:16.268344+00:00
protonet,mobilenetv4_conv_small.e2400_r224_in1k,7,1,/home/soumik/soumik/misc/output/checkpoints/protonet_mobilenetv4_conv_small.e2400_r224_in1k_7way_1shot_latest.pt,849,-inf,2026-07-26T02:37:19.564572+00:00
protonet,mobilenetv4_conv_small.e2400_r224_in1k,7,1,/home/soumik/soumik/misc/output/checkpoints/protonet_mobilenetv4_conv_small.e2400_r224_in1k_7way_1shot_latest.pt,899,-inf,2026-07-26T02:40:35.916475+00:00
protonet,mobilenetv4_conv_small.e2400_r224_in1k,7,1,/home/soumik/soumik/misc/output/checkpoints/protonet_mobilenetv4_conv_small.e2400_r224_in1k_7way_1shot_latest.pt,899,-inf,2026-07-26T02:48:27.407219+00:00
protonet,mobilenetv4_conv_small.e2400_r224_in1k,7,1,/home/soumik/soumik/misc/output/checkpoints/protonet_mobilenetv4_conv_small.e2400_r224_in1k_7way_1shot_latest.pt,949,-inf,2026-07-26T02:52:01.783918+00:00
protonet,mobilenetv4_conv_small.e2400_r224_in1k,7,1,/home/soumik/soumik/misc/output/checkpoints/protonet_mobilenetv4_conv_small.e2400_r224_in1k_7way_1shot_latest.pt,949,-inf,2026-07-26T03:01:14.846541+00:00
protonet,mobilenetv4_conv_small.e2400_r224_in1k,7,1,/home/soumik/soumik/misc/output/checkpoints/protonet_mobilenetv4_conv_small.e2400_r224_in1k_7way_1shot_latest.pt,999,-inf,2026-07-26T03:04:12.231903+00:00
protonet,mobilenetv4_conv_small.e2400_r224_in1k,7,1,/home/soumik/soumik/misc/output/checkpoints/protonet_mobilenetv4_conv_small.e2400_r224_in1k_7way_1shot_latest.pt,999,-inf,2026-07-26T03:12:46.050181+00:00
protonet,mobilenetv4_conv_small.e2400_r224_in1k,7,1,/home/soumik/soumik/misc/output/checkpoints/protonet_mobilenetv4_conv_small.e2400_r224_in1k_7way_1shot_best.pt,999,14.10000041499734,2026-07-26T03:13:49.175320+00:00
protonet,mobilenetv4_conv_small.e2400_r224_in1k,7,1,/home/soumik/soumik/misc/output/checkpoints/protonet_mobilenetv4_conv_small.e2400_r224_in1k_7way_1shot_latest.pt,999,14.10000041499734,2026-07-26T03:13:49.264965+00:00
protonet,mobilenetv4_conv_small.e2400_r224_in1k,7,1,/home/soumik/soumik/misc/output/checkpoints/protonet_mobilenetv4_conv_small.e2400_r224_in1k_7way_1shot_best.pt,999,14.621428989805281,2026-07-26T03:22:10.911662+00:00
protonet,mobilenetv4_conv_small.e2400_r224_in1k,7,1,/home/soumik/soumik/misc/output/checkpoints/protonet_mobilenetv4_conv_small.e2400_r224_in1k_7way_1shot_latest.pt,999,14.621428989805281,2026-07-26T03:22:11.018184+00:00
protonet,mobilenetv4_conv_small.e2400_r224_in1k,7,5,/home/soumik/soumik/misc/output/checkpoints/protonet_mobilenetv4_conv_small.e2400_r224_in1k_7way_5shot_latest.pt,49,-inf,2026-07-26T03:24:38.954622+00:00
protonet,mobilenetv4_conv_small.e2400_r224_in1k,7,5,/home/soumik/soumik/misc/output/checkpoints/protonet_mobilenetv4_conv_small.e2400_r224_in1k_7way_5shot_latest.pt,49,-inf,2026-07-26T03:35:34.261090+00:00
protonet,mobilenetv4_conv_small.e2400_r224_in1k,7,5,/home/soumik/soumik/misc/output/checkpoints/protonet_mobilenetv4_conv_small.e2400_r224_in1k_7way_5shot_latest.pt,99,-inf,2026-07-26T03:37:27.256443+00:00
protonet,mobilenetv4_conv_small.e2400_r224_in1k,7,5,/home/soumik/soumik/misc/output/checkpoints/protonet_mobilenetv4_conv_small.e2400_r224_in1k_7way_5shot_latest.pt,99,-inf,2026-07-26T03:48:02.797272+00:00
protonet,mobilenetv4_conv_small.e2400_r224_in1k,7,5,/home/soumik/soumik/misc/output/checkpoints/protonet_mobilenetv4_conv_small.e2400_r224_in1k_7way_5shot_latest.pt,149,-inf,2026-07-26T03:50:57.037040+00:00
protonet,mobilenetv4_conv_small.e2400_r224_in1k,7,5,/home/soumik/soumik/misc/output/checkpoints/protonet_mobilenetv4_conv_small.e2400_r224_in1k_7way_5shot_latest.pt,149,-inf,2026-07-26T03:58:42.049792+00:00
protonet,mobilenetv4_conv_small.e2400_r224_in1k,7,5,/home/soumik/soumik/misc/output/checkpoints/protonet_mobilenetv4_conv_small.e2400_r224_in1k_7way_5shot_latest.pt,199,-inf,2026-07-26T04:01:03.200912+00:00
protonet,mobilenetv4_conv_small.e2400_r224_in1k,7,5,/home/soumik/soumik/misc/output/checkpoints/protonet_mobilenetv4_conv_small.e2400_r224_in1k_7way_5shot_latest.pt,199,-inf,2026-07-26T04:10:05.097899+00:00
protonet,mobilenetv4_conv_small.e2400_r224_in1k,7,5,/home/soumik/soumik/misc/output/checkpoints/protonet_mobilenetv4_conv_small.e2400_r224_in1k_7way_5shot_latest.pt,249,-inf,2026-07-26T04:13:15.849175+00:00
protonet,mobilenetv4_conv_small.e2400_r224_in1k,7,5,/home/soumik/soumik/misc/output/checkpoints/protonet_mobilenetv4_conv_small.e2400_r224_in1k_7way_5shot_latest.pt,249,-inf,2026-07-26T04:21:54.412082+00:00
protonet,mobilenetv4_conv_small.e2400_r224_in1k,7,5,/home/soumik/soumik/misc/output/checkpoints/protonet_mobilenetv4_conv_small.e2400_r224_in1k_7way_5shot_latest.pt,299,-inf,2026-07-26T04:25:10.472021+00:00
protonet,mobilenetv4_conv_small.e2400_r224_in1k,7,5,/home/soumik/soumik/misc/output/checkpoints/protonet_mobilenetv4_conv_small.e2400_r224_in1k_7way_5shot_latest.pt,299,-inf,2026-07-26T04:33:48.221050+00:00
protonet,mobilenetv4_conv_small.e2400_r224_in1k,7,5,/home/soumik/soumik/misc/output/checkpoints/protonet_mobilenetv4_conv_small.e2400_r224_in1k_7way_5shot_latest.pt,349,-inf,2026-07-26T04:37:11.313060+00:00
protonet,mobilenetv4_conv_small.e2400_r224_in1k,7,5,/home/soumik/soumik/misc/output/checkpoints/protonet_mobilenetv4_conv_small.e2400_r224_in1k_7way_5shot_latest.pt,349,-inf,2026-07-26T04:46:22.207414+00:00
protonet,mobilenetv4_conv_small.e2400_r224_in1k,7,5,/home/soumik/soumik/misc/output/checkpoints/protonet_mobilenetv4_conv_small.e2400_r224_in1k_7way_5shot_latest.pt,399,-inf,2026-07-26T04:49:53.152202+00:00
protonet,mobilenetv4_conv_small.e2400_r224_in1k,7,5,/home/soumik/soumik/misc/output/checkpoints/protonet_mobilenetv4_conv_small.e2400_r224_in1k_7way_5shot_latest.pt,399,-inf,2026-07-26T04:58:43.441014+00:00
protonet,mobilenetv4_conv_small.e2400_r224_in1k,7,5,/home/soumik/soumik/misc/output/checkpoints/protonet_mobilenetv4_conv_small.e2400_r224_in1k_7way_5shot_latest.pt,449,-inf,2026-07-26T05:02:17.225213+00:00
protonet,mobilenetv4_conv_small.e2400_r224_in1k,7,5,/home/soumik/soumik/misc/output/checkpoints/protonet_mobilenetv4_conv_small.e2400_r224_in1k_7way_5shot_latest.pt,449,-inf,2026-07-26T05:10:16.396479+00:00
protonet,mobilenetv4_conv_small.e2400_r224_in1k,7,5,/home/soumik/soumik/misc/output/checkpoints/protonet_mobilenetv4_conv_small.e2400_r224_in1k_7way_5shot_latest.pt,499,-inf,2026-07-26T05:13:58.608778+00:00
protonet,mobilenetv4_conv_small.e2400_r224_in1k,7,5,/home/soumik/soumik/misc/output/checkpoints/protonet_mobilenetv4_conv_small.e2400_r224_in1k_7way_5shot_latest.pt,499,-inf,2026-07-26T05:22:41.295525+00:00
protonet,mobilenetv4_conv_small.e2400_r224_in1k,7,5,/home/soumik/soumik/misc/output/checkpoints/protonet_mobilenetv4_conv_small.e2400_r224_in1k_7way_5shot_latest.pt,549,-inf,2026-07-26T05:25:52.690595+00:00
protonet,mobilenetv4_conv_small.e2400_r224_in1k,7,5,/home/soumik/soumik/misc/output/checkpoints/protonet_mobilenetv4_conv_small.e2400_r224_in1k_7way_5shot_latest.pt,549,-inf,2026-07-26T05:33:42.752748+00:00
protonet,mobilenetv4_conv_small.e2400_r224_in1k,7,5,/home/soumik/soumik/misc/output/checkpoints/protonet_mobilenetv4_conv_small.e2400_r224_in1k_7way_5shot_latest.pt,599,-inf,2026-07-26T05:37:20.799529+00:00
protonet,mobilenetv4_conv_small.e2400_r224_in1k,7,5,/home/soumik/soumik/misc/output/checkpoints/protonet_mobilenetv4_conv_small.e2400_r224_in1k_7way_5shot_latest.pt,599,-inf,2026-07-26T05:45:15.225934+00:00
protonet,mobilenetv4_conv_small.e2400_r224_in1k,7,5,/home/soumik/soumik/misc/output/checkpoints/protonet_mobilenetv4_conv_small.e2400_r224_in1k_7way_5shot_latest.pt,649,-inf,2026-07-26T05:48:59.673162+00:00
protonet,mobilenetv4_conv_small.e2400_r224_in1k,7,5,/home/soumik/soumik/misc/output/checkpoints/protonet_mobilenetv4_conv_small.e2400_r224_in1k_7way_5shot_latest.pt,649,-inf,2026-07-26T05:58:46.772936+00:00
protonet,mobilenetv4_conv_small.e2400_r224_in1k,7,5,/home/soumik/soumik/misc/output/checkpoints/protonet_mobilenetv4_conv_small.e2400_r224_in1k_7way_5shot_latest.pt,699,-inf,2026-07-26T06:02:48.615581+00:00
protonet,mobilenetv4_conv_small.e2400_r224_in1k,7,5,/home/soumik/soumik/misc/output/checkpoints/protonet_mobilenetv4_conv_small.e2400_r224_in1k_7way_5shot_latest.pt,699,-inf,2026-07-26T06:09:33.838927+00:00
protonet,mobilenetv4_conv_small.e2400_r224_in1k,7,5,/home/soumik/soumik/misc/output/checkpoints/protonet_mobilenetv4_conv_small.e2400_r224_in1k_7way_5shot_latest.pt,749,-inf,2026-07-26T06:13:38.568267+00:00
protonet,mobilenetv4_conv_small.e2400_r224_in1k,7,5,/home/soumik/soumik/misc/output/checkpoints/protonet_mobilenetv4_conv_small.e2400_r224_in1k_7way_5shot_latest.pt,749,-inf,2026-07-26T06:20:58.633139+00:00
protonet,mobilenetv4_conv_small.e2400_r224_in1k,7,5,/home/soumik/soumik/misc/output/checkpoints/protonet_mobilenetv4_conv_small.e2400_r224_in1k_7way_5shot_latest.pt,799,-inf,2026-07-26T06:25:06.622102+00:00
protonet,mobilenetv4_conv_small.e2400_r224_in1k,7,5,/home/soumik/soumik/misc/output/checkpoints/protonet_mobilenetv4_conv_small.e2400_r224_in1k_7way_5shot_latest.pt,799,-inf,2026-07-26T06:33:58.800116+00:00
protonet,mobilenetv4_conv_small.e2400_r224_in1k,7,5,/home/soumik/soumik/misc/output/checkpoints/protonet_mobilenetv4_conv_small.e2400_r224_in1k_7way_5shot_latest.pt,849,-inf,2026-07-26T06:37:47.981874+00:00
protonet,mobilenetv4_conv_small.e2400_r224_in1k,7,5,/home/soumik/soumik/misc/output/checkpoints/protonet_mobilenetv4_conv_small.e2400_r224_in1k_7way_5shot_latest.pt,849,-inf,2026-07-26T06:45:57.808638+00:00
protonet,mobilenetv4_conv_small.e2400_r224_in1k,7,5,/home/soumik/soumik/misc/output/checkpoints/protonet_mobilenetv4_conv_small.e2400_r224_in1k_7way_5shot_latest.pt,899,-inf,2026-07-26T06:50:24.267915+00:00
protonet,mobilenetv4_conv_small.e2400_r224_in1k,7,5,/home/soumik/soumik/misc/output/checkpoints/protonet_mobilenetv4_conv_small.e2400_r224_in1k_7way_5shot_latest.pt,899,-inf,2026-07-26T06:57:33.334945+00:00
protonet,mobilenetv4_conv_small.e2400_r224_in1k,7,5,/home/soumik/soumik/misc/output/checkpoints/protonet_mobilenetv4_conv_small.e2400_r224_in1k_7way_5shot_latest.pt,949,-inf,2026-07-26T07:02:04.162746+00:00
protonet,mobilenetv4_conv_small.e2400_r224_in1k,7,5,/home/soumik/soumik/misc/output/checkpoints/protonet_mobilenetv4_conv_small.e2400_r224_in1k_7way_5shot_latest.pt,949,-inf,2026-07-26T07:10:41.321863+00:00
protonet,mobilenetv4_conv_small.e2400_r224_in1k,7,5,/home/soumik/soumik/misc/output/checkpoints/protonet_mobilenetv4_conv_small.e2400_r224_in1k_7way_5shot_latest.pt,999,-inf,2026-07-26T07:15:02.268641+00:00
protonet,mobilenetv4_conv_small.e2400_r224_in1k,7,5,/home/soumik/soumik/misc/output/checkpoints/protonet_mobilenetv4_conv_small.e2400_r224_in1k_7way_5shot_latest.pt,999,-inf,2026-07-26T07:22:55.074691+00:00
protonet,mobilenetv4_conv_small.e2400_r224_in1k,7,5,/home/soumik/soumik/misc/output/checkpoints/protonet_mobilenetv4_conv_small.e2400_r224_in1k_7way_5shot_best.pt,999,16.09285757690668,2026-07-26T07:24:42.043118+00:00
protonet,mobilenetv4_conv_small.e2400_r224_in1k,7,5,/home/soumik/soumik/misc/output/checkpoints/protonet_mobilenetv4_conv_small.e2400_r224_in1k_7way_5shot_latest.pt,999,16.09285757690668,2026-07-26T07:24:42.157522+00:00
protonet,mobilenetv4_conv_small.e2400_r224_in1k,7,5,/home/soumik/soumik/misc/output/checkpoints/protonet_mobilenetv4_conv_small.e2400_r224_in1k_7way_5shot_latest.pt,999,15.614286165684462,2026-07-26T07:32:09.571624+00:00
protonet,mobilenetv4_conv_small.e2400_r224_in1k,7,10,/home/soumik/soumik/misc/output/checkpoints/protonet_mobilenetv4_conv_small.e2400_r224_in1k_7way_10shot_latest.pt,49,-inf,2026-07-26T07:36:56.701827+00:00
protonet,mobilenetv4_conv_small.e2400_r224_in1k,7,10,/home/soumik/soumik/misc/output/checkpoints/protonet_mobilenetv4_conv_small.e2400_r224_in1k_7way_10shot_latest.pt,49,-inf,2026-07-26T07:44:51.996093+00:00
protonet,mobilenetv4_conv_small.e2400_r224_in1k,7,10,/home/soumik/soumik/misc/output/checkpoints/protonet_mobilenetv4_conv_small.e2400_r224_in1k_7way_10shot_latest.pt,99,-inf,2026-07-26T07:49:55.950316+00:00
protonet,mobilenetv4_conv_small.e2400_r224_in1k,7,10,/home/soumik/soumik/misc/output/checkpoints/protonet_mobilenetv4_conv_small.e2400_r224_in1k_7way_10shot_latest.pt,99,-inf,2026-07-26T07:57:20.604698+00:00
protonet,mobilenetv4_conv_small.e2400_r224_in1k,7,10,/home/soumik/soumik/misc/output/checkpoints/protonet_mobilenetv4_conv_small.e2400_r224_in1k_7way_10shot_latest.pt,149,-inf,2026-07-26T08:02:44.601209+00:00
protonet,mobilenetv4_conv_small.e2400_r224_in1k,7,10,/home/soumik/soumik/misc/output/checkpoints/protonet_mobilenetv4_conv_small.e2400_r224_in1k_7way_10shot_latest.pt,149,-inf,2026-07-26T08:09:46.564268+00:00
protonet,mobilenetv4_conv_small.e2400_r224_in1k,7,10,/home/soumik/soumik/misc/output/checkpoints/protonet_mobilenetv4_conv_small.e2400_r224_in1k_7way_10shot_latest.pt,199,-inf,2026-07-26T08:15:46.522940+00:00
protonet,mobilenetv4_conv_small.e2400_r224_in1k,7,10,/home/soumik/soumik/misc/output/checkpoints/protonet_mobilenetv4_conv_small.e2400_r224_in1k_7way_10shot_latest.pt,199,-inf,2026-07-26T08:23:02.833695+00:00
protonet,mobilenetv4_conv_small.e2400_r224_in1k,7,10,/home/soumik/soumik/misc/output/checkpoints/protonet_mobilenetv4_conv_small.e2400_r224_in1k_7way_10shot_latest.pt,249,-inf,2026-07-26T08:28:15.853998+00:00
protonet,mobilenetv4_conv_small.e2400_r224_in1k,7,10,/home/soumik/soumik/misc/output/checkpoints/protonet_mobilenetv4_conv_small.e2400_r224_in1k_7way_10shot_latest.pt,249,-inf,2026-07-26T08:35:02.667317+00:00
protonet,mobilenetv4_conv_small.e2400_r224_in1k,7,10,/home/soumik/soumik/misc/output/checkpoints/protonet_mobilenetv4_conv_small.e2400_r224_in1k_7way_10shot_latest.pt,299,-inf,2026-07-26T08:39:57.026116+00:00
protonet,mobilenetv4_conv_small.e2400_r224_in1k,7,10,/home/soumik/soumik/misc/output/checkpoints/protonet_mobilenetv4_conv_small.e2400_r224_in1k_7way_10shot_latest.pt,299,-inf,2026-07-26T08:47:38.175415+00:00
protonet,mobilenetv4_conv_small.e2400_r224_in1k,7,10,/home/soumik/soumik/misc/output/checkpoints/protonet_mobilenetv4_conv_small.e2400_r224_in1k_7way_10shot_latest.pt,349,-inf,2026-07-26T08:54:35.481414+00:00
protonet,mobilenetv4_conv_small.e2400_r224_in1k,7,10,/home/soumik/soumik/misc/output/checkpoints/protonet_mobilenetv4_conv_small.e2400_r224_in1k_7way_10shot_latest.pt,349,-inf,2026-07-26T09:04:31.334865+00:00
protonet,mobilenetv4_conv_small.e2400_r224_in1k,7,10,/home/soumik/soumik/misc/output/checkpoints/protonet_mobilenetv4_conv_small.e2400_r224_in1k_7way_10shot_latest.pt,399,-inf,2026-07-26T15:47:35.827272+00:00
protonet,mobilenetv4_conv_small.e2400_r224_in1k,7,10,/home/soumik/soumik/misc/output/checkpoints/protonet_mobilenetv4_conv_small.e2400_r224_in1k_7way_10shot_latest.pt,449,-inf,2026-07-26T15:58:47.634249+00:00
protonet,mobilenetv4_conv_small.e2400_r224_in1k,7,10,/home/soumik/soumik/misc/output/checkpoints/protonet_mobilenetv4_conv_small.e2400_r224_in1k_7way_10shot_latest.pt,499,-inf,2026-07-26T16:09:48.957654+00:00
protonet,mobilenetv4_conv_small.e2400_r224_in1k,7,10,/home/soumik/soumik/misc/output/checkpoints/protonet_mobilenetv4_conv_small.e2400_r224_in1k_7way_10shot_latest.pt,549,-inf,2026-07-26T16:21:32.489837+00:00
protonet,mobilenetv4_conv_small.e2400_r224_in1k,7,10,/home/soumik/soumik/misc/output/checkpoints/protonet_mobilenetv4_conv_small.e2400_r224_in1k_7way_10shot_latest.pt,599,-inf,2026-07-26T16:33:18.006979+00:00
protonet,mobilenetv4_conv_small.e2400_r224_in1k,7,10,/home/soumik/soumik/misc/output/checkpoints/protonet_mobilenetv4_conv_small.e2400_r224_in1k_7way_10shot_latest.pt,649,-inf,2026-07-26T16:45:40.985588+00:00
protonet,mobilenetv4_conv_small.e2400_r224_in1k,7,10,/home/soumik/soumik/misc/output/checkpoints/protonet_mobilenetv4_conv_small.e2400_r224_in1k_7way_10shot_latest.pt,699,-inf,2026-07-26T16:57:26.433312+00:00
protonet,mobilenetv4_conv_small.e2400_r224_in1k,7,10,/home/soumik/soumik/misc/output/checkpoints/protonet_mobilenetv4_conv_small.e2400_r224_in1k_7way_10shot_latest.pt,749,-inf,2026-07-26T17:08:20.889982+00:00
protonet,mobilenetv4_conv_small.e2400_r224_in1k,7,10,/home/soumik/soumik/misc/output/checkpoints/protonet_mobilenetv4_conv_small.e2400_r224_in1k_7way_10shot_latest.pt,799,-inf,2026-07-26T17:21:40.865086+00:00
protonet,mobilenetv4_conv_small.e2400_r224_in1k,7,10,/home/soumik/soumik/misc/output/checkpoints/protonet_mobilenetv4_conv_small.e2400_r224_in1k_7way_10shot_latest.pt,849,-inf,2026-07-26T17:33:01.069450+00:00
protonet,mobilenetv4_conv_small.e2400_r224_in1k,7,10,/home/soumik/soumik/misc/output/checkpoints/protonet_mobilenetv4_conv_small.e2400_r224_in1k_7way_10shot_latest.pt,899,-inf,2026-07-26T17:44:58.703695+00:00
protonet,mobilenetv4_conv_small.e2400_r224_in1k,7,10,/home/soumik/soumik/misc/output/checkpoints/protonet_mobilenetv4_conv_small.e2400_r224_in1k_7way_10shot_latest.pt,949,-inf,2026-07-26T17:56:17.932683+00:00
protonet,mobilenetv4_conv_small.e2400_r224_in1k,7,10,/home/soumik/soumik/misc/output/checkpoints/protonet_mobilenetv4_conv_small.e2400_r224_in1k_7way_10shot_latest.pt,999,-inf,2026-07-26T18:08:36.157937+00:00
protonet,mobilenetv4_conv_small.e2400_r224_in1k,7,10,/home/soumik/soumik/misc/output/checkpoints/protonet_mobilenetv4_conv_small.e2400_r224_in1k_7way_10shot_best.pt,999,16.51428615115583,2026-07-26T18:18:14.186389+00:00
protonet,mobilenetv4_conv_small.e2400_r224_in1k,7,10,/home/soumik/soumik/misc/output/checkpoints/protonet_mobilenetv4_conv_small.e2400_r224_in1k_7way_10shot_latest.pt,999,16.51428615115583,2026-07-26T18:18:14.281233+00:00
protonet,tf_efficientnetv2_s.in21k,5,1,/home/soumik/soumik/misc/output/checkpoints/protonet_tf_efficientnetv2_s.in21k_5way_1shot_latest.pt,49,-inf,2026-07-26T18:30:33.467327+00:00
protonet,tf_efficientnetv2_s.in21k,5,1,/home/soumik/soumik/misc/output/checkpoints/protonet_tf_efficientnetv2_s.in21k_5way_1shot_latest.pt,99,-inf,2026-07-26T18:42:21.712608+00:00
protonet,tf_efficientnetv2_s.in21k,5,1,/home/soumik/soumik/misc/output/checkpoints/protonet_tf_efficientnetv2_s.in21k_5way_1shot_latest.pt,149,-inf,2026-07-26T18:53:54.825497+00:00
protonet,tf_efficientnetv2_s.in21k,5,1,/home/soumik/soumik/misc/output/checkpoints/protonet_tf_efficientnetv2_s.in21k_5way_1shot_latest.pt,199,-inf,2026-07-26T19:04:36.768051+00:00
protonet,tf_efficientnetv2_s.in21k,5,1,/home/soumik/soumik/misc/output/checkpoints/protonet_tf_efficientnetv2_s.in21k_5way_1shot_latest.pt,249,-inf,2026-07-26T19:16:47.930077+00:00
protonet,tf_efficientnetv2_s.in21k,5,1,/home/soumik/soumik/misc/output/checkpoints/protonet_tf_efficientnetv2_s.in21k_5way_1shot_latest.pt,299,-inf,2026-07-26T19:28:43.826355+00:00
protonet,tf_efficientnetv2_s.in21k,5,1,/home/soumik/soumik/misc/output/checkpoints/protonet_tf_efficientnetv2_s.in21k_5way_1shot_latest.pt,349,-inf,2026-07-26T19:41:50.003642+00:00
protonet,tf_efficientnetv2_s.in21k,5,1,/home/soumik/soumik/misc/output/checkpoints/protonet_tf_efficientnetv2_s.in21k_5way_1shot_latest.pt,399,-inf,2026-07-26T19:53:20.782269+00:00
protonet,tf_efficientnetv2_s.in21k,5,1,/home/soumik/soumik/misc/output/checkpoints/protonet_tf_efficientnetv2_s.in21k_5way_1shot_latest.pt,449,-inf,2026-07-26T20:05:59.078710+00:00
protonet,tf_efficientnetv2_s.in21k,5,1,/home/soumik/soumik/misc/output/checkpoints/protonet_tf_efficientnetv2_s.in21k_5way_1shot_latest.pt,499,-inf,2026-07-26T20:18:06.055005+00:00
protonet,tf_efficientnetv2_s.in21k,5,1,/home/soumik/soumik/misc/output/checkpoints/protonet_tf_efficientnetv2_s.in21k_5way_1shot_latest.pt,549,-inf,2026-07-26T20:30:54.297615+00:00
protonet,tf_efficientnetv2_s.in21k,5,1,/home/soumik/soumik/misc/output/checkpoints/protonet_tf_efficientnetv2_s.in21k_5way_1shot_latest.pt,599,-inf,2026-07-26T20:42:43.617362+00:00
protonet,tf_efficientnetv2_s.in21k,5,1,/home/soumik/soumik/misc/output/checkpoints/protonet_tf_efficientnetv2_s.in21k_5way_1shot_latest.pt,649,-inf,2026-07-26T20:53:55.210521+00:00
protonet,tf_efficientnetv2_s.in21k,5,1,/home/soumik/soumik/misc/output/checkpoints/protonet_tf_efficientnetv2_s.in21k_5way_1shot_latest.pt,699,-inf,2026-07-26T21:05:35.557344+00:00
protonet,tf_efficientnetv2_s.in21k,5,1,/home/soumik/soumik/misc/output/checkpoints/protonet_tf_efficientnetv2_s.in21k_5way_1shot_latest.pt,749,-inf,2026-07-26T21:16:40.762344+00:00
protonet,tf_efficientnetv2_s.in21k,5,1,/home/soumik/soumik/misc/output/checkpoints/protonet_tf_efficientnetv2_s.in21k_5way_1shot_latest.pt,799,-inf,2026-07-26T21:29:02.616498+00:00
protonet,tf_efficientnetv2_s.in21k,5,1,/home/soumik/soumik/misc/output/checkpoints/protonet_tf_efficientnetv2_s.in21k_5way_1shot_latest.pt,849,-inf,2026-07-26T21:40:43.036832+00:00
protonet,tf_efficientnetv2_s.in21k,5,1,/home/soumik/soumik/misc/output/checkpoints/protonet_tf_efficientnetv2_s.in21k_5way_1shot_latest.pt,899,-inf,2026-07-26T21:52:43.325630+00:00
protonet,tf_efficientnetv2_s.in21k,5,1,/home/soumik/soumik/misc/output/checkpoints/protonet_tf_efficientnetv2_s.in21k_5way_1shot_latest.pt,949,-inf,2026-07-26T22:04:46.793246+00:00
protonet,tf_efficientnetv2_s.in21k,5,1,/home/soumik/soumik/misc/output/checkpoints/protonet_tf_efficientnetv2_s.in21k_5way_1shot_latest.pt,999,-inf,2026-07-26T22:17:10.543229+00:00
protonet,tf_efficientnetv2_s.in21k,5,1,/home/soumik/soumik/misc/output/checkpoints/protonet_tf_efficientnetv2_s.in21k_5way_1shot_best.pt,999,97.69999870657921,2026-07-26T22:26:37.426900+00:00
protonet,tf_efficientnetv2_s.in21k,5,1,/home/soumik/soumik/misc/output/checkpoints/protonet_tf_efficientnetv2_s.in21k_5way_1shot_latest.pt,999,97.69999870657921,2026-07-26T22:26:38.502060+00:00
protonet,tf_efficientnetv2_s.in21k,5,5,/home/soumik/soumik/misc/output/checkpoints/protonet_tf_efficientnetv2_s.in21k_5way_5shot_latest.pt,49,-inf,2026-07-26T22:38:34.520539+00:00
protonet,tf_efficientnetv2_s.in21k,5,5,/home/soumik/soumik/misc/output/checkpoints/protonet_tf_efficientnetv2_s.in21k_5way_5shot_latest.pt,99,-inf,2026-07-26T22:50:49.512652+00:00
protonet,tf_efficientnetv2_s.in21k,5,5,/home/soumik/soumik/misc/output/checkpoints/protonet_tf_efficientnetv2_s.in21k_5way_5shot_latest.pt,149,-inf,2026-07-26T23:02:10.786481+00:00
protonet,tf_efficientnetv2_s.in21k,5,5,/home/soumik/soumik/misc/output/checkpoints/protonet_tf_efficientnetv2_s.in21k_5way_5shot_latest.pt,199,-inf,2026-07-26T23:14:05.543024+00:00
protonet,tf_efficientnetv2_s.in21k,5,5,/home/soumik/soumik/misc/output/checkpoints/protonet_tf_efficientnetv2_s.in21k_5way_5shot_latest.pt,249,-inf,2026-07-26T23:25:26.835049+00:00
protonet,tf_efficientnetv2_s.in21k,5,5,/home/soumik/soumik/misc/output/checkpoints/protonet_tf_efficientnetv2_s.in21k_5way_5shot_latest.pt,299,-inf,2026-07-26T23:37:07.982572+00:00
protonet,tf_efficientnetv2_s.in21k,5,5,/home/soumik/soumik/misc/output/checkpoints/protonet_tf_efficientnetv2_s.in21k_5way_5shot_latest.pt,349,-inf,2026-07-26T23:48:13.283767+00:00
protonet,tf_efficientnetv2_s.in21k,5,5,/home/soumik/soumik/misc/output/checkpoints/protonet_tf_efficientnetv2_s.in21k_5way_5shot_latest.pt,399,-inf,2026-07-27T00:00:16.690722+00:00
protonet,tf_efficientnetv2_s.in21k,5,5,/home/soumik/soumik/misc/output/checkpoints/protonet_tf_efficientnetv2_s.in21k_5way_5shot_latest.pt,449,-inf,2026-07-27T00:11:57.177770+00:00
protonet,tf_efficientnetv2_s.in21k,5,5,/home/soumik/soumik/misc/output/checkpoints/protonet_tf_efficientnetv2_s.in21k_5way_5shot_latest.pt,499,-inf,2026-07-27T00:25:15.443088+00:00
protonet,tf_efficientnetv2_s.in21k,5,5,/home/soumik/soumik/misc/output/checkpoints/protonet_tf_efficientnetv2_s.in21k_5way_5shot_latest.pt,549,-inf,2026-07-27T00:38:09.169113+00:00
protonet,tf_efficientnetv2_s.in21k,5,5,/home/soumik/soumik/misc/output/checkpoints/protonet_tf_efficientnetv2_s.in21k_5way_5shot_latest.pt,599,-inf,2026-07-27T00:50:22.693299+00:00
protonet,tf_efficientnetv2_s.in21k,5,5,/home/soumik/soumik/misc/output/checkpoints/protonet_tf_efficientnetv2_s.in21k_5way_5shot_latest.pt,649,-inf,2026-07-27T01:02:18.947565+00:00
protonet,tf_efficientnetv2_s.in21k,5,5,/home/soumik/soumik/misc/output/checkpoints/protonet_tf_efficientnetv2_s.in21k_5way_5shot_latest.pt,699,-inf,2026-07-27T01:13:42.160186+00:00
protonet,tf_efficientnetv2_s.in21k,5,5,/home/soumik/soumik/misc/output/checkpoints/protonet_tf_efficientnetv2_s.in21k_5way_5shot_latest.pt,749,-inf,2026-07-27T01:25:39.244042+00:00
protonet,tf_efficientnetv2_s.in21k,5,5,/home/soumik/soumik/misc/output/checkpoints/protonet_tf_efficientnetv2_s.in21k_5way_5shot_latest.pt,799,-inf,2026-07-27T01:38:11.000573+00:00
protonet,tf_efficientnetv2_s.in21k,5,5,/home/soumik/soumik/misc/output/checkpoints/protonet_tf_efficientnetv2_s.in21k_5way_5shot_latest.pt,849,-inf,2026-07-27T01:49:41.821480+00:00
protonet,tf_efficientnetv2_s.in21k,5,5,/home/soumik/soumik/misc/output/checkpoints/protonet_tf_efficientnetv2_s.in21k_5way_5shot_latest.pt,899,-inf,2026-07-27T02:01:18.726921+00:00
protonet,tf_efficientnetv2_s.in21k,5,5,/home/soumik/soumik/misc/output/checkpoints/protonet_tf_efficientnetv2_s.in21k_5way_5shot_latest.pt,949,-inf,2026-07-27T02:13:01.691873+00:00
protonet,tf_efficientnetv2_s.in21k,5,5,/home/soumik/soumik/misc/output/checkpoints/protonet_tf_efficientnetv2_s.in21k_5way_5shot_latest.pt,999,-inf,2026-07-27T02:24:45.130648+00:00
protonet,tf_efficientnetv2_s.in21k,5,5,/home/soumik/soumik/misc/output/checkpoints/protonet_tf_efficientnetv2_s.in21k_5way_5shot_best.pt,999,98.98999890685081,2026-07-27T02:33:51.488805+00:00
protonet,tf_efficientnetv2_s.in21k,5,5,/home/soumik/soumik/misc/output/checkpoints/protonet_tf_efficientnetv2_s.in21k_5way_5shot_latest.pt,999,98.98999890685081,2026-07-27T02:33:52.562059+00:00
protonet,tf_efficientnetv2_s.in21k,5,10,/home/soumik/soumik/misc/output/checkpoints/protonet_tf_efficientnetv2_s.in21k_5way_10shot_latest.pt,49,-inf,2026-07-27T02:46:16.621015+00:00
protonet,tf_efficientnetv2_s.in21k,5,10,/home/soumik/soumik/misc/output/checkpoints/protonet_tf_efficientnetv2_s.in21k_5way_10shot_latest.pt,99,-inf,2026-07-27T02:58:19.812231+00:00
protonet,tf_efficientnetv2_s.in21k,5,10,/home/soumik/soumik/misc/output/checkpoints/protonet_tf_efficientnetv2_s.in21k_5way_10shot_latest.pt,149,-inf,2026-07-27T03:10:41.087320+00:00
protonet,tf_efficientnetv2_s.in21k,5,10,/home/soumik/soumik/misc/output/checkpoints/protonet_tf_efficientnetv2_s.in21k_5way_10shot_latest.pt,199,-inf,2026-07-27T03:24:10.229706+00:00
protonet,tf_efficientnetv2_s.in21k,5,10,/home/soumik/soumik/misc/output/checkpoints/protonet_tf_efficientnetv2_s.in21k_5way_10shot_latest.pt,249,-inf,2026-07-27T03:36:41.531909+00:00
protonet,tf_efficientnetv2_s.in21k,5,10,/home/soumik/soumik/misc/output/checkpoints/protonet_tf_efficientnetv2_s.in21k_5way_10shot_latest.pt,299,-inf,2026-07-27T03:48:30.086969+00:00
protonet,tf_efficientnetv2_s.in21k,5,10,/home/soumik/soumik/misc/output/checkpoints/protonet_tf_efficientnetv2_s.in21k_5way_10shot_latest.pt,349,-inf,2026-07-27T04:01:25.415359+00:00
protonet,tf_efficientnetv2_s.in21k,5,10,/home/soumik/soumik/misc/output/checkpoints/protonet_tf_efficientnetv2_s.in21k_5way_10shot_latest.pt,399,-inf,2026-07-27T04:13:06.815741+00:00
protonet,tf_efficientnetv2_s.in21k,5,10,/home/soumik/soumik/misc/output/checkpoints/protonet_tf_efficientnetv2_s.in21k_5way_10shot_latest.pt,449,-inf,2026-07-27T04:24:58.391370+00:00
protonet,tf_efficientnetv2_s.in21k,5,10,/home/soumik/soumik/misc/output/checkpoints/protonet_tf_efficientnetv2_s.in21k_5way_10shot_latest.pt,499,-inf,2026-07-27T04:35:54.526347+00:00
protonet,tf_efficientnetv2_s.in21k,5,10,/home/soumik/soumik/misc/output/checkpoints/protonet_tf_efficientnetv2_s.in21k_5way_10shot_latest.pt,549,-inf,2026-07-27T04:47:33.134275+00:00
protonet,tf_efficientnetv2_s.in21k,5,10,/home/soumik/soumik/misc/output/checkpoints/protonet_tf_efficientnetv2_s.in21k_5way_10shot_latest.pt,599,-inf,2026-07-27T04:59:45.633833+00:00
protonet,tf_efficientnetv2_s.in21k,5,10,/home/soumik/soumik/misc/output/checkpoints/protonet_tf_efficientnetv2_s.in21k_5way_10shot_latest.pt,649,-inf,2026-07-27T05:11:26.227072+00:00
protonet,tf_efficientnetv2_s.in21k,5,10,/home/soumik/soumik/misc/output/checkpoints/protonet_tf_efficientnetv2_s.in21k_5way_10shot_latest.pt,699,-inf,2026-07-27T05:24:46.695577+00:00
protonet,tf_efficientnetv2_s.in21k,5,10,/home/soumik/soumik/misc/output/checkpoints/protonet_tf_efficientnetv2_s.in21k_5way_10shot_latest.pt,749,-inf,2026-07-27T05:37:46.073522+00:00
protonet,tf_efficientnetv2_s.in21k,5,10,/home/soumik/soumik/misc/output/checkpoints/protonet_tf_efficientnetv2_s.in21k_5way_10shot_latest.pt,799,-inf,2026-07-27T05:49:46.034857+00:00
protonet,tf_efficientnetv2_s.in21k,5,10,/home/soumik/soumik/misc/output/checkpoints/protonet_tf_efficientnetv2_s.in21k_5way_10shot_latest.pt,849,-inf,2026-07-27T05:59:53.876021+00:00
protonet,tf_efficientnetv2_s.in21k,5,10,/home/soumik/soumik/misc/output/checkpoints/protonet_tf_efficientnetv2_s.in21k_5way_10shot_latest.pt,899,-inf,2026-07-27T06:12:47.618721+00:00
protonet,tf_efficientnetv2_s.in21k,5,10,/home/soumik/soumik/misc/output/checkpoints/protonet_tf_efficientnetv2_s.in21k_5way_10shot_latest.pt,949,-inf,2026-07-27T06:24:58.025390+00:00
protonet,tf_efficientnetv2_s.in21k,5,10,/home/soumik/soumik/misc/output/checkpoints/protonet_tf_efficientnetv2_s.in21k_5way_10shot_latest.pt,999,-inf,2026-07-27T06:36:36.340698+00:00
protonet,tf_efficientnetv2_s.in21k,5,10,/home/soumik/soumik/misc/output/checkpoints/protonet_tf_efficientnetv2_s.in21k_5way_10shot_best.pt,999,98.9899990260601,2026-07-27T06:46:08.545438+00:00
protonet,tf_efficientnetv2_s.in21k,5,10,/home/soumik/soumik/misc/output/checkpoints/protonet_tf_efficientnetv2_s.in21k_5way_10shot_latest.pt,999,98.9899990260601,2026-07-27T06:46:09.769572+00:00
protonet,tf_efficientnetv2_s.in21k,7,1,/home/soumik/soumik/misc/output/checkpoints/protonet_tf_efficientnetv2_s.in21k_7way_1shot_latest.pt,49,-inf,2026-07-27T06:58:05.214691+00:00
protonet,tf_efficientnetv2_s.in21k,7,1,/home/soumik/soumik/misc/output/checkpoints/protonet_tf_efficientnetv2_s.in21k_7way_1shot_latest.pt,99,-inf,2026-07-27T07:10:44.871275+00:00
protonet,tf_efficientnetv2_s.in21k,7,1,/home/soumik/soumik/misc/output/checkpoints/protonet_tf_efficientnetv2_s.in21k_7way_1shot_latest.pt,149,-inf,2026-07-27T07:25:02.012019+00:00
protonet,tf_efficientnetv2_s.in21k,7,1,/home/soumik/soumik/misc/output/checkpoints/protonet_tf_efficientnetv2_s.in21k_7way_1shot_latest.pt,199,-inf,2026-07-27T07:38:21.983175+00:00
protonet,tf_efficientnetv2_s.in21k,7,1,/home/soumik/soumik/misc/output/checkpoints/protonet_tf_efficientnetv2_s.in21k_7way_1shot_latest.pt,249,-inf,2026-07-27T07:52:26.754882+00:00
protonet,tf_efficientnetv2_s.in21k,7,1,/home/soumik/soumik/misc/output/checkpoints/protonet_tf_efficientnetv2_s.in21k_7way_1shot_latest.pt,299,-inf,2026-07-27T08:04:42.467818+00:00
protonet,tf_efficientnetv2_s.in21k,7,1,/home/soumik/soumik/misc/output/checkpoints/protonet_tf_efficientnetv2_s.in21k_7way_1shot_latest.pt,349,-inf,2026-07-27T08:17:27.802388+00:00
protonet,tf_efficientnetv2_s.in21k,7,1,/home/soumik/soumik/misc/output/checkpoints/protonet_tf_efficientnetv2_s.in21k_7way_1shot_latest.pt,399,-inf,2026-07-27T08:31:34.390383+00:00
protonet,tf_efficientnetv2_s.in21k,7,1,/home/soumik/soumik/misc/output/checkpoints/protonet_tf_efficientnetv2_s.in21k_7way_1shot_latest.pt,449,-inf,2026-07-27T08:44:00.563683+00:00
protonet,tf_efficientnetv2_s.in21k,7,1,/home/soumik/soumik/misc/output/checkpoints/protonet_tf_efficientnetv2_s.in21k_7way_1shot_latest.pt,499,-inf,2026-07-27T08:56:17.060195+00:00
protonet,tf_efficientnetv2_s.in21k,7,1,/home/soumik/soumik/misc/output/checkpoints/protonet_tf_efficientnetv2_s.in21k_7way_1shot_latest.pt,549,-inf,2026-07-27T09:09:51.542741+00:00
protonet,tf_efficientnetv2_s.in21k,7,1,/home/soumik/soumik/misc/output/checkpoints/protonet_tf_efficientnetv2_s.in21k_7way_1shot_latest.pt,599,-inf,2026-07-27T09:23:09.939708+00:00
protonet,tf_efficientnetv2_s.in21k,7,1,/home/soumik/soumik/misc/output/checkpoints/protonet_tf_efficientnetv2_s.in21k_7way_1shot_latest.pt,649,-inf,2026-07-27T09:36:09.605266+00:00
protonet,tf_efficientnetv2_s.in21k,7,1,/home/soumik/soumik/misc/output/checkpoints/protonet_tf_efficientnetv2_s.in21k_7way_1shot_latest.pt,699,-inf,2026-07-27T09:49:31.439386+00:00
protonet,tf_efficientnetv2_s.in21k,7,1,/home/soumik/soumik/misc/output/checkpoints/protonet_tf_efficientnetv2_s.in21k_7way_1shot_latest.pt,749,-inf,2026-07-27T10:02:04.005941+00:00
protonet,tf_efficientnetv2_s.in21k,7,1,/home/soumik/soumik/misc/output/checkpoints/protonet_tf_efficientnetv2_s.in21k_7way_1shot_latest.pt,799,-inf,2026-07-27T10:14:12.829558+00:00
protonet,tf_efficientnetv2_s.in21k,7,1,/home/soumik/soumik/misc/output/checkpoints/protonet_tf_efficientnetv2_s.in21k_7way_1shot_latest.pt,849,-inf,2026-07-27T10:27:16.401822+00:00
protonet,tf_efficientnetv2_s.in21k,7,1,/home/soumik/soumik/misc/output/checkpoints/protonet_tf_efficientnetv2_s.in21k_7way_1shot_latest.pt,899,-inf,2026-07-27T10:39:48.957426+00:00
protonet,tf_efficientnetv2_s.in21k,7,1,/home/soumik/soumik/misc/output/checkpoints/protonet_tf_efficientnetv2_s.in21k_7way_1shot_latest.pt,949,-inf,2026-07-27T10:53:22.106907+00:00
protonet,tf_efficientnetv2_s.in21k,7,1,/home/soumik/soumik/misc/output/checkpoints/protonet_tf_efficientnetv2_s.in21k_7way_1shot_latest.pt,999,-inf,2026-07-27T11:05:58.144579+00:00
protonet,tf_efficientnetv2_s.in21k,7,1,/home/soumik/soumik/misc/output/checkpoints/protonet_tf_efficientnetv2_s.in21k_7way_1shot_best.pt,999,97.25000068545341,2026-07-27T11:16:19.562404+00:00
protonet,tf_efficientnetv2_s.in21k,7,1,/home/soumik/soumik/misc/output/checkpoints/protonet_tf_efficientnetv2_s.in21k_7way_1shot_latest.pt,999,97.25000068545341,2026-07-27T11:16:20.786599+00:00
protonet,tf_efficientnetv2_s.in21k,7,5,/home/soumik/soumik/misc/output/checkpoints/protonet_tf_efficientnetv2_s.in21k_7way_5shot_latest.pt,49,-inf,2026-07-27T11:29:31.515520+00:00
protonet,tf_efficientnetv2_s.in21k,7,5,/home/soumik/soumik/misc/output/checkpoints/protonet_tf_efficientnetv2_s.in21k_7way_5shot_latest.pt,99,-inf,2026-07-27T11:42:53.312404+00:00
protonet,tf_efficientnetv2_s.in21k,7,5,/home/soumik/soumik/misc/output/checkpoints/protonet_tf_efficientnetv2_s.in21k_7way_5shot_latest.pt,149,-inf,2026-07-27T11:55:30.265397+00:00
protonet,tf_efficientnetv2_s.in21k,7,5,/home/soumik/soumik/misc/output/checkpoints/protonet_tf_efficientnetv2_s.in21k_7way_5shot_latest.pt,199,-inf,2026-07-27T12:08:22.341133+00:00
protonet,tf_efficientnetv2_s.in21k,7,5,/home/soumik/soumik/misc/output/checkpoints/protonet_tf_efficientnetv2_s.in21k_7way_5shot_latest.pt,249,-inf,2026-07-27T12:21:12.279194+00:00
protonet,tf_efficientnetv2_s.in21k,7,5,/home/soumik/soumik/misc/output/checkpoints/protonet_tf_efficientnetv2_s.in21k_7way_5shot_latest.pt,299,-inf,2026-07-27T12:34:39.301360+00:00
protonet,tf_efficientnetv2_s.in21k,7,5,/home/soumik/soumik/misc/output/checkpoints/protonet_tf_efficientnetv2_s.in21k_7way_5shot_latest.pt,349,-inf,2026-07-27T12:47:55.236616+00:00
protonet,tf_efficientnetv2_s.in21k,7,5,/home/soumik/soumik/misc/output/checkpoints/protonet_tf_efficientnetv2_s.in21k_7way_5shot_latest.pt,399,-inf,2026-07-27T13:00:18.636696+00:00
protonet,tf_efficientnetv2_s.in21k,7,5,/home/soumik/soumik/misc/output/checkpoints/protonet_tf_efficientnetv2_s.in21k_7way_5shot_latest.pt,449,-inf,2026-07-27T13:12:08.784322+00:00
protonet,tf_efficientnetv2_s.in21k,7,5,/home/soumik/soumik/misc/output/checkpoints/protonet_tf_efficientnetv2_s.in21k_7way_5shot_latest.pt,499,-inf,2026-07-27T13:24:59.361434+00:00
protonet,tf_efficientnetv2_s.in21k,7,5,/home/soumik/soumik/misc/output/checkpoints/protonet_tf_efficientnetv2_s.in21k_7way_5shot_latest.pt,549,-inf,2026-07-27T13:37:00.071777+00:00
protonet,tf_efficientnetv2_s.in21k,7,5,/home/soumik/soumik/misc/output/checkpoints/protonet_tf_efficientnetv2_s.in21k_7way_5shot_latest.pt,599,-inf,2026-07-27T13:48:15.629716+00:00
protonet,tf_efficientnetv2_s.in21k,7,5,/home/soumik/soumik/misc/output/checkpoints/protonet_tf_efficientnetv2_s.in21k_7way_5shot_latest.pt,649,-inf,2026-07-27T14:01:31.651329+00:00
protonet,tf_efficientnetv2_s.in21k,7,5,/home/soumik/soumik/misc/output/checkpoints/protonet_tf_efficientnetv2_s.in21k_7way_5shot_latest.pt,699,-inf,2026-07-27T14:13:49.273763+00:00
protonet,tf_efficientnetv2_s.in21k,7,5,/home/soumik/soumik/misc/output/checkpoints/protonet_tf_efficientnetv2_s.in21k_7way_5shot_latest.pt,749,-inf,2026-07-27T14:27:30.186891+00:00
protonet,tf_efficientnetv2_s.in21k,7,5,/home/soumik/soumik/misc/output/checkpoints/protonet_tf_efficientnetv2_s.in21k_7way_5shot_latest.pt,799,-inf,2026-07-27T14:39:59.078913+00:00
protonet,tf_efficientnetv2_s.in21k,7,5,/home/soumik/soumik/misc/output/checkpoints/protonet_tf_efficientnetv2_s.in21k_7way_5shot_latest.pt,849,-inf,2026-07-27T14:52:56.909057+00:00
protonet,tf_efficientnetv2_s.in21k,7,5,/home/soumik/soumik/misc/output/checkpoints/protonet_tf_efficientnetv2_s.in21k_7way_5shot_latest.pt,899,-inf,2026-07-27T15:05:33.949672+00:00
protonet,tf_efficientnetv2_s.in21k,7,5,/home/soumik/soumik/misc/output/checkpoints/protonet_tf_efficientnetv2_s.in21k_7way_5shot_latest.pt,949,-inf,2026-07-27T15:18:28.494486+00:00
protonet,tf_efficientnetv2_s.in21k,7,5,/home/soumik/soumik/misc/output/checkpoints/protonet_tf_efficientnetv2_s.in21k_7way_5shot_latest.pt,999,-inf,2026-07-27T15:32:22.198824+00:00
protonet,tf_efficientnetv2_s.in21k,7,5,/home/soumik/soumik/misc/output/checkpoints/protonet_tf_efficientnetv2_s.in21k_7way_5shot_best.pt,999,98.66428679227829,2026-07-27T15:42:32.093886+00:00
protonet,tf_efficientnetv2_s.in21k,7,5,/home/soumik/soumik/misc/output/checkpoints/protonet_tf_efficientnetv2_s.in21k_7way_5shot_latest.pt,999,98.66428679227829,2026-07-27T15:42:33.431195+00:00
protonet,tf_efficientnetv2_s.in21k,7,10,/home/soumik/soumik/misc/output/checkpoints/protonet_tf_efficientnetv2_s.in21k_7way_10shot_latest.pt,49,-inf,2026-07-27T15:54:49.103217+00:00
protonet,tf_efficientnetv2_s.in21k,7,10,/home/soumik/soumik/misc/output/checkpoints/protonet_tf_efficientnetv2_s.in21k_7way_10shot_latest.pt,99,-inf,2026-07-27T16:08:03.675392+00:00
protonet,tf_efficientnetv2_s.in21k,7,10,/home/soumik/soumik/misc/output/checkpoints/protonet_tf_efficientnetv2_s.in21k_7way_10shot_latest.pt,149,-inf,2026-07-27T16:20:49.843372+00:00
protonet,tf_efficientnetv2_s.in21k,7,10,/home/soumik/soumik/misc/output/checkpoints/protonet_tf_efficientnetv2_s.in21k_7way_10shot_latest.pt,199,-inf,2026-07-27T16:34:55.757780+00:00
protonet,tf_efficientnetv2_s.in21k,7,10,/home/soumik/soumik/misc/output/checkpoints/protonet_tf_efficientnetv2_s.in21k_7way_10shot_latest.pt,249,-inf,2026-07-27T16:49:28.840332+00:00
protonet,tf_efficientnetv2_s.in21k,7,10,/home/soumik/soumik/misc/output/checkpoints/protonet_tf_efficientnetv2_s.in21k_7way_10shot_latest.pt,299,-inf,2026-07-27T17:04:17.071112+00:00
protonet,tf_efficientnetv2_s.in21k,7,10,/home/soumik/soumik/misc/output/checkpoints/protonet_tf_efficientnetv2_s.in21k_7way_10shot_latest.pt,349,-inf,2026-07-27T17:29:39.764914+00:00
protonet,tf_efficientnetv2_s.in21k,7,10,/home/soumik/soumik/misc/output/checkpoints/protonet_tf_efficientnetv2_s.in21k_7way_10shot_latest.pt,399,-inf,2026-07-28T06:12:12.039949+00:00
protonet,tf_efficientnetv2_s.in21k,7,10,/home/soumik/soumik/misc/output/checkpoints/protonet_tf_efficientnetv2_s.in21k_7way_10shot_latest.pt,449,-inf,2026-07-28T06:24:23.378379+00:00
protonet,tf_efficientnetv2_s.in21k,7,10,/home/soumik/soumik/misc/output/checkpoints/protonet_tf_efficientnetv2_s.in21k_7way_10shot_latest.pt,499,-inf,2026-07-28T06:36:17.966372+00:00
protonet,tf_efficientnetv2_s.in21k,7,10,/home/soumik/soumik/misc/output/checkpoints/protonet_tf_efficientnetv2_s.in21k_7way_10shot_latest.pt,549,-inf,2026-07-28T06:49:10.854637+00:00
protonet,tf_efficientnetv2_s.in21k,7,10,/home/soumik/soumik/misc/output/checkpoints/protonet_tf_efficientnetv2_s.in21k_7way_10shot_latest.pt,599,-inf,2026-07-28T07:02:04.175286+00:00
protonet,tf_efficientnetv2_s.in21k,7,10,/home/soumik/soumik/misc/output/checkpoints/protonet_tf_efficientnetv2_s.in21k_7way_10shot_latest.pt,649,-inf,2026-07-28T07:15:31.177565+00:00
protonet,tf_efficientnetv2_s.in21k,7,10,/home/soumik/soumik/misc/output/checkpoints/protonet_tf_efficientnetv2_s.in21k_7way_10shot_latest.pt,699,-inf,2026-07-28T07:28:16.374692+00:00
protonet,tf_efficientnetv2_s.in21k,7,10,/home/soumik/soumik/misc/output/checkpoints/protonet_tf_efficientnetv2_s.in21k_7way_10shot_latest.pt,749,-inf,2026-07-28T07:40:15.998713+00:00
protonet,tf_efficientnetv2_s.in21k,7,10,/home/soumik/soumik/misc/output/checkpoints/protonet_tf_efficientnetv2_s.in21k_7way_10shot_latest.pt,799,-inf,2026-07-28T07:54:41.543541+00:00
protonet,tf_efficientnetv2_s.in21k,7,10,/home/soumik/soumik/misc/output/checkpoints/protonet_tf_efficientnetv2_s.in21k_7way_10shot_latest.pt,849,-inf,2026-07-28T08:07:07.484362+00:00
protonet,tf_efficientnetv2_s.in21k,7,10,/home/soumik/soumik/misc/output/checkpoints/protonet_tf_efficientnetv2_s.in21k_7way_10shot_latest.pt,899,-inf,2026-07-28T08:20:07.571298+00:00
protonet,tf_efficientnetv2_s.in21k,7,10,/home/soumik/soumik/misc/output/checkpoints/protonet_tf_efficientnetv2_s.in21k_7way_10shot_latest.pt,949,-inf,2026-07-28T08:32:30.024794+00:00
protonet,tf_efficientnetv2_s.in21k,7,10,/home/soumik/soumik/misc/output/checkpoints/protonet_tf_efficientnetv2_s.in21k_7way_10shot_latest.pt,999,-inf,2026-07-28T08:45:47.207980+00:00
protonet,tf_efficientnetv2_s.in21k,7,10,/home/soumik/soumik/misc/output/checkpoints/protonet_tf_efficientnetv2_s.in21k_7way_10shot_best.pt,999,98.92857199907303,2026-07-28T08:56:24.382595+00:00
protonet,tf_efficientnetv2_s.in21k,7,10,/home/soumik/soumik/misc/output/checkpoints/protonet_tf_efficientnetv2_s.in21k_7way_10shot_latest.pt,999,98.92857199907303,2026-07-28T08:56:25.482388+00:00
protonet,wide_resnet50_2,5,1,/home/soumik/soumik/misc/output/checkpoints/protonet_wide_resnet50_2_5way_1shot_latest.pt,49,-inf,2026-07-28T09:09:16.190057+00:00
protonet,wide_resnet50_2,5,1,/home/soumik/soumik/misc/output/checkpoints/protonet_wide_resnet50_2_5way_1shot_latest.pt,99,-inf,2026-07-28T09:21:48.060881+00:00
protonet,wide_resnet50_2,5,1,/home/soumik/soumik/misc/output/checkpoints/protonet_wide_resnet50_2_5way_1shot_latest.pt,149,-inf,2026-07-28T09:33:55.498984+00:00
protonet,wide_resnet50_2,5,1,/home/soumik/soumik/misc/output/checkpoints/protonet_wide_resnet50_2_5way_1shot_latest.pt,199,-inf,2026-07-28T09:45:14.417254+00:00
protonet,wide_resnet50_2,5,1,/home/soumik/soumik/misc/output/checkpoints/protonet_wide_resnet50_2_5way_1shot_latest.pt,249,-inf,2026-07-28T09:58:01.197741+00:00
protonet,wide_resnet50_2,5,1,/home/soumik/soumik/misc/output/checkpoints/protonet_wide_resnet50_2_5way_1shot_latest.pt,299,-inf,2026-07-28T10:10:22.380926+00:00
protonet,wide_resnet50_2,5,1,/home/soumik/soumik/misc/output/checkpoints/protonet_wide_resnet50_2_5way_1shot_latest.pt,349,-inf,2026-07-28T10:23:46.721494+00:00
protonet,wide_resnet50_2,5,1,/home/soumik/soumik/misc/output/checkpoints/protonet_wide_resnet50_2_5way_1shot_latest.pt,399,-inf,2026-07-28T10:36:31.045888+00:00
protonet,wide_resnet50_2,5,1,/home/soumik/soumik/misc/output/checkpoints/protonet_wide_resnet50_2_5way_1shot_latest.pt,449,-inf,2026-07-28T10:49:39.741182+00:00
protonet,wide_resnet50_2,5,1,/home/soumik/soumik/misc/output/checkpoints/protonet_wide_resnet50_2_5way_1shot_latest.pt,499,-inf,2026-07-28T11:02:10.081468+00:00
protonet,wide_resnet50_2,5,1,/home/soumik/soumik/misc/output/checkpoints/protonet_wide_resnet50_2_5way_1shot_latest.pt,549,-inf,2026-07-28T11:15:24.935003+00:00
protonet,wide_resnet50_2,5,1,/home/soumik/soumik/misc/output/checkpoints/protonet_wide_resnet50_2_5way_1shot_latest.pt,599,-inf,2026-07-28T11:27:46.933294+00:00
protonet,wide_resnet50_2,5,1,/home/soumik/soumik/misc/output/checkpoints/protonet_wide_resnet50_2_5way_1shot_latest.pt,649,-inf,2026-07-28T11:39:19.774234+00:00
protonet,wide_resnet50_2,5,1,/home/soumik/soumik/misc/output/checkpoints/protonet_wide_resnet50_2_5way_1shot_latest.pt,699,-inf,2026-07-28T11:51:31.715899+00:00
protonet,wide_resnet50_2,5,1,/home/soumik/soumik/misc/output/checkpoints/protonet_wide_resnet50_2_5way_1shot_latest.pt,749,-inf,2026-07-28T12:03:05.577087+00:00
protonet,wide_resnet50_2,5,1,/home/soumik/soumik/misc/output/checkpoints/protonet_wide_resnet50_2_5way_1shot_latest.pt,799,-inf,2026-07-28T12:16:07.437162+00:00
protonet,wide_resnet50_2,5,1,/home/soumik/soumik/misc/output/checkpoints/protonet_wide_resnet50_2_5way_1shot_latest.pt,849,-inf,2026-07-28T12:28:20.102820+00:00
protonet,wide_resnet50_2,5,1,/home/soumik/soumik/misc/output/checkpoints/protonet_wide_resnet50_2_5way_1shot_latest.pt,899,-inf,2026-07-28T12:40:48.353454+00:00
protonet,wide_resnet50_2,5,1,/home/soumik/soumik/misc/output/checkpoints/protonet_wide_resnet50_2_5way_1shot_latest.pt,949,-inf,2026-07-28T12:53:15.132511+00:00
protonet,wide_resnet50_2,5,1,/home/soumik/soumik/misc/output/checkpoints/protonet_wide_resnet50_2_5way_1shot_latest.pt,999,-inf,2026-07-28T13:06:04.857445+00:00
protonet,wide_resnet50_2,5,1,/home/soumik/soumik/misc/output/checkpoints/protonet_wide_resnet50_2_5way_1shot_best.pt,999,94.79999792575836,2026-07-28T13:15:32.368154+00:00
protonet,wide_resnet50_2,5,1,/home/soumik/soumik/misc/output/checkpoints/protonet_wide_resnet50_2_5way_1shot_latest.pt,999,94.79999792575836,2026-07-28T13:15:35.953367+00:00
protonet,wide_resnet50_2,5,5,/home/soumik/soumik/misc/output/checkpoints/protonet_wide_resnet50_2_5way_5shot_latest.pt,49,-inf,2026-07-28T13:28:12.630177+00:00
protonet,wide_resnet50_2,5,5,/home/soumik/soumik/misc/output/checkpoints/protonet_wide_resnet50_2_5way_5shot_latest.pt,99,-inf,2026-07-28T13:41:03.028225+00:00
protonet,wide_resnet50_2,5,5,/home/soumik/soumik/misc/output/checkpoints/protonet_wide_resnet50_2_5way_5shot_latest.pt,149,-inf,2026-07-28T13:52:58.844630+00:00
protonet,wide_resnet50_2,5,5,/home/soumik/soumik/misc/output/checkpoints/protonet_wide_resnet50_2_5way_5shot_latest.pt,199,-inf,2026-07-28T14:05:19.380915+00:00
protonet,wide_resnet50_2,5,5,/home/soumik/soumik/misc/output/checkpoints/protonet_wide_resnet50_2_5way_5shot_latest.pt,249,-inf,2026-07-28T14:17:06.747530+00:00
protonet,wide_resnet50_2,5,5,/home/soumik/soumik/misc/output/checkpoints/protonet_wide_resnet50_2_5way_5shot_latest.pt,299,-inf,2026-07-28T14:29:12.085611+00:00
protonet,wide_resnet50_2,5,5,/home/soumik/soumik/misc/output/checkpoints/protonet_wide_resnet50_2_5way_5shot_latest.pt,349,-inf,2026-07-28T14:40:42.005896+00:00
protonet,wide_resnet50_2,5,5,/home/soumik/soumik/misc/output/checkpoints/protonet_wide_resnet50_2_5way_5shot_latest.pt,399,-inf,2026-07-28T14:53:08.444522+00:00
protonet,wide_resnet50_2,5,5,/home/soumik/soumik/misc/output/checkpoints/protonet_wide_resnet50_2_5way_5shot_latest.pt,449,-inf,2026-07-28T15:05:04.406170+00:00
protonet,wide_resnet50_2,5,5,/home/soumik/soumik/misc/output/checkpoints/protonet_wide_resnet50_2_5way_5shot_latest.pt,499,-inf,2026-07-28T15:18:41.599613+00:00
protonet,wide_resnet50_2,5,5,/home/soumik/soumik/misc/output/checkpoints/protonet_wide_resnet50_2_5way_5shot_latest.pt,549,-inf,2026-07-28T15:31:53.941611+00:00
protonet,wide_resnet50_2,5,5,/home/soumik/soumik/misc/output/checkpoints/protonet_wide_resnet50_2_5way_5shot_latest.pt,599,-inf,2026-07-28T15:44:31.010930+00:00
protonet,wide_resnet50_2,5,5,/home/soumik/soumik/misc/output/checkpoints/protonet_wide_resnet50_2_5way_5shot_latest.pt,649,-inf,2026-07-28T15:56:46.919270+00:00
protonet,wide_resnet50_2,5,5,/home/soumik/soumik/misc/output/checkpoints/protonet_wide_resnet50_2_5way_5shot_latest.pt,699,-inf,2026-07-28T16:08:30.345636+00:00
protonet,wide_resnet50_2,5,5,/home/soumik/soumik/misc/output/checkpoints/protonet_wide_resnet50_2_5way_5shot_latest.pt,749,-inf,2026-07-28T16:20:46.968676+00:00
protonet,wide_resnet50_2,5,5,/home/soumik/soumik/misc/output/checkpoints/protonet_wide_resnet50_2_5way_5shot_latest.pt,799,-inf,2026-07-28T16:33:34.057349+00:00
protonet,wide_resnet50_2,5,5,/home/soumik/soumik/misc/output/checkpoints/protonet_wide_resnet50_2_5way_5shot_latest.pt,849,-inf,2026-07-28T16:45:16.432043+00:00
protonet,wide_resnet50_2,5,5,/home/soumik/soumik/misc/output/checkpoints/protonet_wide_resnet50_2_5way_5shot_latest.pt,899,-inf,2026-07-28T16:57:11.755712+00:00
protonet,wide_resnet50_2,5,5,/home/soumik/soumik/misc/output/checkpoints/protonet_wide_resnet50_2_5way_5shot_latest.pt,949,-inf,2026-07-28T17:09:22.966197+00:00
protonet,wide_resnet50_2,5,5,/home/soumik/soumik/misc/output/checkpoints/protonet_wide_resnet50_2_5way_5shot_latest.pt,999,-inf,2026-07-28T17:21:28.499327+00:00
protonet,wide_resnet50_2,5,5,/home/soumik/soumik/misc/output/checkpoints/protonet_wide_resnet50_2_5way_5shot_best.pt,999,97.26999819278717,2026-07-28T17:30:38.128215+00:00
protonet,wide_resnet50_2,5,5,/home/soumik/soumik/misc/output/checkpoints/protonet_wide_resnet50_2_5way_5shot_latest.pt,999,97.26999819278717,2026-07-28T17:30:41.587141+00:00
protonet,wide_resnet50_2,5,10,/home/soumik/soumik/misc/output/checkpoints/protonet_wide_resnet50_2_5way_10shot_latest.pt,49,-inf,2026-07-28T17:43:34.023674+00:00
protonet,wide_resnet50_2,5,10,/home/soumik/soumik/misc/output/checkpoints/protonet_wide_resnet50_2_5way_10shot_latest.pt,99,-inf,2026-07-28T17:56:10.357870+00:00
protonet,wide_resnet50_2,5,10,/home/soumik/soumik/misc/output/checkpoints/protonet_wide_resnet50_2_5way_10shot_latest.pt,149,-inf,2026-07-28T18:09:13.527252+00:00
protonet,wide_resnet50_2,5,10,/home/soumik/soumik/misc/output/checkpoints/protonet_wide_resnet50_2_5way_10shot_latest.pt,199,-inf,2026-07-28T18:23:25.579918+00:00
protonet,wide_resnet50_2,5,10,/home/soumik/soumik/misc/output/checkpoints/protonet_wide_resnet50_2_5way_10shot_latest.pt,249,-inf,2026-07-28T18:36:54.024163+00:00
protonet,wide_resnet50_2,5,10,/home/soumik/soumik/misc/output/checkpoints/protonet_wide_resnet50_2_5way_10shot_latest.pt,299,-inf,2026-07-28T18:49:23.349248+00:00
protonet,wide_resnet50_2,5,10,/home/soumik/soumik/misc/output/checkpoints/protonet_wide_resnet50_2_5way_10shot_latest.pt,349,-inf,2026-07-28T19:02:57.320834+00:00
protonet,wide_resnet50_2,5,10,/home/soumik/soumik/misc/output/checkpoints/protonet_wide_resnet50_2_5way_10shot_latest.pt,399,-inf,2026-07-28T19:15:10.631190+00:00
protonet,wide_resnet50_2,5,10,/home/soumik/soumik/misc/output/checkpoints/protonet_wide_resnet50_2_5way_10shot_latest.pt,449,-inf,2026-07-28T19:27:38.468418+00:00
protonet,wide_resnet50_2,5,10,/home/soumik/soumik/misc/output/checkpoints/protonet_wide_resnet50_2_5way_10shot_latest.pt,499,-inf,2026-07-28T19:39:04.888232+00:00
protonet,wide_resnet50_2,5,10,/home/soumik/soumik/misc/output/checkpoints/protonet_wide_resnet50_2_5way_10shot_latest.pt,549,-inf,2026-07-28T19:51:19.377559+00:00
protonet,wide_resnet50_2,5,10,/home/soumik/soumik/misc/output/checkpoints/protonet_wide_resnet50_2_5way_10shot_latest.pt,599,-inf,2026-07-28T20:04:03.990009+00:00
protonet,wide_resnet50_2,5,10,/home/soumik/soumik/misc/output/checkpoints/protonet_wide_resnet50_2_5way_10shot_latest.pt,649,-inf,2026-07-28T20:16:18.155287+00:00
protonet,wide_resnet50_2,5,10,/home/soumik/soumik/misc/output/checkpoints/protonet_wide_resnet50_2_5way_10shot_latest.pt,699,-inf,2026-07-28T20:30:09.527919+00:00
protonet,wide_resnet50_2,5,10,/home/soumik/soumik/misc/output/checkpoints/protonet_wide_resnet50_2_5way_10shot_latest.pt,749,-inf,2026-07-28T20:43:40.999899+00:00
protonet,wide_resnet50_2,5,10,/home/soumik/soumik/misc/output/checkpoints/protonet_wide_resnet50_2_5way_10shot_latest.pt,799,-inf,2026-07-28T20:56:22.724298+00:00
protonet,wide_resnet50_2,5,10,/home/soumik/soumik/misc/output/checkpoints/protonet_wide_resnet50_2_5way_10shot_latest.pt,849,-inf,2026-07-28T21:07:16.271036+00:00
protonet,wide_resnet50_2,5,10,/home/soumik/soumik/misc/output/checkpoints/protonet_wide_resnet50_2_5way_10shot_latest.pt,899,-inf,2026-07-28T21:20:47.925106+00:00
protonet,wide_resnet50_2,5,10,/home/soumik/soumik/misc/output/checkpoints/protonet_wide_resnet50_2_5way_10shot_latest.pt,949,-inf,2026-07-28T21:33:30.876375+00:00
protonet,wide_resnet50_2,5,10,/home/soumik/soumik/misc/output/checkpoints/protonet_wide_resnet50_2_5way_10shot_latest.pt,999,-inf,2026-07-28T21:45:42.637614+00:00
protonet,wide_resnet50_2,5,10,/home/soumik/soumik/misc/output/checkpoints/protonet_wide_resnet50_2_5way_10shot_best.pt,999,97.99999836087227,2026-07-28T21:55:24.359133+00:00
protonet,wide_resnet50_2,5,10,/home/soumik/soumik/misc/output/checkpoints/protonet_wide_resnet50_2_5way_10shot_latest.pt,999,97.99999836087227,2026-07-28T21:55:27.938857+00:00
protonet,wide_resnet50_2,7,1,/home/soumik/soumik/misc/output/checkpoints/protonet_wide_resnet50_2_7way_1shot_latest.pt,49,-inf,2026-07-28T22:07:32.658287+00:00
protonet,wide_resnet50_2,7,1,/home/soumik/soumik/misc/output/checkpoints/protonet_wide_resnet50_2_7way_1shot_latest.pt,99,-inf,2026-07-28T22:20:26.106056+00:00
protonet,wide_resnet50_2,7,1,/home/soumik/soumik/misc/output/checkpoints/protonet_wide_resnet50_2_7way_1shot_latest.pt,149,-inf,2026-07-28T22:34:08.820711+00:00
protonet,wide_resnet50_2,7,1,/home/soumik/soumik/misc/output/checkpoints/protonet_wide_resnet50_2_7way_1shot_latest.pt,199,-inf,2026-07-28T22:46:47.912897+00:00
protonet,wide_resnet50_2,7,1,/home/soumik/soumik/misc/output/checkpoints/protonet_wide_resnet50_2_7way_1shot_latest.pt,249,-inf,2026-07-28T23:00:47.921078+00:00
protonet,wide_resnet50_2,7,1,/home/soumik/soumik/misc/output/checkpoints/protonet_wide_resnet50_2_7way_1shot_latest.pt,299,-inf,2026-07-28T23:12:54.331667+00:00
protonet,wide_resnet50_2,7,1,/home/soumik/soumik/misc/output/checkpoints/protonet_wide_resnet50_2_7way_1shot_latest.pt,349,-inf,2026-07-28T23:25:42.725591+00:00
protonet,wide_resnet50_2,7,1,/home/soumik/soumik/misc/output/checkpoints/protonet_wide_resnet50_2_7way_1shot_latest.pt,399,-inf,2026-07-28T23:40:06.512331+00:00
protonet,wide_resnet50_2,7,1,/home/soumik/soumik/misc/output/checkpoints/protonet_wide_resnet50_2_7way_1shot_latest.pt,449,-inf,2026-07-28T23:52:37.462801+00:00
protonet,wide_resnet50_2,7,1,/home/soumik/soumik/misc/output/checkpoints/protonet_wide_resnet50_2_7way_1shot_latest.pt,499,-inf,2026-07-29T00:05:07.999016+00:00
protonet,wide_resnet50_2,7,1,/home/soumik/soumik/misc/output/checkpoints/protonet_wide_resnet50_2_7way_1shot_latest.pt,549,-inf,2026-07-29T00:18:36.435847+00:00
protonet,wide_resnet50_2,7,1,/home/soumik/soumik/misc/output/checkpoints/protonet_wide_resnet50_2_7way_1shot_latest.pt,599,-inf,2026-07-29T00:31:17.079735+00:00
protonet,wide_resnet50_2,7,1,/home/soumik/soumik/misc/output/checkpoints/protonet_wide_resnet50_2_7way_1shot_latest.pt,649,-inf,2026-07-29T00:44:00.103612+00:00
protonet,wide_resnet50_2,7,1,/home/soumik/soumik/misc/output/checkpoints/protonet_wide_resnet50_2_7way_1shot_latest.pt,699,-inf,2026-07-29T00:57:16.299881+00:00
protonet,wide_resnet50_2,7,1,/home/soumik/soumik/misc/output/checkpoints/protonet_wide_resnet50_2_7way_1shot_latest.pt,749,-inf,2026-07-29T01:09:46.699041+00:00
protonet,wide_resnet50_2,7,1,/home/soumik/soumik/misc/output/checkpoints/protonet_wide_resnet50_2_7way_1shot_latest.pt,799,-inf,2026-07-29T01:21:59.888008+00:00
protonet,wide_resnet50_2,7,1,/home/soumik/soumik/misc/output/checkpoints/protonet_wide_resnet50_2_7way_1shot_latest.pt,849,-inf,2026-07-29T01:35:07.569356+00:00
protonet,wide_resnet50_2,7,1,/home/soumik/soumik/misc/output/checkpoints/protonet_wide_resnet50_2_7way_1shot_latest.pt,899,-inf,2026-07-29T01:47:45.038687+00:00
protonet,wide_resnet50_2,7,1,/home/soumik/soumik/misc/output/checkpoints/protonet_wide_resnet50_2_7way_1shot_latest.pt,949,-inf,2026-07-29T02:01:16.279496+00:00
protonet,wide_resnet50_2,7,1,/home/soumik/soumik/misc/output/checkpoints/protonet_wide_resnet50_2_7way_1shot_latest.pt,999,-inf,2026-07-29T02:13:48.525225+00:00
protonet,wide_resnet50_2,7,1,/home/soumik/soumik/misc/output/checkpoints/protonet_wide_resnet50_2_7way_1shot_best.pt,999,96.17857250571251,2026-07-29T02:23:49.250540+00:00
protonet,wide_resnet50_2,7,1,/home/soumik/soumik/misc/output/checkpoints/protonet_wide_resnet50_2_7way_1shot_latest.pt,999,96.17857250571251,2026-07-29T02:23:53.213072+00:00
protonet,wide_resnet50_2,7,5,/home/soumik/soumik/misc/output/checkpoints/protonet_wide_resnet50_2_7way_5shot_latest.pt,49,-inf,2026-07-29T02:37:10.048648+00:00
protonet,wide_resnet50_2,7,5,/home/soumik/soumik/misc/output/checkpoints/protonet_wide_resnet50_2_7way_5shot_latest.pt,99,-inf,2026-07-29T02:50:31.131584+00:00
protonet,wide_resnet50_2,7,5,/home/soumik/soumik/misc/output/checkpoints/protonet_wide_resnet50_2_7way_5shot_latest.pt,149,-inf,2026-07-29T03:03:19.971952+00:00
protonet,wide_resnet50_2,7,5,/home/soumik/soumik/misc/output/checkpoints/protonet_wide_resnet50_2_7way_5shot_latest.pt,199,-inf,2026-07-29T03:16:22.126586+00:00
protonet,wide_resnet50_2,7,5,/home/soumik/soumik/misc/output/checkpoints/protonet_wide_resnet50_2_7way_5shot_latest.pt,249,-inf,2026-07-29T03:29:25.151033+00:00
protonet,wide_resnet50_2,7,5,/home/soumik/soumik/misc/output/checkpoints/protonet_wide_resnet50_2_7way_5shot_latest.pt,299,-inf,2026-07-29T03:43:12.328391+00:00
protonet,wide_resnet50_2,7,5,/home/soumik/soumik/misc/output/checkpoints/protonet_wide_resnet50_2_7way_5shot_latest.pt,349,-inf,2026-07-29T03:56:55.537451+00:00
protonet,wide_resnet50_2,7,5,/home/soumik/soumik/misc/output/checkpoints/protonet_wide_resnet50_2_7way_5shot_latest.pt,399,-inf,2026-07-29T04:09:51.079080+00:00
protonet,wide_resnet50_2,7,5,/home/soumik/soumik/misc/output/checkpoints/protonet_wide_resnet50_2_7way_5shot_latest.pt,449,-inf,2026-07-29T04:22:11.006384+00:00
protonet,wide_resnet50_2,7,5,/home/soumik/soumik/misc/output/checkpoints/protonet_wide_resnet50_2_7way_5shot_latest.pt,499,-inf,2026-07-29T04:35:30.939590+00:00
protonet,wide_resnet50_2,7,5,/home/soumik/soumik/misc/output/checkpoints/protonet_wide_resnet50_2_7way_5shot_latest.pt,549,-inf,2026-07-29T04:48:05.489074+00:00
protonet,wide_resnet50_2,7,5,/home/soumik/soumik/misc/output/checkpoints/protonet_wide_resnet50_2_7way_5shot_latest.pt,599,-inf,2026-07-29T04:59:52.926815+00:00
protonet,wide_resnet50_2,7,5,/home/soumik/soumik/misc/output/checkpoints/protonet_wide_resnet50_2_7way_5shot_latest.pt,649,-inf,2026-07-29T05:13:14.745459+00:00
protonet,wide_resnet50_2,7,5,/home/soumik/soumik/misc/output/checkpoints/protonet_wide_resnet50_2_7way_5shot_latest.pt,699,-inf,2026-07-29T05:25:54.652905+00:00
protonet,wide_resnet50_2,7,5,/home/soumik/soumik/misc/output/checkpoints/protonet_wide_resnet50_2_7way_5shot_latest.pt,749,-inf,2026-07-29T05:39:45.220774+00:00
protonet,wide_resnet50_2,7,5,/home/soumik/soumik/misc/output/checkpoints/protonet_wide_resnet50_2_7way_5shot_latest.pt,799,-inf,2026-07-29T05:52:26.784416+00:00
protonet,wide_resnet50_2,7,5,/home/soumik/soumik/misc/output/checkpoints/protonet_wide_resnet50_2_7way_5shot_latest.pt,849,-inf,2026-07-29T06:05:37.816805+00:00
protonet,wide_resnet50_2,7,5,/home/soumik/soumik/misc/output/checkpoints/protonet_wide_resnet50_2_7way_5shot_latest.pt,899,-inf,2026-07-29T06:18:27.833975+00:00
protonet,wide_resnet50_2,7,5,/home/soumik/soumik/misc/output/checkpoints/protonet_wide_resnet50_2_7way_5shot_latest.pt,949,-inf,2026-07-29T06:31:58.715411+00:00
protonet,wide_resnet50_2,7,5,/home/soumik/soumik/misc/output/checkpoints/protonet_wide_resnet50_2_7way_5shot_latest.pt,999,-inf,2026-07-29T06:46:21.316456+00:00
protonet,wide_resnet50_2,7,5,/home/soumik/soumik/misc/output/checkpoints/protonet_wide_resnet50_2_7way_5shot_best.pt,999,97.31428694725037,2026-07-29T06:56:38.923163+00:00
protonet,wide_resnet50_2,7,5,/home/soumik/soumik/misc/output/checkpoints/protonet_wide_resnet50_2_7way_5shot_latest.pt,999,97.31428694725037,2026-07-29T06:56:43.403288+00:00
protonet,wide_resnet50_2,7,10,/home/soumik/soumik/misc/output/checkpoints/protonet_wide_resnet50_2_7way_10shot_latest.pt,49,-inf,2026-07-29T07:10:12.917492+00:00
protonet,wide_resnet50_2,7,10,/home/soumik/soumik/misc/output/checkpoints/protonet_wide_resnet50_2_7way_10shot_latest.pt,99,-inf,2026-07-29T07:23:42.851880+00:00
protonet,wide_resnet50_2,7,10,/home/soumik/soumik/misc/output/checkpoints/protonet_wide_resnet50_2_7way_10shot_latest.pt,149,-inf,2026-07-29T07:37:05.747845+00:00
protonet,wide_resnet50_2,7,10,/home/soumik/soumik/misc/output/checkpoints/protonet_wide_resnet50_2_7way_10shot_latest.pt,199,-inf,2026-07-29T07:51:26.233517+00:00
protonet,wide_resnet50_2,7,10,/home/soumik/soumik/misc/output/checkpoints/protonet_wide_resnet50_2_7way_10shot_latest.pt,249,-inf,2026-07-29T08:06:23.759854+00:00
protonet,wide_resnet50_2,7,10,/home/soumik/soumik/misc/output/checkpoints/protonet_wide_resnet50_2_7way_10shot_latest.pt,299,-inf,2026-07-29T08:21:29.673351+00:00
protonet,wide_resnet50_2,7,10,/home/soumik/soumik/misc/output/checkpoints/protonet_wide_resnet50_2_7way_10shot_latest.pt,349,-inf,2026-07-29T18:50:18.815086+00:00
protonet,wide_resnet50_2,7,10,/home/soumik/soumik/misc/output/checkpoints/protonet_wide_resnet50_2_7way_10shot_latest.pt,399,-inf,2026-07-29T19:03:08.288242+00:00
protonet,wide_resnet50_2,7,10,/home/soumik/soumik/misc/output/checkpoints/protonet_wide_resnet50_2_7way_10shot_latest.pt,449,-inf,2026-07-29T19:15:46.524311+00:00
protonet,wide_resnet50_2,7,10,/home/soumik/soumik/misc/output/checkpoints/protonet_wide_resnet50_2_7way_10shot_latest.pt,499,-inf,2026-07-29T19:29:10.545388+00:00
protonet,wide_resnet50_2,7,10,/home/soumik/soumik/misc/output/checkpoints/protonet_wide_resnet50_2_7way_10shot_latest.pt,549,-inf,2026-07-29T19:42:29.669349+00:00
protonet,wide_resnet50_2,7,10,/home/soumik/soumik/misc/output/checkpoints/protonet_wide_resnet50_2_7way_10shot_latest.pt,599,-inf,2026-07-29T19:56:23.291362+00:00
protonet,wide_resnet50_2,7,10,/home/soumik/soumik/misc/output/checkpoints/protonet_wide_resnet50_2_7way_10shot_latest.pt,649,-inf,2026-07-29T20:09:45.760735+00:00
protonet,wide_resnet50_2,7,10,/home/soumik/soumik/misc/output/checkpoints/protonet_wide_resnet50_2_7way_10shot_latest.pt,699,-inf,2026-07-29T20:22:23.222113+00:00
protonet,wide_resnet50_2,7,10,/home/soumik/soumik/misc/output/checkpoints/protonet_wide_resnet50_2_7way_10shot_latest.pt,749,-inf,2026-07-29T20:37:20.082687+00:00
protonet,wide_resnet50_2,7,10,/home/soumik/soumik/misc/output/checkpoints/protonet_wide_resnet50_2_7way_10shot_latest.pt,799,-inf,2026-07-29T20:50:13.640603+00:00
protonet,wide_resnet50_2,7,10,/home/soumik/soumik/misc/output/checkpoints/protonet_wide_resnet50_2_7way_10shot_latest.pt,849,-inf,2026-07-29T21:03:45.903287+00:00
protonet,wide_resnet50_2,7,10,/home/soumik/soumik/misc/output/checkpoints/protonet_wide_resnet50_2_7way_10shot_latest.pt,899,-inf,2026-07-29T21:16:39.475086+00:00
protonet,wide_resnet50_2,7,10,/home/soumik/soumik/misc/output/checkpoints/protonet_wide_resnet50_2_7way_10shot_latest.pt,949,-inf,2026-07-29T21:30:25.429493+00:00
protonet,wide_resnet50_2,7,10,/home/soumik/soumik/misc/output/checkpoints/protonet_wide_resnet50_2_7way_10shot_latest.pt,999,-inf,2026-07-29T21:43:47.996360+00:00
protonet,wide_resnet50_2,7,10,/home/soumik/soumik/misc/output/checkpoints/protonet_wide_resnet50_2_7way_10shot_best.pt,999,97.57142987847328,2026-07-29T21:54:29.711120+00:00
protonet,wide_resnet50_2,7,10,/home/soumik/soumik/misc/output/checkpoints/protonet_wide_resnet50_2_7way_10shot_latest.pt,999,97.57142987847328,2026-07-29T21:54:33.285071+00:00
siamese,mobilenetv4_conv_small.e2400_r224_in1k,5,1,/home/soumik/soumik/misc/output/checkpoints/siamese_mobilenetv4_conv_small.e2400_r224_in1k_5way_1shot_latest.pt,49,-inf,2026-07-29T22:05:48.913876+00:00
siamese,mobilenetv4_conv_small.e2400_r224_in1k,5,1,/home/soumik/soumik/misc/output/checkpoints/siamese_mobilenetv4_conv_small.e2400_r224_in1k_5way_1shot_latest.pt,99,-inf,2026-07-29T22:18:07.662041+00:00
siamese,mobilenetv4_conv_small.e2400_r224_in1k,5,1,/home/soumik/soumik/misc/output/checkpoints/siamese_mobilenetv4_conv_small.e2400_r224_in1k_5way_1shot_latest.pt,149,-inf,2026-07-29T22:28:47.761324+00:00
siamese,mobilenetv4_conv_small.e2400_r224_in1k,5,1,/home/soumik/soumik/misc/output/checkpoints/siamese_mobilenetv4_conv_small.e2400_r224_in1k_5way_1shot_latest.pt,199,-inf,2026-07-29T22:39:29.067908+00:00
siamese,mobilenetv4_conv_small.e2400_r224_in1k,5,1,/home/soumik/soumik/misc/output/checkpoints/siamese_mobilenetv4_conv_small.e2400_r224_in1k_5way_1shot_latest.pt,249,-inf,2026-07-29T22:51:02.216714+00:00
siamese,mobilenetv4_conv_small.e2400_r224_in1k,5,1,/home/soumik/soumik/misc/output/checkpoints/siamese_mobilenetv4_conv_small.e2400_r224_in1k_5way_1shot_latest.pt,299,-inf,2026-07-29T23:02:33.940106+00:00
siamese,mobilenetv4_conv_small.e2400_r224_in1k,5,1,/home/soumik/soumik/misc/output/checkpoints/siamese_mobilenetv4_conv_small.e2400_r224_in1k_5way_1shot_latest.pt,349,-inf,2026-07-29T23:13:23.975264+00:00
siamese,mobilenetv4_conv_small.e2400_r224_in1k,5,1,/home/soumik/soumik/misc/output/checkpoints/siamese_mobilenetv4_conv_small.e2400_r224_in1k_5way_1shot_latest.pt,399,-inf,2026-07-29T23:24:25.007358+00:00
siamese,mobilenetv4_conv_small.e2400_r224_in1k,5,1,/home/soumik/soumik/misc/output/checkpoints/siamese_mobilenetv4_conv_small.e2400_r224_in1k_5way_1shot_latest.pt,449,-inf,2026-07-29T23:35:45.262334+00:00
siamese,mobilenetv4_conv_small.e2400_r224_in1k,5,1,/home/soumik/soumik/misc/output/checkpoints/siamese_mobilenetv4_conv_small.e2400_r224_in1k_5way_1shot_latest.pt,499,-inf,2026-07-29T23:47:40.331260+00:00
siamese,mobilenetv4_conv_small.e2400_r224_in1k,5,1,/home/soumik/soumik/misc/output/checkpoints/siamese_mobilenetv4_conv_small.e2400_r224_in1k_5way_1shot_latest.pt,549,-inf,2026-07-29T23:58:52.311371+00:00
siamese,mobilenetv4_conv_small.e2400_r224_in1k,5,1,/home/soumik/soumik/misc/output/checkpoints/siamese_mobilenetv4_conv_small.e2400_r224_in1k_5way_1shot_latest.pt,599,-inf,2026-07-30T00:09:58.415031+00:00
siamese,mobilenetv4_conv_small.e2400_r224_in1k,5,1,/home/soumik/soumik/misc/output/checkpoints/siamese_mobilenetv4_conv_small.e2400_r224_in1k_5way_1shot_latest.pt,649,-inf,2026-07-30T00:19:57.533099+00:00
siamese,mobilenetv4_conv_small.e2400_r224_in1k,5,1,/home/soumik/soumik/misc/output/checkpoints/siamese_mobilenetv4_conv_small.e2400_r224_in1k_5way_1shot_latest.pt,699,-inf,2026-07-30T00:31:12.063360+00:00
siamese,mobilenetv4_conv_small.e2400_r224_in1k,5,1,/home/soumik/soumik/misc/output/checkpoints/siamese_mobilenetv4_conv_small.e2400_r224_in1k_5way_1shot_latest.pt,749,-inf,2026-07-30T00:42:24.937616+00:00
siamese,mobilenetv4_conv_small.e2400_r224_in1k,5,1,/home/soumik/soumik/misc/output/checkpoints/siamese_mobilenetv4_conv_small.e2400_r224_in1k_5way_1shot_latest.pt,799,-inf,2026-07-30T00:53:47.639852+00:00
siamese,mobilenetv4_conv_small.e2400_r224_in1k,5,1,/home/soumik/soumik/misc/output/checkpoints/siamese_mobilenetv4_conv_small.e2400_r224_in1k_5way_1shot_latest.pt,849,-inf,2026-07-30T01:04:36.196932+00:00
siamese,mobilenetv4_conv_small.e2400_r224_in1k,5,1,/home/soumik/soumik/misc/output/checkpoints/siamese_mobilenetv4_conv_small.e2400_r224_in1k_5way_1shot_latest.pt,899,-inf,2026-07-30T01:15:49.247178+00:00
siamese,mobilenetv4_conv_small.e2400_r224_in1k,5,1,/home/soumik/soumik/misc/output/checkpoints/siamese_mobilenetv4_conv_small.e2400_r224_in1k_5way_1shot_latest.pt,949,-inf,2026-07-30T01:26:49.056355+00:00
siamese,mobilenetv4_conv_small.e2400_r224_in1k,5,1,/home/soumik/soumik/misc/output/checkpoints/siamese_mobilenetv4_conv_small.e2400_r224_in1k_5way_1shot_latest.pt,999,-inf,2026-07-30T01:38:19.887365+00:00
siamese,mobilenetv4_conv_small.e2400_r224_in1k,5,1,/home/soumik/soumik/misc/output/checkpoints/siamese_mobilenetv4_conv_small.e2400_r224_in1k_5way_1shot_best.pt,999,21.059999456629157,2026-07-30T01:47:28.219251+00:00
siamese,mobilenetv4_conv_small.e2400_r224_in1k,5,1,/home/soumik/soumik/misc/output/checkpoints/siamese_mobilenetv4_conv_small.e2400_r224_in1k_5way_1shot_latest.pt,999,21.059999456629157,2026-07-30T01:47:28.308294+00:00
siamese,mobilenetv4_conv_small.e2400_r224_in1k,5,5,/home/soumik/soumik/misc/output/checkpoints/siamese_mobilenetv4_conv_small.e2400_r224_in1k_5way_5shot_latest.pt,49,-inf,2026-07-30T01:59:29.153491+00:00
siamese,mobilenetv4_conv_small.e2400_r224_in1k,5,5,/home/soumik/soumik/misc/output/checkpoints/siamese_mobilenetv4_conv_small.e2400_r224_in1k_5way_5shot_latest.pt,99,-inf,2026-07-30T02:10:15.091775+00:00
siamese,mobilenetv4_conv_small.e2400_r224_in1k,5,5,/home/soumik/soumik/misc/output/checkpoints/siamese_mobilenetv4_conv_small.e2400_r224_in1k_5way_5shot_latest.pt,149,-inf,2026-07-30T02:21:39.216765+00:00
siamese,mobilenetv4_conv_small.e2400_r224_in1k,5,5,/home/soumik/soumik/misc/output/checkpoints/siamese_mobilenetv4_conv_small.e2400_r224_in1k_5way_5shot_latest.pt,199,-inf,2026-07-30T02:33:31.480801+00:00
siamese,mobilenetv4_conv_small.e2400_r224_in1k,5,5,/home/soumik/soumik/misc/output/checkpoints/siamese_mobilenetv4_conv_small.e2400_r224_in1k_5way_5shot_latest.pt,249,-inf,2026-07-30T02:45:17.294520+00:00
siamese,mobilenetv4_conv_small.e2400_r224_in1k,5,5,/home/soumik/soumik/misc/output/checkpoints/siamese_mobilenetv4_conv_small.e2400_r224_in1k_5way_5shot_latest.pt,299,-inf,2026-07-30T02:56:27.210051+00:00
siamese,mobilenetv4_conv_small.e2400_r224_in1k,5,5,/home/soumik/soumik/misc/output/checkpoints/siamese_mobilenetv4_conv_small.e2400_r224_in1k_5way_5shot_latest.pt,349,-inf,2026-07-30T03:08:04.312604+00:00
siamese,mobilenetv4_conv_small.e2400_r224_in1k,5,5,/home/soumik/soumik/misc/output/checkpoints/siamese_mobilenetv4_conv_small.e2400_r224_in1k_5way_5shot_latest.pt,399,-inf,2026-07-30T03:19:09.290624+00:00
siamese,mobilenetv4_conv_small.e2400_r224_in1k,5,5,/home/soumik/soumik/misc/output/checkpoints/siamese_mobilenetv4_conv_small.e2400_r224_in1k_5way_5shot_latest.pt,449,-inf,2026-07-30T03:31:18.224418+00:00
siamese,mobilenetv4_conv_small.e2400_r224_in1k,5,5,/home/soumik/soumik/misc/output/checkpoints/siamese_mobilenetv4_conv_small.e2400_r224_in1k_5way_5shot_latest.pt,499,-inf,2026-07-30T03:42:11.832874+00:00
siamese,mobilenetv4_conv_small.e2400_r224_in1k,5,5,/home/soumik/soumik/misc/output/checkpoints/siamese_mobilenetv4_conv_small.e2400_r224_in1k_5way_5shot_latest.pt,549,-inf,2026-07-30T03:52:41.008522+00:00
siamese,mobilenetv4_conv_small.e2400_r224_in1k,5,5,/home/soumik/soumik/misc/output/checkpoints/siamese_mobilenetv4_conv_small.e2400_r224_in1k_5way_5shot_latest.pt,599,-inf,2026-07-30T04:03:42.928512+00:00
siamese,mobilenetv4_conv_small.e2400_r224_in1k,5,5,/home/soumik/soumik/misc/output/checkpoints/siamese_mobilenetv4_conv_small.e2400_r224_in1k_5way_5shot_latest.pt,649,-inf,2026-07-30T04:15:36.539461+00:00
siamese,mobilenetv4_conv_small.e2400_r224_in1k,5,5,/home/soumik/soumik/misc/output/checkpoints/siamese_mobilenetv4_conv_small.e2400_r224_in1k_5way_5shot_latest.pt,699,-inf,2026-07-30T04:26:52.634652+00:00
siamese,mobilenetv4_conv_small.e2400_r224_in1k,5,5,/home/soumik/soumik/misc/output/checkpoints/siamese_mobilenetv4_conv_small.e2400_r224_in1k_5way_5shot_latest.pt,749,-inf,2026-07-30T04:38:21.576660+00:00
siamese,mobilenetv4_conv_small.e2400_r224_in1k,5,5,/home/soumik/soumik/misc/output/checkpoints/siamese_mobilenetv4_conv_small.e2400_r224_in1k_5way_5shot_latest.pt,799,-inf,2026-07-30T04:50:36.016495+00:00
siamese,mobilenetv4_conv_small.e2400_r224_in1k,5,5,/home/soumik/soumik/misc/output/checkpoints/siamese_mobilenetv4_conv_small.e2400_r224_in1k_5way_5shot_latest.pt,849,-inf,2026-07-30T05:02:22.063773+00:00
siamese,mobilenetv4_conv_small.e2400_r224_in1k,5,5,/home/soumik/soumik/misc/output/checkpoints/siamese_mobilenetv4_conv_small.e2400_r224_in1k_5way_5shot_latest.pt,899,-inf,2026-07-30T05:15:12.381363+00:00
siamese,mobilenetv4_conv_small.e2400_r224_in1k,5,5,/home/soumik/soumik/misc/output/checkpoints/siamese_mobilenetv4_conv_small.e2400_r224_in1k_5way_5shot_latest.pt,949,-inf,2026-07-30T05:28:16.723924+00:00
siamese,mobilenetv4_conv_small.e2400_r224_in1k,5,5,/home/soumik/soumik/misc/output/checkpoints/siamese_mobilenetv4_conv_small.e2400_r224_in1k_5way_5shot_latest.pt,999,-inf,2026-07-30T05:41:10.688134+00:00
siamese,mobilenetv4_conv_small.e2400_r224_in1k,5,5,/home/soumik/soumik/misc/output/checkpoints/siamese_mobilenetv4_conv_small.e2400_r224_in1k_5way_5shot_best.pt,999,22.099999364465475,2026-07-30T05:50:48.215246+00:00
siamese,mobilenetv4_conv_small.e2400_r224_in1k,5,5,/home/soumik/soumik/misc/output/checkpoints/siamese_mobilenetv4_conv_small.e2400_r224_in1k_5way_5shot_latest.pt,999,22.099999364465475,2026-07-30T05:50:48.325446+00:00
siamese,mobilenetv4_conv_small.e2400_r224_in1k,5,10,/home/soumik/soumik/misc/output/checkpoints/siamese_mobilenetv4_conv_small.e2400_r224_in1k_5way_10shot_latest.pt,49,-inf,2026-07-30T06:02:10.096568+00:00
siamese,mobilenetv4_conv_small.e2400_r224_in1k,5,10,/home/soumik/soumik/misc/output/checkpoints/siamese_mobilenetv4_conv_small.e2400_r224_in1k_5way_10shot_latest.pt,99,-inf,2026-07-30T06:13:53.098256+00:00
siamese,mobilenetv4_conv_small.e2400_r224_in1k,5,10,/home/soumik/soumik/misc/output/checkpoints/siamese_mobilenetv4_conv_small.e2400_r224_in1k_5way_10shot_latest.pt,149,-inf,2026-07-30T06:29:54.769120+00:00
siamese,mobilenetv4_conv_small.e2400_r224_in1k,5,10,/home/soumik/soumik/misc/output/checkpoints/siamese_mobilenetv4_conv_small.e2400_r224_in1k_5way_10shot_latest.pt,199,-inf,2026-07-30T18:33:57.366726+00:00
siamese,mobilenetv4_conv_small.e2400_r224_in1k,5,10,/home/soumik/soumik/misc/output/checkpoints/siamese_mobilenetv4_conv_small.e2400_r224_in1k_5way_10shot_latest.pt,249,-inf,2026-07-30T18:44:17.515922+00:00
siamese,mobilenetv4_conv_small.e2400_r224_in1k,5,10,/home/soumik/soumik/misc/output/checkpoints/siamese_mobilenetv4_conv_small.e2400_r224_in1k_5way_10shot_latest.pt,299,-inf,2026-07-30T18:55:48.184401+00:00
siamese,mobilenetv4_conv_small.e2400_r224_in1k,5,10,/home/soumik/soumik/misc/output/checkpoints/siamese_mobilenetv4_conv_small.e2400_r224_in1k_5way_10shot_latest.pt,349,-inf,2026-07-30T19:06:58.832189+00:00
siamese,mobilenetv4_conv_small.e2400_r224_in1k,5,10,/home/soumik/soumik/misc/output/checkpoints/siamese_mobilenetv4_conv_small.e2400_r224_in1k_5way_10shot_latest.pt,399,-inf,2026-07-30T19:19:12.014895+00:00
siamese,mobilenetv4_conv_small.e2400_r224_in1k,5,10,/home/soumik/soumik/misc/output/checkpoints/siamese_mobilenetv4_conv_small.e2400_r224_in1k_5way_10shot_latest.pt,449,-inf,2026-07-30T19:30:58.144253+00:00
siamese,mobilenetv4_conv_small.e2400_r224_in1k,5,10,/home/soumik/soumik/misc/output/checkpoints/siamese_mobilenetv4_conv_small.e2400_r224_in1k_5way_10shot_latest.pt,499,-inf,2026-07-30T19:41:39.555255+00:00
siamese,mobilenetv4_conv_small.e2400_r224_in1k,5,10,/home/soumik/soumik/misc/output/checkpoints/siamese_mobilenetv4_conv_small.e2400_r224_in1k_5way_10shot_latest.pt,549,-inf,2026-07-30T19:53:13.466217+00:00
siamese,mobilenetv4_conv_small.e2400_r224_in1k,5,10,/home/soumik/soumik/misc/output/checkpoints/siamese_mobilenetv4_conv_small.e2400_r224_in1k_5way_10shot_latest.pt,599,-inf,2026-07-30T20:04:16.146714+00:00
siamese,mobilenetv4_conv_small.e2400_r224_in1k,5,10,/home/soumik/soumik/misc/output/checkpoints/siamese_mobilenetv4_conv_small.e2400_r224_in1k_5way_10shot_latest.pt,649,-inf,2026-07-30T20:15:47.711853+00:00
siamese,mobilenetv4_conv_small.e2400_r224_in1k,5,10,/home/soumik/soumik/misc/output/checkpoints/siamese_mobilenetv4_conv_small.e2400_r224_in1k_5way_10shot_latest.pt,699,-inf,2026-07-30T20:26:43.408993+00:00
siamese,mobilenetv4_conv_small.e2400_r224_in1k,5,10,/home/soumik/soumik/misc/output/checkpoints/siamese_mobilenetv4_conv_small.e2400_r224_in1k_5way_10shot_latest.pt,749,-inf,2026-07-30T20:37:54.659310+00:00
siamese,mobilenetv4_conv_small.e2400_r224_in1k,5,10,/home/soumik/soumik/misc/output/checkpoints/siamese_mobilenetv4_conv_small.e2400_r224_in1k_5way_10shot_latest.pt,799,-inf,2026-07-30T20:49:13.528904+00:00
siamese,mobilenetv4_conv_small.e2400_r224_in1k,5,10,/home/soumik/soumik/misc/output/checkpoints/siamese_mobilenetv4_conv_small.e2400_r224_in1k_5way_10shot_latest.pt,849,-inf,2026-07-30T20:59:33.334472+00:00
siamese,mobilenetv4_conv_small.e2400_r224_in1k,5,10,/home/soumik/soumik/misc/output/checkpoints/siamese_mobilenetv4_conv_small.e2400_r224_in1k_5way_10shot_latest.pt,899,-inf,2026-07-30T21:10:48.950732+00:00
siamese,mobilenetv4_conv_small.e2400_r224_in1k,5,10,/home/soumik/soumik/misc/output/checkpoints/siamese_mobilenetv4_conv_small.e2400_r224_in1k_5way_10shot_latest.pt,949,-inf,2026-07-30T21:22:01.837023+00:00
siamese,mobilenetv4_conv_small.e2400_r224_in1k,5,10,/home/soumik/soumik/misc/output/checkpoints/siamese_mobilenetv4_conv_small.e2400_r224_in1k_5way_10shot_latest.pt,999,-inf,2026-07-30T21:33:43.148406+00:00
siamese,mobilenetv4_conv_small.e2400_r224_in1k,5,10,/home/soumik/soumik/misc/output/checkpoints/siamese_mobilenetv4_conv_small.e2400_r224_in1k_5way_10shot_best.pt,999,24.77999939583242,2026-07-30T21:42:26.041604+00:00
siamese,mobilenetv4_conv_small.e2400_r224_in1k,5,10,/home/soumik/soumik/misc/output/checkpoints/siamese_mobilenetv4_conv_small.e2400_r224_in1k_5way_10shot_latest.pt,999,24.77999939583242,2026-07-30T21:42:26.155169+00:00
siamese,mobilenetv4_conv_small.e2400_r224_in1k,7,1,/home/soumik/soumik/misc/output/checkpoints/siamese_mobilenetv4_conv_small.e2400_r224_in1k_7way_1shot_latest.pt,49,-inf,2026-07-30T21:54:39.284607+00:00
siamese,mobilenetv4_conv_small.e2400_r224_in1k,7,1,/home/soumik/soumik/misc/output/checkpoints/siamese_mobilenetv4_conv_small.e2400_r224_in1k_7way_1shot_latest.pt,99,-inf,2026-07-30T22:07:29.147540+00:00
siamese,mobilenetv4_conv_small.e2400_r224_in1k,7,1,/home/soumik/soumik/misc/output/checkpoints/siamese_mobilenetv4_conv_small.e2400_r224_in1k_7way_1shot_latest.pt,149,-inf,2026-07-30T22:18:43.789369+00:00
siamese,mobilenetv4_conv_small.e2400_r224_in1k,7,1,/home/soumik/soumik/misc/output/checkpoints/siamese_mobilenetv4_conv_small.e2400_r224_in1k_7way_1shot_latest.pt,199,-inf,2026-07-30T22:32:15.527335+00:00
siamese,mobilenetv4_conv_small.e2400_r224_in1k,7,1,/home/soumik/soumik/misc/output/checkpoints/siamese_mobilenetv4_conv_small.e2400_r224_in1k_7way_1shot_latest.pt,249,-inf,2026-07-30T22:44:28.186335+00:00
siamese,mobilenetv4_conv_small.e2400_r224_in1k,7,1,/home/soumik/soumik/misc/output/checkpoints/siamese_mobilenetv4_conv_small.e2400_r224_in1k_7way_1shot_latest.pt,299,-inf,2026-07-30T22:56:49.464442+00:00
siamese,mobilenetv4_conv_small.e2400_r224_in1k,7,1,/home/soumik/soumik/misc/output/checkpoints/siamese_mobilenetv4_conv_small.e2400_r224_in1k_7way_1shot_latest.pt,349,-inf,2026-07-30T23:08:26.879507+00:00
siamese,mobilenetv4_conv_small.e2400_r224_in1k,7,1,/home/soumik/soumik/misc/output/checkpoints/siamese_mobilenetv4_conv_small.e2400_r224_in1k_7way_1shot_latest.pt,399,-inf,2026-07-30T23:20:27.419502+00:00
siamese,mobilenetv4_conv_small.e2400_r224_in1k,7,1,/home/soumik/soumik/misc/output/checkpoints/siamese_mobilenetv4_conv_small.e2400_r224_in1k_7way_1shot_latest.pt,449,-inf,2026-07-30T23:32:17.446197+00:00
siamese,mobilenetv4_conv_small.e2400_r224_in1k,7,1,/home/soumik/soumik/misc/output/checkpoints/siamese_mobilenetv4_conv_small.e2400_r224_in1k_7way_1shot_latest.pt,499,-inf,2026-07-30T23:43:24.438633+00:00
siamese,mobilenetv4_conv_small.e2400_r224_in1k,7,1,/home/soumik/soumik/misc/output/checkpoints/siamese_mobilenetv4_conv_small.e2400_r224_in1k_7way_1shot_latest.pt,549,-inf,2026-07-30T23:56:12.699628+00:00
siamese,mobilenetv4_conv_small.e2400_r224_in1k,7,1,/home/soumik/soumik/misc/output/checkpoints/siamese_mobilenetv4_conv_small.e2400_r224_in1k_7way_1shot_latest.pt,599,-inf,2026-07-31T00:08:53.104688+00:00
siamese,mobilenetv4_conv_small.e2400_r224_in1k,7,1,/home/soumik/soumik/misc/output/checkpoints/siamese_mobilenetv4_conv_small.e2400_r224_in1k_7way_1shot_latest.pt,649,-inf,2026-07-31T00:22:10.361835+00:00
siamese,mobilenetv4_conv_small.e2400_r224_in1k,7,1,/home/soumik/soumik/misc/output/checkpoints/siamese_mobilenetv4_conv_small.e2400_r224_in1k_7way_1shot_latest.pt,699,-inf,2026-07-31T00:34:27.954233+00:00
siamese,mobilenetv4_conv_small.e2400_r224_in1k,7,1,/home/soumik/soumik/misc/output/checkpoints/siamese_mobilenetv4_conv_small.e2400_r224_in1k_7way_1shot_latest.pt,749,-inf,2026-07-31T00:46:31.327489+00:00
siamese,mobilenetv4_conv_small.e2400_r224_in1k,7,1,/home/soumik/soumik/misc/output/checkpoints/siamese_mobilenetv4_conv_small.e2400_r224_in1k_7way_1shot_latest.pt,799,-inf,2026-07-31T00:58:37.691001+00:00
siamese,mobilenetv4_conv_small.e2400_r224_in1k,7,1,/home/soumik/soumik/misc/output/checkpoints/siamese_mobilenetv4_conv_small.e2400_r224_in1k_7way_1shot_latest.pt,849,-inf,2026-07-31T01:10:47.685995+00:00
siamese,mobilenetv4_conv_small.e2400_r224_in1k,7,1,/home/soumik/soumik/misc/output/checkpoints/siamese_mobilenetv4_conv_small.e2400_r224_in1k_7way_1shot_latest.pt,899,-inf,2026-07-31T01:22:55.245994+00:00
siamese,mobilenetv4_conv_small.e2400_r224_in1k,7,1,/home/soumik/soumik/misc/output/checkpoints/siamese_mobilenetv4_conv_small.e2400_r224_in1k_7way_1shot_latest.pt,949,-inf,2026-07-31T01:33:30.112938+00:00
siamese,mobilenetv4_conv_small.e2400_r224_in1k,7,1,/home/soumik/soumik/misc/output/checkpoints/siamese_mobilenetv4_conv_small.e2400_r224_in1k_7way_1shot_latest.pt,999,-inf,2026-07-31T01:45:02.294082+00:00
siamese,mobilenetv4_conv_small.e2400_r224_in1k,7,1,/home/soumik/soumik/misc/output/checkpoints/siamese_mobilenetv4_conv_small.e2400_r224_in1k_7way_1shot_best.pt,999,15.835714707151055,2026-07-31T01:54:10.306568+00:00
siamese,mobilenetv4_conv_small.e2400_r224_in1k,7,1,/home/soumik/soumik/misc/output/checkpoints/siamese_mobilenetv4_conv_small.e2400_r224_in1k_7way_1shot_latest.pt,999,15.835714707151055,2026-07-31T01:54:10.410649+00:00
siamese,mobilenetv4_conv_small.e2400_r224_in1k,7,5,/home/soumik/soumik/misc/output/checkpoints/siamese_mobilenetv4_conv_small.e2400_r224_in1k_7way_5shot_latest.pt,49,-inf,2026-07-31T02:06:30.334751+00:00
siamese,mobilenetv4_conv_small.e2400_r224_in1k,7,5,/home/soumik/soumik/misc/output/checkpoints/siamese_mobilenetv4_conv_small.e2400_r224_in1k_7way_5shot_latest.pt,99,-inf,2026-07-31T02:17:10.673101+00:00
siamese,mobilenetv4_conv_small.e2400_r224_in1k,7,5,/home/soumik/soumik/misc/output/checkpoints/siamese_mobilenetv4_conv_small.e2400_r224_in1k_7way_5shot_latest.pt,149,-inf,2026-07-31T02:29:51.400045+00:00
siamese,mobilenetv4_conv_small.e2400_r224_in1k,7,5,/home/soumik/soumik/misc/output/checkpoints/siamese_mobilenetv4_conv_small.e2400_r224_in1k_7way_5shot_latest.pt,199,-inf,2026-07-31T02:41:55.088466+00:00
siamese,mobilenetv4_conv_small.e2400_r224_in1k,7,5,/home/soumik/soumik/misc/output/checkpoints/siamese_mobilenetv4_conv_small.e2400_r224_in1k_7way_5shot_latest.pt,249,-inf,2026-07-31T02:53:45.034079+00:00
siamese,mobilenetv4_conv_small.e2400_r224_in1k,7,5,/home/soumik/soumik/misc/output/checkpoints/siamese_mobilenetv4_conv_small.e2400_r224_in1k_7way_5shot_latest.pt,299,-inf,2026-07-31T03:05:46.700066+00:00
siamese,mobilenetv4_conv_small.e2400_r224_in1k,7,5,/home/soumik/soumik/misc/output/checkpoints/siamese_mobilenetv4_conv_small.e2400_r224_in1k_7way_5shot_latest.pt,349,-inf,2026-07-31T03:19:08.324329+00:00
siamese,mobilenetv4_conv_small.e2400_r224_in1k,7,5,/home/soumik/soumik/misc/output/checkpoints/siamese_mobilenetv4_conv_small.e2400_r224_in1k_7way_5shot_latest.pt,399,-inf,2026-07-31T03:30:46.624152+00:00
siamese,mobilenetv4_conv_small.e2400_r224_in1k,7,5,/home/soumik/soumik/misc/output/checkpoints/siamese_mobilenetv4_conv_small.e2400_r224_in1k_7way_5shot_latest.pt,449,-inf,2026-07-31T03:42:48.286980+00:00
siamese,mobilenetv4_conv_small.e2400_r224_in1k,7,5,/home/soumik/soumik/misc/output/checkpoints/siamese_mobilenetv4_conv_small.e2400_r224_in1k_7way_5shot_latest.pt,499,-inf,2026-07-31T03:55:01.804425+00:00
siamese,mobilenetv4_conv_small.e2400_r224_in1k,7,5,/home/soumik/soumik/misc/output/checkpoints/siamese_mobilenetv4_conv_small.e2400_r224_in1k_7way_5shot_latest.pt,549,-inf,2026-07-31T04:06:55.354473+00:00
siamese,mobilenetv4_conv_small.e2400_r224_in1k,7,5,/home/soumik/soumik/misc/output/checkpoints/siamese_mobilenetv4_conv_small.e2400_r224_in1k_7way_5shot_latest.pt,599,-inf,2026-07-31T04:18:51.020599+00:00
siamese,mobilenetv4_conv_small.e2400_r224_in1k,7,5,/home/soumik/soumik/misc/output/checkpoints/siamese_mobilenetv4_conv_small.e2400_r224_in1k_7way_5shot_latest.pt,649,-inf,2026-07-31T04:31:32.400468+00:00
siamese,mobilenetv4_conv_small.e2400_r224_in1k,7,5,/home/soumik/soumik/misc/output/checkpoints/siamese_mobilenetv4_conv_small.e2400_r224_in1k_7way_5shot_latest.pt,699,-inf,2026-07-31T04:43:38.286417+00:00
siamese,mobilenetv4_conv_small.e2400_r224_in1k,7,5,/home/soumik/soumik/misc/output/checkpoints/siamese_mobilenetv4_conv_small.e2400_r224_in1k_7way_5shot_latest.pt,749,-inf,2026-07-31T04:54:56.517745+00:00
siamese,mobilenetv4_conv_small.e2400_r224_in1k,7,5,/home/soumik/soumik/misc/output/checkpoints/siamese_mobilenetv4_conv_small.e2400_r224_in1k_7way_5shot_latest.pt,799,-inf,2026-07-31T05:07:17.060637+00:00
siamese,mobilenetv4_conv_small.e2400_r224_in1k,7,5,/home/soumik/soumik/misc/output/checkpoints/siamese_mobilenetv4_conv_small.e2400_r224_in1k_7way_5shot_latest.pt,849,-inf,2026-07-31T05:19:49.442315+00:00
siamese,mobilenetv4_conv_small.e2400_r224_in1k,7,5,/home/soumik/soumik/misc/output/checkpoints/siamese_mobilenetv4_conv_small.e2400_r224_in1k_7way_5shot_latest.pt,899,-inf,2026-07-31T05:31:40.953061+00:00
siamese,mobilenetv4_conv_small.e2400_r224_in1k,7,5,/home/soumik/soumik/misc/output/checkpoints/siamese_mobilenetv4_conv_small.e2400_r224_in1k_7way_5shot_latest.pt,949,-inf,2026-07-31T05:43:10.755267+00:00
siamese,mobilenetv4_conv_small.e2400_r224_in1k,7,5,/home/soumik/soumik/misc/output/checkpoints/siamese_mobilenetv4_conv_small.e2400_r224_in1k_7way_5shot_latest.pt,999,-inf,2026-07-31T05:55:15.262533+00:00
siamese,mobilenetv4_conv_small.e2400_r224_in1k,7,5,/home/soumik/soumik/misc/output/checkpoints/siamese_mobilenetv4_conv_small.e2400_r224_in1k_7way_5shot_best.pt,999,15.0000004414469,2026-07-31T06:03:56.671797+00:00
siamese,mobilenetv4_conv_small.e2400_r224_in1k,7,5,/home/soumik/soumik/misc/output/checkpoints/siamese_mobilenetv4_conv_small.e2400_r224_in1k_7way_5shot_latest.pt,999,15.0000004414469,2026-07-31T06:03:56.772122+00:00
siamese,mobilenetv4_conv_small.e2400_r224_in1k,7,10,/home/soumik/soumik/misc/output/checkpoints/siamese_mobilenetv4_conv_small.e2400_r224_in1k_7way_10shot_latest.pt,49,-inf,2026-07-31T06:16:14.912792+00:00
siamese,mobilenetv4_conv_small.e2400_r224_in1k,7,10,/home/soumik/soumik/misc/output/checkpoints/siamese_mobilenetv4_conv_small.e2400_r224_in1k_7way_10shot_latest.pt,99,-inf,2026-07-31T06:28:42.291908+00:00
siamese,mobilenetv4_conv_small.e2400_r224_in1k,7,10,/home/soumik/soumik/misc/output/checkpoints/siamese_mobilenetv4_conv_small.e2400_r224_in1k_7way_10shot_latest.pt,149,-inf,2026-07-31T06:40:34.459443+00:00
siamese,mobilenetv4_conv_small.e2400_r224_in1k,7,10,/home/soumik/soumik/misc/output/checkpoints/siamese_mobilenetv4_conv_small.e2400_r224_in1k_7way_10shot_latest.pt,199,-inf,2026-07-31T06:54:07.307379+00:00
siamese,mobilenetv4_conv_small.e2400_r224_in1k,7,10,/home/soumik/soumik/misc/output/checkpoints/siamese_mobilenetv4_conv_small.e2400_r224_in1k_7way_10shot_latest.pt,249,-inf,2026-07-31T07:07:18.917354+00:00
siamese,mobilenetv4_conv_small.e2400_r224_in1k,7,10,/home/soumik/soumik/misc/output/checkpoints/siamese_mobilenetv4_conv_small.e2400_r224_in1k_7way_10shot_latest.pt,299,-inf,2026-07-31T07:18:47.822058+00:00
siamese,mobilenetv4_conv_small.e2400_r224_in1k,7,10,/home/soumik/soumik/misc/output/checkpoints/siamese_mobilenetv4_conv_small.e2400_r224_in1k_7way_10shot_latest.pt,349,-inf,2026-07-31T07:31:56.981104+00:00
siamese,mobilenetv4_conv_small.e2400_r224_in1k,7,10,/home/soumik/soumik/misc/output/checkpoints/siamese_mobilenetv4_conv_small.e2400_r224_in1k_7way_10shot_latest.pt,399,-inf,2026-07-31T07:43:11.209200+00:00
siamese,mobilenetv4_conv_small.e2400_r224_in1k,7,10,/home/soumik/soumik/misc/output/checkpoints/siamese_mobilenetv4_conv_small.e2400_r224_in1k_7way_10shot_latest.pt,449,-inf,2026-07-31T07:56:52.302889+00:00
siamese,mobilenetv4_conv_small.e2400_r224_in1k,7,10,/home/soumik/soumik/misc/output/checkpoints/siamese_mobilenetv4_conv_small.e2400_r224_in1k_7way_10shot_latest.pt,499,-inf,2026-07-31T08:09:43.597716+00:00
siamese,mobilenetv4_conv_small.e2400_r224_in1k,7,10,/home/soumik/soumik/misc/output/checkpoints/siamese_mobilenetv4_conv_small.e2400_r224_in1k_7way_10shot_latest.pt,549,-inf,2026-07-31T08:22:15.096906+00:00
siamese,mobilenetv4_conv_small.e2400_r224_in1k,7,10,/home/soumik/soumik/misc/output/checkpoints/siamese_mobilenetv4_conv_small.e2400_r224_in1k_7way_10shot_latest.pt,599,-inf,2026-07-31T08:33:30.555847+00:00
siamese,mobilenetv4_conv_small.e2400_r224_in1k,7,10,/home/soumik/soumik/misc/output/checkpoints/siamese_mobilenetv4_conv_small.e2400_r224_in1k_7way_10shot_latest.pt,649,-inf,2026-07-31T08:45:25.266185+00:00
siamese,mobilenetv4_conv_small.e2400_r224_in1k,7,10,/home/soumik/soumik/misc/output/checkpoints/siamese_mobilenetv4_conv_small.e2400_r224_in1k_7way_10shot_latest.pt,699,-inf,2026-07-31T08:57:31.418744+00:00
siamese,mobilenetv4_conv_small.e2400_r224_in1k,7,10,/home/soumik/soumik/misc/output/checkpoints/siamese_mobilenetv4_conv_small.e2400_r224_in1k_7way_10shot_latest.pt,749,-inf,2026-07-31T09:09:01.565679+00:00
siamese,mobilenetv4_conv_small.e2400_r224_in1k,7,10,/home/soumik/soumik/misc/output/checkpoints/siamese_mobilenetv4_conv_small.e2400_r224_in1k_7way_10shot_latest.pt,799,-inf,2026-07-31T09:21:21.211003+00:00
siamese,mobilenetv4_conv_small.e2400_r224_in1k,7,10,/home/soumik/soumik/misc/output/checkpoints/siamese_mobilenetv4_conv_small.e2400_r224_in1k_7way_10shot_latest.pt,849,-inf,2026-07-31T09:34:07.350983+00:00
siamese,mobilenetv4_conv_small.e2400_r224_in1k,7,10,/home/soumik/soumik/misc/output/checkpoints/siamese_mobilenetv4_conv_small.e2400_r224_in1k_7way_10shot_latest.pt,899,-inf,2026-07-31T09:47:29.864911+00:00
siamese,mobilenetv4_conv_small.e2400_r224_in1k,7,10,/home/soumik/soumik/misc/output/checkpoints/siamese_mobilenetv4_conv_small.e2400_r224_in1k_7way_10shot_latest.pt,949,-inf,2026-07-31T09:59:19.400195+00:00
siamese,mobilenetv4_conv_small.e2400_r224_in1k,7,10,/home/soumik/soumik/misc/output/checkpoints/siamese_mobilenetv4_conv_small.e2400_r224_in1k_7way_10shot_latest.pt,999,-inf,2026-07-31T10:11:34.145129+00:00
siamese,mobilenetv4_conv_small.e2400_r224_in1k,7,10,/home/soumik/soumik/misc/output/checkpoints/siamese_mobilenetv4_conv_small.e2400_r224_in1k_7way_10shot_best.pt,999,17.171429047361016,2026-07-31T10:21:43.241136+00:00
siamese,mobilenetv4_conv_small.e2400_r224_in1k,7,10,/home/soumik/soumik/misc/output/checkpoints/siamese_mobilenetv4_conv_small.e2400_r224_in1k_7way_10shot_latest.pt,999,17.171429047361016,2026-07-31T10:21:43.331497+00:00
siamese,tf_efficientnetv2_s.in21k,5,1,/home/soumik/soumik/misc/output/checkpoints/siamese_tf_efficientnetv2_s.in21k_5way_1shot_latest.pt,49,-inf,2026-07-31T10:33:21.859929+00:00
siamese,tf_efficientnetv2_s.in21k,5,1,/home/soumik/soumik/misc/output/checkpoints/siamese_tf_efficientnetv2_s.in21k_5way_1shot_latest.pt,99,-inf,2026-07-31T10:44:59.016092+00:00
siamese,tf_efficientnetv2_s.in21k,5,1,/home/soumik/soumik/misc/output/checkpoints/siamese_tf_efficientnetv2_s.in21k_5way_1shot_latest.pt,149,-inf,2026-07-31T10:56:53.999166+00:00
siamese,tf_efficientnetv2_s.in21k,5,1,/home/soumik/soumik/misc/output/checkpoints/siamese_tf_efficientnetv2_s.in21k_5way_1shot_latest.pt,199,-inf,2026-07-31T11:09:28.474234+00:00
siamese,tf_efficientnetv2_s.in21k,5,1,/home/soumik/soumik/misc/output/checkpoints/siamese_tf_efficientnetv2_s.in21k_5way_1shot_latest.pt,249,-inf,2026-07-31T11:21:32.298244+00:00
siamese,tf_efficientnetv2_s.in21k,5,1,/home/soumik/soumik/misc/output/checkpoints/siamese_tf_efficientnetv2_s.in21k_5way_1shot_latest.pt,299,-inf,2026-07-31T11:33:45.644185+00:00
siamese,tf_efficientnetv2_s.in21k,5,1,/home/soumik/soumik/misc/output/checkpoints/siamese_tf_efficientnetv2_s.in21k_5way_1shot_latest.pt,349,-inf,2026-07-31T11:46:13.813053+00:00
siamese,tf_efficientnetv2_s.in21k,5,1,/home/soumik/soumik/misc/output/checkpoints/siamese_tf_efficientnetv2_s.in21k_5way_1shot_latest.pt,399,-inf,2026-07-31T11:57:31.183355+00:00
siamese,tf_efficientnetv2_s.in21k,5,1,/home/soumik/soumik/misc/output/checkpoints/siamese_tf_efficientnetv2_s.in21k_5way_1shot_latest.pt,449,-inf,2026-07-31T12:09:40.526315+00:00
siamese,tf_efficientnetv2_s.in21k,5,1,/home/soumik/soumik/misc/output/checkpoints/siamese_tf_efficientnetv2_s.in21k_5way_1shot_latest.pt,499,-inf,2026-07-31T12:21:38.622137+00:00
siamese,tf_efficientnetv2_s.in21k,5,1,/home/soumik/soumik/misc/output/checkpoints/siamese_tf_efficientnetv2_s.in21k_5way_1shot_latest.pt,549,-inf,2026-07-31T12:33:03.323494+00:00
siamese,tf_efficientnetv2_s.in21k,5,1,/home/soumik/soumik/misc/output/checkpoints/siamese_tf_efficientnetv2_s.in21k_5way_1shot_latest.pt,599,-inf,2026-07-31T12:44:55.122730+00:00
siamese,tf_efficientnetv2_s.in21k,5,1,/home/soumik/soumik/misc/output/checkpoints/siamese_tf_efficientnetv2_s.in21k_5way_1shot_latest.pt,649,-inf,2026-07-31T12:58:08.348105+00:00
siamese,tf_efficientnetv2_s.in21k,5,1,/home/soumik/soumik/misc/output/checkpoints/siamese_tf_efficientnetv2_s.in21k_5way_1shot_latest.pt,699,-inf,2026-07-31T13:10:13.192744+00:00
siamese,tf_efficientnetv2_s.in21k,5,1,/home/soumik/soumik/misc/output/checkpoints/siamese_tf_efficientnetv2_s.in21k_5way_1shot_latest.pt,749,-inf,2026-07-31T13:21:01.751892+00:00
siamese,tf_efficientnetv2_s.in21k,5,1,/home/soumik/soumik/misc/output/checkpoints/siamese_tf_efficientnetv2_s.in21k_5way_1shot_latest.pt,799,-inf,2026-07-31T13:32:49.248284+00:00
siamese,tf_efficientnetv2_s.in21k,5,1,/home/soumik/soumik/misc/output/checkpoints/siamese_tf_efficientnetv2_s.in21k_5way_1shot_latest.pt,849,-inf,2026-07-31T13:46:32.963802+00:00
siamese,tf_efficientnetv2_s.in21k,5,1,/home/soumik/soumik/misc/output/checkpoints/siamese_tf_efficientnetv2_s.in21k_5way_1shot_latest.pt,899,-inf,2026-07-31T13:57:09.913804+00:00
siamese,tf_efficientnetv2_s.in21k,5,1,/home/soumik/soumik/misc/output/checkpoints/siamese_tf_efficientnetv2_s.in21k_5way_1shot_latest.pt,949,-inf,2026-07-31T14:09:04.401045+00:00
siamese,tf_efficientnetv2_s.in21k,5,1,/home/soumik/soumik/misc/output/checkpoints/siamese_tf_efficientnetv2_s.in21k_5way_1shot_latest.pt,999,-inf,2026-07-31T14:21:07.398424+00:00
siamese,tf_efficientnetv2_s.in21k,5,1,/home/soumik/soumik/misc/output/checkpoints/siamese_tf_efficientnetv2_s.in21k_5way_1shot_best.pt,999,94.71999807655811,2026-07-31T14:30:08.009762+00:00
siamese,tf_efficientnetv2_s.in21k,5,1,/home/soumik/soumik/misc/output/checkpoints/siamese_tf_efficientnetv2_s.in21k_5way_1shot_latest.pt,999,94.71999807655811,2026-07-31T14:30:09.096056+00:00
siamese,tf_efficientnetv2_s.in21k,5,5,/home/soumik/soumik/misc/output/checkpoints/siamese_tf_efficientnetv2_s.in21k_5way_5shot_latest.pt,49,-inf,2026-07-31T14:42:29.814699+00:00
siamese,tf_efficientnetv2_s.in21k,5,5,/home/soumik/soumik/misc/output/checkpoints/siamese_tf_efficientnetv2_s.in21k_5way_5shot_latest.pt,99,-inf,2026-07-31T14:54:29.572928+00:00
siamese,tf_efficientnetv2_s.in21k,5,5,/home/soumik/soumik/misc/output/checkpoints/siamese_tf_efficientnetv2_s.in21k_5way_5shot_latest.pt,149,-inf,2026-07-31T15:07:43.646539+00:00
siamese,tf_efficientnetv2_s.in21k,5,5,/home/soumik/soumik/misc/output/checkpoints/siamese_tf_efficientnetv2_s.in21k_5way_5shot_latest.pt,199,-inf,2026-07-31T15:20:14.673565+00:00
siamese,tf_efficientnetv2_s.in21k,5,5,/home/soumik/soumik/misc/output/checkpoints/siamese_tf_efficientnetv2_s.in21k_5way_5shot_latest.pt,249,-inf,2026-07-31T15:33:08.496669+00:00
siamese,tf_efficientnetv2_s.in21k,5,5,/home/soumik/soumik/misc/output/checkpoints/siamese_tf_efficientnetv2_s.in21k_5way_5shot_latest.pt,299,-inf,2026-07-31T15:44:33.771139+00:00
siamese,tf_efficientnetv2_s.in21k,5,5,/home/soumik/soumik/misc/output/checkpoints/siamese_tf_efficientnetv2_s.in21k_5way_5shot_latest.pt,349,-inf,2026-07-31T15:57:03.940079+00:00
siamese,tf_efficientnetv2_s.in21k,5,5,/home/soumik/soumik/misc/output/checkpoints/siamese_tf_efficientnetv2_s.in21k_5way_5shot_latest.pt,399,-inf,2026-07-31T16:09:17.689912+00:00
siamese,tf_efficientnetv2_s.in21k,5,5,/home/soumik/soumik/misc/output/checkpoints/siamese_tf_efficientnetv2_s.in21k_5way_5shot_latest.pt,449,-inf,2026-07-31T16:20:42.296566+00:00
siamese,tf_efficientnetv2_s.in21k,5,5,/home/soumik/soumik/misc/output/checkpoints/siamese_tf_efficientnetv2_s.in21k_5way_5shot_latest.pt,499,-inf,2026-07-31T16:32:56.823084+00:00
siamese,tf_efficientnetv2_s.in21k,5,5,/home/soumik/soumik/misc/output/checkpoints/siamese_tf_efficientnetv2_s.in21k_5way_5shot_latest.pt,549,-inf,2026-07-31T16:44:39.163276+00:00
siamese,tf_efficientnetv2_s.in21k,5,5,/home/soumik/soumik/misc/output/checkpoints/siamese_tf_efficientnetv2_s.in21k_5way_5shot_latest.pt,599,-inf,2026-07-31T16:56:07.305051+00:00
siamese,tf_efficientnetv2_s.in21k,5,5,/home/soumik/soumik/misc/output/checkpoints/siamese_tf_efficientnetv2_s.in21k_5way_5shot_latest.pt,649,-inf,2026-07-31T17:07:31.967456+00:00
siamese,tf_efficientnetv2_s.in21k,5,5,/home/soumik/soumik/misc/output/checkpoints/siamese_tf_efficientnetv2_s.in21k_5way_5shot_latest.pt,699,-inf,2026-07-31T17:19:44.717693+00:00
siamese,tf_efficientnetv2_s.in21k,5,5,/home/soumik/soumik/misc/output/checkpoints/siamese_tf_efficientnetv2_s.in21k_5way_5shot_latest.pt,749,-inf,2026-07-31T17:31:01.326605+00:00
siamese,tf_efficientnetv2_s.in21k,5,5,/home/soumik/soumik/misc/output/checkpoints/siamese_tf_efficientnetv2_s.in21k_5way_5shot_latest.pt,799,-inf,2026-07-31T17:43:06.684724+00:00
siamese,tf_efficientnetv2_s.in21k,5,5,/home/soumik/soumik/misc/output/checkpoints/siamese_tf_efficientnetv2_s.in21k_5way_5shot_latest.pt,849,-inf,2026-07-31T17:54:49.810132+00:00
siamese,tf_efficientnetv2_s.in21k,5,5,/home/soumik/soumik/misc/output/checkpoints/siamese_tf_efficientnetv2_s.in21k_5way_5shot_latest.pt,899,-inf,2026-07-31T18:06:43.462658+00:00
siamese,tf_efficientnetv2_s.in21k,5,5,/home/soumik/soumik/misc/output/checkpoints/siamese_tf_efficientnetv2_s.in21k_5way_5shot_latest.pt,949,-inf,2026-07-31T18:19:06.077841+00:00
siamese,tf_efficientnetv2_s.in21k,5,5,/home/soumik/soumik/misc/output/checkpoints/siamese_tf_efficientnetv2_s.in21k_5way_5shot_latest.pt,999,-inf,2026-07-31T18:30:46.518882+00:00
siamese,tf_efficientnetv2_s.in21k,5,5,/home/soumik/soumik/misc/output/checkpoints/siamese_tf_efficientnetv2_s.in21k_5way_5shot_best.pt,999,98.41999870538712,2026-07-31T18:40:40.754043+00:00
siamese,tf_efficientnetv2_s.in21k,5,5,/home/soumik/soumik/misc/output/checkpoints/siamese_tf_efficientnetv2_s.in21k_5way_5shot_latest.pt,999,98.41999870538712,2026-07-31T18:40:41.995061+00:00
siamese,tf_efficientnetv2_s.in21k,5,10,/home/soumik/soumik/misc/output/checkpoints/siamese_tf_efficientnetv2_s.in21k_5way_10shot_latest.pt,49,-inf,2026-07-31T18:52:40.750251+00:00
siamese,tf_efficientnetv2_s.in21k,5,10,/home/soumik/soumik/misc/output/checkpoints/siamese_tf_efficientnetv2_s.in21k_5way_10shot_latest.pt,99,-inf,2026-07-31T19:04:10.948540+00:00
siamese,tf_efficientnetv2_s.in21k,5,10,/home/soumik/soumik/misc/output/checkpoints/siamese_tf_efficientnetv2_s.in21k_5way_10shot_latest.pt,149,-inf,2026-07-31T19:15:48.795040+00:00
siamese,tf_efficientnetv2_s.in21k,5,10,/home/soumik/soumik/misc/output/checkpoints/siamese_tf_efficientnetv2_s.in21k_5way_10shot_latest.pt,199,-inf,2026-07-31T19:27:21.938611+00:00
siamese,tf_efficientnetv2_s.in21k,5,10,/home/soumik/soumik/misc/output/checkpoints/siamese_tf_efficientnetv2_s.in21k_5way_10shot_latest.pt,249,-inf,2026-07-31T19:39:38.370620+00:00
siamese,tf_efficientnetv2_s.in21k,5,10,/home/soumik/soumik/misc/output/checkpoints/siamese_tf_efficientnetv2_s.in21k_5way_10shot_latest.pt,299,-inf,2026-07-31T19:50:37.939563+00:00
siamese,tf_efficientnetv2_s.in21k,5,10,/home/soumik/soumik/misc/output/checkpoints/siamese_tf_efficientnetv2_s.in21k_5way_10shot_latest.pt,349,-inf,2026-07-31T20:03:02.219834+00:00
siamese,tf_efficientnetv2_s.in21k,5,10,/home/soumik/soumik/misc/output/checkpoints/siamese_tf_efficientnetv2_s.in21k_5way_10shot_latest.pt,399,-inf,2026-07-31T20:14:20.995254+00:00
siamese,tf_efficientnetv2_s.in21k,5,10,/home/soumik/soumik/misc/output/checkpoints/siamese_tf_efficientnetv2_s.in21k_5way_10shot_latest.pt,449,-inf,2026-07-31T20:26:41.703936+00:00
siamese,tf_efficientnetv2_s.in21k,5,10,/home/soumik/soumik/misc/output/checkpoints/siamese_tf_efficientnetv2_s.in21k_5way_10shot_latest.pt,499,-inf,2026-07-31T20:37:57.651010+00:00
siamese,tf_efficientnetv2_s.in21k,5,10,/home/soumik/soumik/misc/output/checkpoints/siamese_tf_efficientnetv2_s.in21k_5way_10shot_latest.pt,549,-inf,2026-07-31T20:48:50.897343+00:00
siamese,tf_efficientnetv2_s.in21k,5,10,/home/soumik/soumik/misc/output/checkpoints/siamese_tf_efficientnetv2_s.in21k_5way_10shot_latest.pt,599,-inf,2026-07-31T21:00:14.040073+00:00
siamese,tf_efficientnetv2_s.in21k,5,10,/home/soumik/soumik/misc/output/checkpoints/siamese_tf_efficientnetv2_s.in21k_5way_10shot_latest.pt,649,-inf,2026-07-31T21:11:58.104304+00:00
siamese,tf_efficientnetv2_s.in21k,5,10,/home/soumik/soumik/misc/output/checkpoints/siamese_tf_efficientnetv2_s.in21k_5way_10shot_latest.pt,699,-inf,2026-07-31T21:23:59.884539+00:00
siamese,tf_efficientnetv2_s.in21k,5,10,/home/soumik/soumik/misc/output/checkpoints/siamese_tf_efficientnetv2_s.in21k_5way_10shot_latest.pt,749,-inf,2026-07-31T21:36:59.093005+00:00
siamese,tf_efficientnetv2_s.in21k,5,10,/home/soumik/soumik/misc/output/checkpoints/siamese_tf_efficientnetv2_s.in21k_5way_10shot_latest.pt,799,-inf,2026-07-31T21:48:28.202227+00:00
siamese,tf_efficientnetv2_s.in21k,5,10,/home/soumik/soumik/misc/output/checkpoints/siamese_tf_efficientnetv2_s.in21k_5way_10shot_latest.pt,849,-inf,2026-07-31T22:00:19.886907+00:00
siamese,tf_efficientnetv2_s.in21k,5,10,/home/soumik/soumik/misc/output/checkpoints/siamese_tf_efficientnetv2_s.in21k_5way_10shot_latest.pt,899,-inf,2026-07-31T22:12:06.676748+00:00
siamese,tf_efficientnetv2_s.in21k,5,10,/home/soumik/soumik/misc/output/checkpoints/siamese_tf_efficientnetv2_s.in21k_5way_10shot_latest.pt,949,-inf,2026-07-31T22:23:56.000347+00:00
siamese,tf_efficientnetv2_s.in21k,5,10,/home/soumik/soumik/misc/output/checkpoints/siamese_tf_efficientnetv2_s.in21k_5way_10shot_latest.pt,999,-inf,2026-07-31T22:35:11.636935+00:00
siamese,tf_efficientnetv2_s.in21k,5,10,/home/soumik/soumik/misc/output/checkpoints/siamese_tf_efficientnetv2_s.in21k_5way_10shot_best.pt,999,97.7299984395504,2026-07-31T22:45:19.393482+00:00
siamese,tf_efficientnetv2_s.in21k,5,10,/home/soumik/soumik/misc/output/checkpoints/siamese_tf_efficientnetv2_s.in21k_5way_10shot_latest.pt,999,97.7299984395504,2026-07-31T22:45:20.744915+00:00
siamese,tf_efficientnetv2_s.in21k,7,1,/home/soumik/soumik/misc/output/checkpoints/siamese_tf_efficientnetv2_s.in21k_7way_1shot_latest.pt,49,-inf,2026-07-31T22:58:05.604085+00:00
siamese,tf_efficientnetv2_s.in21k,7,1,/home/soumik/soumik/misc/output/checkpoints/siamese_tf_efficientnetv2_s.in21k_7way_1shot_latest.pt,99,-inf,2026-07-31T23:10:18.961501+00:00
siamese,tf_efficientnetv2_s.in21k,7,1,/home/soumik/soumik/misc/output/checkpoints/siamese_tf_efficientnetv2_s.in21k_7way_1shot_latest.pt,149,-inf,2026-07-31T23:21:58.446640+00:00
siamese,tf_efficientnetv2_s.in21k,7,1,/home/soumik/soumik/misc/output/checkpoints/siamese_tf_efficientnetv2_s.in21k_7way_1shot_latest.pt,199,-inf,2026-07-31T23:34:28.805976+00:00
siamese,tf_efficientnetv2_s.in21k,7,1,/home/soumik/soumik/misc/output/checkpoints/siamese_tf_efficientnetv2_s.in21k_7way_1shot_latest.pt,249,-inf,2026-07-31T23:47:08.873918+00:00
siamese,tf_efficientnetv2_s.in21k,7,1,/home/soumik/soumik/misc/output/checkpoints/siamese_tf_efficientnetv2_s.in21k_7way_1shot_latest.pt,299,-inf,2026-07-31T23:59:44.815131+00:00
siamese,tf_efficientnetv2_s.in21k,7,1,/home/soumik/soumik/misc/output/checkpoints/siamese_tf_efficientnetv2_s.in21k_7way_1shot_latest.pt,349,-inf,2026-08-01T00:11:45.675678+00:00
siamese,tf_efficientnetv2_s.in21k,7,1,/home/soumik/soumik/misc/output/checkpoints/siamese_tf_efficientnetv2_s.in21k_7way_1shot_latest.pt,399,-inf,2026-08-01T00:25:51.194989+00:00
siamese,tf_efficientnetv2_s.in21k,7,1,/home/soumik/soumik/misc/output/checkpoints/siamese_tf_efficientnetv2_s.in21k_7way_1shot_latest.pt,449,-inf,2026-08-01T00:38:03.874837+00:00
siamese,tf_efficientnetv2_s.in21k,7,1,/home/soumik/soumik/misc/output/checkpoints/siamese_tf_efficientnetv2_s.in21k_7way_1shot_latest.pt,499,-inf,2026-08-01T00:52:59.044815+00:00
siamese,tf_efficientnetv2_s.in21k,7,1,/home/soumik/soumik/misc/output/checkpoints/siamese_tf_efficientnetv2_s.in21k_7way_1shot_latest.pt,549,-inf,2026-08-01T01:12:20.402809+00:00
siamese,tf_efficientnetv2_s.in21k,7,1,/home/soumik/soumik/misc/output/checkpoints/siamese_tf_efficientnetv2_s.in21k_7way_1shot_latest.pt,599,-inf,2026-08-01T06:36:10.025083+00:00
siamese,tf_efficientnetv2_s.in21k,7,1,/home/soumik/soumik/misc/output/checkpoints/siamese_tf_efficientnetv2_s.in21k_7way_1shot_latest.pt,649,-inf,2026-08-01T06:48:14.254327+00:00
siamese,tf_efficientnetv2_s.in21k,7,1,/home/soumik/soumik/misc/output/checkpoints/siamese_tf_efficientnetv2_s.in21k_7way_1shot_latest.pt,699,-inf,2026-08-01T07:00:08.707341+00:00
siamese,tf_efficientnetv2_s.in21k,7,1,/home/soumik/soumik/misc/output/checkpoints/siamese_tf_efficientnetv2_s.in21k_7way_1shot_latest.pt,749,-inf,2026-08-01T07:13:05.280664+00:00
siamese,tf_efficientnetv2_s.in21k,7,1,/home/soumik/soumik/misc/output/checkpoints/siamese_tf_efficientnetv2_s.in21k_7way_1shot_latest.pt,799,-inf,2026-08-01T07:26:01.230031+00:00
siamese,tf_efficientnetv2_s.in21k,7,1,/home/soumik/soumik/misc/output/checkpoints/siamese_tf_efficientnetv2_s.in21k_7way_1shot_latest.pt,849,-inf,2026-08-01T07:39:06.611111+00:00
siamese,tf_efficientnetv2_s.in21k,7,1,/home/soumik/soumik/misc/output/checkpoints/siamese_tf_efficientnetv2_s.in21k_7way_1shot_latest.pt,899,-inf,2026-08-01T07:51:23.555552+00:00
siamese,tf_efficientnetv2_s.in21k,7,1,/home/soumik/soumik/misc/output/checkpoints/siamese_tf_efficientnetv2_s.in21k_7way_1shot_latest.pt,949,-inf,2026-08-01T08:04:28.536841+00:00
siamese,tf_efficientnetv2_s.in21k,7,1,/home/soumik/soumik/misc/output/checkpoints/siamese_tf_efficientnetv2_s.in21k_7way_1shot_latest.pt,999,-inf,2026-08-01T08:16:10.857486+00:00
siamese,tf_efficientnetv2_s.in21k,7,1,/home/soumik/soumik/misc/output/checkpoints/siamese_tf_efficientnetv2_s.in21k_7way_1shot_best.pt,999,95.6571438908577,2026-08-01T08:26:00.076283+00:00
siamese,tf_efficientnetv2_s.in21k,7,1,/home/soumik/soumik/misc/output/checkpoints/siamese_tf_efficientnetv2_s.in21k_7way_1shot_latest.pt,999,95.6571438908577,2026-08-01T08:26:01.198567+00:00
siamese,tf_efficientnetv2_s.in21k,7,5,/home/soumik/soumik/misc/output/checkpoints/siamese_tf_efficientnetv2_s.in21k_7way_5shot_latest.pt,49,-inf,2026-08-01T08:38:41.143715+00:00
siamese,tf_efficientnetv2_s.in21k,7,5,/home/soumik/soumik/misc/output/checkpoints/siamese_tf_efficientnetv2_s.in21k_7way_5shot_latest.pt,99,-inf,2026-08-01T08:50:12.929508+00:00
siamese,tf_efficientnetv2_s.in21k,7,5,/home/soumik/soumik/misc/output/checkpoints/siamese_tf_efficientnetv2_s.in21k_7way_5shot_latest.pt,149,-inf,2026-08-01T09:02:22.371978+00:00
siamese,tf_efficientnetv2_s.in21k,7,5,/home/soumik/soumik/misc/output/checkpoints/siamese_tf_efficientnetv2_s.in21k_7way_5shot_latest.pt,199,-inf,2026-08-01T09:15:30.151615+00:00
siamese,tf_efficientnetv2_s.in21k,7,5,/home/soumik/soumik/misc/output/checkpoints/siamese_tf_efficientnetv2_s.in21k_7way_5shot_latest.pt,249,-inf,2026-08-01T09:27:15.764533+00:00
siamese,tf_efficientnetv2_s.in21k,7,5,/home/soumik/soumik/misc/output/checkpoints/siamese_tf_efficientnetv2_s.in21k_7way_5shot_latest.pt,299,-inf,2026-08-01T09:40:11.229487+00:00
siamese,tf_efficientnetv2_s.in21k,7,5,/home/soumik/soumik/misc/output/checkpoints/siamese_tf_efficientnetv2_s.in21k_7way_5shot_latest.pt,349,-inf,2026-08-01T09:52:31.886766+00:00
siamese,tf_efficientnetv2_s.in21k,7,5,/home/soumik/soumik/misc/output/checkpoints/siamese_tf_efficientnetv2_s.in21k_7way_5shot_latest.pt,399,-inf,2026-08-01T10:05:12.742304+00:00
siamese,tf_efficientnetv2_s.in21k,7,5,/home/soumik/soumik/misc/output/checkpoints/siamese_tf_efficientnetv2_s.in21k_7way_5shot_latest.pt,449,-inf,2026-08-01T10:17:45.924515+00:00
siamese,tf_efficientnetv2_s.in21k,7,5,/home/soumik/soumik/misc/output/checkpoints/siamese_tf_efficientnetv2_s.in21k_7way_5shot_latest.pt,499,-inf,2026-08-01T10:30:38.303607+00:00
siamese,tf_efficientnetv2_s.in21k,7,5,/home/soumik/soumik/misc/output/checkpoints/siamese_tf_efficientnetv2_s.in21k_7way_5shot_latest.pt,549,-inf,2026-08-01T10:43:01.428495+00:00
siamese,tf_efficientnetv2_s.in21k,7,5,/home/soumik/soumik/misc/output/checkpoints/siamese_tf_efficientnetv2_s.in21k_7way_5shot_latest.pt,599,-inf,2026-08-01T10:55:31.182905+00:00
siamese,tf_efficientnetv2_s.in21k,7,5,/home/soumik/soumik/misc/output/checkpoints/siamese_tf_efficientnetv2_s.in21k_7way_5shot_latest.pt,649,-inf,2026-08-01T11:08:20.748611+00:00
siamese,tf_efficientnetv2_s.in21k,7,5,/home/soumik/soumik/misc/output/checkpoints/siamese_tf_efficientnetv2_s.in21k_7way_5shot_latest.pt,699,-inf,2026-08-01T11:21:26.655717+00:00
siamese,tf_efficientnetv2_s.in21k,7,5,/home/soumik/soumik/misc/output/checkpoints/siamese_tf_efficientnetv2_s.in21k_7way_5shot_latest.pt,749,-inf,2026-08-01T11:33:21.398049+00:00
siamese,tf_efficientnetv2_s.in21k,7,5,/home/soumik/soumik/misc/output/checkpoints/siamese_tf_efficientnetv2_s.in21k_7way_5shot_latest.pt,799,-inf,2026-08-01T11:46:10.027940+00:00
siamese,tf_efficientnetv2_s.in21k,7,5,/home/soumik/soumik/misc/output/checkpoints/siamese_tf_efficientnetv2_s.in21k_7way_5shot_latest.pt,849,-inf,2026-08-01T11:58:54.580444+00:00
siamese,tf_efficientnetv2_s.in21k,7,5,/home/soumik/soumik/misc/output/checkpoints/siamese_tf_efficientnetv2_s.in21k_7way_5shot_latest.pt,899,-inf,2026-08-01T12:11:45.857853+00:00
siamese,tf_efficientnetv2_s.in21k,7,5,/home/soumik/soumik/misc/output/checkpoints/siamese_tf_efficientnetv2_s.in21k_7way_5shot_latest.pt,949,-inf,2026-08-01T12:24:29.249011+00:00
siamese,tf_efficientnetv2_s.in21k,7,5,/home/soumik/soumik/misc/output/checkpoints/siamese_tf_efficientnetv2_s.in21k_7way_5shot_latest.pt,999,-inf,2026-08-01T12:37:48.079231+00:00
siamese,tf_efficientnetv2_s.in21k,7,5,/home/soumik/soumik/misc/output/checkpoints/siamese_tf_efficientnetv2_s.in21k_7way_5shot_best.pt,999,95.77142956852913,2026-08-01T12:48:04.020410+00:00
siamese,tf_efficientnetv2_s.in21k,7,5,/home/soumik/soumik/misc/output/checkpoints/siamese_tf_efficientnetv2_s.in21k_7way_5shot_latest.pt,999,95.77142956852913,2026-08-01T12:48:05.099122+00:00
siamese,tf_efficientnetv2_s.in21k,7,10,/home/soumik/soumik/misc/output/checkpoints/siamese_tf_efficientnetv2_s.in21k_7way_10shot_latest.pt,49,-inf,2026-08-01T13:00:46.747031+00:00
siamese,tf_efficientnetv2_s.in21k,7,10,/home/soumik/soumik/misc/output/checkpoints/siamese_tf_efficientnetv2_s.in21k_7way_10shot_latest.pt,99,-inf,2026-08-01T13:13:31.027271+00:00
siamese,tf_efficientnetv2_s.in21k,7,10,/home/soumik/soumik/misc/output/checkpoints/siamese_tf_efficientnetv2_s.in21k_7way_10shot_latest.pt,149,-inf,2026-08-01T13:26:33.205402+00:00
siamese,tf_efficientnetv2_s.in21k,7,10,/home/soumik/soumik/misc/output/checkpoints/siamese_tf_efficientnetv2_s.in21k_7way_10shot_latest.pt,199,-inf,2026-08-01T13:39:06.509989+00:00
siamese,tf_efficientnetv2_s.in21k,7,10,/home/soumik/soumik/misc/output/checkpoints/siamese_tf_efficientnetv2_s.in21k_7way_10shot_latest.pt,249,-inf,2026-08-01T13:51:27.584140+00:00
siamese,tf_efficientnetv2_s.in21k,7,10,/home/soumik/soumik/misc/output/checkpoints/siamese_tf_efficientnetv2_s.in21k_7way_10shot_latest.pt,299,-inf,2026-08-01T14:04:31.475611+00:00
siamese,tf_efficientnetv2_s.in21k,7,10,/home/soumik/soumik/misc/output/checkpoints/siamese_tf_efficientnetv2_s.in21k_7way_10shot_latest.pt,349,-inf,2026-08-01T14:17:37.472380+00:00
siamese,tf_efficientnetv2_s.in21k,7,10,/home/soumik/soumik/misc/output/checkpoints/siamese_tf_efficientnetv2_s.in21k_7way_10shot_latest.pt,399,-inf,2026-08-01T14:30:13.747569+00:00
siamese,tf_efficientnetv2_s.in21k,7,10,/home/soumik/soumik/misc/output/checkpoints/siamese_tf_efficientnetv2_s.in21k_7way_10shot_latest.pt,449,-inf,2026-08-01T14:43:35.039133+00:00
siamese,tf_efficientnetv2_s.in21k,7,10,/home/soumik/soumik/misc/output/checkpoints/siamese_tf_efficientnetv2_s.in21k_7way_10shot_latest.pt,499,-inf,2026-08-01T14:56:11.227226+00:00
siamese,tf_efficientnetv2_s.in21k,7,10,/home/soumik/soumik/misc/output/checkpoints/siamese_tf_efficientnetv2_s.in21k_7way_10shot_latest.pt,549,-inf,2026-08-01T15:09:21.797051+00:00
siamese,tf_efficientnetv2_s.in21k,7,10,/home/soumik/soumik/misc/output/checkpoints/siamese_tf_efficientnetv2_s.in21k_7way_10shot_latest.pt,599,-inf,2026-08-01T15:22:08.394655+00:00
siamese,tf_efficientnetv2_s.in21k,7,10,/home/soumik/soumik/misc/output/checkpoints/siamese_tf_efficientnetv2_s.in21k_7way_10shot_latest.pt,649,-inf,2026-08-01T15:33:55.938760+00:00
siamese,tf_efficientnetv2_s.in21k,7,10,/home/soumik/soumik/misc/output/checkpoints/siamese_tf_efficientnetv2_s.in21k_7way_10shot_latest.pt,699,-inf,2026-08-01T15:45:59.347430+00:00
siamese,tf_efficientnetv2_s.in21k,7,10,/home/soumik/soumik/misc/output/checkpoints/siamese_tf_efficientnetv2_s.in21k_7way_10shot_latest.pt,749,-inf,2026-08-01T15:58:44.389304+00:00
siamese,tf_efficientnetv2_s.in21k,7,10,/home/soumik/soumik/misc/output/checkpoints/siamese_tf_efficientnetv2_s.in21k_7way_10shot_latest.pt,799,-inf,2026-08-01T16:11:59.969088+00:00
siamese,tf_efficientnetv2_s.in21k,7,10,/home/soumik/soumik/misc/output/checkpoints/siamese_tf_efficientnetv2_s.in21k_7way_10shot_latest.pt,849,-inf,2026-08-01T16:24:23.119618+00:00
siamese,tf_efficientnetv2_s.in21k,7,10,/home/soumik/soumik/misc/output/checkpoints/siamese_tf_efficientnetv2_s.in21k_7way_10shot_latest.pt,899,-inf,2026-08-01T16:35:45.467972+00:00
siamese,tf_efficientnetv2_s.in21k,7,10,/home/soumik/soumik/misc/output/checkpoints/siamese_tf_efficientnetv2_s.in21k_7way_10shot_latest.pt,949,-inf,2026-08-01T16:48:29.512117+00:00
siamese,tf_efficientnetv2_s.in21k,7,10,/home/soumik/soumik/misc/output/checkpoints/siamese_tf_efficientnetv2_s.in21k_7way_10shot_latest.pt,999,-inf,2026-08-01T17:01:13.168177+00:00
siamese,tf_efficientnetv2_s.in21k,7,10,/home/soumik/soumik/misc/output/checkpoints/siamese_tf_efficientnetv2_s.in21k_7way_10shot_best.pt,999,97.17857232689857,2026-08-01T17:11:48.154777+00:00
siamese,tf_efficientnetv2_s.in21k,7,10,/home/soumik/soumik/misc/output/checkpoints/siamese_tf_efficientnetv2_s.in21k_7way_10shot_latest.pt,999,97.17857232689857,2026-08-01T17:11:49.344911+00:00
siamese,wide_resnet50_2,5,1,/home/soumik/soumik/misc/output/checkpoints/siamese_wide_resnet50_2_5way_1shot_latest.pt,49,-inf,2026-08-01T17:23:43.427727+00:00
siamese,wide_resnet50_2,5,1,/home/soumik/soumik/misc/output/checkpoints/siamese_wide_resnet50_2_5way_1shot_latest.pt,99,-inf,2026-08-01T17:36:07.178859+00:00
siamese,wide_resnet50_2,5,1,/home/soumik/soumik/misc/output/checkpoints/siamese_wide_resnet50_2_5way_1shot_latest.pt,149,-inf,2026-08-01T17:48:22.171401+00:00
siamese,wide_resnet50_2,5,1,/home/soumik/soumik/misc/output/checkpoints/siamese_wide_resnet50_2_5way_1shot_latest.pt,199,-inf,2026-08-01T17:58:58.701915+00:00
siamese,wide_resnet50_2,5,1,/home/soumik/soumik/misc/output/checkpoints/siamese_wide_resnet50_2_5way_1shot_latest.pt,249,-inf,2026-08-01T18:10:43.013714+00:00
siamese,wide_resnet50_2,5,1,/home/soumik/soumik/misc/output/checkpoints/siamese_wide_resnet50_2_5way_1shot_latest.pt,299,-inf,2026-08-01T18:22:56.835976+00:00
siamese,wide_resnet50_2,5,1,/home/soumik/soumik/misc/output/checkpoints/siamese_wide_resnet50_2_5way_1shot_latest.pt,349,-inf,2026-08-01T18:34:44.824976+00:00
siamese,wide_resnet50_2,5,1,/home/soumik/soumik/misc/output/checkpoints/siamese_wide_resnet50_2_5way_1shot_latest.pt,399,-inf,2026-08-01T18:46:28.187663+00:00
siamese,wide_resnet50_2,5,1,/home/soumik/soumik/misc/output/checkpoints/siamese_wide_resnet50_2_5way_1shot_latest.pt,449,-inf,2026-08-01T18:58:29.247519+00:00
siamese,wide_resnet50_2,5,1,/home/soumik/soumik/misc/output/checkpoints/siamese_wide_resnet50_2_5way_1shot_latest.pt,499,-inf,2026-08-01T19:11:50.885112+00:00
siamese,wide_resnet50_2,5,1,/home/soumik/soumik/misc/output/checkpoints/siamese_wide_resnet50_2_5way_1shot_latest.pt,549,-inf,2026-08-01T19:23:54.719683+00:00
siamese,wide_resnet50_2,5,1,/home/soumik/soumik/misc/output/checkpoints/siamese_wide_resnet50_2_5way_1shot_latest.pt,599,-inf,2026-08-01T19:36:13.030284+00:00
siamese,wide_resnet50_2,5,1,/home/soumik/soumik/misc/output/checkpoints/siamese_wide_resnet50_2_5way_1shot_latest.pt,649,-inf,2026-08-01T19:49:24.890293+00:00
siamese,wide_resnet50_2,5,1,/home/soumik/soumik/misc/output/checkpoints/siamese_wide_resnet50_2_5way_1shot_latest.pt,699,-inf,2026-08-01T20:01:16.531577+00:00
siamese,wide_resnet50_2,5,1,/home/soumik/soumik/misc/output/checkpoints/siamese_wide_resnet50_2_5way_1shot_latest.pt,749,-inf,2026-08-01T20:13:55.238665+00:00
siamese,wide_resnet50_2,5,1,/home/soumik/soumik/misc/output/checkpoints/siamese_wide_resnet50_2_5way_1shot_latest.pt,799,-inf,2026-08-01T20:25:30.975566+00:00
siamese,wide_resnet50_2,5,1,/home/soumik/soumik/misc/output/checkpoints/siamese_wide_resnet50_2_5way_1shot_latest.pt,849,-inf,2026-08-01T20:38:00.082230+00:00
siamese,wide_resnet50_2,5,1,/home/soumik/soumik/misc/output/checkpoints/siamese_wide_resnet50_2_5way_1shot_latest.pt,899,-inf,2026-08-01T20:51:23.302254+00:00
siamese,wide_resnet50_2,5,1,/home/soumik/soumik/misc/output/checkpoints/siamese_wide_resnet50_2_5way_1shot_latest.pt,949,-inf,2026-08-01T21:03:14.652526+00:00
siamese,wide_resnet50_2,5,1,/home/soumik/soumik/misc/output/checkpoints/siamese_wide_resnet50_2_5way_1shot_latest.pt,999,-inf,2026-08-01T21:16:44.683921+00:00
siamese,wide_resnet50_2,5,1,/home/soumik/soumik/misc/output/checkpoints/siamese_wide_resnet50_2_5way_1shot_best.pt,999,93.00999769568443,2026-08-01T21:26:27.442918+00:00
siamese,wide_resnet50_2,5,1,/home/soumik/soumik/misc/output/checkpoints/siamese_wide_resnet50_2_5way_1shot_latest.pt,999,93.00999769568443,2026-08-01T21:26:31.076715+00:00
siamese,wide_resnet50_2,5,5,/home/soumik/soumik/misc/output/checkpoints/siamese_wide_resnet50_2_5way_5shot_latest.pt,49,-inf,2026-08-01T21:38:46.869452+00:00
siamese,wide_resnet50_2,5,5,/home/soumik/soumik/misc/output/checkpoints/siamese_wide_resnet50_2_5way_5shot_latest.pt,99,-inf,2026-08-01T21:50:43.626676+00:00
siamese,wide_resnet50_2,5,5,/home/soumik/soumik/misc/output/checkpoints/siamese_wide_resnet50_2_5way_5shot_latest.pt,149,-inf,2026-08-01T22:03:53.120595+00:00
siamese,wide_resnet50_2,5,5,/home/soumik/soumik/misc/output/checkpoints/siamese_wide_resnet50_2_5way_5shot_latest.pt,199,-inf,2026-08-01T22:16:24.979155+00:00
siamese,wide_resnet50_2,5,5,/home/soumik/soumik/misc/output/checkpoints/siamese_wide_resnet50_2_5way_5shot_latest.pt,249,-inf,2026-08-01T22:28:49.244380+00:00
siamese,wide_resnet50_2,5,5,/home/soumik/soumik/misc/output/checkpoints/siamese_wide_resnet50_2_5way_5shot_latest.pt,299,-inf,2026-08-01T22:39:57.928049+00:00
siamese,wide_resnet50_2,5,5,/home/soumik/soumik/misc/output/checkpoints/siamese_wide_resnet50_2_5way_5shot_latest.pt,349,-inf,2026-08-01T22:51:45.020821+00:00
siamese,wide_resnet50_2,5,5,/home/soumik/soumik/misc/output/checkpoints/siamese_wide_resnet50_2_5way_5shot_latest.pt,399,-inf,2026-08-01T23:05:23.963537+00:00
siamese,wide_resnet50_2,5,5,/home/soumik/soumik/misc/output/checkpoints/siamese_wide_resnet50_2_5way_5shot_latest.pt,449,-inf,2026-08-01T23:19:27.059036+00:00
siamese,wide_resnet50_2,5,5,/home/soumik/soumik/misc/output/checkpoints/siamese_wide_resnet50_2_5way_5shot_latest.pt,499,-inf,2026-08-01T23:31:47.131243+00:00
siamese,wide_resnet50_2,5,5,/home/soumik/soumik/misc/output/checkpoints/siamese_wide_resnet50_2_5way_5shot_latest.pt,549,-inf,2026-08-01T23:46:04.426202+00:00
siamese,wide_resnet50_2,5,5,/home/soumik/soumik/misc/output/checkpoints/siamese_wide_resnet50_2_5way_5shot_latest.pt,599,-inf,2026-08-02T00:00:11.931906+00:00
siamese,wide_resnet50_2,5,5,/home/soumik/soumik/misc/output/checkpoints/siamese_wide_resnet50_2_5way_5shot_latest.pt,649,-inf,2026-08-02T00:13:54.452993+00:00
siamese,wide_resnet50_2,5,5,/home/soumik/soumik/misc/output/checkpoints/siamese_wide_resnet50_2_5way_5shot_latest.pt,699,-inf,2026-08-02T00:27:09.159607+00:00
siamese,wide_resnet50_2,5,5,/home/soumik/soumik/misc/output/checkpoints/siamese_wide_resnet50_2_5way_5shot_latest.pt,749,-inf,2026-08-02T00:41:48.106067+00:00
siamese,wide_resnet50_2,5,5,/home/soumik/soumik/misc/output/checkpoints/siamese_wide_resnet50_2_5way_5shot_latest.pt,799,-inf,2026-08-02T00:56:02.480197+00:00
siamese,wide_resnet50_2,5,5,/home/soumik/soumik/misc/output/checkpoints/siamese_wide_resnet50_2_5way_5shot_latest.pt,849,-inf,2026-08-02T01:08:50.326649+00:00
siamese,wide_resnet50_2,5,5,/home/soumik/soumik/misc/output/checkpoints/siamese_wide_resnet50_2_5way_5shot_latest.pt,899,-inf,2026-08-02T01:21:12.046442+00:00
siamese,wide_resnet50_2,5,5,/home/soumik/soumik/misc/output/checkpoints/siamese_wide_resnet50_2_5way_5shot_latest.pt,949,-inf,2026-08-02T01:34:15.215592+00:00
siamese,wide_resnet50_2,5,5,/home/soumik/soumik/misc/output/checkpoints/siamese_wide_resnet50_2_5way_5shot_latest.pt,999,-inf,2026-08-02T01:47:19.756383+00:00
siamese,wide_resnet50_2,5,5,/home/soumik/soumik/misc/output/checkpoints/siamese_wide_resnet50_2_5way_5shot_best.pt,999,97.88999873399734,2026-08-02T01:56:52.416223+00:00
siamese,wide_resnet50_2,5,5,/home/soumik/soumik/misc/output/checkpoints/siamese_wide_resnet50_2_5way_5shot_latest.pt,999,97.88999873399734,2026-08-02T01:56:56.486576+00:00
siamese,wide_resnet50_2,5,10,/home/soumik/soumik/misc/output/checkpoints/siamese_wide_resnet50_2_5way_10shot_latest.pt,49,-inf,2026-08-02T02:09:46.394831+00:00
siamese,wide_resnet50_2,5,10,/home/soumik/soumik/misc/output/checkpoints/siamese_wide_resnet50_2_5way_10shot_latest.pt,99,-inf,2026-08-02T02:23:30.926028+00:00
siamese,wide_resnet50_2,5,10,/home/soumik/soumik/misc/output/checkpoints/siamese_wide_resnet50_2_5way_10shot_latest.pt,149,-inf,2026-08-02T02:36:08.602944+00:00
siamese,wide_resnet50_2,5,10,/home/soumik/soumik/misc/output/checkpoints/siamese_wide_resnet50_2_5way_10shot_latest.pt,199,-inf,2026-08-02T02:48:20.090447+00:00
siamese,wide_resnet50_2,5,10,/home/soumik/soumik/misc/output/checkpoints/siamese_wide_resnet50_2_5way_10shot_latest.pt,249,-inf,2026-08-02T03:01:20.050338+00:00
siamese,wide_resnet50_2,5,10,/home/soumik/soumik/misc/output/checkpoints/siamese_wide_resnet50_2_5way_10shot_latest.pt,299,-inf,2026-08-02T03:13:54.030008+00:00
siamese,wide_resnet50_2,5,10,/home/soumik/soumik/misc/output/checkpoints/siamese_wide_resnet50_2_5way_10shot_latest.pt,349,-inf,2026-08-02T03:26:34.990542+00:00
siamese,wide_resnet50_2,5,10,/home/soumik/soumik/misc/output/checkpoints/siamese_wide_resnet50_2_5way_10shot_latest.pt,399,-inf,2026-08-02T03:38:55.841521+00:00
siamese,wide_resnet50_2,5,10,/home/soumik/soumik/misc/output/checkpoints/siamese_wide_resnet50_2_5way_10shot_latest.pt,449,-inf,2026-08-02T03:51:15.776659+00:00
siamese,wide_resnet50_2,5,10,/home/soumik/soumik/misc/output/checkpoints/siamese_wide_resnet50_2_5way_10shot_latest.pt,499,-inf,2026-08-02T04:04:13.386401+00:00
siamese,wide_resnet50_2,5,10,/home/soumik/soumik/misc/output/checkpoints/siamese_wide_resnet50_2_5way_10shot_latest.pt,549,-inf,2026-08-02T04:16:43.632264+00:00
siamese,wide_resnet50_2,5,10,/home/soumik/soumik/misc/output/checkpoints/siamese_wide_resnet50_2_5way_10shot_latest.pt,599,-inf,2026-08-02T04:30:39.620288+00:00
siamese,wide_resnet50_2,5,10,/home/soumik/soumik/misc/output/checkpoints/siamese_wide_resnet50_2_5way_10shot_latest.pt,649,-inf,2026-08-02T04:44:08.314313+00:00
siamese,wide_resnet50_2,5,10,/home/soumik/soumik/misc/output/checkpoints/siamese_wide_resnet50_2_5way_10shot_latest.pt,699,-inf,2026-08-02T04:56:30.796389+00:00
siamese,wide_resnet50_2,5,10,/home/soumik/soumik/misc/output/checkpoints/siamese_wide_resnet50_2_5way_10shot_latest.pt,749,-inf,2026-08-02T05:09:01.672555+00:00
siamese,wide_resnet50_2,5,10,/home/soumik/soumik/misc/output/checkpoints/siamese_wide_resnet50_2_5way_10shot_latest.pt,799,-inf,2026-08-02T05:22:17.609849+00:00
siamese,wide_resnet50_2,5,10,/home/soumik/soumik/misc/output/checkpoints/siamese_wide_resnet50_2_5way_10shot_latest.pt,849,-inf,2026-08-02T05:35:09.600959+00:00
siamese,wide_resnet50_2,5,10,/home/soumik/soumik/misc/output/checkpoints/siamese_wide_resnet50_2_5way_10shot_latest.pt,899,-inf,2026-08-02T05:47:06.516720+00:00
siamese,wide_resnet50_2,5,10,/home/soumik/soumik/misc/output/checkpoints/siamese_wide_resnet50_2_5way_10shot_latest.pt,949,-inf,2026-08-02T06:01:51.971094+00:00
siamese,wide_resnet50_2,5,10,/home/soumik/soumik/misc/output/checkpoints/siamese_wide_resnet50_2_5way_10shot_latest.pt,999,-inf,2026-08-02T06:14:20.536554+00:00
siamese,wide_resnet50_2,5,10,/home/soumik/soumik/misc/output/checkpoints/siamese_wide_resnet50_2_5way_10shot_best.pt,999,98.09999832510948,2026-08-02T06:24:07.889815+00:00
siamese,wide_resnet50_2,5,10,/home/soumik/soumik/misc/output/checkpoints/siamese_wide_resnet50_2_5way_10shot_latest.pt,999,98.09999832510948,2026-08-02T06:24:11.959418+00:00
siamese,wide_resnet50_2,7,1,/home/soumik/soumik/misc/output/checkpoints/siamese_wide_resnet50_2_7way_1shot_latest.pt,49,-inf,2026-08-02T06:36:19.599827+00:00
siamese,wide_resnet50_2,7,1,/home/soumik/soumik/misc/output/checkpoints/siamese_wide_resnet50_2_7way_1shot_latest.pt,99,-inf,2026-08-02T06:48:52.208589+00:00
siamese,wide_resnet50_2,7,1,/home/soumik/soumik/misc/output/checkpoints/siamese_wide_resnet50_2_7way_1shot_latest.pt,149,-inf,2026-08-02T07:02:11.032005+00:00
siamese,wide_resnet50_2,7,1,/home/soumik/soumik/misc/output/checkpoints/siamese_wide_resnet50_2_7way_1shot_latest.pt,199,-inf,2026-08-02T07:14:30.401378+00:00
siamese,wide_resnet50_2,7,1,/home/soumik/soumik/misc/output/checkpoints/siamese_wide_resnet50_2_7way_1shot_latest.pt,249,-inf,2026-08-02T07:26:09.049796+00:00
siamese,wide_resnet50_2,7,1,/home/soumik/soumik/misc/output/checkpoints/siamese_wide_resnet50_2_7way_1shot_latest.pt,299,-inf,2026-08-02T07:39:07.681818+00:00
siamese,wide_resnet50_2,7,1,/home/soumik/soumik/misc/output/checkpoints/siamese_wide_resnet50_2_7way_1shot_latest.pt,349,-inf,2026-08-02T07:51:25.438403+00:00
siamese,wide_resnet50_2,7,1,/home/soumik/soumik/misc/output/checkpoints/siamese_wide_resnet50_2_7way_1shot_latest.pt,399,-inf,2026-08-02T08:04:39.622078+00:00
siamese,wide_resnet50_2,7,1,/home/soumik/soumik/misc/output/checkpoints/siamese_wide_resnet50_2_7way_1shot_latest.pt,449,-inf,2026-08-02T08:16:50.913917+00:00
siamese,wide_resnet50_2,7,1,/home/soumik/soumik/misc/output/checkpoints/siamese_wide_resnet50_2_7way_1shot_latest.pt,499,-inf,2026-08-02T08:28:59.262135+00:00
siamese,wide_resnet50_2,7,1,/home/soumik/soumik/misc/output/checkpoints/siamese_wide_resnet50_2_7way_1shot_latest.pt,549,-inf,2026-08-02T08:41:40.856491+00:00
siamese,wide_resnet50_2,7,1,/home/soumik/soumik/misc/output/checkpoints/siamese_wide_resnet50_2_7way_1shot_latest.pt,599,-inf,2026-08-02T08:54:50.206231+00:00
siamese,wide_resnet50_2,7,1,/home/soumik/soumik/misc/output/checkpoints/siamese_wide_resnet50_2_7way_1shot_latest.pt,649,-inf,2026-08-02T09:06:44.714053+00:00
siamese,wide_resnet50_2,7,1,/home/soumik/soumik/misc/output/checkpoints/siamese_wide_resnet50_2_7way_1shot_latest.pt,699,-inf,2026-08-02T09:19:27.163508+00:00
siamese,wide_resnet50_2,7,1,/home/soumik/soumik/misc/output/checkpoints/siamese_wide_resnet50_2_7way_1shot_latest.pt,749,-inf,2026-08-02T09:32:33.535783+00:00
siamese,wide_resnet50_2,7,1,/home/soumik/soumik/misc/output/checkpoints/siamese_wide_resnet50_2_7way_1shot_latest.pt,799,-inf,2026-08-02T09:46:11.182931+00:00
siamese,wide_resnet50_2,7,1,/home/soumik/soumik/misc/output/checkpoints/siamese_wide_resnet50_2_7way_1shot_latest.pt,849,-inf,2026-08-02T09:58:33.824536+00:00
siamese,wide_resnet50_2,7,1,/home/soumik/soumik/misc/output/checkpoints/siamese_wide_resnet50_2_7way_1shot_latest.pt,899,-inf,2026-08-02T10:11:12.740377+00:00
siamese,wide_resnet50_2,7,1,/home/soumik/soumik/misc/output/checkpoints/siamese_wide_resnet50_2_7way_1shot_latest.pt,949,-inf,2026-08-02T10:24:13.462513+00:00
siamese,wide_resnet50_2,7,1,/home/soumik/soumik/misc/output/checkpoints/siamese_wide_resnet50_2_7way_1shot_latest.pt,999,-inf,2026-08-02T10:37:04.863824+00:00
siamese,wide_resnet50_2,7,1,/home/soumik/soumik/misc/output/checkpoints/siamese_wide_resnet50_2_7way_1shot_best.pt,999,93.67857238650322,2026-08-02T10:46:58.958843+00:00
siamese,wide_resnet50_2,7,1,/home/soumik/soumik/misc/output/checkpoints/siamese_wide_resnet50_2_7way_1shot_latest.pt,999,93.67857238650322,2026-08-02T10:47:03.411282+00:00
siamese,wide_resnet50_2,7,5,/home/soumik/soumik/misc/output/checkpoints/siamese_wide_resnet50_2_7way_5shot_latest.pt,49,-inf,2026-08-02T10:59:15.655786+00:00
siamese,wide_resnet50_2,7,5,/home/soumik/soumik/misc/output/checkpoints/siamese_wide_resnet50_2_7way_5shot_latest.pt,99,-inf,2026-08-02T11:12:15.635448+00:00
siamese,wide_resnet50_2,7,5,/home/soumik/soumik/misc/output/checkpoints/siamese_wide_resnet50_2_7way_5shot_latest.pt,149,-inf,2026-08-02T11:25:17.594885+00:00
siamese,wide_resnet50_2,7,5,/home/soumik/soumik/misc/output/checkpoints/siamese_wide_resnet50_2_7way_5shot_latest.pt,199,-inf,2026-08-02T11:37:58.431787+00:00
siamese,wide_resnet50_2,7,5,/home/soumik/soumik/misc/output/checkpoints/siamese_wide_resnet50_2_7way_5shot_latest.pt,249,-inf,2026-08-02T11:50:02.237241+00:00
siamese,wide_resnet50_2,7,5,/home/soumik/soumik/misc/output/checkpoints/siamese_wide_resnet50_2_7way_5shot_latest.pt,299,-inf,2026-08-02T12:02:21.008853+00:00
siamese,wide_resnet50_2,7,5,/home/soumik/soumik/misc/output/checkpoints/siamese_wide_resnet50_2_7way_5shot_latest.pt,349,-inf,2026-08-02T12:15:38.952197+00:00
siamese,wide_resnet50_2,7,5,/home/soumik/soumik/misc/output/checkpoints/siamese_wide_resnet50_2_7way_5shot_latest.pt,399,-inf,2026-08-02T12:29:02.325981+00:00
siamese,wide_resnet50_2,7,5,/home/soumik/soumik/misc/output/checkpoints/siamese_wide_resnet50_2_7way_5shot_latest.pt,449,-inf,2026-08-02T12:41:49.528069+00:00
siamese,wide_resnet50_2,7,5,/home/soumik/soumik/misc/output/checkpoints/siamese_wide_resnet50_2_7way_5shot_latest.pt,499,-inf,2026-08-02T12:53:51.084852+00:00
siamese,wide_resnet50_2,7,5,/home/soumik/soumik/misc/output/checkpoints/siamese_wide_resnet50_2_7way_5shot_latest.pt,549,-inf,2026-08-02T13:07:11.247943+00:00
siamese,wide_resnet50_2,7,5,/home/soumik/soumik/misc/output/checkpoints/siamese_wide_resnet50_2_7way_5shot_latest.pt,599,-inf,2026-08-02T13:19:54.667370+00:00
siamese,wide_resnet50_2,7,5,/home/soumik/soumik/misc/output/checkpoints/siamese_wide_resnet50_2_7way_5shot_latest.pt,649,-inf,2026-08-02T13:33:39.831871+00:00
siamese,wide_resnet50_2,7,5,/home/soumik/soumik/misc/output/checkpoints/siamese_wide_resnet50_2_7way_5shot_latest.pt,699,-inf,2026-08-02T13:46:27.761045+00:00
siamese,wide_resnet50_2,7,5,/home/soumik/soumik/misc/output/checkpoints/siamese_wide_resnet50_2_7way_5shot_latest.pt,749,-inf,2026-08-02T13:59:53.948969+00:00
siamese,wide_resnet50_2,7,5,/home/soumik/soumik/misc/output/checkpoints/siamese_wide_resnet50_2_7way_5shot_latest.pt,799,-inf,2026-08-02T14:11:57.967225+00:00
siamese,wide_resnet50_2,7,5,/home/soumik/soumik/misc/output/checkpoints/siamese_wide_resnet50_2_7way_5shot_latest.pt,849,-inf,2026-08-02T14:24:55.229219+00:00
siamese,wide_resnet50_2,7,5,/home/soumik/soumik/misc/output/checkpoints/siamese_wide_resnet50_2_7way_5shot_latest.pt,899,-inf,2026-08-02T14:39:41.487462+00:00
siamese,wide_resnet50_2,7,5,/home/soumik/soumik/misc/output/checkpoints/siamese_wide_resnet50_2_7way_5shot_latest.pt,949,-inf,2026-08-02T14:53:19.274956+00:00
siamese,wide_resnet50_2,7,5,/home/soumik/soumik/misc/output/checkpoints/siamese_wide_resnet50_2_7way_5shot_latest.pt,999,-inf,2026-08-02T15:06:27.070572+00:00
siamese,wide_resnet50_2,7,5,/home/soumik/soumik/misc/output/checkpoints/siamese_wide_resnet50_2_7way_5shot_best.pt,999,95.55714392662048,2026-08-02T15:16:31.240726+00:00
siamese,wide_resnet50_2,7,5,/home/soumik/soumik/misc/output/checkpoints/siamese_wide_resnet50_2_7way_5shot_latest.pt,999,95.55714392662048,2026-08-02T15:16:34.025462+00:00
siamese,wide_resnet50_2,7,10,/home/soumik/soumik/misc/output/checkpoints/siamese_wide_resnet50_2_7way_10shot_latest.pt,49,-inf,2026-08-02T15:34:58.539292+00:00
siamese,wide_resnet50_2,7,10,/home/soumik/soumik/misc/output/checkpoints/siamese_wide_resnet50_2_7way_10shot_latest.pt,99,-inf,2026-08-02T17:23:59.205189+00:00
siamese,wide_resnet50_2,7,10,/home/soumik/soumik/misc/output/checkpoints/siamese_wide_resnet50_2_7way_10shot_latest.pt,149,-inf,2026-08-02T17:38:07.521031+00:00
siamese,wide_resnet50_2,7,10,/home/soumik/soumik/misc/output/checkpoints/siamese_wide_resnet50_2_7way_10shot_latest.pt,199,-inf,2026-08-02T17:50:25.582069+00:00
siamese,wide_resnet50_2,7,10,/home/soumik/soumik/misc/output/checkpoints/siamese_wide_resnet50_2_7way_10shot_latest.pt,249,-inf,2026-08-02T18:02:42.225844+00:00
siamese,wide_resnet50_2,7,10,/home/soumik/soumik/misc/output/checkpoints/siamese_wide_resnet50_2_7way_10shot_latest.pt,299,-inf,2026-08-02T18:16:48.798068+00:00
siamese,wide_resnet50_2,7,10,/home/soumik/soumik/misc/output/checkpoints/siamese_wide_resnet50_2_7way_10shot_latest.pt,349,-inf,2026-08-02T18:29:16.584605+00:00
siamese,wide_resnet50_2,7,10,/home/soumik/soumik/misc/output/checkpoints/siamese_wide_resnet50_2_7way_10shot_latest.pt,399,-inf,2026-08-02T18:41:40.644890+00:00
siamese,wide_resnet50_2,7,10,/home/soumik/soumik/misc/output/checkpoints/siamese_wide_resnet50_2_7way_10shot_latest.pt,449,-inf,2026-08-02T18:54:01.125616+00:00
siamese,wide_resnet50_2,7,10,/home/soumik/soumik/misc/output/checkpoints/siamese_wide_resnet50_2_7way_10shot_latest.pt,499,-inf,2026-08-02T19:07:50.965109+00:00
siamese,wide_resnet50_2,7,10,/home/soumik/soumik/misc/output/checkpoints/siamese_wide_resnet50_2_7way_10shot_latest.pt,549,-inf,2026-08-02T19:21:36.880281+00:00
siamese,wide_resnet50_2,7,10,/home/soumik/soumik/misc/output/checkpoints/siamese_wide_resnet50_2_7way_10shot_latest.pt,599,-inf,2026-08-02T19:34:30.333261+00:00
siamese,wide_resnet50_2,7,10,/home/soumik/soumik/misc/output/checkpoints/siamese_wide_resnet50_2_7way_10shot_latest.pt,649,-inf,2026-08-02T19:48:11.441749+00:00
siamese,wide_resnet50_2,7,10,/home/soumik/soumik/misc/output/checkpoints/siamese_wide_resnet50_2_7way_10shot_latest.pt,699,-inf,2026-08-02T20:01:29.899963+00:00
siamese,wide_resnet50_2,7,10,/home/soumik/soumik/misc/output/checkpoints/siamese_wide_resnet50_2_7way_10shot_latest.pt,749,-inf,2026-08-02T20:14:15.185903+00:00
siamese,wide_resnet50_2,7,10,/home/soumik/soumik/misc/output/checkpoints/siamese_wide_resnet50_2_7way_10shot_latest.pt,799,-inf,2026-08-02T20:27:24.005573+00:00
siamese,wide_resnet50_2,7,10,/home/soumik/soumik/misc/output/checkpoints/siamese_wide_resnet50_2_7way_10shot_latest.pt,849,-inf,2026-08-02T20:41:06.265538+00:00
siamese,wide_resnet50_2,7,10,/home/soumik/soumik/misc/output/checkpoints/siamese_wide_resnet50_2_7way_10shot_latest.pt,899,-inf,2026-08-02T20:53:59.376755+00:00
siamese,wide_resnet50_2,7,10,/home/soumik/soumik/misc/output/checkpoints/siamese_wide_resnet50_2_7way_10shot_latest.pt,949,-inf,2026-08-02T21:08:09.938440+00:00
siamese,wide_resnet50_2,7,10,/home/soumik/soumik/misc/output/checkpoints/siamese_wide_resnet50_2_7way_10shot_latest.pt,999,-inf,2026-08-02T21:20:51.984250+00:00
siamese,wide_resnet50_2,7,10,/home/soumik/soumik/misc/output/checkpoints/siamese_wide_resnet50_2_7way_10shot_best.pt,999,97.40000090003014,2026-08-02T21:31:45.595724+00:00
siamese,wide_resnet50_2,7,10,/home/soumik/soumik/misc/output/checkpoints/siamese_wide_resnet50_2_7way_10shot_latest.pt,999,97.40000090003014,2026-08-02T21:31:49.182448+00:00
relationnet,mobilenetv4_conv_small.e2400_r224_in1k,5,1,/home/soumik/soumik/misc/output/checkpoints/relationnet_mobilenetv4_conv_small.e2400_r224_in1k_5way_1shot_latest.pt,49,-inf,2026-08-03T04:09:48.089522+00:00
relationnet,mobilenetv4_conv_small.e2400_r224_in1k,5,1,/home/soumik/soumik/misc/output/checkpoints/relationnet_mobilenetv4_conv_small.e2400_r224_in1k_5way_1shot_latest.pt,99,-inf,2026-08-03T04:20:35.780823+00:00
relationnet,mobilenetv4_conv_small.e2400_r224_in1k,5,1,/home/soumik/soumik/misc/output/checkpoints/relationnet_mobilenetv4_conv_small.e2400_r224_in1k_5way_1shot_latest.pt,149,-inf,2026-08-03T04:32:31.802724+00:00
relationnet,mobilenetv4_conv_small.e2400_r224_in1k,5,1,/home/soumik/soumik/misc/output/checkpoints/relationnet_mobilenetv4_conv_small.e2400_r224_in1k_5way_1shot_latest.pt,199,-inf,2026-08-03T04:43:49.551200+00:00
relationnet,mobilenetv4_conv_small.e2400_r224_in1k,5,1,/home/soumik/soumik/misc/output/checkpoints/relationnet_mobilenetv4_conv_small.e2400_r224_in1k_5way_1shot_latest.pt,249,-inf,2026-08-03T04:54:44.506949+00:00
relationnet,mobilenetv4_conv_small.e2400_r224_in1k,5,1,/home/soumik/soumik/misc/output/checkpoints/relationnet_mobilenetv4_conv_small.e2400_r224_in1k_5way_1shot_latest.pt,299,-inf,2026-08-03T05:07:44.887558+00:00
relationnet,mobilenetv4_conv_small.e2400_r224_in1k,5,1,/home/soumik/soumik/misc/output/checkpoints/relationnet_mobilenetv4_conv_small.e2400_r224_in1k_5way_1shot_latest.pt,349,-inf,2026-08-03T05:18:44.953700+00:00
relationnet,mobilenetv4_conv_small.e2400_r224_in1k,5,1,/home/soumik/soumik/misc/output/checkpoints/relationnet_mobilenetv4_conv_small.e2400_r224_in1k_5way_1shot_latest.pt,399,-inf,2026-08-03T05:30:23.950512+00:00
relationnet,mobilenetv4_conv_small.e2400_r224_in1k,5,1,/home/soumik/soumik/misc/output/checkpoints/relationnet_mobilenetv4_conv_small.e2400_r224_in1k_5way_1shot_latest.pt,449,-inf,2026-08-03T05:41:10.331467+00:00
relationnet,mobilenetv4_conv_small.e2400_r224_in1k,5,1,/home/soumik/soumik/misc/output/checkpoints/relationnet_mobilenetv4_conv_small.e2400_r224_in1k_5way_1shot_latest.pt,499,-inf,2026-08-03T05:52:53.107086+00:00
relationnet,mobilenetv4_conv_small.e2400_r224_in1k,5,1,/home/soumik/soumik/misc/output/checkpoints/relationnet_mobilenetv4_conv_small.e2400_r224_in1k_5way_1shot_latest.pt,549,-inf,2026-08-03T06:04:17.706972+00:00
relationnet,mobilenetv4_conv_small.e2400_r224_in1k,5,1,/home/soumik/soumik/misc/output/checkpoints/relationnet_mobilenetv4_conv_small.e2400_r224_in1k_5way_1shot_latest.pt,599,-inf,2026-08-03T06:16:17.743251+00:00
relationnet,mobilenetv4_conv_small.e2400_r224_in1k,5,1,/home/soumik/soumik/misc/output/checkpoints/relationnet_mobilenetv4_conv_small.e2400_r224_in1k_5way_1shot_latest.pt,649,-inf,2026-08-03T06:28:58.554110+00:00
relationnet,mobilenetv4_conv_small.e2400_r224_in1k,5,1,/home/soumik/soumik/misc/output/checkpoints/relationnet_mobilenetv4_conv_small.e2400_r224_in1k_5way_1shot_latest.pt,699,-inf,2026-08-03T06:40:03.852202+00:00
relationnet,mobilenetv4_conv_small.e2400_r224_in1k,5,1,/home/soumik/soumik/misc/output/checkpoints/relationnet_mobilenetv4_conv_small.e2400_r224_in1k_5way_1shot_latest.pt,749,-inf,2026-08-03T06:52:57.072570+00:00
relationnet,mobilenetv4_conv_small.e2400_r224_in1k,5,1,/home/soumik/soumik/misc/output/checkpoints/relationnet_mobilenetv4_conv_small.e2400_r224_in1k_5way_1shot_latest.pt,799,-inf,2026-08-03T07:05:06.198839+00:00
relationnet,mobilenetv4_conv_small.e2400_r224_in1k,5,1,/home/soumik/soumik/misc/output/checkpoints/relationnet_mobilenetv4_conv_small.e2400_r224_in1k_5way_1shot_latest.pt,849,-inf,2026-08-03T07:17:15.898316+00:00
relationnet,mobilenetv4_conv_small.e2400_r224_in1k,5,1,/home/soumik/soumik/misc/output/checkpoints/relationnet_mobilenetv4_conv_small.e2400_r224_in1k_5way_1shot_latest.pt,899,-inf,2026-08-03T07:29:23.636872+00:00
relationnet,mobilenetv4_conv_small.e2400_r224_in1k,5,1,/home/soumik/soumik/misc/output/checkpoints/relationnet_mobilenetv4_conv_small.e2400_r224_in1k_5way_1shot_latest.pt,949,-inf,2026-08-03T07:41:05.129828+00:00
relationnet,mobilenetv4_conv_small.e2400_r224_in1k,5,1,/home/soumik/soumik/misc/output/checkpoints/relationnet_mobilenetv4_conv_small.e2400_r224_in1k_5way_1shot_latest.pt,999,-inf,2026-08-03T16:47:35.723276+00:00
relationnet,mobilenetv4_conv_small.e2400_r224_in1k,5,1,/home/soumik/soumik/misc/output/checkpoints/relationnet_mobilenetv4_conv_small.e2400_r224_in1k_5way_1shot_best.pt,999,20.1799991466105,2026-08-03T16:56:12.101234+00:00
relationnet,mobilenetv4_conv_small.e2400_r224_in1k,5,1,/home/soumik/soumik/misc/output/checkpoints/relationnet_mobilenetv4_conv_small.e2400_r224_in1k_5way_1shot_latest.pt,999,20.1799991466105,2026-08-03T16:56:12.236832+00:00
relationnet,mobilenetv4_conv_small.e2400_r224_in1k,5,5,/home/soumik/soumik/misc/output/checkpoints/relationnet_mobilenetv4_conv_small.e2400_r224_in1k_5way_5shot_latest.pt,49,-inf,2026-08-03T17:09:32.084783+00:00
relationnet,mobilenetv4_conv_small.e2400_r224_in1k,5,5,/home/soumik/soumik/misc/output/checkpoints/relationnet_mobilenetv4_conv_small.e2400_r224_in1k_5way_5shot_latest.pt,99,-inf,2026-08-03T17:22:14.699845+00:00
relationnet,mobilenetv4_conv_small.e2400_r224_in1k,5,5,/home/soumik/soumik/misc/output/checkpoints/relationnet_mobilenetv4_conv_small.e2400_r224_in1k_5way_5shot_latest.pt,149,-inf,2026-08-03T17:34:13.388092+00:00
relationnet,mobilenetv4_conv_small.e2400_r224_in1k,5,5,/home/soumik/soumik/misc/output/checkpoints/relationnet_mobilenetv4_conv_small.e2400_r224_in1k_5way_5shot_latest.pt,199,-inf,2026-08-03T17:45:10.826567+00:00
relationnet,mobilenetv4_conv_small.e2400_r224_in1k,5,5,/home/soumik/soumik/misc/output/checkpoints/relationnet_mobilenetv4_conv_small.e2400_r224_in1k_5way_5shot_latest.pt,249,-inf,2026-08-03T17:56:06.250572+00:00
relationnet,mobilenetv4_conv_small.e2400_r224_in1k,5,5,/home/soumik/soumik/misc/output/checkpoints/relationnet_mobilenetv4_conv_small.e2400_r224_in1k_5way_5shot_latest.pt,299,-inf,2026-08-03T18:07:05.173382+00:00
relationnet,mobilenetv4_conv_small.e2400_r224_in1k,5,5,/home/soumik/soumik/misc/output/checkpoints/relationnet_mobilenetv4_conv_small.e2400_r224_in1k_5way_5shot_latest.pt,349,-inf,2026-08-03T18:18:54.579353+00:00
relationnet,mobilenetv4_conv_small.e2400_r224_in1k,5,5,/home/soumik/soumik/misc/output/checkpoints/relationnet_mobilenetv4_conv_small.e2400_r224_in1k_5way_5shot_latest.pt,399,-inf,2026-08-03T18:29:57.646257+00:00
relationnet,mobilenetv4_conv_small.e2400_r224_in1k,5,5,/home/soumik/soumik/misc/output/checkpoints/relationnet_mobilenetv4_conv_small.e2400_r224_in1k_5way_5shot_latest.pt,449,-inf,2026-08-03T18:40:58.704100+00:00
relationnet,mobilenetv4_conv_small.e2400_r224_in1k,5,5,/home/soumik/soumik/misc/output/checkpoints/relationnet_mobilenetv4_conv_small.e2400_r224_in1k_5way_5shot_latest.pt,499,-inf,2026-08-03T18:52:30.769289+00:00
relationnet,mobilenetv4_conv_small.e2400_r224_in1k,5,5,/home/soumik/soumik/misc/output/checkpoints/relationnet_mobilenetv4_conv_small.e2400_r224_in1k_5way_5shot_latest.pt,549,-inf,2026-08-03T19:05:07.221780+00:00
relationnet,mobilenetv4_conv_small.e2400_r224_in1k,5,5,/home/soumik/soumik/misc/output/checkpoints/relationnet_mobilenetv4_conv_small.e2400_r224_in1k_5way_5shot_latest.pt,599,-inf,2026-08-03T19:16:25.427545+00:00
relationnet,mobilenetv4_conv_small.e2400_r224_in1k,5,5,/home/soumik/soumik/misc/output/checkpoints/relationnet_mobilenetv4_conv_small.e2400_r224_in1k_5way_5shot_latest.pt,649,-inf,2026-08-03T19:27:25.670500+00:00
relationnet,mobilenetv4_conv_small.e2400_r224_in1k,5,5,/home/soumik/soumik/misc/output/checkpoints/relationnet_mobilenetv4_conv_small.e2400_r224_in1k_5way_5shot_latest.pt,699,-inf,2026-08-03T19:39:42.706766+00:00
relationnet,mobilenetv4_conv_small.e2400_r224_in1k,5,5,/home/soumik/soumik/misc/output/checkpoints/relationnet_mobilenetv4_conv_small.e2400_r224_in1k_5way_5shot_latest.pt,749,-inf,2026-08-03T19:52:27.886663+00:00
relationnet,mobilenetv4_conv_small.e2400_r224_in1k,5,5,/home/soumik/soumik/misc/output/checkpoints/relationnet_mobilenetv4_conv_small.e2400_r224_in1k_5way_5shot_latest.pt,799,-inf,2026-08-03T20:03:11.676746+00:00
relationnet,mobilenetv4_conv_small.e2400_r224_in1k,5,5,/home/soumik/soumik/misc/output/checkpoints/relationnet_mobilenetv4_conv_small.e2400_r224_in1k_5way_5shot_latest.pt,849,-inf,2026-08-03T20:14:20.720898+00:00
relationnet,mobilenetv4_conv_small.e2400_r224_in1k,5,5,/home/soumik/soumik/misc/output/checkpoints/relationnet_mobilenetv4_conv_small.e2400_r224_in1k_5way_5shot_latest.pt,899,-inf,2026-08-03T20:26:00.466339+00:00
relationnet,mobilenetv4_conv_small.e2400_r224_in1k,5,5,/home/soumik/soumik/misc/output/checkpoints/relationnet_mobilenetv4_conv_small.e2400_r224_in1k_5way_5shot_latest.pt,949,-inf,2026-08-03T20:37:23.921299+00:00
relationnet,mobilenetv4_conv_small.e2400_r224_in1k,5,5,/home/soumik/soumik/misc/output/checkpoints/relationnet_mobilenetv4_conv_small.e2400_r224_in1k_5way_5shot_latest.pt,999,-inf,2026-08-03T20:48:50.366826+00:00
relationnet,mobilenetv4_conv_small.e2400_r224_in1k,5,5,/home/soumik/soumik/misc/output/checkpoints/relationnet_mobilenetv4_conv_small.e2400_r224_in1k_5way_5shot_best.pt,999,21.219999309629202,2026-08-03T20:58:01.328077+00:00
relationnet,mobilenetv4_conv_small.e2400_r224_in1k,5,5,/home/soumik/soumik/misc/output/checkpoints/relationnet_mobilenetv4_conv_small.e2400_r224_in1k_5way_5shot_latest.pt,999,21.219999309629202,2026-08-03T20:58:01.450524+00:00
relationnet,mobilenetv4_conv_small.e2400_r224_in1k,5,10,/home/soumik/soumik/misc/output/checkpoints/relationnet_mobilenetv4_conv_small.e2400_r224_in1k_5way_10shot_latest.pt,49,-inf,2026-08-03T21:08:34.698221+00:00
relationnet,mobilenetv4_conv_small.e2400_r224_in1k,5,10,/home/soumik/soumik/misc/output/checkpoints/relationnet_mobilenetv4_conv_small.e2400_r224_in1k_5way_10shot_latest.pt,99,-inf,2026-08-03T21:20:54.554103+00:00
relationnet,mobilenetv4_conv_small.e2400_r224_in1k,5,10,/home/soumik/soumik/misc/output/checkpoints/relationnet_mobilenetv4_conv_small.e2400_r224_in1k_5way_10shot_latest.pt,149,-inf,2026-08-03T21:32:27.078313+00:00
relationnet,mobilenetv4_conv_small.e2400_r224_in1k,5,10,/home/soumik/soumik/misc/output/checkpoints/relationnet_mobilenetv4_conv_small.e2400_r224_in1k_5way_10shot_latest.pt,199,-inf,2026-08-03T21:44:03.352334+00:00
relationnet,mobilenetv4_conv_small.e2400_r224_in1k,5,10,/home/soumik/soumik/misc/output/checkpoints/relationnet_mobilenetv4_conv_small.e2400_r224_in1k_5way_10shot_latest.pt,249,-inf,2026-08-03T21:56:13.563886+00:00
relationnet,mobilenetv4_conv_small.e2400_r224_in1k,5,10,/home/soumik/soumik/misc/output/checkpoints/relationnet_mobilenetv4_conv_small.e2400_r224_in1k_5way_10shot_latest.pt,299,-inf,2026-08-03T22:07:27.563314+00:00
relationnet,mobilenetv4_conv_small.e2400_r224_in1k,5,10,/home/soumik/soumik/misc/output/checkpoints/relationnet_mobilenetv4_conv_small.e2400_r224_in1k_5way_10shot_latest.pt,349,-inf,2026-08-03T22:17:17.032644+00:00
relationnet,mobilenetv4_conv_small.e2400_r224_in1k,5,10,/home/soumik/soumik/misc/output/checkpoints/relationnet_mobilenetv4_conv_small.e2400_r224_in1k_5way_10shot_latest.pt,399,-inf,2026-08-03T22:29:05.687077+00:00
relationnet,mobilenetv4_conv_small.e2400_r224_in1k,5,10,/home/soumik/soumik/misc/output/checkpoints/relationnet_mobilenetv4_conv_small.e2400_r224_in1k_5way_10shot_latest.pt,449,-inf,2026-08-03T22:40:20.190219+00:00
relationnet,mobilenetv4_conv_small.e2400_r224_in1k,5,10,/home/soumik/soumik/misc/output/checkpoints/relationnet_mobilenetv4_conv_small.e2400_r224_in1k_5way_10shot_latest.pt,499,-inf,2026-08-03T22:52:25.360848+00:00
relationnet,mobilenetv4_conv_small.e2400_r224_in1k,5,10,/home/soumik/soumik/misc/output/checkpoints/relationnet_mobilenetv4_conv_small.e2400_r224_in1k_5way_10shot_latest.pt,549,-inf,2026-08-03T23:04:10.996173+00:00
relationnet,mobilenetv4_conv_small.e2400_r224_in1k,5,10,/home/soumik/soumik/misc/output/checkpoints/relationnet_mobilenetv4_conv_small.e2400_r224_in1k_5way_10shot_latest.pt,599,-inf,2026-08-03T23:16:17.387855+00:00
relationnet,mobilenetv4_conv_small.e2400_r224_in1k,5,10,/home/soumik/soumik/misc/output/checkpoints/relationnet_mobilenetv4_conv_small.e2400_r224_in1k_5way_10shot_latest.pt,649,-inf,2026-08-03T23:27:59.235733+00:00
relationnet,mobilenetv4_conv_small.e2400_r224_in1k,5,10,/home/soumik/soumik/misc/output/checkpoints/relationnet_mobilenetv4_conv_small.e2400_r224_in1k_5way_10shot_latest.pt,699,-inf,2026-08-03T23:40:25.622736+00:00
relationnet,mobilenetv4_conv_small.e2400_r224_in1k,5,10,/home/soumik/soumik/misc/output/checkpoints/relationnet_mobilenetv4_conv_small.e2400_r224_in1k_5way_10shot_latest.pt,749,-inf,2026-08-03T23:50:57.606172+00:00
relationnet,mobilenetv4_conv_small.e2400_r224_in1k,5,10,/home/soumik/soumik/misc/output/checkpoints/relationnet_mobilenetv4_conv_small.e2400_r224_in1k_5way_10shot_latest.pt,799,-inf,2026-08-04T00:02:00.802661+00:00
relationnet,mobilenetv4_conv_small.e2400_r224_in1k,5,10,/home/soumik/soumik/misc/output/checkpoints/relationnet_mobilenetv4_conv_small.e2400_r224_in1k_5way_10shot_latest.pt,849,-inf,2026-08-04T00:13:17.075146+00:00
relationnet,mobilenetv4_conv_small.e2400_r224_in1k,5,10,/home/soumik/soumik/misc/output/checkpoints/relationnet_mobilenetv4_conv_small.e2400_r224_in1k_5way_10shot_latest.pt,899,-inf,2026-08-04T00:24:45.370303+00:00
relationnet,mobilenetv4_conv_small.e2400_r224_in1k,5,10,/home/soumik/soumik/misc/output/checkpoints/relationnet_mobilenetv4_conv_small.e2400_r224_in1k_5way_10shot_latest.pt,949,-inf,2026-08-04T00:36:16.865143+00:00
relationnet,mobilenetv4_conv_small.e2400_r224_in1k,5,10,/home/soumik/soumik/misc/output/checkpoints/relationnet_mobilenetv4_conv_small.e2400_r224_in1k_5way_10shot_latest.pt,999,-inf,2026-08-04T00:47:35.477314+00:00
relationnet,mobilenetv4_conv_small.e2400_r224_in1k,5,10,/home/soumik/soumik/misc/output/checkpoints/relationnet_mobilenetv4_conv_small.e2400_r224_in1k_5way_10shot_best.pt,999,61.84999838471413,2026-08-04T00:57:04.711088+00:00
relationnet,mobilenetv4_conv_small.e2400_r224_in1k,5,10,/home/soumik/soumik/misc/output/checkpoints/relationnet_mobilenetv4_conv_small.e2400_r224_in1k_5way_10shot_latest.pt,999,61.84999838471413,2026-08-04T00:57:04.841908+00:00
relationnet,mobilenetv4_conv_small.e2400_r224_in1k,7,1,/home/soumik/soumik/misc/output/checkpoints/relationnet_mobilenetv4_conv_small.e2400_r224_in1k_7way_1shot_latest.pt,49,-inf,2026-08-04T01:08:25.425061+00:00
relationnet,mobilenetv4_conv_small.e2400_r224_in1k,7,1,/home/soumik/soumik/misc/output/checkpoints/relationnet_mobilenetv4_conv_small.e2400_r224_in1k_7way_1shot_latest.pt,99,-inf,2026-08-04T01:20:02.725801+00:00
relationnet,mobilenetv4_conv_small.e2400_r224_in1k,7,1,/home/soumik/soumik/misc/output/checkpoints/relationnet_mobilenetv4_conv_small.e2400_r224_in1k_7way_1shot_latest.pt,149,-inf,2026-08-04T01:32:27.492634+00:00
relationnet,mobilenetv4_conv_small.e2400_r224_in1k,7,1,/home/soumik/soumik/misc/output/checkpoints/relationnet_mobilenetv4_conv_small.e2400_r224_in1k_7way_1shot_latest.pt,199,-inf,2026-08-04T01:44:37.426221+00:00
relationnet,mobilenetv4_conv_small.e2400_r224_in1k,7,1,/home/soumik/soumik/misc/output/checkpoints/relationnet_mobilenetv4_conv_small.e2400_r224_in1k_7way_1shot_latest.pt,249,-inf,2026-08-04T01:55:52.405047+00:00
relationnet,mobilenetv4_conv_small.e2400_r224_in1k,7,1,/home/soumik/soumik/misc/output/checkpoints/relationnet_mobilenetv4_conv_small.e2400_r224_in1k_7way_1shot_latest.pt,299,-inf,2026-08-04T02:08:19.595119+00:00
relationnet,mobilenetv4_conv_small.e2400_r224_in1k,7,1,/home/soumik/soumik/misc/output/checkpoints/relationnet_mobilenetv4_conv_small.e2400_r224_in1k_7way_1shot_latest.pt,349,-inf,2026-08-04T02:20:14.200344+00:00
relationnet,mobilenetv4_conv_small.e2400_r224_in1k,7,1,/home/soumik/soumik/misc/output/checkpoints/relationnet_mobilenetv4_conv_small.e2400_r224_in1k_7way_1shot_latest.pt,399,-inf,2026-08-04T02:32:37.519361+00:00
relationnet,mobilenetv4_conv_small.e2400_r224_in1k,7,1,/home/soumik/soumik/misc/output/checkpoints/relationnet_mobilenetv4_conv_small.e2400_r224_in1k_7way_1shot_latest.pt,449,-inf,2026-08-04T02:44:20.803242+00:00
relationnet,mobilenetv4_conv_small.e2400_r224_in1k,7,1,/home/soumik/soumik/misc/output/checkpoints/relationnet_mobilenetv4_conv_small.e2400_r224_in1k_7way_1shot_latest.pt,499,-inf,2026-08-04T02:57:24.013900+00:00
relationnet,mobilenetv4_conv_small.e2400_r224_in1k,7,1,/home/soumik/soumik/misc/output/checkpoints/relationnet_mobilenetv4_conv_small.e2400_r224_in1k_7way_1shot_latest.pt,549,-inf,2026-08-04T03:09:01.583868+00:00
relationnet,mobilenetv4_conv_small.e2400_r224_in1k,7,1,/home/soumik/soumik/misc/output/checkpoints/relationnet_mobilenetv4_conv_small.e2400_r224_in1k_7way_1shot_latest.pt,599,-inf,2026-08-04T03:22:18.601334+00:00
relationnet,mobilenetv4_conv_small.e2400_r224_in1k,7,1,/home/soumik/soumik/misc/output/checkpoints/relationnet_mobilenetv4_conv_small.e2400_r224_in1k_7way_1shot_latest.pt,649,-inf,2026-08-04T03:35:12.450420+00:00
relationnet,mobilenetv4_conv_small.e2400_r224_in1k,7,1,/home/soumik/soumik/misc/output/checkpoints/relationnet_mobilenetv4_conv_small.e2400_r224_in1k_7way_1shot_latest.pt,699,-inf,2026-08-04T03:47:07.582966+00:00
relationnet,mobilenetv4_conv_small.e2400_r224_in1k,7,1,/home/soumik/soumik/misc/output/checkpoints/relationnet_mobilenetv4_conv_small.e2400_r224_in1k_7way_1shot_latest.pt,749,-inf,2026-08-04T03:59:17.351166+00:00
relationnet,mobilenetv4_conv_small.e2400_r224_in1k,7,1,/home/soumik/soumik/misc/output/checkpoints/relationnet_mobilenetv4_conv_small.e2400_r224_in1k_7way_1shot_latest.pt,799,-inf,2026-08-04T04:10:49.509119+00:00
relationnet,mobilenetv4_conv_small.e2400_r224_in1k,7,1,/home/soumik/soumik/misc/output/checkpoints/relationnet_mobilenetv4_conv_small.e2400_r224_in1k_7way_1shot_latest.pt,849,-inf,2026-08-04T04:23:13.147245+00:00
relationnet,mobilenetv4_conv_small.e2400_r224_in1k,7,1,/home/soumik/soumik/misc/output/checkpoints/relationnet_mobilenetv4_conv_small.e2400_r224_in1k_7way_1shot_latest.pt,899,-inf,2026-08-04T04:35:38.927453+00:00
relationnet,mobilenetv4_conv_small.e2400_r224_in1k,7,1,/home/soumik/soumik/misc/output/checkpoints/relationnet_mobilenetv4_conv_small.e2400_r224_in1k_7way_1shot_latest.pt,949,-inf,2026-08-04T04:48:02.918670+00:00
relationnet,mobilenetv4_conv_small.e2400_r224_in1k,7,1,/home/soumik/soumik/misc/output/checkpoints/relationnet_mobilenetv4_conv_small.e2400_r224_in1k_7way_1shot_latest.pt,999,-inf,2026-08-04T04:59:50.869797+00:00
relationnet,mobilenetv4_conv_small.e2400_r224_in1k,7,1,/home/soumik/soumik/misc/output/checkpoints/relationnet_mobilenetv4_conv_small.e2400_r224_in1k_7way_1shot_best.pt,999,14.37857200205326,2026-08-04T05:08:53.523140+00:00
relationnet,mobilenetv4_conv_small.e2400_r224_in1k,7,1,/home/soumik/soumik/misc/output/checkpoints/relationnet_mobilenetv4_conv_small.e2400_r224_in1k_7way_1shot_latest.pt,999,14.37857200205326,2026-08-04T05:08:53.639469+00:00
relationnet,mobilenetv4_conv_small.e2400_r224_in1k,7,5,/home/soumik/soumik/misc/output/checkpoints/relationnet_mobilenetv4_conv_small.e2400_r224_in1k_7way_5shot_latest.pt,49,-inf,2026-08-04T05:20:39.981647+00:00
relationnet,mobilenetv4_conv_small.e2400_r224_in1k,7,5,/home/soumik/soumik/misc/output/checkpoints/relationnet_mobilenetv4_conv_small.e2400_r224_in1k_7way_5shot_latest.pt,99,-inf,2026-08-04T05:33:21.727221+00:00
relationnet,mobilenetv4_conv_small.e2400_r224_in1k,7,5,/home/soumik/soumik/misc/output/checkpoints/relationnet_mobilenetv4_conv_small.e2400_r224_in1k_7way_5shot_latest.pt,149,-inf,2026-08-04T05:45:20.627215+00:00
relationnet,mobilenetv4_conv_small.e2400_r224_in1k,7,5,/home/soumik/soumik/misc/output/checkpoints/relationnet_mobilenetv4_conv_small.e2400_r224_in1k_7way_5shot_latest.pt,199,-inf,2026-08-04T05:56:32.967312+00:00
relationnet,mobilenetv4_conv_small.e2400_r224_in1k,7,5,/home/soumik/soumik/misc/output/checkpoints/relationnet_mobilenetv4_conv_small.e2400_r224_in1k_7way_5shot_latest.pt,249,-inf,2026-08-04T06:08:07.823900+00:00
relationnet,mobilenetv4_conv_small.e2400_r224_in1k,7,5,/home/soumik/soumik/misc/output/checkpoints/relationnet_mobilenetv4_conv_small.e2400_r224_in1k_7way_5shot_latest.pt,299,-inf,2026-08-04T06:21:10.860508+00:00
relationnet,mobilenetv4_conv_small.e2400_r224_in1k,7,5,/home/soumik/soumik/misc/output/checkpoints/relationnet_mobilenetv4_conv_small.e2400_r224_in1k_7way_5shot_latest.pt,349,-inf,2026-08-04T06:35:06.344027+00:00
relationnet,mobilenetv4_conv_small.e2400_r224_in1k,7,5,/home/soumik/soumik/misc/output/checkpoints/relationnet_mobilenetv4_conv_small.e2400_r224_in1k_7way_5shot_latest.pt,399,-inf,2026-08-04T06:47:03.388646+00:00
relationnet,mobilenetv4_conv_small.e2400_r224_in1k,7,5,/home/soumik/soumik/misc/output/checkpoints/relationnet_mobilenetv4_conv_small.e2400_r224_in1k_7way_5shot_latest.pt,449,-inf,2026-08-04T06:59:15.577797+00:00
relationnet,mobilenetv4_conv_small.e2400_r224_in1k,7,5,/home/soumik/soumik/misc/output/checkpoints/relationnet_mobilenetv4_conv_small.e2400_r224_in1k_7way_5shot_latest.pt,499,-inf,2026-08-04T07:12:18.890848+00:00
relationnet,mobilenetv4_conv_small.e2400_r224_in1k,7,5,/home/soumik/soumik/misc/output/checkpoints/relationnet_mobilenetv4_conv_small.e2400_r224_in1k_7way_5shot_latest.pt,549,-inf,2026-08-04T07:25:19.394559+00:00
relationnet,mobilenetv4_conv_small.e2400_r224_in1k,7,5,/home/soumik/soumik/misc/output/checkpoints/relationnet_mobilenetv4_conv_small.e2400_r224_in1k_7way_5shot_latest.pt,599,-inf,2026-08-04T07:38:11.641556+00:00
relationnet,mobilenetv4_conv_small.e2400_r224_in1k,7,5,/home/soumik/soumik/misc/output/checkpoints/relationnet_mobilenetv4_conv_small.e2400_r224_in1k_7way_5shot_latest.pt,649,-inf,2026-08-04T07:49:23.134797+00:00
relationnet,mobilenetv4_conv_small.e2400_r224_in1k,7,5,/home/soumik/soumik/misc/output/checkpoints/relationnet_mobilenetv4_conv_small.e2400_r224_in1k_7way_5shot_latest.pt,699,-inf,2026-08-04T08:01:15.927943+00:00
relationnet,mobilenetv4_conv_small.e2400_r224_in1k,7,5,/home/soumik/soumik/misc/output/checkpoints/relationnet_mobilenetv4_conv_small.e2400_r224_in1k_7way_5shot_latest.pt,749,-inf,2026-08-04T08:13:30.514255+00:00
relationnet,mobilenetv4_conv_small.e2400_r224_in1k,7,5,/home/soumik/soumik/misc/output/checkpoints/relationnet_mobilenetv4_conv_small.e2400_r224_in1k_7way_5shot_latest.pt,799,-inf,2026-08-04T08:25:51.004676+00:00
relationnet,mobilenetv4_conv_small.e2400_r224_in1k,7,5,/home/soumik/soumik/misc/output/checkpoints/relationnet_mobilenetv4_conv_small.e2400_r224_in1k_7way_5shot_latest.pt,849,-inf,2026-08-04T08:38:56.918773+00:00
relationnet,mobilenetv4_conv_small.e2400_r224_in1k,7,5,/home/soumik/soumik/misc/output/checkpoints/relationnet_mobilenetv4_conv_small.e2400_r224_in1k_7way_5shot_latest.pt,899,-inf,2026-08-04T08:51:44.864947+00:00
relationnet,mobilenetv4_conv_small.e2400_r224_in1k,7,5,/home/soumik/soumik/misc/output/checkpoints/relationnet_mobilenetv4_conv_small.e2400_r224_in1k_7way_5shot_latest.pt,949,-inf,2026-08-04T09:03:33.545229+00:00
relationnet,mobilenetv4_conv_small.e2400_r224_in1k,7,5,/home/soumik/soumik/misc/output/checkpoints/relationnet_mobilenetv4_conv_small.e2400_r224_in1k_7way_5shot_latest.pt,999,-inf,2026-08-04T09:16:27.153822+00:00
relationnet,mobilenetv4_conv_small.e2400_r224_in1k,7,5,/home/soumik/soumik/misc/output/checkpoints/relationnet_mobilenetv4_conv_small.e2400_r224_in1k_7way_5shot_best.pt,999,14.492857659235597,2026-08-05T12:02:23.701635+00:00
relationnet,mobilenetv4_conv_small.e2400_r224_in1k,7,5,/home/soumik/soumik/misc/output/checkpoints/relationnet_mobilenetv4_conv_small.e2400_r224_in1k_7way_5shot_latest.pt,999,14.492857659235597,2026-08-05T12:02:23.850537+00:00
relationnet,mobilenetv4_conv_small.e2400_r224_in1k,7,10,/home/soumik/soumik/misc/output/checkpoints/relationnet_mobilenetv4_conv_small.e2400_r224_in1k_7way_10shot_latest.pt,49,-inf,2026-08-05T12:15:31.837799+00:00
relationnet,mobilenetv4_conv_small.e2400_r224_in1k,7,10,/home/soumik/soumik/misc/output/checkpoints/relationnet_mobilenetv4_conv_small.e2400_r224_in1k_7way_10shot_latest.pt,99,-inf,2026-08-05T12:28:08.988703+00:00
relationnet,mobilenetv4_conv_small.e2400_r224_in1k,7,10,/home/soumik/soumik/misc/output/checkpoints/relationnet_mobilenetv4_conv_small.e2400_r224_in1k_7way_10shot_latest.pt,149,-inf,2026-08-05T12:40:51.005849+00:00
relationnet,mobilenetv4_conv_small.e2400_r224_in1k,7,10,/home/soumik/soumik/misc/output/checkpoints/relationnet_mobilenetv4_conv_small.e2400_r224_in1k_7way_10shot_latest.pt,199,-inf,2026-08-05T12:52:41.334389+00:00
relationnet,mobilenetv4_conv_small.e2400_r224_in1k,7,10,/home/soumik/soumik/misc/output/checkpoints/relationnet_mobilenetv4_conv_small.e2400_r224_in1k_7way_10shot_latest.pt,249,-inf,2026-08-05T13:04:37.205058+00:00
relationnet,mobilenetv4_conv_small.e2400_r224_in1k,7,10,/home/soumik/soumik/misc/output/checkpoints/relationnet_mobilenetv4_conv_small.e2400_r224_in1k_7way_10shot_latest.pt,299,-inf,2026-08-05T13:17:27.304964+00:00
relationnet,mobilenetv4_conv_small.e2400_r224_in1k,7,10,/home/soumik/soumik/misc/output/checkpoints/relationnet_mobilenetv4_conv_small.e2400_r224_in1k_7way_10shot_latest.pt,349,-inf,2026-08-05T13:28:26.304399+00:00
relationnet,mobilenetv4_conv_small.e2400_r224_in1k,7,10,/home/soumik/soumik/misc/output/checkpoints/relationnet_mobilenetv4_conv_small.e2400_r224_in1k_7way_10shot_latest.pt,399,-inf,2026-08-05T13:39:52.720779+00:00
relationnet,mobilenetv4_conv_small.e2400_r224_in1k,7,10,/home/soumik/soumik/misc/output/checkpoints/relationnet_mobilenetv4_conv_small.e2400_r224_in1k_7way_10shot_latest.pt,449,-inf,2026-08-05T13:51:26.511005+00:00
relationnet,mobilenetv4_conv_small.e2400_r224_in1k,7,10,/home/soumik/soumik/misc/output/checkpoints/relationnet_mobilenetv4_conv_small.e2400_r224_in1k_7way_10shot_latest.pt,499,-inf,2026-08-05T14:04:03.474718+00:00
relationnet,mobilenetv4_conv_small.e2400_r224_in1k,7,10,/home/soumik/soumik/misc/output/checkpoints/relationnet_mobilenetv4_conv_small.e2400_r224_in1k_7way_10shot_latest.pt,549,-inf,2026-08-05T14:15:16.146557+00:00
relationnet,mobilenetv4_conv_small.e2400_r224_in1k,7,10,/home/soumik/soumik/misc/output/checkpoints/relationnet_mobilenetv4_conv_small.e2400_r224_in1k_7way_10shot_latest.pt,599,-inf,2026-08-05T14:27:27.879639+00:00
relationnet,mobilenetv4_conv_small.e2400_r224_in1k,7,10,/home/soumik/soumik/misc/output/checkpoints/relationnet_mobilenetv4_conv_small.e2400_r224_in1k_7way_10shot_latest.pt,649,-inf,2026-08-05T14:40:39.837890+00:00
relationnet,mobilenetv4_conv_small.e2400_r224_in1k,7,10,/home/soumik/soumik/misc/output/checkpoints/relationnet_mobilenetv4_conv_small.e2400_r224_in1k_7way_10shot_latest.pt,699,-inf,2026-08-05T14:51:18.458869+00:00
relationnet,mobilenetv4_conv_small.e2400_r224_in1k,7,10,/home/soumik/soumik/misc/output/checkpoints/relationnet_mobilenetv4_conv_small.e2400_r224_in1k_7way_10shot_latest.pt,749,-inf,2026-08-05T15:04:14.873119+00:00
relationnet,mobilenetv4_conv_small.e2400_r224_in1k,7,10,/home/soumik/soumik/misc/output/checkpoints/relationnet_mobilenetv4_conv_small.e2400_r224_in1k_7way_10shot_latest.pt,799,-inf,2026-08-05T15:16:22.700828+00:00
relationnet,mobilenetv4_conv_small.e2400_r224_in1k,7,10,/home/soumik/soumik/misc/output/checkpoints/relationnet_mobilenetv4_conv_small.e2400_r224_in1k_7way_10shot_latest.pt,849,-inf,2026-08-05T15:27:46.248422+00:00
relationnet,mobilenetv4_conv_small.e2400_r224_in1k,7,10,/home/soumik/soumik/misc/output/checkpoints/relationnet_mobilenetv4_conv_small.e2400_r224_in1k_7way_10shot_latest.pt,899,-inf,2026-08-05T15:40:34.107748+00:00
relationnet,mobilenetv4_conv_small.e2400_r224_in1k,7,10,/home/soumik/soumik/misc/output/checkpoints/relationnet_mobilenetv4_conv_small.e2400_r224_in1k_7way_10shot_latest.pt,949,-inf,2026-08-05T15:52:50.239038+00:00
relationnet,mobilenetv4_conv_small.e2400_r224_in1k,7,10,/home/soumik/soumik/misc/output/checkpoints/relationnet_mobilenetv4_conv_small.e2400_r224_in1k_7way_10shot_latest.pt,999,-inf,2026-08-05T16:04:28.267916+00:00
relationnet,mobilenetv4_conv_small.e2400_r224_in1k,7,10,/home/soumik/soumik/misc/output/checkpoints/relationnet_mobilenetv4_conv_small.e2400_r224_in1k_7way_10shot_best.pt,999,67.9357146769762,2026-08-05T16:13:48.910657+00:00
relationnet,mobilenetv4_conv_small.e2400_r224_in1k,7,10,/home/soumik/soumik/misc/output/checkpoints/relationnet_mobilenetv4_conv_small.e2400_r224_in1k_7way_10shot_latest.pt,999,67.9357146769762,2026-08-05T16:13:49.040313+00:00
relationnet,tf_efficientnetv2_s.in21k,5,1,/home/soumik/soumik/misc/output/checkpoints/relationnet_tf_efficientnetv2_s.in21k_5way_1shot_latest.pt,49,-inf,2026-08-05T16:25:31.057470+00:00
relationnet,tf_efficientnetv2_s.in21k,5,1,/home/soumik/soumik/misc/output/checkpoints/relationnet_tf_efficientnetv2_s.in21k_5way_1shot_latest.pt,99,-inf,2026-08-05T16:37:08.033823+00:00
relationnet,tf_efficientnetv2_s.in21k,5,1,/home/soumik/soumik/misc/output/checkpoints/relationnet_tf_efficientnetv2_s.in21k_5way_1shot_latest.pt,149,-inf,2026-08-05T16:48:57.572425+00:00
relationnet,tf_efficientnetv2_s.in21k,5,1,/home/soumik/soumik/misc/output/checkpoints/relationnet_tf_efficientnetv2_s.in21k_5way_1shot_latest.pt,199,-inf,2026-08-05T17:02:40.996940+00:00
relationnet,tf_efficientnetv2_s.in21k,5,1,/home/soumik/soumik/misc/output/checkpoints/relationnet_tf_efficientnetv2_s.in21k_5way_1shot_latest.pt,249,-inf,2026-08-05T17:14:32.957907+00:00
relationnet,tf_efficientnetv2_s.in21k,5,1,/home/soumik/soumik/misc/output/checkpoints/relationnet_tf_efficientnetv2_s.in21k_5way_1shot_latest.pt,299,-inf,2026-08-05T17:25:41.563123+00:00
relationnet,tf_efficientnetv2_s.in21k,5,1,/home/soumik/soumik/misc/output/checkpoints/relationnet_tf_efficientnetv2_s.in21k_5way_1shot_latest.pt,349,-inf,2026-08-05T17:37:20.178318+00:00
relationnet,tf_efficientnetv2_s.in21k,5,1,/home/soumik/soumik/misc/output/checkpoints/relationnet_tf_efficientnetv2_s.in21k_5way_1shot_latest.pt,399,-inf,2026-08-05T17:48:16.995340+00:00
relationnet,tf_efficientnetv2_s.in21k,5,1,/home/soumik/soumik/misc/output/checkpoints/relationnet_tf_efficientnetv2_s.in21k_5way_1shot_latest.pt,449,-inf,2026-08-05T17:59:51.273146+00:00
relationnet,tf_efficientnetv2_s.in21k,5,1,/home/soumik/soumik/misc/output/checkpoints/relationnet_tf_efficientnetv2_s.in21k_5way_1shot_latest.pt,499,-inf,2026-08-05T18:10:39.032055+00:00
relationnet,tf_efficientnetv2_s.in21k,5,1,/home/soumik/soumik/misc/output/checkpoints/relationnet_tf_efficientnetv2_s.in21k_5way_1shot_latest.pt,549,-inf,2026-08-05T18:22:54.932922+00:00
relationnet,tf_efficientnetv2_s.in21k,5,1,/home/soumik/soumik/misc/output/checkpoints/relationnet_tf_efficientnetv2_s.in21k_5way_1shot_latest.pt,599,-inf,2026-08-05T18:34:04.215659+00:00
relationnet,tf_efficientnetv2_s.in21k,5,1,/home/soumik/soumik/misc/output/checkpoints/relationnet_tf_efficientnetv2_s.in21k_5way_1shot_latest.pt,649,-inf,2026-08-05T18:45:44.564828+00:00
relationnet,tf_efficientnetv2_s.in21k,5,1,/home/soumik/soumik/misc/output/checkpoints/relationnet_tf_efficientnetv2_s.in21k_5way_1shot_latest.pt,699,-inf,2026-08-05T18:57:09.687897+00:00
relationnet,tf_efficientnetv2_s.in21k,5,1,/home/soumik/soumik/misc/output/checkpoints/relationnet_tf_efficientnetv2_s.in21k_5way_1shot_latest.pt,749,-inf,2026-08-05T19:09:12.440809+00:00
relationnet,tf_efficientnetv2_s.in21k,5,1,/home/soumik/soumik/misc/output/checkpoints/relationnet_tf_efficientnetv2_s.in21k_5way_1shot_latest.pt,799,-inf,2026-08-05T19:22:13.549346+00:00
relationnet,tf_efficientnetv2_s.in21k,5,1,/home/soumik/soumik/misc/output/checkpoints/relationnet_tf_efficientnetv2_s.in21k_5way_1shot_latest.pt,849,-inf,2026-08-05T19:33:39.051860+00:00
relationnet,tf_efficientnetv2_s.in21k,5,1,/home/soumik/soumik/misc/output/checkpoints/relationnet_tf_efficientnetv2_s.in21k_5way_1shot_latest.pt,899,-inf,2026-08-05T19:45:23.049527+00:00
relationnet,tf_efficientnetv2_s.in21k,5,1,/home/soumik/soumik/misc/output/checkpoints/relationnet_tf_efficientnetv2_s.in21k_5way_1shot_latest.pt,949,-inf,2026-08-05T19:56:49.030240+00:00
relationnet,tf_efficientnetv2_s.in21k,5,1,/home/soumik/soumik/misc/output/checkpoints/relationnet_tf_efficientnetv2_s.in21k_5way_1shot_latest.pt,999,-inf,2026-08-05T20:08:50.795628+00:00
relationnet,tf_efficientnetv2_s.in21k,5,1,/home/soumik/soumik/misc/output/checkpoints/relationnet_tf_efficientnetv2_s.in21k_5way_1shot_best.pt,999,19.999998807907104,2026-08-05T20:17:50.098983+00:00
relationnet,tf_efficientnetv2_s.in21k,5,1,/home/soumik/soumik/misc/output/checkpoints/relationnet_tf_efficientnetv2_s.in21k_5way_1shot_latest.pt,999,19.999998807907104,2026-08-05T20:17:51.286555+00:00
relationnet,tf_efficientnetv2_s.in21k,5,5,/home/soumik/soumik/misc/output/checkpoints/relationnet_tf_efficientnetv2_s.in21k_5way_5shot_latest.pt,49,-inf,2026-08-05T20:28:57.374458+00:00
relationnet,tf_efficientnetv2_s.in21k,5,5,/home/soumik/soumik/misc/output/checkpoints/relationnet_tf_efficientnetv2_s.in21k_5way_5shot_latest.pt,99,-inf,2026-08-05T20:40:37.755812+00:00
relationnet,tf_efficientnetv2_s.in21k,5,5,/home/soumik/soumik/misc/output/checkpoints/relationnet_tf_efficientnetv2_s.in21k_5way_5shot_latest.pt,149,-inf,2026-08-05T20:51:55.028704+00:00
relationnet,tf_efficientnetv2_s.in21k,5,5,/home/soumik/soumik/misc/output/checkpoints/relationnet_tf_efficientnetv2_s.in21k_5way_5shot_latest.pt,199,-inf,2026-08-05T21:03:54.381288+00:00
relationnet,tf_efficientnetv2_s.in21k,5,5,/home/soumik/soumik/misc/output/checkpoints/relationnet_tf_efficientnetv2_s.in21k_5way_5shot_latest.pt,249,-inf,2026-08-05T21:15:45.074883+00:00
relationnet,tf_efficientnetv2_s.in21k,5,5,/home/soumik/soumik/misc/output/checkpoints/relationnet_tf_efficientnetv2_s.in21k_5way_5shot_latest.pt,299,-inf,2026-08-05T21:27:56.136203+00:00
relationnet,tf_efficientnetv2_s.in21k,5,5,/home/soumik/soumik/misc/output/checkpoints/relationnet_tf_efficientnetv2_s.in21k_5way_5shot_latest.pt,349,-inf,2026-08-05T21:39:44.639271+00:00
relationnet,tf_efficientnetv2_s.in21k,5,5,/home/soumik/soumik/misc/output/checkpoints/relationnet_tf_efficientnetv2_s.in21k_5way_5shot_latest.pt,399,-inf,2026-08-05T21:51:10.123716+00:00
relationnet,tf_efficientnetv2_s.in21k,5,5,/home/soumik/soumik/misc/output/checkpoints/relationnet_tf_efficientnetv2_s.in21k_5way_5shot_latest.pt,449,-inf,2026-08-05T22:03:41.142844+00:00
relationnet,tf_efficientnetv2_s.in21k,5,5,/home/soumik/soumik/misc/output/checkpoints/relationnet_tf_efficientnetv2_s.in21k_5way_5shot_latest.pt,499,-inf,2026-08-05T22:15:22.074524+00:00
relationnet,tf_efficientnetv2_s.in21k,5,5,/home/soumik/soumik/misc/output/checkpoints/relationnet_tf_efficientnetv2_s.in21k_5way_5shot_latest.pt,549,-inf,2026-08-05T22:28:12.480025+00:00
relationnet,tf_efficientnetv2_s.in21k,5,5,/home/soumik/soumik/misc/output/checkpoints/relationnet_tf_efficientnetv2_s.in21k_5way_5shot_latest.pt,599,-inf,2026-08-05T22:40:02.504084+00:00
relationnet,tf_efficientnetv2_s.in21k,5,5,/home/soumik/soumik/misc/output/checkpoints/relationnet_tf_efficientnetv2_s.in21k_5way_5shot_latest.pt,649,-inf,2026-08-05T22:51:24.304718+00:00
relationnet,tf_efficientnetv2_s.in21k,5,5,/home/soumik/soumik/misc/output/checkpoints/relationnet_tf_efficientnetv2_s.in21k_5way_5shot_latest.pt,699,-inf,2026-08-05T23:02:44.236730+00:00
relationnet,tf_efficientnetv2_s.in21k,5,5,/home/soumik/soumik/misc/output/checkpoints/relationnet_tf_efficientnetv2_s.in21k_5way_5shot_latest.pt,749,-inf,2026-08-05T23:14:19.596763+00:00
relationnet,tf_efficientnetv2_s.in21k,5,5,/home/soumik/soumik/misc/output/checkpoints/relationnet_tf_efficientnetv2_s.in21k_5way_5shot_latest.pt,799,-inf,2026-08-05T23:26:27.564021+00:00
relationnet,tf_efficientnetv2_s.in21k,5,5,/home/soumik/soumik/misc/output/checkpoints/relationnet_tf_efficientnetv2_s.in21k_5way_5shot_latest.pt,849,-inf,2026-08-05T23:37:31.189936+00:00
relationnet,tf_efficientnetv2_s.in21k,5,5,/home/soumik/soumik/misc/output/checkpoints/relationnet_tf_efficientnetv2_s.in21k_5way_5shot_latest.pt,899,-inf,2026-08-05T23:48:04.892611+00:00
relationnet,tf_efficientnetv2_s.in21k,5,5,/home/soumik/soumik/misc/output/checkpoints/relationnet_tf_efficientnetv2_s.in21k_5way_5shot_latest.pt,949,-inf,2026-08-06T00:00:32.823159+00:00
relationnet,tf_efficientnetv2_s.in21k,5,5,/home/soumik/soumik/misc/output/checkpoints/relationnet_tf_efficientnetv2_s.in21k_5way_5shot_latest.pt,999,-inf,2026-08-06T00:12:24.460977+00:00
relationnet,tf_efficientnetv2_s.in21k,5,5,/home/soumik/soumik/misc/output/checkpoints/relationnet_tf_efficientnetv2_s.in21k_5way_5shot_best.pt,999,19.999998807907104,2026-08-06T00:21:30.445902+00:00
relationnet,tf_efficientnetv2_s.in21k,5,5,/home/soumik/soumik/misc/output/checkpoints/relationnet_tf_efficientnetv2_s.in21k_5way_5shot_latest.pt,999,19.999998807907104,2026-08-06T00:21:31.620426+00:00
relationnet,tf_efficientnetv2_s.in21k,5,10,/home/soumik/soumik/misc/output/checkpoints/relationnet_tf_efficientnetv2_s.in21k_5way_10shot_latest.pt,49,-inf,2026-08-06T00:33:21.956745+00:00
relationnet,tf_efficientnetv2_s.in21k,5,10,/home/soumik/soumik/misc/output/checkpoints/relationnet_tf_efficientnetv2_s.in21k_5way_10shot_latest.pt,99,-inf,2026-08-06T00:44:16.520023+00:00
relationnet,tf_efficientnetv2_s.in21k,5,10,/home/soumik/soumik/misc/output/checkpoints/relationnet_tf_efficientnetv2_s.in21k_5way_10shot_latest.pt,149,-inf,2026-08-06T00:55:36.463291+00:00
relationnet,tf_efficientnetv2_s.in21k,5,10,/home/soumik/soumik/misc/output/checkpoints/relationnet_tf_efficientnetv2_s.in21k_5way_10shot_latest.pt,199,-inf,2026-08-06T01:07:48.415103+00:00
relationnet,tf_efficientnetv2_s.in21k,5,10,/home/soumik/soumik/misc/output/checkpoints/relationnet_tf_efficientnetv2_s.in21k_5way_10shot_latest.pt,249,-inf,2026-08-06T01:19:56.552129+00:00
relationnet,tf_efficientnetv2_s.in21k,5,10,/home/soumik/soumik/misc/output/checkpoints/relationnet_tf_efficientnetv2_s.in21k_5way_10shot_latest.pt,299,-inf,2026-08-06T01:31:20.687140+00:00
relationnet,tf_efficientnetv2_s.in21k,5,10,/home/soumik/soumik/misc/output/checkpoints/relationnet_tf_efficientnetv2_s.in21k_5way_10shot_latest.pt,349,-inf,2026-08-06T01:45:19.147679+00:00
relationnet,tf_efficientnetv2_s.in21k,5,10,/home/soumik/soumik/misc/output/checkpoints/relationnet_tf_efficientnetv2_s.in21k_5way_10shot_latest.pt,399,-inf,2026-08-06T01:57:20.715397+00:00
relationnet,tf_efficientnetv2_s.in21k,5,10,/home/soumik/soumik/misc/output/checkpoints/relationnet_tf_efficientnetv2_s.in21k_5way_10shot_latest.pt,449,-inf,2026-08-06T02:10:39.449607+00:00
relationnet,tf_efficientnetv2_s.in21k,5,10,/home/soumik/soumik/misc/output/checkpoints/relationnet_tf_efficientnetv2_s.in21k_5way_10shot_latest.pt,499,-inf,2026-08-06T02:21:36.566060+00:00
relationnet,tf_efficientnetv2_s.in21k,5,10,/home/soumik/soumik/misc/output/checkpoints/relationnet_tf_efficientnetv2_s.in21k_5way_10shot_latest.pt,549,-inf,2026-08-06T02:34:09.308274+00:00
relationnet,tf_efficientnetv2_s.in21k,5,10,/home/soumik/soumik/misc/output/checkpoints/relationnet_tf_efficientnetv2_s.in21k_5way_10shot_latest.pt,599,-inf,2026-08-06T02:46:50.397167+00:00
relationnet,tf_efficientnetv2_s.in21k,5,10,/home/soumik/soumik/misc/output/checkpoints/relationnet_tf_efficientnetv2_s.in21k_5way_10shot_latest.pt,649,-inf,2026-08-06T02:59:07.688397+00:00
relationnet,tf_efficientnetv2_s.in21k,5,10,/home/soumik/soumik/misc/output/checkpoints/relationnet_tf_efficientnetv2_s.in21k_5way_10shot_latest.pt,699,-inf,2026-08-06T03:11:55.172121+00:00
relationnet,tf_efficientnetv2_s.in21k,5,10,/home/soumik/soumik/misc/output/checkpoints/relationnet_tf_efficientnetv2_s.in21k_5way_10shot_latest.pt,749,-inf,2026-08-06T03:23:39.153378+00:00
relationnet,tf_efficientnetv2_s.in21k,5,10,/home/soumik/soumik/misc/output/checkpoints/relationnet_tf_efficientnetv2_s.in21k_5way_10shot_latest.pt,799,-inf,2026-08-06T03:36:52.568355+00:00
relationnet,tf_efficientnetv2_s.in21k,5,10,/home/soumik/soumik/misc/output/checkpoints/relationnet_tf_efficientnetv2_s.in21k_5way_10shot_latest.pt,849,-inf,2026-08-06T03:48:29.423220+00:00
relationnet,tf_efficientnetv2_s.in21k,5,10,/home/soumik/soumik/misc/output/checkpoints/relationnet_tf_efficientnetv2_s.in21k_5way_10shot_latest.pt,899,-inf,2026-08-06T04:01:06.626967+00:00
relationnet,tf_efficientnetv2_s.in21k,5,10,/home/soumik/soumik/misc/output/checkpoints/relationnet_tf_efficientnetv2_s.in21k_5way_10shot_latest.pt,949,-inf,2026-08-06T04:14:13.603338+00:00
relationnet,tf_efficientnetv2_s.in21k,5,10,/home/soumik/soumik/misc/output/checkpoints/relationnet_tf_efficientnetv2_s.in21k_5way_10shot_latest.pt,999,-inf,2026-08-06T04:24:31.556490+00:00
relationnet,tf_efficientnetv2_s.in21k,5,10,/home/soumik/soumik/misc/output/checkpoints/relationnet_tf_efficientnetv2_s.in21k_5way_10shot_best.pt,999,19.999998807907104,2026-08-06T04:34:10.764481+00:00
relationnet,tf_efficientnetv2_s.in21k,5,10,/home/soumik/soumik/misc/output/checkpoints/relationnet_tf_efficientnetv2_s.in21k_5way_10shot_latest.pt,999,19.999998807907104,2026-08-06T04:34:11.949577+00:00
relationnet,tf_efficientnetv2_s.in21k,7,1,/home/soumik/soumik/misc/output/checkpoints/relationnet_tf_efficientnetv2_s.in21k_7way_1shot_latest.pt,49,-inf,2026-08-06T04:46:31.500150+00:00
relationnet,tf_efficientnetv2_s.in21k,7,1,/home/soumik/soumik/misc/output/checkpoints/relationnet_tf_efficientnetv2_s.in21k_7way_1shot_latest.pt,99,-inf,2026-08-06T04:59:13.635241+00:00
relationnet,tf_efficientnetv2_s.in21k,7,1,/home/soumik/soumik/misc/output/checkpoints/relationnet_tf_efficientnetv2_s.in21k_7way_1shot_latest.pt,149,-inf,2026-08-06T05:11:51.690406+00:00
relationnet,tf_efficientnetv2_s.in21k,7,1,/home/soumik/soumik/misc/output/checkpoints/relationnet_tf_efficientnetv2_s.in21k_7way_1shot_latest.pt,199,-inf,2026-08-06T15:38:33.960965+00:00
relationnet,tf_efficientnetv2_s.in21k,7,1,/home/soumik/soumik/misc/output/checkpoints/relationnet_tf_efficientnetv2_s.in21k_7way_1shot_latest.pt,249,-inf,2026-08-06T15:51:29.260865+00:00
relationnet,tf_efficientnetv2_s.in21k,7,1,/home/soumik/soumik/misc/output/checkpoints/relationnet_tf_efficientnetv2_s.in21k_7way_1shot_latest.pt,299,-inf,2026-08-06T16:05:27.860519+00:00
relationnet,tf_efficientnetv2_s.in21k,7,1,/home/soumik/soumik/misc/output/checkpoints/relationnet_tf_efficientnetv2_s.in21k_7way_1shot_latest.pt,349,-inf,2026-08-06T16:18:16.996368+00:00
relationnet,tf_efficientnetv2_s.in21k,7,1,/home/soumik/soumik/misc/output/checkpoints/relationnet_tf_efficientnetv2_s.in21k_7way_1shot_latest.pt,399,-inf,2026-08-06T16:30:41.830710+00:00
relationnet,tf_efficientnetv2_s.in21k,7,1,/home/soumik/soumik/misc/output/checkpoints/relationnet_tf_efficientnetv2_s.in21k_7way_1shot_latest.pt,449,-inf,2026-08-06T16:44:11.829333+00:00
relationnet,tf_efficientnetv2_s.in21k,7,1,/home/soumik/soumik/misc/output/checkpoints/relationnet_tf_efficientnetv2_s.in21k_7way_1shot_latest.pt,499,-inf,2026-08-06T16:56:39.188528+00:00
relationnet,tf_efficientnetv2_s.in21k,7,1,/home/soumik/soumik/misc/output/checkpoints/relationnet_tf_efficientnetv2_s.in21k_7way_1shot_latest.pt,549,-inf,2026-08-06T17:09:39.694798+00:00
relationnet,tf_efficientnetv2_s.in21k,7,1,/home/soumik/soumik/misc/output/checkpoints/relationnet_tf_efficientnetv2_s.in21k_7way_1shot_latest.pt,599,-inf,2026-08-06T17:22:48.548814+00:00
relationnet,tf_efficientnetv2_s.in21k,7,1,/home/soumik/soumik/misc/output/checkpoints/relationnet_tf_efficientnetv2_s.in21k_7way_1shot_latest.pt,649,-inf,2026-08-06T17:36:00.393403+00:00
relationnet,tf_efficientnetv2_s.in21k,7,1,/home/soumik/soumik/misc/output/checkpoints/relationnet_tf_efficientnetv2_s.in21k_7way_1shot_latest.pt,699,-inf,2026-08-06T17:48:50.919007+00:00
relationnet,tf_efficientnetv2_s.in21k,7,1,/home/soumik/soumik/misc/output/checkpoints/relationnet_tf_efficientnetv2_s.in21k_7way_1shot_latest.pt,749,-inf,2026-08-06T18:01:27.894880+00:00
relationnet,tf_efficientnetv2_s.in21k,7,1,/home/soumik/soumik/misc/output/checkpoints/relationnet_tf_efficientnetv2_s.in21k_7way_1shot_latest.pt,799,-inf,2026-08-06T18:14:18.795141+00:00
relationnet,tf_efficientnetv2_s.in21k,7,1,/home/soumik/soumik/misc/output/checkpoints/relationnet_tf_efficientnetv2_s.in21k_7way_1shot_latest.pt,849,-inf,2026-08-06T18:27:55.973786+00:00
relationnet,tf_efficientnetv2_s.in21k,7,1,/home/soumik/soumik/misc/output/checkpoints/relationnet_tf_efficientnetv2_s.in21k_7way_1shot_latest.pt,899,-inf,2026-08-06T18:40:00.221841+00:00
relationnet,tf_efficientnetv2_s.in21k,7,1,/home/soumik/soumik/misc/output/checkpoints/relationnet_tf_efficientnetv2_s.in21k_7way_1shot_latest.pt,949,-inf,2026-08-06T18:52:34.709696+00:00
relationnet,tf_efficientnetv2_s.in21k,7,1,/home/soumik/soumik/misc/output/checkpoints/relationnet_tf_efficientnetv2_s.in21k_7way_1shot_latest.pt,999,-inf,2026-08-06T19:04:40.257580+00:00
relationnet,tf_efficientnetv2_s.in21k,7,1,/home/soumik/soumik/misc/output/checkpoints/relationnet_tf_efficientnetv2_s.in21k_7way_1shot_best.pt,999,14.27857206761837,2026-08-06T19:14:56.727184+00:00
relationnet,tf_efficientnetv2_s.in21k,7,1,/home/soumik/soumik/misc/output/checkpoints/relationnet_tf_efficientnetv2_s.in21k_7way_1shot_latest.pt,999,14.27857206761837,2026-08-06T19:14:58.056487+00:00
relationnet,tf_efficientnetv2_s.in21k,7,5,/home/soumik/soumik/misc/output/checkpoints/relationnet_tf_efficientnetv2_s.in21k_7way_5shot_latest.pt,49,-inf,2026-08-06T19:28:19.567689+00:00
relationnet,tf_efficientnetv2_s.in21k,7,5,/home/soumik/soumik/misc/output/checkpoints/relationnet_tf_efficientnetv2_s.in21k_7way_5shot_latest.pt,99,-inf,2026-08-06T19:41:10.051024+00:00
relationnet,tf_efficientnetv2_s.in21k,7,5,/home/soumik/soumik/misc/output/checkpoints/relationnet_tf_efficientnetv2_s.in21k_7way_5shot_latest.pt,149,-inf,2026-08-06T19:54:34.481409+00:00
relationnet,tf_efficientnetv2_s.in21k,7,5,/home/soumik/soumik/misc/output/checkpoints/relationnet_tf_efficientnetv2_s.in21k_7way_5shot_latest.pt,199,-inf,2026-08-06T20:07:27.865911+00:00
relationnet,tf_efficientnetv2_s.in21k,7,5,/home/soumik/soumik/misc/output/checkpoints/relationnet_tf_efficientnetv2_s.in21k_7way_5shot_latest.pt,249,-inf,2026-08-06T20:21:09.051195+00:00
relationnet,tf_efficientnetv2_s.in21k,7,5,/home/soumik/soumik/misc/output/checkpoints/relationnet_tf_efficientnetv2_s.in21k_7way_5shot_latest.pt,299,-inf,2026-08-06T20:34:08.602265+00:00
relationnet,tf_efficientnetv2_s.in21k,7,5,/home/soumik/soumik/misc/output/checkpoints/relationnet_tf_efficientnetv2_s.in21k_7way_5shot_latest.pt,349,-inf,2026-08-06T20:46:02.170986+00:00
relationnet,tf_efficientnetv2_s.in21k,7,5,/home/soumik/soumik/misc/output/checkpoints/relationnet_tf_efficientnetv2_s.in21k_7way_5shot_latest.pt,399,-inf,2026-08-06T20:58:42.548306+00:00
relationnet,tf_efficientnetv2_s.in21k,7,5,/home/soumik/soumik/misc/output/checkpoints/relationnet_tf_efficientnetv2_s.in21k_7way_5shot_latest.pt,449,-inf,2026-08-06T21:10:45.546374+00:00
relationnet,tf_efficientnetv2_s.in21k,7,5,/home/soumik/soumik/misc/output/checkpoints/relationnet_tf_efficientnetv2_s.in21k_7way_5shot_latest.pt,499,-inf,2026-08-06T21:24:50.002582+00:00
relationnet,tf_efficientnetv2_s.in21k,7,5,/home/soumik/soumik/misc/output/checkpoints/relationnet_tf_efficientnetv2_s.in21k_7way_5shot_latest.pt,549,-inf,2026-08-06T21:36:44.892111+00:00
relationnet,tf_efficientnetv2_s.in21k,7,5,/home/soumik/soumik/misc/output/checkpoints/relationnet_tf_efficientnetv2_s.in21k_7way_5shot_latest.pt,599,-inf,2026-08-06T21:49:25.043930+00:00
relationnet,tf_efficientnetv2_s.in21k,7,5,/home/soumik/soumik/misc/output/checkpoints/relationnet_tf_efficientnetv2_s.in21k_7way_5shot_latest.pt,649,-inf,2026-08-06T22:01:34.726567+00:00
relationnet,tf_efficientnetv2_s.in21k,7,5,/home/soumik/soumik/misc/output/checkpoints/relationnet_tf_efficientnetv2_s.in21k_7way_5shot_latest.pt,699,-inf,2026-08-06T22:15:56.417206+00:00
relationnet,tf_efficientnetv2_s.in21k,7,5,/home/soumik/soumik/misc/output/checkpoints/relationnet_tf_efficientnetv2_s.in21k_7way_5shot_latest.pt,749,-inf,2026-08-06T22:28:55.484170+00:00
relationnet,tf_efficientnetv2_s.in21k,7,5,/home/soumik/soumik/misc/output/checkpoints/relationnet_tf_efficientnetv2_s.in21k_7way_5shot_latest.pt,799,-inf,2026-08-06T22:42:27.538556+00:00
relationnet,tf_efficientnetv2_s.in21k,7,5,/home/soumik/soumik/misc/output/checkpoints/relationnet_tf_efficientnetv2_s.in21k_7way_5shot_latest.pt,849,-inf,2026-08-06T22:55:06.371671+00:00
relationnet,tf_efficientnetv2_s.in21k,7,5,/home/soumik/soumik/misc/output/checkpoints/relationnet_tf_efficientnetv2_s.in21k_7way_5shot_latest.pt,899,-inf,2026-08-06T23:08:11.836991+00:00
relationnet,tf_efficientnetv2_s.in21k,7,5,/home/soumik/soumik/misc/output/checkpoints/relationnet_tf_efficientnetv2_s.in21k_7way_5shot_latest.pt,949,-inf,2026-08-06T23:21:46.308686+00:00
relationnet,tf_efficientnetv2_s.in21k,7,5,/home/soumik/soumik/misc/output/checkpoints/relationnet_tf_efficientnetv2_s.in21k_7way_5shot_latest.pt,999,-inf,2026-08-06T23:33:35.858923+00:00
relationnet,tf_efficientnetv2_s.in21k,7,5,/home/soumik/soumik/misc/output/checkpoints/relationnet_tf_efficientnetv2_s.in21k_7way_5shot_best.pt,999,14.28571492433548,2026-08-06T23:43:53.250230+00:00
relationnet,tf_efficientnetv2_s.in21k,7,5,/home/soumik/soumik/misc/output/checkpoints/relationnet_tf_efficientnetv2_s.in21k_7way_5shot_latest.pt,999,14.28571492433548,2026-08-06T23:43:54.426898+00:00
relationnet,tf_efficientnetv2_s.in21k,7,10,/home/soumik/soumik/misc/output/checkpoints/relationnet_tf_efficientnetv2_s.in21k_7way_10shot_latest.pt,49,-inf,2026-08-06T23:57:09.534771+00:00
relationnet,tf_efficientnetv2_s.in21k,7,10,/home/soumik/soumik/misc/output/checkpoints/relationnet_tf_efficientnetv2_s.in21k_7way_10shot_latest.pt,99,-inf,2026-08-07T00:11:07.799584+00:00
relationnet,tf_efficientnetv2_s.in21k,7,10,/home/soumik/soumik/misc/output/checkpoints/relationnet_tf_efficientnetv2_s.in21k_7way_10shot_latest.pt,149,-inf,2026-08-07T00:24:40.694097+00:00
relationnet,tf_efficientnetv2_s.in21k,7,10,/home/soumik/soumik/misc/output/checkpoints/relationnet_tf_efficientnetv2_s.in21k_7way_10shot_latest.pt,199,-inf,2026-08-07T00:37:48.979777+00:00
relationnet,tf_efficientnetv2_s.in21k,7,10,/home/soumik/soumik/misc/output/checkpoints/relationnet_tf_efficientnetv2_s.in21k_7way_10shot_latest.pt,249,-inf,2026-08-07T00:49:41.991876+00:00
relationnet,tf_efficientnetv2_s.in21k,7,10,/home/soumik/soumik/misc/output/checkpoints/relationnet_tf_efficientnetv2_s.in21k_7way_10shot_latest.pt,299,-inf,2026-08-07T01:02:54.289502+00:00
relationnet,tf_efficientnetv2_s.in21k,7,10,/home/soumik/soumik/misc/output/checkpoints/relationnet_tf_efficientnetv2_s.in21k_7way_10shot_latest.pt,349,-inf,2026-08-07T01:16:09.189168+00:00
relationnet,tf_efficientnetv2_s.in21k,7,10,/home/soumik/soumik/misc/output/checkpoints/relationnet_tf_efficientnetv2_s.in21k_7way_10shot_latest.pt,399,-inf,2026-08-07T01:29:04.942486+00:00
relationnet,tf_efficientnetv2_s.in21k,7,10,/home/soumik/soumik/misc/output/checkpoints/relationnet_tf_efficientnetv2_s.in21k_7way_10shot_latest.pt,449,-inf,2026-08-07T01:42:01.516864+00:00
relationnet,tf_efficientnetv2_s.in21k,7,10,/home/soumik/soumik/misc/output/checkpoints/relationnet_tf_efficientnetv2_s.in21k_7way_10shot_latest.pt,499,-inf,2026-08-07T01:54:26.312961+00:00
relationnet,tf_efficientnetv2_s.in21k,7,10,/home/soumik/soumik/misc/output/checkpoints/relationnet_tf_efficientnetv2_s.in21k_7way_10shot_latest.pt,549,-inf,2026-08-07T02:06:20.790055+00:00
relationnet,tf_efficientnetv2_s.in21k,7,10,/home/soumik/soumik/misc/output/checkpoints/relationnet_tf_efficientnetv2_s.in21k_7way_10shot_latest.pt,599,-inf,2026-08-07T02:19:12.232126+00:00
relationnet,tf_efficientnetv2_s.in21k,7,10,/home/soumik/soumik/misc/output/checkpoints/relationnet_tf_efficientnetv2_s.in21k_7way_10shot_latest.pt,649,-inf,2026-08-07T02:30:32.698448+00:00
relationnet,tf_efficientnetv2_s.in21k,7,10,/home/soumik/soumik/misc/output/checkpoints/relationnet_tf_efficientnetv2_s.in21k_7way_10shot_latest.pt,699,-inf,2026-08-07T02:43:51.672587+00:00
relationnet,tf_efficientnetv2_s.in21k,7,10,/home/soumik/soumik/misc/output/checkpoints/relationnet_tf_efficientnetv2_s.in21k_7way_10shot_latest.pt,749,-inf,2026-08-07T02:57:04.574242+00:00
relationnet,tf_efficientnetv2_s.in21k,7,10,/home/soumik/soumik/misc/output/checkpoints/relationnet_tf_efficientnetv2_s.in21k_7way_10shot_latest.pt,799,-inf,2026-08-07T03:10:15.162808+00:00
relationnet,tf_efficientnetv2_s.in21k,7,10,/home/soumik/soumik/misc/output/checkpoints/relationnet_tf_efficientnetv2_s.in21k_7way_10shot_latest.pt,849,-inf,2026-08-07T03:23:01.319675+00:00
relationnet,tf_efficientnetv2_s.in21k,7,10,/home/soumik/soumik/misc/output/checkpoints/relationnet_tf_efficientnetv2_s.in21k_7way_10shot_latest.pt,899,-inf,2026-08-07T03:36:23.742720+00:00
relationnet,tf_efficientnetv2_s.in21k,7,10,/home/soumik/soumik/misc/output/checkpoints/relationnet_tf_efficientnetv2_s.in21k_7way_10shot_latest.pt,949,-inf,2026-08-07T03:49:32.389202+00:00
relationnet,tf_efficientnetv2_s.in21k,7,10,/home/soumik/soumik/misc/output/checkpoints/relationnet_tf_efficientnetv2_s.in21k_7way_10shot_latest.pt,999,-inf,2026-08-07T04:02:09.503565+00:00
relationnet,tf_efficientnetv2_s.in21k,7,10,/home/soumik/soumik/misc/output/checkpoints/relationnet_tf_efficientnetv2_s.in21k_7way_10shot_best.pt,999,14.28571492433548,2026-08-07T04:12:55.385348+00:00
relationnet,tf_efficientnetv2_s.in21k,7,10,/home/soumik/soumik/misc/output/checkpoints/relationnet_tf_efficientnetv2_s.in21k_7way_10shot_latest.pt,999,14.28571492433548,2026-08-07T04:12:56.516960+00:00
relationnet,wide_resnet50_2,5,1,/home/soumik/soumik/misc/output/checkpoints/relationnet_wide_resnet50_2_5way_1shot_latest.pt,49,-inf,2026-08-07T04:24:50.243275+00:00
relationnet,wide_resnet50_2,5,1,/home/soumik/soumik/misc/output/checkpoints/relationnet_wide_resnet50_2_5way_1shot_latest.pt,99,-inf,2026-08-07T04:37:42.138643+00:00
relationnet,wide_resnet50_2,5,1,/home/soumik/soumik/misc/output/checkpoints/relationnet_wide_resnet50_2_5way_1shot_latest.pt,149,-inf,2026-08-07T04:52:04.568546+00:00
relationnet,wide_resnet50_2,5,1,/home/soumik/soumik/misc/output/checkpoints/relationnet_wide_resnet50_2_5way_1shot_latest.pt,199,-inf,2026-08-07T05:05:57.138754+00:00
relationnet,wide_resnet50_2,5,1,/home/soumik/soumik/misc/output/checkpoints/relationnet_wide_resnet50_2_5way_1shot_latest.pt,249,-inf,2026-08-12T04:03:28.041992+00:00
relationnet,wide_resnet50_2,5,1,/home/soumik/soumik/misc/output/checkpoints/relationnet_wide_resnet50_2_5way_1shot_latest.pt,299,-inf,2026-08-12T04:15:31.349373+00:00
relationnet,wide_resnet50_2,5,1,/home/soumik/soumik/misc/output/checkpoints/relationnet_wide_resnet50_2_5way_1shot_latest.pt,349,-inf,2026-08-12T04:28:44.129245+00:00
relationnet,wide_resnet50_2,5,1,/home/soumik/soumik/misc/output/checkpoints/relationnet_wide_resnet50_2_5way_1shot_latest.pt,399,-inf,2026-08-12T04:41:14.060181+00:00
relationnet,wide_resnet50_2,5,1,/home/soumik/soumik/misc/output/checkpoints/relationnet_wide_resnet50_2_5way_1shot_latest.pt,449,-inf,2026-08-12T04:53:18.542074+00:00
relationnet,wide_resnet50_2,5,1,/home/soumik/soumik/misc/output/checkpoints/relationnet_wide_resnet50_2_5way_1shot_latest.pt,499,-inf,2026-08-12T05:07:37.870564+00:00
relationnet,wide_resnet50_2,5,1,/home/soumik/soumik/misc/output/checkpoints/relationnet_wide_resnet50_2_5way_1shot_latest.pt,549,-inf,2026-08-12T05:19:52.815293+00:00
relationnet,wide_resnet50_2,5,1,/home/soumik/soumik/misc/output/checkpoints/relationnet_wide_resnet50_2_5way_1shot_latest.pt,599,-inf,2026-08-12T05:32:56.758257+00:00
relationnet,wide_resnet50_2,5,1,/home/soumik/soumik/misc/output/checkpoints/relationnet_wide_resnet50_2_5way_1shot_latest.pt,649,-inf,2026-08-12T05:44:55.550152+00:00
relationnet,wide_resnet50_2,5,1,/home/soumik/soumik/misc/output/checkpoints/relationnet_wide_resnet50_2_5way_1shot_latest.pt,699,-inf,2026-08-12T05:57:30.174594+00:00
relationnet,wide_resnet50_2,5,1,/home/soumik/soumik/misc/output/checkpoints/relationnet_wide_resnet50_2_5way_1shot_latest.pt,749,-inf,2026-08-12T06:09:49.756909+00:00
relationnet,wide_resnet50_2,5,1,/home/soumik/soumik/misc/output/checkpoints/relationnet_wide_resnet50_2_5way_1shot_latest.pt,799,-inf,2026-08-12T06:22:23.350638+00:00
relationnet,wide_resnet50_2,5,1,/home/soumik/soumik/misc/output/checkpoints/relationnet_wide_resnet50_2_5way_1shot_latest.pt,849,-inf,2026-08-12T06:35:42.357528+00:00
relationnet,wide_resnet50_2,5,1,/home/soumik/soumik/misc/output/checkpoints/relationnet_wide_resnet50_2_5way_1shot_latest.pt,899,-inf,2026-08-12T06:47:29.111526+00:00
relationnet,wide_resnet50_2,5,1,/home/soumik/soumik/misc/output/checkpoints/relationnet_wide_resnet50_2_5way_1shot_latest.pt,949,-inf,2026-08-12T07:01:01.381590+00:00
relationnet,wide_resnet50_2,5,1,/home/soumik/soumik/misc/output/checkpoints/relationnet_wide_resnet50_2_5way_1shot_latest.pt,999,-inf,2026-08-12T07:13:57.486725+00:00
relationnet,wide_resnet50_2,5,1,/home/soumik/soumik/misc/output/checkpoints/relationnet_wide_resnet50_2_5way_1shot_best.pt,999,48.80999883264303,2026-08-12T07:23:40.846005+00:00
relationnet,wide_resnet50_2,5,1,/home/soumik/soumik/misc/output/checkpoints/relationnet_wide_resnet50_2_5way_1shot_latest.pt,999,48.80999883264303,2026-08-12T07:23:45.036261+00:00
relationnet,wide_resnet50_2,5,5,/home/soumik/soumik/misc/output/checkpoints/relationnet_wide_resnet50_2_5way_5shot_latest.pt,49,-inf,2026-08-12T07:36:44.316535+00:00
relationnet,wide_resnet50_2,5,5,/home/soumik/soumik/misc/output/checkpoints/relationnet_wide_resnet50_2_5way_5shot_latest.pt,99,-inf,2026-08-12T07:50:43.917433+00:00
relationnet,wide_resnet50_2,5,5,/home/soumik/soumik/misc/output/checkpoints/relationnet_wide_resnet50_2_5way_5shot_latest.pt,149,-inf,2026-08-12T08:05:28.464441+00:00
relationnet,wide_resnet50_2,5,5,/home/soumik/soumik/misc/output/checkpoints/relationnet_wide_resnet50_2_5way_5shot_latest.pt,199,-inf,2026-08-12T08:20:05.103019+00:00
relationnet,wide_resnet50_2,5,5,/home/soumik/soumik/misc/output/checkpoints/relationnet_wide_resnet50_2_5way_5shot_latest.pt,249,-inf,2026-08-12T08:32:02.935444+00:00
relationnet,wide_resnet50_2,5,5,/home/soumik/soumik/misc/output/checkpoints/relationnet_wide_resnet50_2_5way_5shot_latest.pt,299,-inf,2026-08-12T08:44:43.969804+00:00
relationnet,wide_resnet50_2,5,5,/home/soumik/soumik/misc/output/checkpoints/relationnet_wide_resnet50_2_5way_5shot_latest.pt,349,-inf,2026-08-12T08:57:21.014472+00:00
relationnet,wide_resnet50_2,5,5,/home/soumik/soumik/misc/output/checkpoints/relationnet_wide_resnet50_2_5way_5shot_latest.pt,399,-inf,2026-08-12T09:10:10.227257+00:00
relationnet,wide_resnet50_2,5,5,/home/soumik/soumik/misc/output/checkpoints/relationnet_wide_resnet50_2_5way_5shot_latest.pt,449,-inf,2026-08-12T09:23:07.811198+00:00
relationnet,wide_resnet50_2,5,5,/home/soumik/soumik/misc/output/checkpoints/relationnet_wide_resnet50_2_5way_5shot_latest.pt,499,-inf,2026-08-12T09:35:46.279696+00:00
relationnet,wide_resnet50_2,5,5,/home/soumik/soumik/misc/output/checkpoints/relationnet_wide_resnet50_2_5way_5shot_latest.pt,549,-inf,2026-08-12T09:47:51.915719+00:00
relationnet,wide_resnet50_2,5,5,/home/soumik/soumik/misc/output/checkpoints/relationnet_wide_resnet50_2_5way_5shot_latest.pt,599,-inf,2026-08-12T10:00:55.968332+00:00
relationnet,wide_resnet50_2,5,5,/home/soumik/soumik/misc/output/checkpoints/relationnet_wide_resnet50_2_5way_5shot_latest.pt,649,-inf,2026-08-12T10:14:13.907568+00:00
relationnet,wide_resnet50_2,5,5,/home/soumik/soumik/misc/output/checkpoints/relationnet_wide_resnet50_2_5way_5shot_latest.pt,699,-inf,2026-08-12T10:26:50.456915+00:00
relationnet,wide_resnet50_2,5,5,/home/soumik/soumik/misc/output/checkpoints/relationnet_wide_resnet50_2_5way_5shot_latest.pt,749,-inf,2026-08-12T10:40:02.517828+00:00
relationnet,wide_resnet50_2,5,5,/home/soumik/soumik/misc/output/checkpoints/relationnet_wide_resnet50_2_5way_5shot_latest.pt,799,-inf,2026-08-12T10:52:47.303995+00:00
relationnet,wide_resnet50_2,5,5,/home/soumik/soumik/misc/output/checkpoints/relationnet_wide_resnet50_2_5way_5shot_latest.pt,849,-inf,2026-08-12T11:05:19.825566+00:00
relationnet,wide_resnet50_2,5,5,/home/soumik/soumik/misc/output/checkpoints/relationnet_wide_resnet50_2_5way_5shot_latest.pt,899,-inf,2026-08-12T11:19:11.153247+00:00
relationnet,wide_resnet50_2,5,5,/home/soumik/soumik/misc/output/checkpoints/relationnet_wide_resnet50_2_5way_5shot_latest.pt,949,-inf,2026-08-12T11:32:43.913160+00:00
relationnet,wide_resnet50_2,5,5,/home/soumik/soumik/misc/output/checkpoints/relationnet_wide_resnet50_2_5way_5shot_latest.pt,999,-inf,2026-08-12T11:45:44.388377+00:00
relationnet,wide_resnet50_2,5,5,/home/soumik/soumik/misc/output/checkpoints/relationnet_wide_resnet50_2_5way_5shot_best.pt,999,82.81999787688255,2026-08-12T11:55:18.903843+00:00
relationnet,wide_resnet50_2,5,5,/home/soumik/soumik/misc/output/checkpoints/relationnet_wide_resnet50_2_5way_5shot_latest.pt,999,82.81999787688255,2026-08-12T11:55:22.445964+00:00
relationnet,wide_resnet50_2,5,10,/home/soumik/soumik/misc/output/checkpoints/relationnet_wide_resnet50_2_5way_10shot_latest.pt,49,-inf,2026-08-12T12:08:51.783376+00:00
relationnet,wide_resnet50_2,5,10,/home/soumik/soumik/misc/output/checkpoints/relationnet_wide_resnet50_2_5way_10shot_latest.pt,99,-inf,2026-08-12T12:21:36.068506+00:00
relationnet,wide_resnet50_2,5,10,/home/soumik/soumik/misc/output/checkpoints/relationnet_wide_resnet50_2_5way_10shot_latest.pt,149,-inf,2026-08-12T12:35:30.922668+00:00
relationnet,wide_resnet50_2,5,10,/home/soumik/soumik/misc/output/checkpoints/relationnet_wide_resnet50_2_5way_10shot_latest.pt,199,-inf,2026-08-12T12:49:05.491043+00:00
relationnet,wide_resnet50_2,5,10,/home/soumik/soumik/misc/output/checkpoints/relationnet_wide_resnet50_2_5way_10shot_latest.pt,249,-inf,2026-08-12T13:01:54.777918+00:00
relationnet,wide_resnet50_2,5,10,/home/soumik/soumik/misc/output/checkpoints/relationnet_wide_resnet50_2_5way_10shot_latest.pt,299,-inf,2026-08-12T13:15:23.657450+00:00
relationnet,wide_resnet50_2,5,10,/home/soumik/soumik/misc/output/checkpoints/relationnet_wide_resnet50_2_5way_10shot_latest.pt,349,-inf,2026-08-12T13:27:47.224009+00:00
relationnet,wide_resnet50_2,5,10,/home/soumik/soumik/misc/output/checkpoints/relationnet_wide_resnet50_2_5way_10shot_latest.pt,399,-inf,2026-08-12T13:40:03.939376+00:00
relationnet,wide_resnet50_2,5,10,/home/soumik/soumik/misc/output/checkpoints/relationnet_wide_resnet50_2_5way_10shot_latest.pt,449,-inf,2026-08-12T13:53:15.927406+00:00
relationnet,wide_resnet50_2,5,10,/home/soumik/soumik/misc/output/checkpoints/relationnet_wide_resnet50_2_5way_10shot_latest.pt,499,-inf,2026-08-12T14:05:58.212074+00:00
relationnet,wide_resnet50_2,5,10,/home/soumik/soumik/misc/output/checkpoints/relationnet_wide_resnet50_2_5way_10shot_latest.pt,549,-inf,2026-08-12T14:18:45.262180+00:00
relationnet,wide_resnet50_2,5,10,/home/soumik/soumik/misc/output/checkpoints/relationnet_wide_resnet50_2_5way_10shot_latest.pt,599,-inf,2026-08-12T14:31:18.276375+00:00
relationnet,wide_resnet50_2,5,10,/home/soumik/soumik/misc/output/checkpoints/relationnet_wide_resnet50_2_5way_10shot_latest.pt,649,-inf,2026-08-12T14:44:49.076743+00:00
relationnet,wide_resnet50_2,5,10,/home/soumik/soumik/misc/output/checkpoints/relationnet_wide_resnet50_2_5way_10shot_latest.pt,699,-inf,2026-08-12T14:58:57.608674+00:00
relationnet,wide_resnet50_2,5,10,/home/soumik/soumik/misc/output/checkpoints/relationnet_wide_resnet50_2_5way_10shot_latest.pt,749,-inf,2026-08-12T15:11:37.473335+00:00
relationnet,wide_resnet50_2,5,10,/home/soumik/soumik/misc/output/checkpoints/relationnet_wide_resnet50_2_5way_10shot_latest.pt,799,-inf,2026-08-12T15:23:35.916730+00:00
relationnet,wide_resnet50_2,5,10,/home/soumik/soumik/misc/output/checkpoints/relationnet_wide_resnet50_2_5way_10shot_latest.pt,849,-inf,2026-08-12T15:35:58.365063+00:00
relationnet,wide_resnet50_2,5,10,/home/soumik/soumik/misc/output/checkpoints/relationnet_wide_resnet50_2_5way_10shot_latest.pt,899,-inf,2026-08-12T15:48:31.358902+00:00
relationnet,wide_resnet50_2,5,10,/home/soumik/soumik/misc/output/checkpoints/relationnet_wide_resnet50_2_5way_10shot_latest.pt,949,-inf,2026-08-12T16:00:56.119656+00:00
relationnet,wide_resnet50_2,5,10,/home/soumik/soumik/misc/output/checkpoints/relationnet_wide_resnet50_2_5way_10shot_latest.pt,999,-inf,2026-08-12T16:14:17.450883+00:00
relationnet,wide_resnet50_2,5,10,/home/soumik/soumik/misc/output/checkpoints/relationnet_wide_resnet50_2_5way_10shot_best.pt,999,92.22999784350395,2026-08-12T16:24:40.217152+00:00
relationnet,wide_resnet50_2,5,10,/home/soumik/soumik/misc/output/checkpoints/relationnet_wide_resnet50_2_5way_10shot_latest.pt,999,92.22999784350395,2026-08-12T16:24:44.306008+00:00
relationnet,wide_resnet50_2,7,1,/home/soumik/soumik/misc/output/checkpoints/relationnet_wide_resnet50_2_7way_1shot_latest.pt,49,-inf,2026-08-12T16:38:42.704596+00:00
relationnet,wide_resnet50_2,7,1,/home/soumik/soumik/misc/output/checkpoints/relationnet_wide_resnet50_2_7way_1shot_latest.pt,99,-inf,2026-08-12T16:52:53.159472+00:00
relationnet,wide_resnet50_2,7,1,/home/soumik/soumik/misc/output/checkpoints/relationnet_wide_resnet50_2_7way_1shot_latest.pt,149,-inf,2026-08-12T17:06:43.457621+00:00
relationnet,wide_resnet50_2,7,1,/home/soumik/soumik/misc/output/checkpoints/relationnet_wide_resnet50_2_7way_1shot_latest.pt,199,-inf,2026-08-12T17:19:27.515718+00:00
relationnet,wide_resnet50_2,7,1,/home/soumik/soumik/misc/output/checkpoints/relationnet_wide_resnet50_2_7way_1shot_latest.pt,249,-inf,2026-08-12T17:32:48.231982+00:00
relationnet,wide_resnet50_2,7,1,/home/soumik/soumik/misc/output/checkpoints/relationnet_wide_resnet50_2_7way_1shot_latest.pt,299,-inf,2026-08-12T17:46:32.824534+00:00
relationnet,wide_resnet50_2,7,1,/home/soumik/soumik/misc/output/checkpoints/relationnet_wide_resnet50_2_7way_1shot_latest.pt,349,-inf,2026-08-12T18:00:56.205696+00:00
relationnet,wide_resnet50_2,7,1,/home/soumik/soumik/misc/output/checkpoints/relationnet_wide_resnet50_2_7way_1shot_latest.pt,399,-inf,2026-08-12T18:14:22.464042+00:00
relationnet,wide_resnet50_2,7,1,/home/soumik/soumik/misc/output/checkpoints/relationnet_wide_resnet50_2_7way_1shot_latest.pt,449,-inf,2026-08-12T18:27:57.768758+00:00
relationnet,wide_resnet50_2,7,1,/home/soumik/soumik/misc/output/checkpoints/relationnet_wide_resnet50_2_7way_1shot_latest.pt,499,-inf,2026-08-12T18:41:49.223167+00:00
relationnet,wide_resnet50_2,7,1,/home/soumik/soumik/misc/output/checkpoints/relationnet_wide_resnet50_2_7way_1shot_latest.pt,549,-inf,2026-08-12T18:54:49.242227+00:00
relationnet,wide_resnet50_2,7,1,/home/soumik/soumik/misc/output/checkpoints/relationnet_wide_resnet50_2_7way_1shot_latest.pt,599,-inf,2026-08-12T19:07:55.586390+00:00
relationnet,wide_resnet50_2,7,1,/home/soumik/soumik/misc/output/checkpoints/relationnet_wide_resnet50_2_7way_1shot_latest.pt,649,-inf,2026-08-12T19:20:28.233860+00:00
relationnet,wide_resnet50_2,7,1,/home/soumik/soumik/misc/output/checkpoints/relationnet_wide_resnet50_2_7way_1shot_latest.pt,699,-inf,2026-08-12T19:32:48.584317+00:00
relationnet,wide_resnet50_2,7,1,/home/soumik/soumik/misc/output/checkpoints/relationnet_wide_resnet50_2_7way_1shot_latest.pt,749,-inf,2026-08-12T19:46:20.908218+00:00
relationnet,wide_resnet50_2,7,1,/home/soumik/soumik/misc/output/checkpoints/relationnet_wide_resnet50_2_7way_1shot_latest.pt,799,-inf,2026-08-12T19:59:52.170898+00:00
relationnet,wide_resnet50_2,7,1,/home/soumik/soumik/misc/output/checkpoints/relationnet_wide_resnet50_2_7way_1shot_latest.pt,849,-inf,2026-08-12T20:13:32.903469+00:00
relationnet,wide_resnet50_2,7,1,/home/soumik/soumik/misc/output/checkpoints/relationnet_wide_resnet50_2_7way_1shot_latest.pt,899,-inf,2026-08-12T20:24:48.780499+00:00
relationnet,wide_resnet50_2,7,1,/home/soumik/soumik/misc/output/checkpoints/relationnet_wide_resnet50_2_7way_1shot_latest.pt,949,-inf,2026-08-12T20:38:07.271321+00:00
relationnet,wide_resnet50_2,7,1,/home/soumik/soumik/misc/output/checkpoints/relationnet_wide_resnet50_2_7way_1shot_latest.pt,999,-inf,2026-08-12T20:51:16.669115+00:00
relationnet,wide_resnet50_2,7,1,/home/soumik/soumik/misc/output/checkpoints/relationnet_wide_resnet50_2_7way_1shot_best.pt,999,69.90000028908253,2026-08-12T21:01:26.260352+00:00
relationnet,wide_resnet50_2,7,1,/home/soumik/soumik/misc/output/checkpoints/relationnet_wide_resnet50_2_7way_1shot_latest.pt,999,69.90000028908253,2026-08-12T21:01:30.042270+00:00
relationnet,wide_resnet50_2,7,5,/home/soumik/soumik/misc/output/checkpoints/relationnet_wide_resnet50_2_7way_5shot_latest.pt,49,-inf,2026-08-12T21:14:46.396068+00:00
relationnet,wide_resnet50_2,7,5,/home/soumik/soumik/misc/output/checkpoints/relationnet_wide_resnet50_2_7way_5shot_latest.pt,99,-inf,2026-08-12T21:27:59.025924+00:00
relationnet,wide_resnet50_2,7,5,/home/soumik/soumik/misc/output/checkpoints/relationnet_wide_resnet50_2_7way_5shot_latest.pt,149,-inf,2026-08-12T21:40:23.055019+00:00
relationnet,wide_resnet50_2,7,5,/home/soumik/soumik/misc/output/checkpoints/relationnet_wide_resnet50_2_7way_5shot_latest.pt,199,-inf,2026-08-12T21:54:44.072318+00:00
relationnet,wide_resnet50_2,7,5,/home/soumik/soumik/misc/output/checkpoints/relationnet_wide_resnet50_2_7way_5shot_latest.pt,249,-inf,2026-08-12T22:07:07.438700+00:00
relationnet,wide_resnet50_2,7,5,/home/soumik/soumik/misc/output/checkpoints/relationnet_wide_resnet50_2_7way_5shot_latest.pt,299,-inf,2026-08-12T22:20:01.786399+00:00
relationnet,wide_resnet50_2,7,5,/home/soumik/soumik/misc/output/checkpoints/relationnet_wide_resnet50_2_7way_5shot_latest.pt,349,-inf,2026-08-12T22:33:02.470941+00:00
relationnet,wide_resnet50_2,7,5,/home/soumik/soumik/misc/output/checkpoints/relationnet_wide_resnet50_2_7way_5shot_latest.pt,399,-inf,2026-08-12T22:46:37.460802+00:00
relationnet,wide_resnet50_2,7,5,/home/soumik/soumik/misc/output/checkpoints/relationnet_wide_resnet50_2_7way_5shot_latest.pt,449,-inf,2026-08-12T23:00:37.969580+00:00
relationnet,wide_resnet50_2,7,5,/home/soumik/soumik/misc/output/checkpoints/relationnet_wide_resnet50_2_7way_5shot_latest.pt,499,-inf,2026-08-12T23:14:39.055680+00:00
relationnet,wide_resnet50_2,7,5,/home/soumik/soumik/misc/output/checkpoints/relationnet_wide_resnet50_2_7way_5shot_latest.pt,549,-inf,2026-08-12T23:28:01.230391+00:00
relationnet,wide_resnet50_2,7,5,/home/soumik/soumik/misc/output/checkpoints/relationnet_wide_resnet50_2_7way_5shot_latest.pt,599,-inf,2026-08-12T23:42:03.032778+00:00
relationnet,wide_resnet50_2,7,5,/home/soumik/soumik/misc/output/checkpoints/relationnet_wide_resnet50_2_7way_5shot_latest.pt,649,-inf,2026-08-12T23:54:21.628577+00:00
relationnet,wide_resnet50_2,7,5,/home/soumik/soumik/misc/output/checkpoints/relationnet_wide_resnet50_2_7way_5shot_latest.pt,699,-inf,2026-08-13T00:07:48.437665+00:00
relationnet,wide_resnet50_2,7,5,/home/soumik/soumik/misc/output/checkpoints/relationnet_wide_resnet50_2_7way_5shot_latest.pt,749,-inf,2026-08-13T00:23:02.118614+00:00
relationnet,wide_resnet50_2,7,5,/home/soumik/soumik/misc/output/checkpoints/relationnet_wide_resnet50_2_7way_5shot_latest.pt,799,-inf,2026-08-13T00:35:35.468109+00:00
relationnet,wide_resnet50_2,7,5,/home/soumik/soumik/misc/output/checkpoints/relationnet_wide_resnet50_2_7way_5shot_latest.pt,849,-inf,2026-08-13T00:48:24.897128+00:00
relationnet,wide_resnet50_2,7,5,/home/soumik/soumik/misc/output/checkpoints/relationnet_wide_resnet50_2_7way_5shot_latest.pt,899,-inf,2026-08-13T01:02:57.467466+00:00
relationnet,wide_resnet50_2,7,5,/home/soumik/soumik/misc/output/checkpoints/relationnet_wide_resnet50_2_7way_5shot_latest.pt,949,-inf,2026-08-13T01:16:47.083600+00:00
relationnet,wide_resnet50_2,7,5,/home/soumik/soumik/misc/output/checkpoints/relationnet_wide_resnet50_2_7way_5shot_latest.pt,999,-inf,2026-08-13T01:29:59.532790+00:00
relationnet,wide_resnet50_2,7,5,/home/soumik/soumik/misc/output/checkpoints/relationnet_wide_resnet50_2_7way_5shot_best.pt,999,91.82142901420593,2026-08-13T01:41:00.201989+00:00
relationnet,wide_resnet50_2,7,5,/home/soumik/soumik/misc/output/checkpoints/relationnet_wide_resnet50_2_7way_5shot_latest.pt,999,91.82142901420593,2026-08-13T01:41:04.295843+00:00
relationnet,wide_resnet50_2,7,10,/home/soumik/soumik/misc/output/checkpoints/relationnet_wide_resnet50_2_7way_10shot_latest.pt,49,-inf,2026-08-13T01:55:10.638997+00:00
relationnet,wide_resnet50_2,7,10,/home/soumik/soumik/misc/output/checkpoints/relationnet_wide_resnet50_2_7way_10shot_latest.pt,99,-inf,2026-08-13T02:08:52.832782+00:00
relationnet,wide_resnet50_2,7,10,/home/soumik/soumik/misc/output/checkpoints/relationnet_wide_resnet50_2_7way_10shot_latest.pt,149,-inf,2026-08-13T02:23:46.116149+00:00
relationnet,wide_resnet50_2,7,10,/home/soumik/soumik/misc/output/checkpoints/relationnet_wide_resnet50_2_7way_10shot_latest.pt,199,-inf,2026-08-13T02:38:17.605820+00:00
relationnet,wide_resnet50_2,7,10,/home/soumik/soumik/misc/output/checkpoints/relationnet_wide_resnet50_2_7way_10shot_latest.pt,249,-inf,2026-08-13T02:53:18.297236+00:00
relationnet,wide_resnet50_2,7,10,/home/soumik/soumik/misc/output/checkpoints/relationnet_wide_resnet50_2_7way_10shot_latest.pt,299,-inf,2026-08-13T03:07:34.492083+00:00
relationnet,wide_resnet50_2,7,10,/home/soumik/soumik/misc/output/checkpoints/relationnet_wide_resnet50_2_7way_10shot_latest.pt,349,-inf,2026-08-13T03:20:43.681649+00:00
relationnet,wide_resnet50_2,7,10,/home/soumik/soumik/misc/output/checkpoints/relationnet_wide_resnet50_2_7way_10shot_latest.pt,399,-inf,2026-08-13T03:34:16.570184+00:00
relationnet,wide_resnet50_2,7,10,/home/soumik/soumik/misc/output/checkpoints/relationnet_wide_resnet50_2_7way_10shot_latest.pt,449,-inf,2026-08-13T03:47:32.966420+00:00
relationnet,wide_resnet50_2,7,10,/home/soumik/soumik/misc/output/checkpoints/relationnet_wide_resnet50_2_7way_10shot_latest.pt,499,-inf,2026-08-13T04:01:33.624664+00:00
relationnet,wide_resnet50_2,7,10,/home/soumik/soumik/misc/output/checkpoints/relationnet_wide_resnet50_2_7way_10shot_latest.pt,549,-inf,2026-08-13T04:15:30.538636+00:00
relationnet,wide_resnet50_2,7,10,/home/soumik/soumik/misc/output/checkpoints/relationnet_wide_resnet50_2_7way_10shot_latest.pt,599,-inf,2026-08-13T04:29:53.163625+00:00
relationnet,wide_resnet50_2,7,10,/home/soumik/soumik/misc/output/checkpoints/relationnet_wide_resnet50_2_7way_10shot_latest.pt,649,-inf,2026-08-13T04:44:26.463902+00:00
relationnet,wide_resnet50_2,7,10,/home/soumik/soumik/misc/output/checkpoints/relationnet_wide_resnet50_2_7way_10shot_latest.pt,699,-inf,2026-08-13T04:57:53.480699+00:00
relationnet,wide_resnet50_2,7,10,/home/soumik/soumik/misc/output/checkpoints/relationnet_wide_resnet50_2_7way_10shot_latest.pt,749,-inf,2026-08-13T05:12:43.146026+00:00
relationnet,wide_resnet50_2,7,10,/home/soumik/soumik/misc/output/checkpoints/relationnet_wide_resnet50_2_7way_10shot_latest.pt,799,-inf,2026-08-13T05:26:26.261123+00:00
relationnet,wide_resnet50_2,7,10,/home/soumik/soumik/misc/output/checkpoints/relationnet_wide_resnet50_2_7way_10shot_latest.pt,849,-inf,2026-08-13T05:39:12.714771+00:00
relationnet,wide_resnet50_2,7,10,/home/soumik/soumik/misc/output/checkpoints/relationnet_wide_resnet50_2_7way_10shot_latest.pt,899,-inf,2026-08-13T05:52:51.633638+00:00
relationnet,wide_resnet50_2,7,10,/home/soumik/soumik/misc/output/checkpoints/relationnet_wide_resnet50_2_7way_10shot_latest.pt,949,-inf,2026-08-13T06:07:18.762092+00:00
relationnet,wide_resnet50_2,7,10,/home/soumik/soumik/misc/output/checkpoints/relationnet_wide_resnet50_2_7way_10shot_latest.pt,999,-inf,2026-08-13T06:21:07.782919+00:00
relationnet,wide_resnet50_2,7,10,/home/soumik/soumik/misc/output/checkpoints/relationnet_wide_resnet50_2_7way_10shot_best.pt,999,90.24285757541656,2026-08-13T06:32:16.430265+00:00
relationnet,wide_resnet50_2,7,10,/home/soumik/soumik/misc/output/checkpoints/relationnet_wide_resnet50_2_7way_10shot_latest.pt,999,90.24285757541656,2026-08-13T06:32:20.724029+00:00
feat,mobilenetv4_conv_small.e2400_r224_in1k,5,1,/home/soumik/soumik/misc/output/checkpoints/feat_mobilenetv4_conv_small.e2400_r224_in1k_5way_1shot_latest.pt,49,-inf,2026-08-13T06:45:29.736853+00:00
feat,mobilenetv4_conv_small.e2400_r224_in1k,5,1,/home/soumik/soumik/misc/output/checkpoints/feat_mobilenetv4_conv_small.e2400_r224_in1k_5way_1shot_latest.pt,99,-inf,2026-08-13T06:56:58.532973+00:00
feat,mobilenetv4_conv_small.e2400_r224_in1k,5,1,/home/soumik/soumik/misc/output/checkpoints/feat_mobilenetv4_conv_small.e2400_r224_in1k_5way_1shot_latest.pt,149,-inf,2026-08-13T07:09:39.984031+00:00
feat,mobilenetv4_conv_small.e2400_r224_in1k,5,1,/home/soumik/soumik/misc/output/checkpoints/feat_mobilenetv4_conv_small.e2400_r224_in1k_5way_1shot_latest.pt,199,-inf,2026-08-13T07:21:37.427629+00:00
feat,mobilenetv4_conv_small.e2400_r224_in1k,5,1,/home/soumik/soumik/misc/output/checkpoints/feat_mobilenetv4_conv_small.e2400_r224_in1k_5way_1shot_latest.pt,249,-inf,2026-08-13T07:33:09.719344+00:00
feat,mobilenetv4_conv_small.e2400_r224_in1k,5,1,/home/soumik/soumik/misc/output/checkpoints/feat_mobilenetv4_conv_small.e2400_r224_in1k_5way_1shot_latest.pt,299,-inf,2026-08-13T07:46:58.653090+00:00
feat,mobilenetv4_conv_small.e2400_r224_in1k,5,1,/home/soumik/soumik/misc/output/checkpoints/feat_mobilenetv4_conv_small.e2400_r224_in1k_5way_1shot_latest.pt,349,-inf,2026-08-13T07:58:42.818496+00:00
feat,mobilenetv4_conv_small.e2400_r224_in1k,5,1,/home/soumik/soumik/misc/output/checkpoints/feat_mobilenetv4_conv_small.e2400_r224_in1k_5way_1shot_latest.pt,399,-inf,2026-08-13T08:10:58.739689+00:00
feat,mobilenetv4_conv_small.e2400_r224_in1k,5,1,/home/soumik/soumik/misc/output/checkpoints/feat_mobilenetv4_conv_small.e2400_r224_in1k_5way_1shot_latest.pt,449,-inf,2026-08-13T08:22:16.863093+00:00
feat,mobilenetv4_conv_small.e2400_r224_in1k,5,1,/home/soumik/soumik/misc/output/checkpoints/feat_mobilenetv4_conv_small.e2400_r224_in1k_5way_1shot_latest.pt,499,-inf,2026-08-13T08:34:24.538132+00:00
feat,mobilenetv4_conv_small.e2400_r224_in1k,5,1,/home/soumik/soumik/misc/output/checkpoints/feat_mobilenetv4_conv_small.e2400_r224_in1k_5way_1shot_latest.pt,549,-inf,2026-08-13T08:45:31.978095+00:00
feat,mobilenetv4_conv_small.e2400_r224_in1k,5,1,/home/soumik/soumik/misc/output/checkpoints/feat_mobilenetv4_conv_small.e2400_r224_in1k_5way_1shot_latest.pt,599,-inf,2026-08-13T08:57:29.419738+00:00
feat,mobilenetv4_conv_small.e2400_r224_in1k,5,1,/home/soumik/soumik/misc/output/checkpoints/feat_mobilenetv4_conv_small.e2400_r224_in1k_5way_1shot_latest.pt,649,-inf,2026-08-13T09:10:24.854869+00:00
feat,mobilenetv4_conv_small.e2400_r224_in1k,5,1,/home/soumik/soumik/misc/output/checkpoints/feat_mobilenetv4_conv_small.e2400_r224_in1k_5way_1shot_latest.pt,699,-inf,2026-08-13T09:21:32.269804+00:00
feat,mobilenetv4_conv_small.e2400_r224_in1k,5,1,/home/soumik/soumik/misc/output/checkpoints/feat_mobilenetv4_conv_small.e2400_r224_in1k_5way_1shot_latest.pt,749,-inf,2026-08-13T09:34:12.813569+00:00
feat,mobilenetv4_conv_small.e2400_r224_in1k,5,1,/home/soumik/soumik/misc/output/checkpoints/feat_mobilenetv4_conv_small.e2400_r224_in1k_5way_1shot_latest.pt,799,-inf,2026-08-13T09:46:22.694787+00:00
feat,mobilenetv4_conv_small.e2400_r224_in1k,5,1,/home/soumik/soumik/misc/output/checkpoints/feat_mobilenetv4_conv_small.e2400_r224_in1k_5way_1shot_latest.pt,849,-inf,2026-08-13T09:58:51.841445+00:00
feat,mobilenetv4_conv_small.e2400_r224_in1k,5,1,/home/soumik/soumik/misc/output/checkpoints/feat_mobilenetv4_conv_small.e2400_r224_in1k_5way_1shot_latest.pt,899,-inf,2026-08-13T10:11:03.747389+00:00
feat,mobilenetv4_conv_small.e2400_r224_in1k,5,1,/home/soumik/soumik/misc/output/checkpoints/feat_mobilenetv4_conv_small.e2400_r224_in1k_5way_1shot_latest.pt,949,-inf,2026-08-13T10:22:39.556524+00:00
feat,mobilenetv4_conv_small.e2400_r224_in1k,5,1,/home/soumik/soumik/misc/output/checkpoints/feat_mobilenetv4_conv_small.e2400_r224_in1k_5way_1shot_latest.pt,999,-inf,2026-08-13T10:34:41.100015+00:00
feat,mobilenetv4_conv_small.e2400_r224_in1k,5,1,/home/soumik/soumik/misc/output/checkpoints/feat_mobilenetv4_conv_small.e2400_r224_in1k_5way_1shot_best.pt,999,20.869999386370182,2026-08-13T10:43:47.138525+00:00
feat,mobilenetv4_conv_small.e2400_r224_in1k,5,1,/home/soumik/soumik/misc/output/checkpoints/feat_mobilenetv4_conv_small.e2400_r224_in1k_5way_1shot_latest.pt,999,20.869999386370182,2026-08-13T10:43:47.865086+00:00
feat,mobilenetv4_conv_small.e2400_r224_in1k,5,5,/home/soumik/soumik/misc/output/checkpoints/feat_mobilenetv4_conv_small.e2400_r224_in1k_5way_5shot_latest.pt,49,-inf,2026-08-13T10:57:01.835368+00:00
feat,mobilenetv4_conv_small.e2400_r224_in1k,5,5,/home/soumik/soumik/misc/output/checkpoints/feat_mobilenetv4_conv_small.e2400_r224_in1k_5way_5shot_latest.pt,99,-inf,2026-08-13T11:08:19.919591+00:00
feat,mobilenetv4_conv_small.e2400_r224_in1k,5,5,/home/soumik/soumik/misc/output/checkpoints/feat_mobilenetv4_conv_small.e2400_r224_in1k_5way_5shot_latest.pt,149,-inf,2026-08-13T11:20:08.356577+00:00
feat,mobilenetv4_conv_small.e2400_r224_in1k,5,5,/home/soumik/soumik/misc/output/checkpoints/feat_mobilenetv4_conv_small.e2400_r224_in1k_5way_5shot_latest.pt,199,-inf,2026-08-13T11:31:59.682694+00:00
feat,mobilenetv4_conv_small.e2400_r224_in1k,5,5,/home/soumik/soumik/misc/output/checkpoints/feat_mobilenetv4_conv_small.e2400_r224_in1k_5way_5shot_latest.pt,249,-inf,2026-08-13T11:44:31.546387+00:00
feat,mobilenetv4_conv_small.e2400_r224_in1k,5,5,/home/soumik/soumik/misc/output/checkpoints/feat_mobilenetv4_conv_small.e2400_r224_in1k_5way_5shot_latest.pt,299,-inf,2026-08-13T11:56:57.943675+00:00
feat,mobilenetv4_conv_small.e2400_r224_in1k,5,5,/home/soumik/soumik/misc/output/checkpoints/feat_mobilenetv4_conv_small.e2400_r224_in1k_5way_5shot_latest.pt,349,-inf,2026-08-13T12:09:59.185089+00:00
feat,mobilenetv4_conv_small.e2400_r224_in1k,5,5,/home/soumik/soumik/misc/output/checkpoints/feat_mobilenetv4_conv_small.e2400_r224_in1k_5way_5shot_latest.pt,399,-inf,2026-08-13T12:21:39.321648+00:00
feat,mobilenetv4_conv_small.e2400_r224_in1k,5,5,/home/soumik/soumik/misc/output/checkpoints/feat_mobilenetv4_conv_small.e2400_r224_in1k_5way_5shot_latest.pt,449,-inf,2026-08-13T12:33:57.521784+00:00
feat,mobilenetv4_conv_small.e2400_r224_in1k,5,5,/home/soumik/soumik/misc/output/checkpoints/feat_mobilenetv4_conv_small.e2400_r224_in1k_5way_5shot_latest.pt,499,-inf,2026-08-13T12:46:53.531449+00:00
feat,mobilenetv4_conv_small.e2400_r224_in1k,5,5,/home/soumik/soumik/misc/output/checkpoints/feat_mobilenetv4_conv_small.e2400_r224_in1k_5way_5shot_latest.pt,549,-inf,2026-08-13T12:58:28.238620+00:00
feat,mobilenetv4_conv_small.e2400_r224_in1k,5,5,/home/soumik/soumik/misc/output/checkpoints/feat_mobilenetv4_conv_small.e2400_r224_in1k_5way_5shot_latest.pt,599,-inf,2026-08-13T13:11:12.610342+00:00
feat,mobilenetv4_conv_small.e2400_r224_in1k,5,5,/home/soumik/soumik/misc/output/checkpoints/feat_mobilenetv4_conv_small.e2400_r224_in1k_5way_5shot_latest.pt,649,-inf,2026-08-13T13:23:32.200349+00:00
feat,mobilenetv4_conv_small.e2400_r224_in1k,5,5,/home/soumik/soumik/misc/output/checkpoints/feat_mobilenetv4_conv_small.e2400_r224_in1k_5way_5shot_latest.pt,699,-inf,2026-08-13T13:35:18.132299+00:00
feat,mobilenetv4_conv_small.e2400_r224_in1k,5,5,/home/soumik/soumik/misc/output/checkpoints/feat_mobilenetv4_conv_small.e2400_r224_in1k_5way_5shot_latest.pt,749,-inf,2026-08-13T13:48:24.886746+00:00
feat,mobilenetv4_conv_small.e2400_r224_in1k,5,5,/home/soumik/soumik/misc/output/checkpoints/feat_mobilenetv4_conv_small.e2400_r224_in1k_5way_5shot_latest.pt,799,-inf,2026-08-13T14:01:04.675614+00:00
feat,mobilenetv4_conv_small.e2400_r224_in1k,5,5,/home/soumik/soumik/misc/output/checkpoints/feat_mobilenetv4_conv_small.e2400_r224_in1k_5way_5shot_latest.pt,849,-inf,2026-08-13T14:13:22.363084+00:00
feat,mobilenetv4_conv_small.e2400_r224_in1k,5,5,/home/soumik/soumik/misc/output/checkpoints/feat_mobilenetv4_conv_small.e2400_r224_in1k_5way_5shot_latest.pt,899,-inf,2026-08-13T14:24:53.636046+00:00
feat,mobilenetv4_conv_small.e2400_r224_in1k,5,5,/home/soumik/soumik/misc/output/checkpoints/feat_mobilenetv4_conv_small.e2400_r224_in1k_5way_5shot_latest.pt,949,-inf,2026-08-13T14:37:12.609059+00:00
feat,mobilenetv4_conv_small.e2400_r224_in1k,5,5,/home/soumik/soumik/misc/output/checkpoints/feat_mobilenetv4_conv_small.e2400_r224_in1k_5way_5shot_latest.pt,999,-inf,2026-08-13T14:49:25.181091+00:00
feat,mobilenetv4_conv_small.e2400_r224_in1k,5,5,/home/soumik/soumik/misc/output/checkpoints/feat_mobilenetv4_conv_small.e2400_r224_in1k_5way_5shot_best.pt,999,21.63999940082431,2026-08-13T14:58:35.341345+00:00
feat,mobilenetv4_conv_small.e2400_r224_in1k,5,5,/home/soumik/soumik/misc/output/checkpoints/feat_mobilenetv4_conv_small.e2400_r224_in1k_5way_5shot_latest.pt,999,21.63999940082431,2026-08-13T14:58:36.060478+00:00
feat,mobilenetv4_conv_small.e2400_r224_in1k,5,10,/home/soumik/soumik/misc/output/checkpoints/feat_mobilenetv4_conv_small.e2400_r224_in1k_5way_10shot_latest.pt,49,-inf,2026-08-13T15:11:03.531537+00:00
feat,mobilenetv4_conv_small.e2400_r224_in1k,5,10,/home/soumik/soumik/misc/output/checkpoints/feat_mobilenetv4_conv_small.e2400_r224_in1k_5way_10shot_latest.pt,99,-inf,2026-08-13T15:24:05.613260+00:00
feat,mobilenetv4_conv_small.e2400_r224_in1k,5,10,/home/soumik/soumik/misc/output/checkpoints/feat_mobilenetv4_conv_small.e2400_r224_in1k_5way_10shot_latest.pt,149,-inf,2026-08-13T15:36:13.924933+00:00
feat,mobilenetv4_conv_small.e2400_r224_in1k,5,10,/home/soumik/soumik/misc/output/checkpoints/feat_mobilenetv4_conv_small.e2400_r224_in1k_5way_10shot_latest.pt,199,-inf,2026-08-13T15:48:15.482623+00:00
feat,mobilenetv4_conv_small.e2400_r224_in1k,5,10,/home/soumik/soumik/misc/output/checkpoints/feat_mobilenetv4_conv_small.e2400_r224_in1k_5way_10shot_latest.pt,249,-inf,2026-08-13T15:59:42.206115+00:00
feat,mobilenetv4_conv_small.e2400_r224_in1k,5,10,/home/soumik/soumik/misc/output/checkpoints/feat_mobilenetv4_conv_small.e2400_r224_in1k_5way_10shot_latest.pt,299,-inf,2026-08-13T16:11:15.988929+00:00
feat,mobilenetv4_conv_small.e2400_r224_in1k,5,10,/home/soumik/soumik/misc/output/checkpoints/feat_mobilenetv4_conv_small.e2400_r224_in1k_5way_10shot_latest.pt,349,-inf,2026-08-13T16:23:19.454511+00:00
feat,mobilenetv4_conv_small.e2400_r224_in1k,5,10,/home/soumik/soumik/misc/output/checkpoints/feat_mobilenetv4_conv_small.e2400_r224_in1k_5way_10shot_latest.pt,399,-inf,2026-08-13T16:35:24.660268+00:00
feat,mobilenetv4_conv_small.e2400_r224_in1k,5,10,/home/soumik/soumik/misc/output/checkpoints/feat_mobilenetv4_conv_small.e2400_r224_in1k_5way_10shot_latest.pt,449,-inf,2026-08-14T07:21:13.674545+00:00
feat,mobilenetv4_conv_small.e2400_r224_in1k,5,10,/home/soumik/soumik/misc/output/checkpoints/feat_mobilenetv4_conv_small.e2400_r224_in1k_5way_10shot_latest.pt,499,-inf,2026-08-14T07:33:28.695068+00:00
feat,mobilenetv4_conv_small.e2400_r224_in1k,5,10,/home/soumik/soumik/misc/output/checkpoints/feat_mobilenetv4_conv_small.e2400_r224_in1k_5way_10shot_latest.pt,549,-inf,2026-08-14T07:46:10.137968+00:00
feat,mobilenetv4_conv_small.e2400_r224_in1k,5,10,/home/soumik/soumik/misc/output/checkpoints/feat_mobilenetv4_conv_small.e2400_r224_in1k_5way_10shot_latest.pt,599,-inf,2026-08-14T07:59:01.056713+00:00
feat,mobilenetv4_conv_small.e2400_r224_in1k,5,10,/home/soumik/soumik/misc/output/checkpoints/feat_mobilenetv4_conv_small.e2400_r224_in1k_5way_10shot_latest.pt,649,-inf,2026-08-14T08:11:53.216170+00:00
feat,mobilenetv4_conv_small.e2400_r224_in1k,5,10,/home/soumik/soumik/misc/output/checkpoints/feat_mobilenetv4_conv_small.e2400_r224_in1k_5way_10shot_latest.pt,699,-inf,2026-08-14T08:23:08.863871+00:00
feat,mobilenetv4_conv_small.e2400_r224_in1k,5,10,/home/soumik/soumik/misc/output/checkpoints/feat_mobilenetv4_conv_small.e2400_r224_in1k_5way_10shot_latest.pt,749,-inf,2026-08-14T08:34:01.467970+00:00
feat,mobilenetv4_conv_small.e2400_r224_in1k,5,10,/home/soumik/soumik/misc/output/checkpoints/feat_mobilenetv4_conv_small.e2400_r224_in1k_5way_10shot_latest.pt,799,-inf,2026-08-14T08:46:18.737747+00:00
feat,mobilenetv4_conv_small.e2400_r224_in1k,5,10,/home/soumik/soumik/misc/output/checkpoints/feat_mobilenetv4_conv_small.e2400_r224_in1k_5way_10shot_latest.pt,849,-inf,2026-08-14T08:57:25.460942+00:00
feat,mobilenetv4_conv_small.e2400_r224_in1k,5,10,/home/soumik/soumik/misc/output/checkpoints/feat_mobilenetv4_conv_small.e2400_r224_in1k_5way_10shot_latest.pt,899,-inf,2026-08-14T09:09:27.968899+00:00
feat,mobilenetv4_conv_small.e2400_r224_in1k,5,10,/home/soumik/soumik/misc/output/checkpoints/feat_mobilenetv4_conv_small.e2400_r224_in1k_5way_10shot_latest.pt,949,-inf,2026-08-14T09:21:54.851513+00:00
feat,mobilenetv4_conv_small.e2400_r224_in1k,5,10,/home/soumik/soumik/misc/output/checkpoints/feat_mobilenetv4_conv_small.e2400_r224_in1k_5way_10shot_latest.pt,999,-inf,2026-08-14T09:34:01.499462+00:00
feat,mobilenetv4_conv_small.e2400_r224_in1k,5,10,/home/soumik/soumik/misc/output/checkpoints/feat_mobilenetv4_conv_small.e2400_r224_in1k_5way_10shot_best.pt,999,27.989999398589134,2026-08-14T09:43:39.075868+00:00
feat,mobilenetv4_conv_small.e2400_r224_in1k,5,10,/home/soumik/soumik/misc/output/checkpoints/feat_mobilenetv4_conv_small.e2400_r224_in1k_5way_10shot_latest.pt,999,27.989999398589134,2026-08-14T09:43:39.866028+00:00
feat,mobilenetv4_conv_small.e2400_r224_in1k,7,1,/home/soumik/soumik/misc/output/checkpoints/feat_mobilenetv4_conv_small.e2400_r224_in1k_7way_1shot_latest.pt,49,-inf,2026-08-14T09:56:55.467576+00:00
feat,mobilenetv4_conv_small.e2400_r224_in1k,7,1,/home/soumik/soumik/misc/output/checkpoints/feat_mobilenetv4_conv_small.e2400_r224_in1k_7way_1shot_latest.pt,99,-inf,2026-08-14T10:08:20.940007+00:00
feat,mobilenetv4_conv_small.e2400_r224_in1k,7,1,/home/soumik/soumik/misc/output/checkpoints/feat_mobilenetv4_conv_small.e2400_r224_in1k_7way_1shot_latest.pt,149,-inf,2026-08-14T10:19:56.687562+00:00
feat,mobilenetv4_conv_small.e2400_r224_in1k,7,1,/home/soumik/soumik/misc/output/checkpoints/feat_mobilenetv4_conv_small.e2400_r224_in1k_7way_1shot_latest.pt,199,-inf,2026-08-14T10:31:32.965794+00:00
feat,mobilenetv4_conv_small.e2400_r224_in1k,7,1,/home/soumik/soumik/misc/output/checkpoints/feat_mobilenetv4_conv_small.e2400_r224_in1k_7way_1shot_latest.pt,249,-inf,2026-08-14T10:44:42.657158+00:00
feat,mobilenetv4_conv_small.e2400_r224_in1k,7,1,/home/soumik/soumik/misc/output/checkpoints/feat_mobilenetv4_conv_small.e2400_r224_in1k_7way_1shot_latest.pt,299,-inf,2026-08-14T10:57:08.474014+00:00
feat,mobilenetv4_conv_small.e2400_r224_in1k,7,1,/home/soumik/soumik/misc/output/checkpoints/feat_mobilenetv4_conv_small.e2400_r224_in1k_7way_1shot_latest.pt,349,-inf,2026-08-14T11:10:05.947440+00:00
feat,mobilenetv4_conv_small.e2400_r224_in1k,7,1,/home/soumik/soumik/misc/output/checkpoints/feat_mobilenetv4_conv_small.e2400_r224_in1k_7way_1shot_latest.pt,399,-inf,2026-08-14T11:21:38.954958+00:00
feat,mobilenetv4_conv_small.e2400_r224_in1k,7,1,/home/soumik/soumik/misc/output/checkpoints/feat_mobilenetv4_conv_small.e2400_r224_in1k_7way_1shot_latest.pt,449,-inf,2026-08-14T11:33:45.848108+00:00
feat,mobilenetv4_conv_small.e2400_r224_in1k,7,1,/home/soumik/soumik/misc/output/checkpoints/feat_mobilenetv4_conv_small.e2400_r224_in1k_7way_1shot_latest.pt,499,-inf,2026-08-14T11:46:33.889495+00:00
feat,mobilenetv4_conv_small.e2400_r224_in1k,7,1,/home/soumik/soumik/misc/output/checkpoints/feat_mobilenetv4_conv_small.e2400_r224_in1k_7way_1shot_latest.pt,549,-inf,2026-08-14T11:59:14.420810+00:00
feat,mobilenetv4_conv_small.e2400_r224_in1k,7,1,/home/soumik/soumik/misc/output/checkpoints/feat_mobilenetv4_conv_small.e2400_r224_in1k_7way_1shot_latest.pt,599,-inf,2026-08-14T12:11:23.658953+00:00
feat,mobilenetv4_conv_small.e2400_r224_in1k,7,1,/home/soumik/soumik/misc/output/checkpoints/feat_mobilenetv4_conv_small.e2400_r224_in1k_7way_1shot_latest.pt,649,-inf,2026-08-14T12:23:32.001652+00:00
feat,mobilenetv4_conv_small.e2400_r224_in1k,7,1,/home/soumik/soumik/misc/output/checkpoints/feat_mobilenetv4_conv_small.e2400_r224_in1k_7way_1shot_latest.pt,699,-inf,2026-08-14T12:35:55.848622+00:00
feat,mobilenetv4_conv_small.e2400_r224_in1k,7,1,/home/soumik/soumik/misc/output/checkpoints/feat_mobilenetv4_conv_small.e2400_r224_in1k_7way_1shot_latest.pt,749,-inf,2026-08-14T12:49:13.190231+00:00
feat,mobilenetv4_conv_small.e2400_r224_in1k,7,1,/home/soumik/soumik/misc/output/checkpoints/feat_mobilenetv4_conv_small.e2400_r224_in1k_7way_1shot_latest.pt,799,-inf,2026-08-14T13:00:59.451451+00:00
feat,mobilenetv4_conv_small.e2400_r224_in1k,7,1,/home/soumik/soumik/misc/output/checkpoints/feat_mobilenetv4_conv_small.e2400_r224_in1k_7way_1shot_latest.pt,849,-inf,2026-08-14T13:13:10.197629+00:00
feat,mobilenetv4_conv_small.e2400_r224_in1k,7,1,/home/soumik/soumik/misc/output/checkpoints/feat_mobilenetv4_conv_small.e2400_r224_in1k_7way_1shot_latest.pt,899,-inf,2026-08-14T13:24:54.280463+00:00
feat,mobilenetv4_conv_small.e2400_r224_in1k,7,1,/home/soumik/soumik/misc/output/checkpoints/feat_mobilenetv4_conv_small.e2400_r224_in1k_7way_1shot_latest.pt,949,-inf,2026-08-14T13:36:41.182789+00:00
feat,mobilenetv4_conv_small.e2400_r224_in1k,7,1,/home/soumik/soumik/misc/output/checkpoints/feat_mobilenetv4_conv_small.e2400_r224_in1k_7way_1shot_latest.pt,999,-inf,2026-08-14T13:48:40.316075+00:00
feat,mobilenetv4_conv_small.e2400_r224_in1k,7,1,/home/soumik/soumik/misc/output/checkpoints/feat_mobilenetv4_conv_small.e2400_r224_in1k_7way_1shot_best.pt,999,14.8785719294101,2026-08-14T13:58:33.272758+00:00
feat,mobilenetv4_conv_small.e2400_r224_in1k,7,1,/home/soumik/soumik/misc/output/checkpoints/feat_mobilenetv4_conv_small.e2400_r224_in1k_7way_1shot_latest.pt,999,14.8785719294101,2026-08-14T13:58:34.038582+00:00
feat,mobilenetv4_conv_small.e2400_r224_in1k,7,5,/home/soumik/soumik/misc/output/checkpoints/feat_mobilenetv4_conv_small.e2400_r224_in1k_7way_5shot_latest.pt,49,-inf,2026-08-14T14:11:52.883402+00:00
feat,mobilenetv4_conv_small.e2400_r224_in1k,7,5,/home/soumik/soumik/misc/output/checkpoints/feat_mobilenetv4_conv_small.e2400_r224_in1k_7way_5shot_latest.pt,99,-inf,2026-08-14T14:25:12.384315+00:00
feat,mobilenetv4_conv_small.e2400_r224_in1k,7,5,/home/soumik/soumik/misc/output/checkpoints/feat_mobilenetv4_conv_small.e2400_r224_in1k_7way_5shot_latest.pt,149,-inf,2026-08-14T14:36:39.337963+00:00
feat,mobilenetv4_conv_small.e2400_r224_in1k,7,5,/home/soumik/soumik/misc/output/checkpoints/feat_mobilenetv4_conv_small.e2400_r224_in1k_7way_5shot_latest.pt,199,-inf,2026-08-14T14:49:31.484228+00:00
feat,mobilenetv4_conv_small.e2400_r224_in1k,7,5,/home/soumik/soumik/misc/output/checkpoints/feat_mobilenetv4_conv_small.e2400_r224_in1k_7way_5shot_latest.pt,249,-inf,2026-08-14T15:01:54.480275+00:00
feat,mobilenetv4_conv_small.e2400_r224_in1k,7,5,/home/soumik/soumik/misc/output/checkpoints/feat_mobilenetv4_conv_small.e2400_r224_in1k_7way_5shot_latest.pt,299,-inf,2026-08-14T15:15:00.834652+00:00
feat,mobilenetv4_conv_small.e2400_r224_in1k,7,5,/home/soumik/soumik/misc/output/checkpoints/feat_mobilenetv4_conv_small.e2400_r224_in1k_7way_5shot_latest.pt,349,-inf,2026-08-14T15:26:52.209113+00:00
feat,mobilenetv4_conv_small.e2400_r224_in1k,7,5,/home/soumik/soumik/misc/output/checkpoints/feat_mobilenetv4_conv_small.e2400_r224_in1k_7way_5shot_latest.pt,399,-inf,2026-08-14T15:39:43.465471+00:00
feat,mobilenetv4_conv_small.e2400_r224_in1k,7,5,/home/soumik/soumik/misc/output/checkpoints/feat_mobilenetv4_conv_small.e2400_r224_in1k_7way_5shot_latest.pt,449,-inf,2026-08-14T15:52:47.181919+00:00
feat,mobilenetv4_conv_small.e2400_r224_in1k,7,5,/home/soumik/soumik/misc/output/checkpoints/feat_mobilenetv4_conv_small.e2400_r224_in1k_7way_5shot_latest.pt,499,-inf,2026-08-14T16:04:31.281449+00:00
feat,mobilenetv4_conv_small.e2400_r224_in1k,7,5,/home/soumik/soumik/misc/output/checkpoints/feat_mobilenetv4_conv_small.e2400_r224_in1k_7way_5shot_latest.pt,549,-inf,2026-08-14T16:16:18.877965+00:00
feat,mobilenetv4_conv_small.e2400_r224_in1k,7,5,/home/soumik/soumik/misc/output/checkpoints/feat_mobilenetv4_conv_small.e2400_r224_in1k_7way_5shot_latest.pt,599,-inf,2026-08-14T16:28:36.046695+00:00
feat,mobilenetv4_conv_small.e2400_r224_in1k,7,5,/home/soumik/soumik/misc/output/checkpoints/feat_mobilenetv4_conv_small.e2400_r224_in1k_7way_5shot_latest.pt,649,-inf,2026-08-17T06:50:37.431552+00:00
feat,mobilenetv4_conv_small.e2400_r224_in1k,7,5,/home/soumik/soumik/misc/output/checkpoints/feat_mobilenetv4_conv_small.e2400_r224_in1k_7way_5shot_latest.pt,699,-inf,2026-08-17T07:04:13.903794+00:00
feat,mobilenetv4_conv_small.e2400_r224_in1k,7,5,/home/soumik/soumik/misc/output/checkpoints/feat_mobilenetv4_conv_small.e2400_r224_in1k_7way_5shot_latest.pt,749,-inf,2026-08-17T07:18:05.152167+00:00
feat,mobilenetv4_conv_small.e2400_r224_in1k,7,5,/home/soumik/soumik/misc/output/checkpoints/feat_mobilenetv4_conv_small.e2400_r224_in1k_7way_5shot_latest.pt,799,-inf,2026-08-17T07:31:12.809628+00:00
feat,mobilenetv4_conv_small.e2400_r224_in1k,7,5,/home/soumik/soumik/misc/output/checkpoints/feat_mobilenetv4_conv_small.e2400_r224_in1k_7way_5shot_latest.pt,849,-inf,2026-08-17T07:44:09.330706+00:00
feat,mobilenetv4_conv_small.e2400_r224_in1k,7,5,/home/soumik/soumik/misc/output/checkpoints/feat_mobilenetv4_conv_small.e2400_r224_in1k_7way_5shot_latest.pt,899,-inf,2026-08-17T07:57:53.222984+00:00
feat,mobilenetv4_conv_small.e2400_r224_in1k,7,5,/home/soumik/soumik/misc/output/checkpoints/feat_mobilenetv4_conv_small.e2400_r224_in1k_7way_5shot_latest.pt,949,-inf,2026-08-17T08:10:32.856991+00:00
feat,mobilenetv4_conv_small.e2400_r224_in1k,7,5,/home/soumik/soumik/misc/output/checkpoints/feat_mobilenetv4_conv_small.e2400_r224_in1k_7way_5shot_latest.pt,999,-inf,2026-08-17T08:22:53.035517+00:00
feat,mobilenetv4_conv_small.e2400_r224_in1k,7,5,/home/soumik/soumik/misc/output/checkpoints/feat_mobilenetv4_conv_small.e2400_r224_in1k_7way_5shot_best.pt,999,98.0500011742115,2026-08-17T08:33:03.059257+00:00
feat,mobilenetv4_conv_small.e2400_r224_in1k,7,5,/home/soumik/soumik/misc/output/checkpoints/feat_mobilenetv4_conv_small.e2400_r224_in1k_7way_5shot_latest.pt,999,98.0500011742115,2026-08-17T08:33:03.948034+00:00
feat,mobilenetv4_conv_small.e2400_r224_in1k,7,10,/home/soumik/soumik/misc/output/checkpoints/feat_mobilenetv4_conv_small.e2400_r224_in1k_7way_10shot_latest.pt,49,-inf,2026-08-17T08:46:55.362071+00:00
feat,mobilenetv4_conv_small.e2400_r224_in1k,7,10,/home/soumik/soumik/misc/output/checkpoints/feat_mobilenetv4_conv_small.e2400_r224_in1k_7way_10shot_latest.pt,99,-inf,2026-08-17T08:59:42.357934+00:00
feat,mobilenetv4_conv_small.e2400_r224_in1k,7,10,/home/soumik/soumik/misc/output/checkpoints/feat_mobilenetv4_conv_small.e2400_r224_in1k_7way_10shot_latest.pt,149,-inf,2026-08-17T09:13:28.026027+00:00
feat,mobilenetv4_conv_small.e2400_r224_in1k,7,10,/home/soumik/soumik/misc/output/checkpoints/feat_mobilenetv4_conv_small.e2400_r224_in1k_7way_10shot_latest.pt,199,-inf,2026-08-17T09:27:09.955399+00:00
feat,mobilenetv4_conv_small.e2400_r224_in1k,7,10,/home/soumik/soumik/misc/output/checkpoints/feat_mobilenetv4_conv_small.e2400_r224_in1k_7way_10shot_latest.pt,249,-inf,2026-08-17T09:39:34.904969+00:00
feat,mobilenetv4_conv_small.e2400_r224_in1k,7,10,/home/soumik/soumik/misc/output/checkpoints/feat_mobilenetv4_conv_small.e2400_r224_in1k_7way_10shot_latest.pt,299,-inf,2026-08-17T09:53:06.661880+00:00
feat,mobilenetv4_conv_small.e2400_r224_in1k,7,10,/home/soumik/soumik/misc/output/checkpoints/feat_mobilenetv4_conv_small.e2400_r224_in1k_7way_10shot_latest.pt,349,-inf,2026-08-17T10:07:26.283084+00:00
feat,mobilenetv4_conv_small.e2400_r224_in1k,7,10,/home/soumik/soumik/misc/output/checkpoints/feat_mobilenetv4_conv_small.e2400_r224_in1k_7way_10shot_latest.pt,399,-inf,2026-08-17T10:19:20.716372+00:00
feat,mobilenetv4_conv_small.e2400_r224_in1k,7,10,/home/soumik/soumik/misc/output/checkpoints/feat_mobilenetv4_conv_small.e2400_r224_in1k_7way_10shot_latest.pt,449,-inf,2026-08-17T10:32:46.101307+00:00
feat,mobilenetv4_conv_small.e2400_r224_in1k,7,10,/home/soumik/soumik/misc/output/checkpoints/feat_mobilenetv4_conv_small.e2400_r224_in1k_7way_10shot_latest.pt,499,-inf,2026-08-17T10:45:28.535259+00:00
feat,mobilenetv4_conv_small.e2400_r224_in1k,7,10,/home/soumik/soumik/misc/output/checkpoints/feat_mobilenetv4_conv_small.e2400_r224_in1k_7way_10shot_latest.pt,549,-inf,2026-08-17T10:57:31.976355+00:00
feat,mobilenetv4_conv_small.e2400_r224_in1k,7,10,/home/soumik/soumik/misc/output/checkpoints/feat_mobilenetv4_conv_small.e2400_r224_in1k_7way_10shot_latest.pt,599,-inf,2026-08-17T11:11:07.934985+00:00
feat,mobilenetv4_conv_small.e2400_r224_in1k,7,10,/home/soumik/soumik/misc/output/checkpoints/feat_mobilenetv4_conv_small.e2400_r224_in1k_7way_10shot_latest.pt,649,-inf,2026-08-17T11:23:33.841095+00:00
feat,mobilenetv4_conv_small.e2400_r224_in1k,7,10,/home/soumik/soumik/misc/output/checkpoints/feat_mobilenetv4_conv_small.e2400_r224_in1k_7way_10shot_latest.pt,699,-inf,2026-08-17T11:36:14.959455+00:00
feat,mobilenetv4_conv_small.e2400_r224_in1k,7,10,/home/soumik/soumik/misc/output/checkpoints/feat_mobilenetv4_conv_small.e2400_r224_in1k_7way_10shot_latest.pt,749,-inf,2026-08-17T11:48:30.009784+00:00
feat,mobilenetv4_conv_small.e2400_r224_in1k,7,10,/home/soumik/soumik/misc/output/checkpoints/feat_mobilenetv4_conv_small.e2400_r224_in1k_7way_10shot_latest.pt,799,-inf,2026-08-17T12:00:08.481454+00:00
feat,mobilenetv4_conv_small.e2400_r224_in1k,7,10,/home/soumik/soumik/misc/output/checkpoints/feat_mobilenetv4_conv_small.e2400_r224_in1k_7way_10shot_latest.pt,849,-inf,2026-08-17T12:11:53.535950+00:00
feat,mobilenetv4_conv_small.e2400_r224_in1k,7,10,/home/soumik/soumik/misc/output/checkpoints/feat_mobilenetv4_conv_small.e2400_r224_in1k_7way_10shot_latest.pt,899,-inf,2026-08-17T12:23:43.132742+00:00
feat,mobilenetv4_conv_small.e2400_r224_in1k,7,10,/home/soumik/soumik/misc/output/checkpoints/feat_mobilenetv4_conv_small.e2400_r224_in1k_7way_10shot_latest.pt,949,-inf,2026-08-17T12:34:33.647089+00:00
feat,mobilenetv4_conv_small.e2400_r224_in1k,7,10,/home/soumik/soumik/misc/output/checkpoints/feat_mobilenetv4_conv_small.e2400_r224_in1k_7way_10shot_latest.pt,999,-inf,2026-08-17T12:47:28.448086+00:00
feat,mobilenetv4_conv_small.e2400_r224_in1k,7,10,/home/soumik/soumik/misc/output/checkpoints/feat_mobilenetv4_conv_small.e2400_r224_in1k_7way_10shot_best.pt,999,29.371429547667503,2026-08-17T12:57:21.277088+00:00
feat,mobilenetv4_conv_small.e2400_r224_in1k,7,10,/home/soumik/soumik/misc/output/checkpoints/feat_mobilenetv4_conv_small.e2400_r224_in1k_7way_10shot_latest.pt,999,29.371429547667503,2026-08-17T12:57:22.027029+00:00
feat,tf_efficientnetv2_s.in21k,5,1,/home/soumik/soumik/misc/output/checkpoints/feat_tf_efficientnetv2_s.in21k_5way_1shot_latest.pt,49,-inf,2026-08-17T13:09:03.625462+00:00
feat,tf_efficientnetv2_s.in21k,5,1,/home/soumik/soumik/misc/output/checkpoints/feat_tf_efficientnetv2_s.in21k_5way_1shot_latest.pt,99,-inf,2026-08-17T13:20:28.225169+00:00
feat,tf_efficientnetv2_s.in21k,5,1,/home/soumik/soumik/misc/output/checkpoints/feat_tf_efficientnetv2_s.in21k_5way_1shot_latest.pt,149,-inf,2026-08-17T13:32:43.312344+00:00
feat,tf_efficientnetv2_s.in21k,5,1,/home/soumik/soumik/misc/output/checkpoints/feat_tf_efficientnetv2_s.in21k_5way_1shot_latest.pt,199,-inf,2026-08-17T13:44:42.171431+00:00
feat,tf_efficientnetv2_s.in21k,5,1,/home/soumik/soumik/misc/output/checkpoints/feat_tf_efficientnetv2_s.in21k_5way_1shot_latest.pt,249,-inf,2026-08-17T13:57:52.337587+00:00
feat,tf_efficientnetv2_s.in21k,5,1,/home/soumik/soumik/misc/output/checkpoints/feat_tf_efficientnetv2_s.in21k_5way_1shot_latest.pt,299,-inf,2026-08-17T14:09:40.822128+00:00
feat,tf_efficientnetv2_s.in21k,5,1,/home/soumik/soumik/misc/output/checkpoints/feat_tf_efficientnetv2_s.in21k_5way_1shot_latest.pt,349,-inf,2026-08-17T14:22:21.536628+00:00
feat,tf_efficientnetv2_s.in21k,5,1,/home/soumik/soumik/misc/output/checkpoints/feat_tf_efficientnetv2_s.in21k_5way_1shot_latest.pt,399,-inf,2026-08-17T14:34:20.650536+00:00
feat,tf_efficientnetv2_s.in21k,5,1,/home/soumik/soumik/misc/output/checkpoints/feat_tf_efficientnetv2_s.in21k_5way_1shot_latest.pt,449,-inf,2026-08-17T14:46:53.775883+00:00
feat,tf_efficientnetv2_s.in21k,5,1,/home/soumik/soumik/misc/output/checkpoints/feat_tf_efficientnetv2_s.in21k_5way_1shot_latest.pt,499,-inf,2026-08-17T14:58:44.611892+00:00
feat,tf_efficientnetv2_s.in21k,5,1,/home/soumik/soumik/misc/output/checkpoints/feat_tf_efficientnetv2_s.in21k_5way_1shot_latest.pt,549,-inf,2026-08-17T15:12:20.928428+00:00
feat,tf_efficientnetv2_s.in21k,5,1,/home/soumik/soumik/misc/output/checkpoints/feat_tf_efficientnetv2_s.in21k_5way_1shot_latest.pt,599,-inf,2026-08-17T15:24:12.687819+00:00
feat,tf_efficientnetv2_s.in21k,5,1,/home/soumik/soumik/misc/output/checkpoints/feat_tf_efficientnetv2_s.in21k_5way_1shot_latest.pt,649,-inf,2026-08-17T15:35:43.495688+00:00
feat,tf_efficientnetv2_s.in21k,5,1,/home/soumik/soumik/misc/output/checkpoints/feat_tf_efficientnetv2_s.in21k_5way_1shot_latest.pt,699,-inf,2026-08-17T15:48:29.912024+00:00
feat,tf_efficientnetv2_s.in21k,5,1,/home/soumik/soumik/misc/output/checkpoints/feat_tf_efficientnetv2_s.in21k_5way_1shot_latest.pt,749,-inf,2026-08-17T16:00:36.220617+00:00
